VariantId,Snapshot,Family,Type,Variant,Rows,TestRows,CellHeights,ExampleStructure,StructureComments,FailModes,Scalar,Formula,Notes,UnitCellSizeOgd,UnitCellSizePgd,ArraySizeOgd,ArraySizePgd,FTITracksUnit,PolyPlugsUnit,TcnPlugsUnit,VcxPatternUnit,LO1ActiveTracks,HI1ActiveTracks,DiffPatternUnit
CTG-A-01,CTG110-NZ1-H-A_SDR_OGD_REF_2TRK.png,CTG,A,CTG-<MOS>-A:SDR:OGD:REF:2TRK,18,x81zs_ctg01,ch110 ch132,CTG110-NZ1-H-A:SDR:OGD:REF:2TRK,"SDR CTGOGD, N-Diff, type a",10800,9.25926e-05,"OGD CTG: 18 active VG gates/unit on 18 columns (6 FTI intervals) x 2 diff tracks on which an active (VT) TCN flanks the gate = 36 fail modes/unit (one per gate per track, either side); x 5x60 unit cells = 10800; Scalar = 1/10800",,24,4,5,60,"0:24[3],0:r0","1:3/5:7/9:11/13:15/17:19/21:23,3/4","0:r0,4/5","vg,1:3/5:7/9:11/13:15/17:19/21:23,6; vt,0:r0[3],14; vt,1:r0[3],14; vt,2:r0[3],14;",14,6,"0:r0,0:1/6:7,0.027,phvt;0:r0,2:5,0.027,nhvt;"
CTG-A-02,CTG110-NPZ1-H-A_SDR_OGD_REF_2TRK.png,CTG,A,CTG-<MOS>-A:SDR:OGD:REF:2TRK,18,x81zs_ctg01,ch110 ch132,CTG110-NPZ1-H-A:SDR:OGD:REF:2TRK,"SDR CTGOGD, NP-Diff, type a",10800,9.25926e-05,"OGD CTG: 18 active VG gates/unit on 18 columns (6 FTI intervals) x 2 diff tracks on which an active (VT) TCN flanks the gate = 36 fail modes/unit (one per gate per track, either side); x 5x60 unit cells = 10800; Scalar = 1/10800",,24,4,5,60,"0:24[3],2:5","1:3/5:7/9:11/13:15/17:19/21:23,3/4","0:r0,4/5","vg,1:3/5:7/9:11/13:15/17:19/21:23,6; vt,0:r0[3],14; vt,1:r0[3],14; vt,2:r0[3],14;",14,6,"0:r0,2:3/6:7,0.027,nhvt;0:r0,0:1/4:5,0.027,phvt;"
CTG-A-03,CTG110-PZ1-H-A_SDR_OGD_REF_2TRK.png,CTG,A,CTG-<MOS>-A:SDR:OGD:REF:2TRK,18,x81zs_ctg01,ch110 ch132,CTG110-PZ1-H-A:SDR:OGD:REF:2TRK,"SDR CTGOGD, P-Diff, type a",10800,9.25926e-05,"OGD CTG: 18 active VG gates/unit on 18 columns (6 FTI intervals) x 2 diff tracks on which an active (VT) TCN flanks the gate = 36 fail modes/unit (one per gate per track, either side); x 5x60 unit cells = 10800; Scalar = 1/10800",,24,4,5,60,"0:24[3],0:r0","1:3/5:7/9:11/13:15/17:19/21:23,3/4","0:r0,4/5","vg,1:3/5:7/9:11/13:15/17:19/21:23,6; vt,0:r0[3],14; vt,1:r0[3],14; vt,2:r0[3],14;",14,6,"0:r0,0:1/6:7,0.027,nhvt;0:r0,2:5,0.027,phvt;"
CTG-A-04,CTG165-NZ7-H-A_SDR_OGD_REF_2TRK.png,CTG,A,CTG-<MOS>-A:SDR:OGD:REF:2TRK,6,x81zs_ctg01,ch165,CTG165-NZ7-H-A:SDR:OGD:REF:2TRK,"SDR CTGOGD, N-Diff, type a",10800,9.25926e-05,"OGD CTG: 18 active VG gates/unit on 18 columns (6 FTI intervals) x 2 diff tracks on which an active (VT) TCN flanks the gate = 36 fail modes/unit (one per gate per track, either side); x 5x60 unit cells = 10800; Scalar = 1/10800",VT tracks [17] are not in LO1ActiveTracks [15]; all VT treated as LO | VG tracks [7] are not in HI1ActiveTracks [6],24,4,5,60,"0:24[3],0:r0","1:3/5:7/9:11/13:15/17:19/21:23,3/4","0:r0,4/5","vg,1:3/5:7/9:11/13:15/17:19/21:23,7; vt,0:r0[3],17; vt,1:r0[3],17; vt,2:r0[3],17;",15,6,"0:r0,0:1/6:7,0.062,phvt;0:r0,2:5,0.062,nhvt;"
CTG-A-05,CTG165-NPZ7-H-A_SDR_OGD_REF_2TRK.png,CTG,A,CTG-<MOS>-A:SDR:OGD:REF:2TRK,6,x81zs_ctg01,ch165,CTG165-NPZ7-H-A:SDR:OGD:REF:2TRK,"SDR CTGOGD, NP-Diff, type a",10800,9.25926e-05,"OGD CTG: 18 active VG gates/unit on 18 columns (6 FTI intervals) x 2 diff tracks on which an active (VT) TCN flanks the gate = 36 fail modes/unit (one per gate per track, either side); x 5x60 unit cells = 10800; Scalar = 1/10800",,24,4,5,60,"0:24[3],2:5","1:3/5:7/9:11/13:15/17:19/21:23,3/4","0:r0,4/5","vg,1:3/5:7/9:11/13:15/17:19/21:23,7; vt,0:r0[3],17; vt,1:r0[3],17; vt,2:r0[3],17;",17,7,"0:r0,2:3/6:7,0.062,nhvt;0:r0,0:1/4:5,0.062,phvt;"
CTG-A-06,CTG165-PZ7-H-A_SDR_OGD_REF_2TRK.png,CTG,A,CTG-<MOS>-A:SDR:OGD:REF:2TRK,6,x81zs_ctg01,ch165,CTG165-PZ7-H-A:SDR:OGD:REF:2TRK,"SDR CTGOGD, P-Diff, type a",10800,9.25926e-05,"OGD CTG: 18 active VG gates/unit on 18 columns (6 FTI intervals) x 2 diff tracks on which an active (VT) TCN flanks the gate = 36 fail modes/unit (one per gate per track, either side); x 5x60 unit cells = 10800; Scalar = 1/10800",VT tracks [17] are not in LO1ActiveTracks [15]; all VT treated as LO | VG tracks [7] are not in HI1ActiveTracks [6],24,4,5,60,"0:24[3],0:r0","1:3/5:7/9:11/13:15/17:19/21:23,3/4","0:r0,4/5","vg,1:3/5:7/9:11/13:15/17:19/21:23,7; vt,0:r0[3],17; vt,1:r0[3],17; vt,2:r0[3],17;",15,6,"0:r0,0:1/6:7,0.062,nhvt;0:r0,2:5,0.062,phvt;"
CTG-B-01,CTG132-NZ5-L-B_NGLK_OGD_REF_2TRK.png,CTG,B,CTG-<MOS>-B:NGLK:OGD:REF:2TRK,1,x81zs_ctg01,ch132,CTG132-NZ5-L-B:NGLK:OGD:REF:2TRK,"SDR CTGOGD,  N-Diff,type b - Leakage in OGD between single diff length gate, and 2 diff length TCN/epi",10800,9.25926e-05,"OGD CTG: 36 active VG gates/unit on 18 columns (6 FTI intervals) x 1 diff tracks on which an active (VT) TCN flanks the gate = 36 fail modes/unit (one per gate per track, either side); x 5x60 unit cells = 10800; Scalar = 1/10800",,24,4,5,60,"0:24[3],2:5",,"0:r0,3/5","vg,1:3/5:7/9:11/13:15/17:19/21:23,9/11; vt,0:r0[3],6/14; vt,1:r0[3],6/14; vt,2:r0[3],6/14",6;14,9;11,"0:r0,0:1/6:7,0.046,plvt;0:r0,2:5,0.046,nlvt;"
CTG-B-02,CTG132-NPZ5-L-B_NGLK_OGD_REF_2TRK.png,CTG,B,CTG-<MOS>-B:NGLK:OGD:REF:2TRK,1,x81zs_ctg01,ch132,CTG132-NPZ5-L-B:NGLK:OGD:REF:2TRK,"SDR CTGOGD,  NP-Diff,type b - Leakage in OGD between single diff length gate, and 2 diff length TCN/epi",10800,9.25926e-05,"OGD CTG: 36 active VG gates/unit on 18 columns (6 FTI intervals) x 1 diff tracks on which an active (VT) TCN flanks the gate = 36 fail modes/unit (one per gate per track, either side); x 5x60 unit cells = 10800; Scalar = 1/10800",,24,4,5,60,"0:24[3],2:5",,"0:r0,3/5","vg,1:3/5:7/9:11/13:15/17:19/21:23,9/11; vt,0:r0[3],6/14; vt,1:r0[3],6/14; vt,2:r0[3],6/14",6;14,9;11,"0:r0,0/3:4/7,0.046,plvt;0:r0,1:2/5:6,0.046,nlvt;"
CTG-B-03,CTG132-PZ5-L-B_NGLK_OGD_REF_2TRK.png,CTG,B,CTG-<MOS>-B:NGLK:OGD:REF:2TRK,1,x81zs_ctg01,ch132,CTG132-PZ5-L-B:NGLK:OGD:REF:2TRK,"SDR CTGOGD,  P-Diff,type b - Leakage in OGD between single diff length gate, and 2 diff length TCN/epi",10800,9.25926e-05,"OGD CTG: 36 active VG gates/unit on 18 columns (6 FTI intervals) x 1 diff tracks on which an active (VT) TCN flanks the gate = 36 fail modes/unit (one per gate per track, either side); x 5x60 unit cells = 10800; Scalar = 1/10800",,24,4,5,60,"0:24[3],2:5",,"0:r0,3/5","vg,1:3/5:7/9:11/13:15/17:19/21:23,9/11; vt,0:r0[3],6/14; vt,1:r0[3],6/14; vt,2:r0[3],6/14",6;14,9;11,"0:r0,0:1/6:7,0.046,nlvt;0:r0,2:5,0.046,plvt;"
CTG-B-04,CTG165-NZ7-L-B_NGLK_OGD_REF_2TRK.png,CTG,B,CTG-<MOS>-B:NGLK:OGD:REF:2TRK,1,x81zs_ctg01,ch165,CTG165-NZ7-L-B:NGLK:OGD:REF:2TRK,"SDR CTGOGD,  N-Diff,type b - Leakage in OGD between single diff length gate, and 2 diff length TCN/epi",10800,9.25926e-05,"OGD CTG: 36 active VG gates/unit on 18 columns (6 FTI intervals) x 1 diff tracks on which an active (VT) TCN flanks the gate = 36 fail modes/unit (one per gate per track, either side); x 5x60 unit cells = 10800; Scalar = 1/10800",,24,4,5,60,"0:24[3],2:5",,"0:r0,3/5","vg,1:3/5:7/9:11/13:15/17:19/21:23,11/13; vt,0:r0[3],7/17; vt,1:r0[3],7/17; vt,2:r0[3],7/17",7;17,11;13,"0:r0,0:1/6:7,0.062,plvt;0:r0,2:5,0.062,nlvt;"
CTG-B-05,CTG165-NPZ7-L-B_NGLK_OGD_REF_2TRK.png,CTG,B,CTG-<MOS>-B:NGLK:OGD:REF:2TRK,1,x81zs_ctg01,ch165,CTG165-NPZ7-L-B:NGLK:OGD:REF:2TRK,"SDR CTGOGD,  NP-Diff,type b - Leakage in OGD between single diff length gate, and 2 diff length TCN/epi",10800,9.25926e-05,"OGD CTG: 36 active VG gates/unit on 18 columns (6 FTI intervals) x 1 diff tracks on which an active (VT) TCN flanks the gate = 36 fail modes/unit (one per gate per track, either side); x 5x60 unit cells = 10800; Scalar = 1/10800",,24,4,5,60,"0:24[3],2:5",,"0:r0,3/5","vg,1:3/5:7/9:11/13:15/17:19/21:23,11/13; vt,0:r0[3],7/17; vt,1:r0[3],7/17; vt,2:r0[3],7/17",7;17,11;13,"0:r0,0/3:4/7,0.062,plvt;0:r0,1:2/5:6,0.062,nlvt;"
CTG-B-06,CTG165-PZ7-L-B_NGLK_OGD_REF_2TRK.png,CTG,B,CTG-<MOS>-B:NGLK:OGD:REF:2TRK,1,x81zs_ctg01,ch165,CTG165-PZ7-L-B:NGLK:OGD:REF:2TRK,"SDR CTGOGD,  P-Diff,type b - Leakage in OGD between single diff length gate, and 2 diff length TCN/epi",10800,9.25926e-05,"OGD CTG: 36 active VG gates/unit on 18 columns (6 FTI intervals) x 1 diff tracks on which an active (VT) TCN flanks the gate = 36 fail modes/unit (one per gate per track, either side); x 5x60 unit cells = 10800; Scalar = 1/10800",,24,4,5,60,"0:24[3],2:5",,"0:r0,3/5","vg,1:3/5:7/9:11/13:15/17:19/21:23,11/13; vt,0:r0[3],7/17; vt,1:r0[3],7/17; vt,2:r0[3],7/17",7;17,11;13,"0:r0,0:1/6:7,0.062,nlvt;0:r0,2:5,0.062,plvt;"
CTG-C-01,CTG132-NZ5-L-C_NTLK_OGD_REF_2TRK.png,CTG,C,CTG-<MOS>-C:NTLK:OGD:REF:2TRK,1,x81zs_ctg01,ch132,CTG132-NZ5-L-C:NTLK:OGD:REF:2TRK,"SDR CTGOGD,  N-Diff,type c  - Leakage in OGD between double diff length gate, and single diff length TCN/epi",10800,9.25926e-05,"OGD CTG: 36 active VG gates/unit on 18 columns (6 FTI intervals) x 1 diff tracks on which an active (VT) TCN flanks the gate = 36 fail modes/unit (one per gate per track, either side); x 5x60 unit cells = 10800; Scalar = 1/10800",,24,4,5,60,"0:24[3],2:5","1:3/5:7/9:11/13:15/17:19/21:23,3/5",,"vg,1:3/5:7/9:11/13:15/17:19/21:23,9/11; vt,0:r0[3],6/14; vt,1:r0[3],6/14; vt,2:r0[3],6/14",6;14,9;11,"0:r0,0:1/6:7,0.046,plvt;0:r0,2:5,0.046,nlvt;"
CTG-C-02,CTG132-NPZ5-L-C_NTLK_OGD_REF_2TRK.png,CTG,C,CTG-<MOS>-C:NTLK:OGD:REF:2TRK,1,x81zs_ctg01,ch132,CTG132-NPZ5-L-C:NTLK:OGD:REF:2TRK,"SDR CTGOGD,  NP-Diff,type c  - Leakage in OGD between double diff length gate, and single diff length TCN/epi",10800,9.25926e-05,"OGD CTG: 36 active VG gates/unit on 18 columns (6 FTI intervals) x 1 diff tracks on which an active (VT) TCN flanks the gate = 36 fail modes/unit (one per gate per track, either side); x 5x60 unit cells = 10800; Scalar = 1/10800",,24,4,5,60,"0:24[3],2:5","1:3/5:7/9:11/13:15/17:19/21:23,3/5",,"vg,1:3/5:7/9:11/13:15/17:19/21:23,9/11; vt,0:r0[3],6/14; vt,1:r0[3],6/14; vt,2:r0[3],6/14",6;14,9;11,"0:r0,0/3:4/7,0.046,plvt;0:r0,1:2/5:6,0.046,nlvt;"
CTG-C-03,CTG132-PZ5-L-C_NTLK_OGD_REF_2TRK.png,CTG,C,CTG-<MOS>-C:NTLK:OGD:REF:2TRK,1,x81zs_ctg01,ch132,CTG132-PZ5-L-C:NTLK:OGD:REF:2TRK,"SDR CTGOGD,  P-Diff,type c  - Leakage in OGD between double diff length gate, and single diff length TCN/epi",10800,9.25926e-05,"OGD CTG: 36 active VG gates/unit on 18 columns (6 FTI intervals) x 1 diff tracks on which an active (VT) TCN flanks the gate = 36 fail modes/unit (one per gate per track, either side); x 5x60 unit cells = 10800; Scalar = 1/10800",,24,4,5,60,"0:24[3],2:5","1:3/5:7/9:11/13:15/17:19/21:23,3/5",,"vg,1:3/5:7/9:11/13:15/17:19/21:23,9/11; vt,0:r0[3],6/14; vt,1:r0[3],6/14; vt,2:r0[3],6/14",6;14,9;11,"0:r0,0:1/6:7,0.046,nlvt;0:r0,2:5,0.046,plvt;"
CTG-C-04,CTG165-NZ7-L-C_NTLK_OGD_REF_2TRK.png,CTG,C,CTG-<MOS>-C:NTLK:OGD:REF:2TRK,1,x81zs_ctg01,ch165,CTG165-NZ7-L-C:NTLK:OGD:REF:2TRK,"SDR CTGOGD,  N-Diff,type c  - Leakage in OGD between double diff length gate, and single diff length TCN/epi",10800,9.25926e-05,"OGD CTG: 36 active VG gates/unit on 18 columns (6 FTI intervals) x 1 diff tracks on which an active (VT) TCN flanks the gate = 36 fail modes/unit (one per gate per track, either side); x 5x60 unit cells = 10800; Scalar = 1/10800",,24,4,5,60,"0:24[3],2:5","1:3/5:7/9:11/13:15/17:19/21:23,3/5",,"vg,1:3/5:7/9:11/13:15/17:19/21:23,11/13; vt,0:r0[3],7/17; vt,1:r0[3],7/17; vt,2:r0[3],7/17",7;17,11;13,"0:r0,0:1/6:7,0.062,plvt;0:r0,2:5,0.062,nlvt;"
CTG-C-05,CTG165-NPZ7-L-C_NTLK_OGD_REF_2TRK.png,CTG,C,CTG-<MOS>-C:NTLK:OGD:REF:2TRK,1,x81zs_ctg01,ch165,CTG165-NPZ7-L-C:NTLK:OGD:REF:2TRK,"SDR CTGOGD,  NP-Diff,type c  - Leakage in OGD between double diff length gate, and single diff length TCN/epi",10800,9.25926e-05,"OGD CTG: 36 active VG gates/unit on 18 columns (6 FTI intervals) x 1 diff tracks on which an active (VT) TCN flanks the gate = 36 fail modes/unit (one per gate per track, either side); x 5x60 unit cells = 10800; Scalar = 1/10800",,24,4,5,60,"0:24[3],2:5","1:3/5:7/9:11/13:15/17:19/21:23,3/5",,"vg,1:3/5:7/9:11/13:15/17:19/21:23,11/13; vt,0:r0[3],7/17; vt,1:r0[3],7/17; vt,2:r0[3],7/17",7;17,11;13,"0:r0,0/3:4/7,0.062,plvt;0:r0,1:2/5:6,0.062,nlvt;"
CTG-C-06,CTG165-PZ7-L-C_NTLK_OGD_REF_2TRK.png,CTG,C,CTG-<MOS>-C:NTLK:OGD:REF:2TRK,1,x81zs_ctg01,ch165,CTG165-PZ7-L-C:NTLK:OGD:REF:2TRK,"SDR CTGOGD,  P-Diff,type c  - Leakage in OGD between double diff length gate, and single diff length TCN/epi",10800,9.25926e-05,"OGD CTG: 36 active VG gates/unit on 18 columns (6 FTI intervals) x 1 diff tracks on which an active (VT) TCN flanks the gate = 36 fail modes/unit (one per gate per track, either side); x 5x60 unit cells = 10800; Scalar = 1/10800",,24,4,5,60,"0:24[3],2:5","1:3/5:7/9:11/13:15/17:19/21:23,3/5",,"vg,1:3/5:7/9:11/13:15/17:19/21:23,11/13; vt,0:r0[3],7/17; vt,1:r0[3],7/17; vt,2:r0[3],7/17",7;17,11;13,"0:r0,0:1/6:7,0.062,nlvt;0:r0,2:5,0.062,plvt;"
CTG-D-01,CTG132-NZ5-L-D_NLNK_OGD_REF_1TRK.png,CTG,D,CTG-<MOS>-D:NLNK:OGD:REF:1TRK,1,x81zs_ctg01,ch132,CTG132-NZ5-L-D:NLNK:OGD:REF:1TRK,"SDR CTGOGD,  N-Diff,type d - Leakage in OGD between single diff length gate, and single diff length TCN/epi",21600,4.62963e-05,"OGD CTG: 72 active VG gates/unit on 18 columns (6 FTI intervals) x 1 diff tracks on which an active (VT) TCN flanks the gate = 72 fail modes/unit (one per gate per track, either side); x 5x60 unit cells = 21600; Scalar = 1/21600",geometric count 72/unit differs from type-A SDR reference 36/unit,24,4,5,60,"0:24[3],2:5",,,"vg,1:3/5:7/9:11/13:15/17:19/21:23,3/7-bottom/13/17-bottom; vt,0:r0[3],4/6/14/16; vt,1:r0[3],4/6/14/16; vt,2:r0[3],4/6/14/16",4;6;14;16,3;7;13;17,"0:r0,0/3:4/7,0.046,plvt;0:r0,1:2/5:6,0.046,nlvt;"
CTG-D-02,CTG132-NPZ5-L-D_NLNK_OGD_REF_1TRK.png,CTG,D,CTG-<MOS>-D:NLNK:OGD:REF:1TRK,1,x81zs_ctg01,ch132,CTG132-NPZ5-L-D:NLNK:OGD:REF:1TRK,"SDR CTGOGD,  NP-Diff,type d - Leakage in OGD between single diff length gate, and single diff length TCN/epi",21600,4.62963e-05,"OGD CTG: 72 active VG gates/unit on 18 columns (6 FTI intervals) x 1 diff tracks on which an active (VT) TCN flanks the gate = 72 fail modes/unit (one per gate per track, either side); x 5x60 unit cells = 21600; Scalar = 1/21600",geometric count 72/unit differs from type-A SDR reference 36/unit,24,4,5,60,"0:24[3],2:5",,,"vg,1:3/5:7/9:11/13:15/17:19/21:23,3/7-bottom/13/17-bottom; vt,0:r0[3],4/6/14/16; vt,1:r0[3],4/6/14/16; vt,2:r0[3],4/6/14/16",4;6;14;16,3;7;13;17,"0:r0,0:1/6:7,0.046,nlvt;0:r0,2:5,0.046,plvt;"
CTG-D-03,CTG132-PZ5-L-D_NLNK_OGD_REF_1TRK.png,CTG,D,CTG-<MOS>-D:NLNK:OGD:REF:1TRK,1,x81zs_ctg01,ch132,CTG132-PZ5-L-D:NLNK:OGD:REF:1TRK,"SDR CTGOGD,  P-Diff,type d - Leakage in OGD between single diff length gate, and single diff length TCN/epi",21600,4.62963e-05,"OGD CTG: 72 active VG gates/unit on 18 columns (6 FTI intervals) x 1 diff tracks on which an active (VT) TCN flanks the gate = 72 fail modes/unit (one per gate per track, either side); x 5x60 unit cells = 21600; Scalar = 1/21600",geometric count 72/unit differs from type-A SDR reference 36/unit,24,4,5,60,"0:24[3],2:5",,,"vg,1:3/5:7/9:11/13:15/17:19/21:23,3/7-bottom/13/17-bottom; vt,0:r0[3],4/6/14/16; vt,1:r0[3],4/6/14/16; vt,2:r0[3],4/6/14/16",4;6;14;16,3;7;13;17,"0:r0,0/3:4/7,0.046,nlvt;0:r0,1:2/5:6,0.046,plvt;"
CTG-D-04,CTG165-NZ7-L-D_NLNK_OGD_REF_1TRK.png,CTG,D,CTG-<MOS>-D:NLNK:OGD:REF:1TRK,1,x81zs_ctg01,ch165,CTG165-NZ7-L-D:NLNK:OGD:REF:1TRK,"SDR CTGOGD,  N-Diff,type d - Leakage in OGD between single diff length gate, and single diff length TCN/epi",21600,4.62963e-05,"OGD CTG: 72 active VG gates/unit on 18 columns (6 FTI intervals) x 1 diff tracks on which an active (VT) TCN flanks the gate = 72 fail modes/unit (one per gate per track, either side); x 5x60 unit cells = 21600; Scalar = 1/21600",geometric count 72/unit differs from type-A SDR reference 36/unit,24,4,5,60,"0:24[3],2:5",,,"vg,1:3/5:7/9:11/13:15/17:19/21:23,8-bottom/10/14-bottom/16; vt,0:r0[3],7/11/13/17; vt,1:r0[3],7/11/13/17; vt,2:r0[3],7/11/13/17",7;11;13;17,8;10;14;16,"0:r0,0:1/6:7,0.062,plvt;0:r0,2:5,0.062,nlvt;"
CTG-D-05,CTG165-NPZ7-L-D_NLNK_OGD_REF_1TRK.png,CTG,D,CTG-<MOS>-D:NLNK:OGD:REF:1TRK,1,x81zs_ctg01,ch165,CTG165-NPZ7-L-D:NLNK:OGD:REF:1TRK,"SDR CTGOGD,  NP-Diff,type d - Leakage in OGD between single diff length gate, and single diff length TCN/epi",21600,4.62963e-05,"OGD CTG: 72 active VG gates/unit on 18 columns (6 FTI intervals) x 1 diff tracks on which an active (VT) TCN flanks the gate = 72 fail modes/unit (one per gate per track, either side); x 5x60 unit cells = 21600; Scalar = 1/21600",geometric count 72/unit differs from type-A SDR reference 36/unit,24,4,5,60,"0:24[3],2:5",,,"vg,1:3/5:7/9:11/13:15/17:19/21:23,8-bottom/10/14-bottom/16; vt,0:r0[3],7/11/13/17; vt,1:r0[3],7/11/13/17; vt,2:r0[3],7/11/13/17",7;11;13;17,8;10;14;16,"0:r0,0/3:4/7,0.062,plvt;0:r0,1:2/5:6,0.062,nlvt;"
CTG-D-06,CTG165-PZ7-L-D_NLNK_OGD_REF_1TRK.png,CTG,D,CTG-<MOS>-D:NLNK:OGD:REF:1TRK,1,x81zs_ctg01,ch165,CTG165-PZ7-L-D:NLNK:OGD:REF:1TRK,"SDR CTGOGD,  P-Diff,type d - Leakage in OGD between single diff length gate, and single diff length TCN/epi",21600,4.62963e-05,"OGD CTG: 72 active VG gates/unit on 18 columns (6 FTI intervals) x 1 diff tracks on which an active (VT) TCN flanks the gate = 72 fail modes/unit (one per gate per track, either side); x 5x60 unit cells = 21600; Scalar = 1/21600",geometric count 72/unit differs from type-A SDR reference 36/unit,24,4,5,60,"0:24[3],2:5",,,"vg,1:3/5:7/9:11/13:15/17:19/21:23,8-bottom/10/14-bottom/16; vt,0:r0[3],7/11/13/17; vt,1:r0[3],7/11/13/17; vt,2:r0[3],7/11/13/17",7;11;13;17,8;10;14;16,"0:r0,0:1/6:7,0.062,nlvt;0:r0,2:5,0.062,plvt;"
CTG-E-01,CTG110-NZ1-L-E_VCR_PGD_CD_N4.png,CTG,E,CTG-<MOS>-E:VCR:PGD:CD:<SKEW>,18,x81zs_ctg02 x81zs_ctg05,ch110 ch132,CTG110-NZ1-L-E:VCR:PGD:CD:N4,"SDR CTGOGD, VCR between N-Diff, type e, VCR PGD CD skew (-4nm)",21600,4.62963e-05,"OGD CTG: 36 active VG gates/unit on 18 columns (6 FTI intervals) x 2 diff tracks on which an active (VT) TCN flanks the gate = 72 fail modes/unit (one per gate per track, either side); x 5x60 unit cells = 21600; Scalar = 1/21600",geometric count 72/unit differs from type-A SDR reference 36/unit,24,4,5,60,"0:24[3],2:5","1:3/5:7/9:11/13:15/17:19/21:23,3/5","0:r0,3/5","vg,1:3/5:7/9:11/13:15/17:19/21:23,9/11; vt,0:r0[3],7/13; vt,1:r0[3],7/13; vt,2:r0[3],7/13",7;13,9;11,"0:r0,0/3:4/7,0.027,plvt;0:r0,1:2/5:6,0.027,nlvt;"
CTG-E-02,CTG110-NPZ1-L-E_VCR_PGD_CD_N4.png,CTG,E,CTG-<MOS>-E:VCR:PGD:CD:<SKEW>,9,x81zs_ctg02 x81zs_ctg05,ch110 ch132,CTG110-NPZ1-L-E:VCR:PGD:CD:N4,"SDR CTGOGD, VCR between NP-Diff, type e, VCR PGD Reg skew (-4nm)",21600,4.62963e-05,"OGD CTG: 36 active VG gates/unit on 18 columns (6 FTI intervals) x 2 diff tracks on which an active (VT) TCN flanks the gate = 72 fail modes/unit (one per gate per track, either side); x 5x60 unit cells = 21600; Scalar = 1/21600",geometric count 72/unit differs from type-A SDR reference 36/unit,24,4,5,60,"0:24[3],2:5","1:3/5:7/9:11/13:15/17:19/21:23,3/5","0:r0,3/5","vg,1:3/5:7/9:11/13:15/17:19/21:23,9/11; vt,0:r0[3],7/13; vt,1:r0[3],7/13; vt,2:r0[3],7/13",7;13,9;11,"0:r0,0:1/6:7,0.027,plvt;0:r0,2:5,0.027,nlvt;"
CTG-E-03,CTG110-NZ1-L-E_VCR_PGD_CD_0.png,CTG,E,CTG-<MOS>-E:VCR:PGD:CD:0,4,x81zs_ctg02 x81zs_ctg05,ch110 ch132,CTG110-NZ1-L-E:VCR:PGD:CD:0,"SDR CTGOGD, VCR between N-Diff, type e, VCR PGD CD skew (0nm)",21600,4.62963e-05,"OGD CTG: 36 active VG gates/unit on 18 columns (6 FTI intervals) x 2 diff tracks on which an active (VT) TCN flanks the gate = 72 fail modes/unit (one per gate per track, either side); x 5x60 unit cells = 21600; Scalar = 1/21600",geometric count 72/unit differs from type-A SDR reference 36/unit,24,4,5,60,"0:24[3],2:5","1:3/5:7/9:11/13:15/17:19/21:23,3/5","0:r0,3/5","vg,1:3/5:7/9:11/13:15/17:19/21:23,9/11; vt,0:r0[3],7/13; vt,1:r0[3],7/13; vt,2:r0[3],7/13",7;13,9;11,"0:r0,0/3:4/7,0.027,plvt;0:r0,1:2/5:6,0.027,nlvt;"
CTG-E-04,CTG110-NPZ1-L-E_VCR_PGD_CD_0.png,CTG,E,CTG-<MOS>-E:VCR:PGD:CD:0,2,x81zs_ctg02 x81zs_ctg05,ch110 ch132,CTG110-NPZ1-L-E:VCR:PGD:CD:0,"SDR CTGOGD, VCR between NP-Diff, type e, VCR PGD Reg skew (0nm)",21600,4.62963e-05,"OGD CTG: 36 active VG gates/unit on 18 columns (6 FTI intervals) x 2 diff tracks on which an active (VT) TCN flanks the gate = 72 fail modes/unit (one per gate per track, either side); x 5x60 unit cells = 21600; Scalar = 1/21600",geometric count 72/unit differs from type-A SDR reference 36/unit,24,4,5,60,"0:24[3],2:5","1:3/5:7/9:11/13:15/17:19/21:23,3/5","0:r0,3/5","vg,1:3/5:7/9:11/13:15/17:19/21:23,9/11; vt,0:r0[3],7/13; vt,1:r0[3],7/13; vt,2:r0[3],7/13",7;13,9;11,"0:r0,0:1/6:7,0.027,plvt;0:r0,2:5,0.027,nlvt;"
CTG-H-01,CTG132-NZ5-L-H_SDR_OGD_DEN_1VG_PLY.png,CTG,H,CTG-<MOS>-H:SDR:OGD:DEN:1VG_PLY,1,x81zs_ctg02,ch132,CTG132-NZ5-L-H:SDR:OGD:DEN:1VG_PLY,"SDR CTGOGD, N-Diff, On type a structure, 1 Via-g inside fail area, Version 2",10800,9.25926e-05,"OGD CTG: 18 active VG gates/unit on 18 columns (6 FTI intervals) x 2 diff tracks on which an active (VT) TCN flanks the gate = 36 fail modes/unit (one per gate per track, either side); x 5x60 unit cells = 10800; Scalar = 1/10800",,24,4,5,60,"0:24[3],2:5","1:3/5:7/9:11/13:15/17:19/21:23,3/4","0:r0,4/5","vg,1:3/5:7/9:11/13:15/17:19/21:23,6/11;vt,0:r0[3]/1:r0[3]/2:r0[3],14",14,6;11,"0:r0,0:1/6:7,0.046,plvt;0:r0,2:5,0.046,nlvt;"
CTG-H-02,CTG132-NPZ5-L-H_SDR_OGD_DEN_1VG_PLY.png,CTG,H,CTG-<MOS>-H:SDR:OGD:DEN:1VG_PLY,1,x81zs_ctg02,ch132,CTG132-NPZ5-L-H:SDR:OGD:DEN:1VG_PLY,"SDR CTGOGD, NP-Diff, On type a structure, 1 Via-g inside fail area, Version 2",10800,9.25926e-05,"OGD CTG: 18 active VG gates/unit on 18 columns (6 FTI intervals) x 2 diff tracks on which an active (VT) TCN flanks the gate = 36 fail modes/unit (one per gate per track, either side); x 5x60 unit cells = 10800; Scalar = 1/10800",,24,4,5,60,"0:24[3],2:5","1:3/5:7/9:11/13:15/17:19/21:23,3/4","0:r0,4/5","vg,1:3/5:7/9:11/13:15/17:19/21:23,6/11;vt,0:r0[3]/1:r0[3]/2:r0[3],14",14,6;11,"0:r0,2:3/6:7,0.046,plvt;0:r0,0:1/4:5,0.046,nlvt;"
CTG-H-03,CTG132-PZ5-L-H_SDR_OGD_DEN_1VG_PLY.png,CTG,H,CTG-<MOS>-H:SDR:OGD:DEN:1VG_PLY,1,x81zs_ctg02,ch132,CTG132-PZ5-L-H:SDR:OGD:DEN:1VG_PLY,"SDR CTGOGD, N-Diff, On type a structure, 1 Via-g inside fail area, Version 2",10800,9.25926e-05,"OGD CTG: 18 active VG gates/unit on 18 columns (6 FTI intervals) x 2 diff tracks on which an active (VT) TCN flanks the gate = 36 fail modes/unit (one per gate per track, either side); x 5x60 unit cells = 10800; Scalar = 1/10800",,24,4,5,60,"0:24[3],2:5","1:3/5:7/9:11/13:15/17:19/21:23,3/4","0:r0,4/5","vg,1:3/5:7/9:11/13:15/17:19/21:23,6/11;vt,0:r0[3]/1:r0[3]/2:r0[3],14",14,6;11,"0:r0,0:1/6:7,0.046,nlvt;0:r0,2:5,0.046,plvt;"
CTG-H-04,CTG132-NZ5-L-H_SDR_OGD_DEN_2VG_PLY.png,CTG,H,CTG-<MOS>-H:SDR:OGD:DEN:2VG_PLY,1,x81zs_ctg02,ch132,CTG132-NZ5-L-H:SDR:OGD:DEN:2VG_PLY,"SDR CTGOGD, N-Diff, On type a structure, 2 Via-g inside fail area, Ver2",10800,9.25926e-05,"OGD CTG: 18 active VG gates/unit on 18 columns (6 FTI intervals) x 2 diff tracks on which an active (VT) TCN flanks the gate = 36 fail modes/unit (one per gate per track, either side); x 5x60 unit cells = 10800; Scalar = 1/10800",,24,4,5,60,"0:24[3],2:5","1:3/5:7/9:11/13:15/17:19/21:23,3/4","0:r0,4/5","vg,1:3/5:7/9:11/13:15/17:19/21:23,6/9/11;vt,0:r0[3]/1:r0[3]/2:r0[3],14",14,6;9;11,"0:r0,0:1/6:7,0.046,plvt;0:r0,2:5,0.046,nlvt;"
CTG-H-05,CTG132-NPZ5-L-H_SDR_OGD_DEN_2VG_PLY.png,CTG,H,CTG-<MOS>-H:SDR:OGD:DEN:2VG_PLY,1,x81zs_ctg02,ch132,CTG132-NPZ5-L-H:SDR:OGD:DEN:2VG_PLY,"SDR CTGOGD, NP-Diff, On type a structure, 2 Via-g inside fail area, Ver2",10800,9.25926e-05,"OGD CTG: 18 active VG gates/unit on 18 columns (6 FTI intervals) x 2 diff tracks on which an active (VT) TCN flanks the gate = 36 fail modes/unit (one per gate per track, either side); x 5x60 unit cells = 10800; Scalar = 1/10800",,24,4,5,60,"0:24[3],2:5","1:3/5:7/9:11/13:15/17:19/21:23,3/4","0:r0,4/5","vg,1:3/5:7/9:11/13:15/17:19/21:23,6/9/11;vt,0:r0[3]/1:r0[3]/2:r0[3],14",14,6;9;11,"0:r0,2:3/6:7,0.046,plvt;0:r0,0:1/4:5,0.046,nlvt;"
CTG-H-06,CTG132-PZ5-L-H_SDR_OGD_DEN_2VG_PLY.png,CTG,H,CTG-<MOS>-H:SDR:OGD:DEN:2VG_PLY,1,x81zs_ctg02,ch132,CTG132-PZ5-L-H:SDR:OGD:DEN:2VG_PLY,"SDR CTGOGD, N-Diff, On type a structure, 2 Via-g inside fail area, Ver2",10800,9.25926e-05,"OGD CTG: 18 active VG gates/unit on 18 columns (6 FTI intervals) x 2 diff tracks on which an active (VT) TCN flanks the gate = 36 fail modes/unit (one per gate per track, either side); x 5x60 unit cells = 10800; Scalar = 1/10800",,24,4,5,60,"0:24[3],2:5","1:3/5:7/9:11/13:15/17:19/21:23,3/4","0:r0,4/5","vg,1:3/5:7/9:11/13:15/17:19/21:23,6/9/11;vt,0:r0[3]/1:r0[3]/2:r0[3],14",14,6;9;11,"0:r0,0:1/6:7,0.046,nlvt;0:r0,2:5,0.046,plvt;"
CTG-H-07,CTG165-NZ7-L-H_SDR_OGD_DEN_1VG_PLY.png,CTG,H,CTG-<MOS>-H:SDR:OGD:DEN:1VG_PLY,1,x81zs_ctg02,ch165,CTG165-NZ7-L-H:SDR:OGD:DEN:1VG_PLY,"SDR CTGOGD, N-Diff, On type a structure, 1 Via-g inside fail area, Version 2",10800,9.25926e-05,"OGD CTG: 18 active VG gates/unit on 18 columns (6 FTI intervals) x 2 diff tracks on which an active (VT) TCN flanks the gate = 36 fail modes/unit (one per gate per track, either side); x 5x60 unit cells = 10800; Scalar = 1/10800",,24,4,5,60,"0:24[3],2:5","1:3/5:7/9:11/13:15/17:19/21:23,3/4","0:r0,4/5","vg,1:3/5:7/9:11/13:15/17:19/21:23,7/13;vt,0:r0[3]/1:r0[3]/2:r0[3],17",17,7;13,"0:r0,0:1/6:7,0.062,plvt;0:r0,2:5,0.062,nlvt;"
CTG-H-08,CTG165-NPZ7-L-H_SDR_OGD_DEN_1VG_PLY.png,CTG,H,CTG-<MOS>-H:SDR:OGD:DEN:1VG_PLY,1,x81zs_ctg02,ch165,CTG165-NPZ7-L-H:SDR:OGD:DEN:1VG_PLY,"SDR CTGOGD, NP-Diff, On type a structure, 1 Via-g inside fail area, Version 2",10800,9.25926e-05,"OGD CTG: 18 active VG gates/unit on 18 columns (6 FTI intervals) x 2 diff tracks on which an active (VT) TCN flanks the gate = 36 fail modes/unit (one per gate per track, either side); x 5x60 unit cells = 10800; Scalar = 1/10800",,24,4,5,60,"0:24[3],2:5","1:3/5:7/9:11/13:15/17:19/21:23,3/4","0:r0,4/5","vg,1:3/5:7/9:11/13:15/17:19/21:23,7/13;vt,0:r0[3]/1:r0[3]/2:r0[3],17",17,7;13,"0:r0,2:3/6:7,0.062,plvt;0:r0,0:1/4:5,0.062,nlvt;"
CTG-H-09,CTG165-PZ7-L-H_SDR_OGD_DEN_1VG_PLY.png,CTG,H,CTG-<MOS>-H:SDR:OGD:DEN:1VG_PLY,1,x81zs_ctg02,ch165,CTG165-PZ7-L-H:SDR:OGD:DEN:1VG_PLY,"SDR CTGOGD, N-Diff, On type a structure, 1 Via-g inside fail area, Version 2",10800,9.25926e-05,"OGD CTG: 18 active VG gates/unit on 18 columns (6 FTI intervals) x 2 diff tracks on which an active (VT) TCN flanks the gate = 36 fail modes/unit (one per gate per track, either side); x 5x60 unit cells = 10800; Scalar = 1/10800",,24,4,5,60,"0:24[3],2:5","1:3/5:7/9:11/13:15/17:19/21:23,3/4","0:r0,4/5","vg,1:3/5:7/9:11/13:15/17:19/21:23,7/13;vt,0:r0[3]/1:r0[3]/2:r0[3],17",17,7;13,"0:r0,0:1/6:7,0.062,nlvt;0:r0,2:5,0.062,plvt;"
CTG-H-10,CTG165-NZ7-L-H_SDR_OGD_DEN_2VG_PLY.png,CTG,H,CTG-<MOS>-H:SDR:OGD:DEN:2VG_PLY,1,x81zs_ctg02,ch165,CTG165-NZ7-L-H:SDR:OGD:DEN:2VG_PLY,"SDR CTGOGD, N-Diff, On type a structure, 2 Via-g inside fail area, Ver2",10800,9.25926e-05,"OGD CTG: 18 active VG gates/unit on 18 columns (6 FTI intervals) x 2 diff tracks on which an active (VT) TCN flanks the gate = 36 fail modes/unit (one per gate per track, either side); x 5x60 unit cells = 10800; Scalar = 1/10800",,24,4,5,60,"0:24[3],2:5","1:3/5:7/9:11/13:15/17:19/21:23,3/4","0:r0,4/5","vg,1:3/5:7/9:11/13:15/17:19/21:23,7/11/13;vt,0:r0[3]/1:r0[3]/2:r0[3],17",17,7;11;13,"0:r0,0:1/6:7,0.062,plvt;0:r0,2:5,0.062,nlvt;"
CTG-H-11,CTG165-NPZ7-L-H_SDR_OGD_DEN_2VG_PLY.png,CTG,H,CTG-<MOS>-H:SDR:OGD:DEN:2VG_PLY,1,x81zs_ctg02,ch165,CTG165-NPZ7-L-H:SDR:OGD:DEN:2VG_PLY,"SDR CTGOGD, NP-Diff, On type a structure, 2 Via-g inside fail area, Ver2",10800,9.25926e-05,"OGD CTG: 18 active VG gates/unit on 18 columns (6 FTI intervals) x 2 diff tracks on which an active (VT) TCN flanks the gate = 36 fail modes/unit (one per gate per track, either side); x 5x60 unit cells = 10800; Scalar = 1/10800",,24,4,5,60,"0:24[3],2:5","1:3/5:7/9:11/13:15/17:19/21:23,3/4","0:r0,4/5","vg,1:3/5:7/9:11/13:15/17:19/21:23,7/11/13;vt,0:r0[3]/1:r0[3]/2:r0[3],17",17,7;11;13,"0:r0,2:3/6:7,0.062,plvt;0:r0,0:1/4:5,0.062,nlvt;"
CTG-H-12,CTG165-PZ7-L-H_SDR_OGD_DEN_2VG_PLY.png,CTG,H,CTG-<MOS>-H:SDR:OGD:DEN:2VG_PLY,1,x81zs_ctg02,ch165,CTG165-PZ7-L-H:SDR:OGD:DEN:2VG_PLY,"SDR CTGOGD, N-Diff, On type a structure, 2 Via-g inside fail area, Ver2",10800,9.25926e-05,"OGD CTG: 18 active VG gates/unit on 18 columns (6 FTI intervals) x 2 diff tracks on which an active (VT) TCN flanks the gate = 36 fail modes/unit (one per gate per track, either side); x 5x60 unit cells = 10800; Scalar = 1/10800",,24,4,5,60,"0:24[3],2:5","1:3/5:7/9:11/13:15/17:19/21:23,3/4","0:r0,4/5","vg,1:3/5:7/9:11/13:15/17:19/21:23,7/11/13;vt,0:r0[3]/1:r0[3]/2:r0[3],17",17,7;11;13,"0:r0,0:1/6:7,0.062,nlvt;0:r0,2:5,0.062,plvt;"
CTG-I-01,CTG132-NZ5-L-I_SDR_OGD_DEN_1VT_TCN.png,CTG,I,CTG-<MOS>-I:SDR:OGD:DEN:1VT_TCN,1,x81zs_ctg02,ch132,CTG132-NZ5-L-I:SDR:OGD:DEN:1VT_TCN,"SDR CTGOGD, N-Diff, On type a structure, 1 Via-t inside fail area, Ver2",10800,9.25926e-05,"OGD CTG: 18 active VG gates/unit on 18 columns (6 FTI intervals) x 2 diff tracks on which an active (VT) TCN flanks the gate = 36 fail modes/unit (one per gate per track, either side); x 5x60 unit cells = 10800; Scalar = 1/10800",,24,4,5,60,"0:24[3],2:5","1:3/5:7/9:11/13:15/17:19/21:23,3/4","0:r0,4/5","vg,1:3/5:7/9:11/13:15/17:19/21:23,6;vt,0:r0[3]/1:r0[3]/2:r0[3],9/14",9;14,6,"0:r0,0:1/6:7,0.046,plvt;0:r0,2:5,0.046,nlvt;"
CTG-I-02,CTG132-NPZ5-L-I_SDR_OGD_DEN_1VT_TCN.png,CTG,I,CTG-<MOS>-I:SDR:OGD:DEN:1VT_TCN,1,x81zs_ctg02,ch132,CTG132-NPZ5-L-I:SDR:OGD:DEN:1VT_TCN,"SDR CTGOGD, NP-Diff, On type a structure, 1 Via-t inside fail area, Ver2",10800,9.25926e-05,"OGD CTG: 18 active VG gates/unit on 18 columns (6 FTI intervals) x 2 diff tracks on which an active (VT) TCN flanks the gate = 36 fail modes/unit (one per gate per track, either side); x 5x60 unit cells = 10800; Scalar = 1/10800",,24,4,5,60,"0:24[3],2:5","1:3/5:7/9:11/13:15/17:19/21:23,3/4","0:r0,4/5","vg,1:3/5:7/9:11/13:15/17:19/21:23,6;vt,0:r0[3]/1:r0[3]/2:r0[3],9/14",9;14,6,"0:r0,2:3/6:7,0.046,plvt;0:r0,0:1/4:5,0.046,nlvt;"
CTG-I-03,CTG132-PZ5-L-I_SDR_OGD_DEN_1VT_TCN.png,CTG,I,CTG-<MOS>-I:SDR:OGD:DEN:1VT_TCN,1,x81zs_ctg02,ch132,CTG132-PZ5-L-I:SDR:OGD:DEN:1VT_TCN,"SDR CTGOGD, N-Diff, On type a structure, 1 Via-t inside fail area, Ver2",10800,9.25926e-05,"OGD CTG: 18 active VG gates/unit on 18 columns (6 FTI intervals) x 2 diff tracks on which an active (VT) TCN flanks the gate = 36 fail modes/unit (one per gate per track, either side); x 5x60 unit cells = 10800; Scalar = 1/10800",,24,4,5,60,"0:24[3],2:5","1:3/5:7/9:11/13:15/17:19/21:23,3/4","0:r0,4/5","vg,1:3/5:7/9:11/13:15/17:19/21:23,6;vt,0:r0[3]/1:r0[3]/2:r0[3],9/14",9;14,6,"0:r0,0:1/6:7,0.046,nlvt;0:r0,2:5,0.046,plvt;"
CTG-I-04,CTG132-NZ5-L-I_SDR_OGD_DEN_2VT_TCN.png,CTG,I,CTG-<MOS>-I:SDR:OGD:DEN:2VT_TCN,1,x81zs_ctg02,ch132,CTG132-NZ5-L-I:SDR:OGD:DEN:2VT_TCN,"SDR CTGOGD, N-Diff, On type a structure, 2 Via-t inside fail area",10800,9.25926e-05,"OGD CTG: 18 active VG gates/unit on 18 columns (6 FTI intervals) x 2 diff tracks on which an active (VT) TCN flanks the gate = 36 fail modes/unit (one per gate per track, either side); x 5x60 unit cells = 10800; Scalar = 1/10800",,24,4,5,60,"0:24[3],2:5","1:3/5:7/9:11/13:15/17:19/21:23,3/4","0:r0,4/5","vg,1:3/5:7/9:11/13:15/17:19/21:23,6;vt,0:r0[3]/1:r0[3]/2:r0[3],9/11/14",9;11;14,6,"0:r0,0:1/6:7,0.046,plvt;0:r0,2:5,0.046,nlvt;"
CTG-I-05,CTG132-NPZ5-L-I_SDR_OGD_DEN_2VT_TCN.png,CTG,I,CTG-<MOS>-I:SDR:OGD:DEN:2VT_TCN,1,x81zs_ctg02,ch132,CTG132-NPZ5-L-I:SDR:OGD:DEN:2VT_TCN,"SDR CTGOGD, NP-Diff, On type a structure, 2 Via-t inside fail area",10800,9.25926e-05,"OGD CTG: 18 active VG gates/unit on 18 columns (6 FTI intervals) x 2 diff tracks on which an active (VT) TCN flanks the gate = 36 fail modes/unit (one per gate per track, either side); x 5x60 unit cells = 10800; Scalar = 1/10800",,24,4,5,60,"0:24[3],2:5","1:3/5:7/9:11/13:15/17:19/21:23,3/4","0:r0,4/5","vg,1:3/5:7/9:11/13:15/17:19/21:23,6;vt,0:r0[3]/1:r0[3]/2:r0[3],9/11/14",9;11;14,6,"0:r0,2:3/6:7,0.046,plvt;0:r0,0:1/4:5,0.046,nlvt;"
CTG-I-06,CTG132-PZ5-L-I_SDR_OGD_DEN_2VT_TCN.png,CTG,I,CTG-<MOS>-I:SDR:OGD:DEN:2VT_TCN,1,x81zs_ctg02,ch132,CTG132-PZ5-L-I:SDR:OGD:DEN:2VT_TCN,"SDR CTGOGD, N-Diff, On type a structure, 1 Via-t inside fail area, Ver2",10800,9.25926e-05,"OGD CTG: 18 active VG gates/unit on 18 columns (6 FTI intervals) x 2 diff tracks on which an active (VT) TCN flanks the gate = 36 fail modes/unit (one per gate per track, either side); x 5x60 unit cells = 10800; Scalar = 1/10800",,24,4,5,60,"0:24[3],2:5","1:3/5:7/9:11/13:15/17:19/21:23,3/4","0:r0,4/5","vg,1:3/5:7/9:11/13:15/17:19/21:23,6;vt,0:r0[3]/1:r0[3]/2:r0[3],9/11/14",9;11;14,6,"0:r0,0:1/6:7,0.046,nlvt;0:r0,2:5,0.046,plvt;"
CTG-I-07,CTG165-NZ7-L-I_SDR_OGD_DEN_1VT_TCN.png,CTG,I,CTG-<MOS>-I:SDR:OGD:DEN:1VT_TCN,1,x81zs_ctg02,ch165,CTG165-NZ7-L-I:SDR:OGD:DEN:1VT_TCN,"SDR CTGOGD, N-Diff, On type a structure, 1 Via-t inside fail area, Ver2",10800,9.25926e-05,"OGD CTG: 18 active VG gates/unit on 18 columns (6 FTI intervals) x 2 diff tracks on which an active (VT) TCN flanks the gate = 36 fail modes/unit (one per gate per track, either side); x 5x60 unit cells = 10800; Scalar = 1/10800",,24,4,5,60,"0:24[3],2:5","1:3/5:7/9:11/13:15/17:19/21:23,3/4","0:r0,4/5","vg,1:3/5:7/9:11/13:15/17:19/21:23,7;vt,0:r0[3]/1:r0[3]/2:r0[3],11/17",11;17,7,"0:r0,0:1/6:7,0.062,plvt;0:r0,2:5,0.062,nlvt;"
CTG-I-08,CTG165-NPZ7-L-I_SDR_OGD_DEN_1VT_TCN.png,CTG,I,CTG-<MOS>-I:SDR:OGD:DEN:1VT_TCN,1,x81zs_ctg02,ch165,CTG165-NPZ7-L-I:SDR:OGD:DEN:1VT_TCN,"SDR CTGOGD, NP-Diff, On type a structure, 1 Via-t inside fail area, Ver2",10800,9.25926e-05,"OGD CTG: 18 active VG gates/unit on 18 columns (6 FTI intervals) x 2 diff tracks on which an active (VT) TCN flanks the gate = 36 fail modes/unit (one per gate per track, either side); x 5x60 unit cells = 10800; Scalar = 1/10800",,24,4,5,60,"0:24[3],2:5","1:3/5:7/9:11/13:15/17:19/21:23,3/4","0:r0,4/5","vg,1:3/5:7/9:11/13:15/17:19/21:23,7;vt,0:r0[3]/1:r0[3]/2:r0[3],11/17",11;17,7,"0:r0,2:3/6:7,0.062,plvt;0:r0,0:1/4:5,0.062,nlvt;"
CTG-I-09,CTG165-PZ7-L-I_SDR_OGD_DEN_1VT_TCN.png,CTG,I,CTG-<MOS>-I:SDR:OGD:DEN:1VT_TCN,1,x81zs_ctg02,ch165,CTG165-PZ7-L-I:SDR:OGD:DEN:1VT_TCN,"SDR CTGOGD, N-Diff, On type a structure, 1 Via-t inside fail area, Ver2",10800,9.25926e-05,"OGD CTG: 18 active VG gates/unit on 18 columns (6 FTI intervals) x 2 diff tracks on which an active (VT) TCN flanks the gate = 36 fail modes/unit (one per gate per track, either side); x 5x60 unit cells = 10800; Scalar = 1/10800",,24,4,5,60,"0:24[3],2:5","1:3/5:7/9:11/13:15/17:19/21:23,3/4","0:r0,4/5","vg,1:3/5:7/9:11/13:15/17:19/21:23,7;vt,0:r0[3]/1:r0[3]/2:r0[3],11/17",11;17,7,"0:r0,0:1/6:7,0.062,nlvt;0:r0,2:5,0.062,plvt;"
CTG-I-10,CTG165-NZ7-L-I_SDR_OGD_DEN_2VT_TCN.png,CTG,I,CTG-<MOS>-I:SDR:OGD:DEN:2VT_TCN,1,x81zs_ctg02,ch165,CTG165-NZ7-L-I:SDR:OGD:DEN:2VT_TCN,"SDR CTGOGD, N-Diff, On type a structure, 2 Via-t inside fail area",10800,9.25926e-05,"OGD CTG: 18 active VG gates/unit on 18 columns (6 FTI intervals) x 2 diff tracks on which an active (VT) TCN flanks the gate = 36 fail modes/unit (one per gate per track, either side); x 5x60 unit cells = 10800; Scalar = 1/10800",,24,4,5,60,"0:24[3],2:5","1:3/5:7/9:11/13:15/17:19/21:23,3/4","0:r0,4/5","vg,1:3/5:7/9:11/13:15/17:19/21:23,7;vt,0:r0[3]/1:r0[3]/2:r0[3],11/13/17",11;13;17,7,"0:r0,0:1/6:7,0.062,plvt;0:r0,2:5,0.062,nlvt;"
CTG-I-11,CTG165-NPZ7-L-I_SDR_OGD_DEN_2VT_TCN.png,CTG,I,CTG-<MOS>-I:SDR:OGD:DEN:2VT_TCN,1,x81zs_ctg02,ch165,CTG165-NPZ7-L-I:SDR:OGD:DEN:2VT_TCN,"SDR CTGOGD, NP-Diff, On type a structure, 2 Via-t inside fail area",10800,9.25926e-05,"OGD CTG: 18 active VG gates/unit on 18 columns (6 FTI intervals) x 2 diff tracks on which an active (VT) TCN flanks the gate = 36 fail modes/unit (one per gate per track, either side); x 5x60 unit cells = 10800; Scalar = 1/10800",,24,4,5,60,"0:24[3],2:5","1:3/5:7/9:11/13:15/17:19/21:23,3/4","0:r0,4/5","vg,1:3/5:7/9:11/13:15/17:19/21:23,7;vt,0:r0[3]/1:r0[3]/2:r0[3],11/13/17",11;13;17,7,"0:r0,2:3/6:7,0.062,plvt;0:r0,0:1/4:5,0.062,nlvt;"
CTG-I-12,CTG165-PZ7-L-I_SDR_OGD_DEN_2VT_TCN.png,CTG,I,CTG-<MOS>-I:SDR:OGD:DEN:2VT_TCN,1,x81zs_ctg02,ch165,CTG165-PZ7-L-I:SDR:OGD:DEN:2VT_TCN,"SDR CTGOGD, N-Diff, On type a structure, 1 Via-t inside fail area, Ver2",10800,9.25926e-05,"OGD CTG: 18 active VG gates/unit on 18 columns (6 FTI intervals) x 2 diff tracks on which an active (VT) TCN flanks the gate = 36 fail modes/unit (one per gate per track, either side); x 5x60 unit cells = 10800; Scalar = 1/10800",,24,4,5,60,"0:24[3],2:5","1:3/5:7/9:11/13:15/17:19/21:23,3/4","0:r0,4/5","vg,1:3/5:7/9:11/13:15/17:19/21:23,7;vt,0:r0[3]/1:r0[3]/2:r0[3],11/13/17",11;13;17,7,"0:r0,0:1/6:7,0.062,nlvt;0:r0,2:5,0.062,plvt;"
CTG-A-07,CTG110-NZ1-L-A_SDR_OGD_REF_2TRK.png,CTG,A,CTG-<MOS>-A:SDR:OGD:REF:2TRK,2,x81zs_ctg02,ch110 ch132,CTG110-NZ1-L-A:SDR:OGD:REF:2TRK,"SDR CTGOGD, N-Diff, type a",10800,9.25926e-05,"OGD CTG: 18 active VG gates/unit on 18 columns (6 FTI intervals) x 2 diff tracks on which an active (VT) TCN flanks the gate = 36 fail modes/unit (one per gate per track, either side); x 5x60 unit cells = 10800; Scalar = 1/10800",,24,4,5,60,"0:24[3],2:5","1:3/5:7/9:11/13:15/17:19/21:23,3/4","0:r0,4/5","vg,1:3/5:7/9:11/13:15/17:19/21:23,6;vt,0:r0[3]/1:r0[3]/2:r0[3],14",14,6,"0:r0,0:1/6:7,0.027,plvt;0:r0,2:5,0.027,nlvt;"
CTG-A-08,CTG110-NPZ1-L-A_SDR_OGD_REF_2TRK.png,CTG,A,CTG-<MOS>-A:SDR:OGD:REF:2TRK,2,x81zs_ctg02,ch110 ch132,CTG110-NPZ1-L-A:SDR:OGD:REF:2TRK,"SDR CTGOGD, NP-Diff, type a",10800,9.25926e-05,"OGD CTG: 18 active VG gates/unit on 18 columns (6 FTI intervals) x 2 diff tracks on which an active (VT) TCN flanks the gate = 36 fail modes/unit (one per gate per track, either side); x 5x60 unit cells = 10800; Scalar = 1/10800",,24,4,5,60,"0:24[3],2:5","1:3/5:7/9:11/13:15/17:19/21:23,3/4","0:r0,4/5","vg,1:3/5:7/9:11/13:15/17:19/21:23,6;vt,0:r0[3]/1:r0[3]/2:r0[3],14",14,6,"0:r0,2:3/6:7,0.027,nlvt;0:r0,0:1/4:5,0.027,plvt;"
CTG-A-09,CTG110-PZ1-L-A_SDR_OGD_REF_2TRK.png,CTG,A,CTG-<MOS>-A:SDR:OGD:REF:2TRK,2,x81zs_ctg02,ch110 ch132,CTG110-PZ1-L-A:SDR:OGD:REF:2TRK,"SDR CTGOGD, P-Diff, type a",10800,9.25926e-05,"OGD CTG: 18 active VG gates/unit on 18 columns (6 FTI intervals) x 2 diff tracks on which an active (VT) TCN flanks the gate = 36 fail modes/unit (one per gate per track, either side); x 5x60 unit cells = 10800; Scalar = 1/10800",,24,4,5,60,"0:24[3],2:5","1:3/5:7/9:11/13:15/17:19/21:23,3/4","0:r0,4/5","vg,1:3/5:7/9:11/13:15/17:19/21:23,6;vt,0:r0[3]/1:r0[3]/2:r0[3],14",14,6,"0:r0,0:1/6:7,0.027,nlvt;0:r0,2:5,0.027,plvt;"
CTG-K-01,CTG110-NZ1-L-K_SDR_OGD_DEN_NTLK.png,CTG,K,CTG-<MOS>-K:SDR:OGD:DEN:NTLK,2,x81zs_ctg02,ch110 ch132,CTG110-NZ1-L-K:SDR:OGD:DEN:NTLK,"SDR CTGOGD, N-Diff, Based on type a, 1Track TCN/PLY overlap",5400,0.000185185,"OGD CTG: 18 active VG gates/unit on 18 columns (6 FTI intervals) x 1 diff tracks on which an active (VT) TCN flanks the gate = 18 fail modes/unit (one per gate per track, either side); x 5x60 unit cells = 5400; Scalar = 1/5400",geometric count 18/unit differs from type-A SDR reference 36/unit,24,4,5,60,"0:24[3],2:5","1:3/5:7/9:11/13:15/17:19/21:23,3/4","0:r0,5","vg,1:3/5:7/9:11/13:15/17:19/21:23,6;vt,0:r0[3]/1:r0[3]/2:r0[3],14",14,6,"0:r0,0:1/6:7,0.027,plvt;0:r0,2:5,0.027,nlvt;"
CTG-K-02,CTG110-NPZ1-L-K_SDR_OGD_DEN_NTLK.png,CTG,K,CTG-<MOS>-K:SDR:OGD:DEN:NTLK,2,x81zs_ctg02,ch110 ch132,CTG110-NPZ1-L-K:SDR:OGD:DEN:NTLK,"SDR CTGOGD, NP-Diff, Based on type a, 1Track TCN/PLY overlap",5400,0.000185185,"OGD CTG: 18 active VG gates/unit on 18 columns (6 FTI intervals) x 1 diff tracks on which an active (VT) TCN flanks the gate = 18 fail modes/unit (one per gate per track, either side); x 5x60 unit cells = 5400; Scalar = 1/5400",geometric count 18/unit differs from type-A SDR reference 36/unit,24,4,5,60,"0:24[3],2:5","1:3/5:7/9:11/13:15/17:19/21:23,3/4","0:r0,5","vg,1:3/5:7/9:11/13:15/17:19/21:23,6;vt,0:r0[3]/1:r0[3]/2:r0[3],14",14,6,"0:r0,2:3/6:7,0.027,nlvt;0:r0,0:1/4:5,0.027,plvt;"
CTG-K-03,CTG110-PZ1-L-K_SDR_OGD_DEN_NTLK.png,CTG,K,CTG-<MOS>-K:SDR:OGD:DEN:NTLK,2,x81zs_ctg02,ch110 ch132,CTG110-PZ1-L-K:SDR:OGD:DEN:NTLK,"SDR CTGOGD, P-Diff, Based on type a, 1Track TCN/PLY overlap",5400,0.000185185,"OGD CTG: 18 active VG gates/unit on 18 columns (6 FTI intervals) x 1 diff tracks on which an active (VT) TCN flanks the gate = 18 fail modes/unit (one per gate per track, either side); x 5x60 unit cells = 5400; Scalar = 1/5400",geometric count 18/unit differs from type-A SDR reference 36/unit,24,4,5,60,"0:24[3],2:5","1:3/5:7/9:11/13:15/17:19/21:23,3/4","0:r0,5","vg,1:3/5:7/9:11/13:15/17:19/21:23,6;vt,0:r0[3]/1:r0[3]/2:r0[3],14",14,6,"0:r0,0:1/6:7,0.027,nlvt;0:r0,2:5,0.027,plvt;"
CTG-K-04,CTG110-NZ1-L-K_SDR_OGD_DEN_NGLK.png,CTG,K,CTG-<MOS>-K:SDR:OGD:DEN:NGLK,2,x81zs_ctg02,ch110 ch132,CTG110-NZ1-L-K:SDR:OGD:DEN:NGLK,"SDR CTGOGD, N-Diff, Based on type a, 1Track TCN/PLY overlap",5400,0.000185185,"OGD CTG: 18 active VG gates/unit on 18 columns (6 FTI intervals) x 1 diff tracks on which an active (VT) TCN flanks the gate = 18 fail modes/unit (one per gate per track, either side); x 5x60 unit cells = 5400; Scalar = 1/5400",geometric count 18/unit differs from type-A SDR reference 36/unit,24,4,5,60,"0:24[3],2:5","1:3/5:7/9:11/13:15/17:19/21:23,3","0:r0,4/5","vg,1:3/5:7/9:11/13:15/17:19/21:23,6;vt,0:r0[3]/1:r0[3]/2:r0[3],14",14,6,"0:r0,0:1/6:7,0.027,plvt;0:r0,2:5,0.027,nlvt;"
CTG-K-05,CTG110-NPZ1-L-K_SDR_OGD_DEN_NGLK.png,CTG,K,CTG-<MOS>-K:SDR:OGD:DEN:NGLK,2,x81zs_ctg02,ch110 ch132,CTG110-NPZ1-L-K:SDR:OGD:DEN:NGLK,"SDR CTGOGD, NP-Diff, Based on type a, 1Track TCN/PLY overlap",5400,0.000185185,"OGD CTG: 18 active VG gates/unit on 18 columns (6 FTI intervals) x 1 diff tracks on which an active (VT) TCN flanks the gate = 18 fail modes/unit (one per gate per track, either side); x 5x60 unit cells = 5400; Scalar = 1/5400",geometric count 18/unit differs from type-A SDR reference 36/unit,24,4,5,60,"0:24[3],2:5","1:3/5:7/9:11/13:15/17:19/21:23,3","0:r0,4/5","vg,1:3/5:7/9:11/13:15/17:19/21:23,6;vt,0:r0[3]/1:r0[3]/2:r0[3],14",14,6,"0:r0,2:3/6:7,0.027,nlvt;0:r0,0:1/4:5,0.027,plvt;"
CTG-K-06,CTG110-PZ1-L-K_SDR_OGD_DEN_NGLK.png,CTG,K,CTG-<MOS>-K:SDR:OGD:DEN:NGLK,2,x81zs_ctg02,ch110 ch132,CTG110-PZ1-L-K:SDR:OGD:DEN:NGLK,"SDR CTGOGD, P-Diff, Based on type a, 1Track TCN/PLY overlap",5400,0.000185185,"OGD CTG: 18 active VG gates/unit on 18 columns (6 FTI intervals) x 1 diff tracks on which an active (VT) TCN flanks the gate = 18 fail modes/unit (one per gate per track, either side); x 5x60 unit cells = 5400; Scalar = 1/5400",geometric count 18/unit differs from type-A SDR reference 36/unit,24,4,5,60,"0:24[3],2:5","1:3/5:7/9:11/13:15/17:19/21:23,3","0:r0,4/5","vg,1:3/5:7/9:11/13:15/17:19/21:23,6;vt,0:r0[3]/1:r0[3]/2:r0[3],14",14,6,"0:r0,0:1/6:7,0.027,nlvt;0:r0,2:5,0.027,plvt;"
CTG-A-10,CTG165-NZ7-L-A_SDR_OGD_REF_2TRK.png,CTG,A,CTG-<MOS>-A:SDR:OGD:REF:2TRK,1,x81zs_ctg02,ch165,CTG165-NZ7-L-A:SDR:OGD:REF:2TRK,"SDR CTGOGD, N-Diff, type a",10800,9.25926e-05,"OGD CTG: 18 active VG gates/unit on 18 columns (6 FTI intervals) x 2 diff tracks on which an active (VT) TCN flanks the gate = 36 fail modes/unit (one per gate per track, either side); x 5x60 unit cells = 10800; Scalar = 1/10800",,24,4,5,60,"0:24[3],2:5","1:3/5:7/9:11/13:15/17:19/21:23,3/4","0:r0,4/5","vg,1:3/5:7/9:11/13:15/17:19/21:23,7;vt,0:r0[3]/1:r0[3]/2:r0[3],17",17,7,"0:r0,0:1/6:7,0.062,plvt;0:r0,2:5,0.062,nlvt;"
CTG-A-11,CTG165-NPZ7-L-A_SDR_OGD_REF_2TRK.png,CTG,A,CTG-<MOS>-A:SDR:OGD:REF:2TRK,1,x81zs_ctg02,ch165,CTG165-NPZ7-L-A:SDR:OGD:REF:2TRK,"SDR CTGOGD, NP-Diff, type a",10800,9.25926e-05,"OGD CTG: 18 active VG gates/unit on 18 columns (6 FTI intervals) x 2 diff tracks on which an active (VT) TCN flanks the gate = 36 fail modes/unit (one per gate per track, either side); x 5x60 unit cells = 10800; Scalar = 1/10800",,24,4,5,60,"0:24[3],2:5","1:3/5:7/9:11/13:15/17:19/21:23,3/4","0:r0,4/5","vg,1:3/5:7/9:11/13:15/17:19/21:23,7;vt,0:r0[3]/1:r0[3]/2:r0[3],17",17,7,"0:r0,2:3/6:7,0.062,nlvt;0:r0,0:1/4:5,0.062,plvt;"
CTG-A-12,CTG165-PZ7-L-A_SDR_OGD_REF_2TRK.png,CTG,A,CTG-<MOS>-A:SDR:OGD:REF:2TRK,1,x81zs_ctg02,ch165,CTG165-PZ7-L-A:SDR:OGD:REF:2TRK,"SDR CTGOGD, P-Diff, type a",10800,9.25926e-05,"OGD CTG: 18 active VG gates/unit on 18 columns (6 FTI intervals) x 2 diff tracks on which an active (VT) TCN flanks the gate = 36 fail modes/unit (one per gate per track, either side); x 5x60 unit cells = 10800; Scalar = 1/10800",,24,4,5,60,"0:24[3],2:5","1:3/5:7/9:11/13:15/17:19/21:23,3/4","0:r0,4/5","vg,1:3/5:7/9:11/13:15/17:19/21:23,7;vt,0:r0[3]/1:r0[3]/2:r0[3],17",17,7,"0:r0,0:1/6:7,0.062,nlvt;0:r0,2:5,0.062,plvt;"
CTG-K-07,CTG165-NZ7-L-K_SDR_OGD_DEN_NTLK.png,CTG,K,CTG-<MOS>-K:SDR:OGD:DEN:NTLK,1,x81zs_ctg02,ch165,CTG165-NZ7-L-K:SDR:OGD:DEN:NTLK,"SDR CTGOGD, N-Diff, Based on type a, 1Track TCN/PLY overlap",5400,0.000185185,"OGD CTG: 18 active VG gates/unit on 18 columns (6 FTI intervals) x 1 diff tracks on which an active (VT) TCN flanks the gate = 18 fail modes/unit (one per gate per track, either side); x 5x60 unit cells = 5400; Scalar = 1/5400",geometric count 18/unit differs from type-A SDR reference 36/unit,24,4,5,60,"0:24[3],2:5","1:3/5:7/9:11/13:15/17:19/21:23,3/4","0:r0,5","vg,1:3/5:7/9:11/13:15/17:19/21:23,7;vt,0:r0[3]/1:r0[3]/2:r0[3],17",17,7,"0:r0,0:1/6:7,0.062,plvt;0:r0,2:5,0.062,nlvt;"
CTG-K-08,CTG165-NPZ7-L-K_SDR_OGD_DEN_NTLK.png,CTG,K,CTG-<MOS>-K:SDR:OGD:DEN:NTLK,1,x81zs_ctg02,ch165,CTG165-NPZ7-L-K:SDR:OGD:DEN:NTLK,"SDR CTGOGD, NP-Diff, Based on type a, 1Track TCN/PLY overlap",5400,0.000185185,"OGD CTG: 18 active VG gates/unit on 18 columns (6 FTI intervals) x 1 diff tracks on which an active (VT) TCN flanks the gate = 18 fail modes/unit (one per gate per track, either side); x 5x60 unit cells = 5400; Scalar = 1/5400",geometric count 18/unit differs from type-A SDR reference 36/unit,24,4,5,60,"0:24[3],2:5","1:3/5:7/9:11/13:15/17:19/21:23,3/4","0:r0,5","vg,1:3/5:7/9:11/13:15/17:19/21:23,7;vt,0:r0[3]/1:r0[3]/2:r0[3],17",17,7,"0:r0,2:3/6:7,0.062,nlvt;0:r0,0:1/4:5,0.062,plvt;"
CTG-K-09,CTG165-PZ7-L-K_SDR_OGD_DEN_NTLK.png,CTG,K,CTG-<MOS>-K:SDR:OGD:DEN:NTLK,1,x81zs_ctg02,ch165,CTG165-PZ7-L-K:SDR:OGD:DEN:NTLK,"SDR CTGOGD, P-Diff, Based on type a, 1Track TCN/PLY overlap",5400,0.000185185,"OGD CTG: 18 active VG gates/unit on 18 columns (6 FTI intervals) x 1 diff tracks on which an active (VT) TCN flanks the gate = 18 fail modes/unit (one per gate per track, either side); x 5x60 unit cells = 5400; Scalar = 1/5400",geometric count 18/unit differs from type-A SDR reference 36/unit,24,4,5,60,"0:24[3],2:5","1:3/5:7/9:11/13:15/17:19/21:23,3/4","0:r0,5","vg,1:3/5:7/9:11/13:15/17:19/21:23,7;vt,0:r0[3]/1:r0[3]/2:r0[3],17",17,7,"0:r0,0:1/6:7,0.062,nlvt;0:r0,2:5,0.062,plvt;"
CTG-K-10,CTG165-NZ7-L-K_SDR_OGD_DEN_NGLK.png,CTG,K,CTG-<MOS>-K:SDR:OGD:DEN:NGLK,1,x81zs_ctg02,ch165,CTG165-NZ7-L-K:SDR:OGD:DEN:NGLK,"SDR CTGOGD, N-Diff, Based on type a, 1Track TCN/PLY overlap",5400,0.000185185,"OGD CTG: 18 active VG gates/unit on 18 columns (6 FTI intervals) x 1 diff tracks on which an active (VT) TCN flanks the gate = 18 fail modes/unit (one per gate per track, either side); x 5x60 unit cells = 5400; Scalar = 1/5400",geometric count 18/unit differs from type-A SDR reference 36/unit,24,4,5,60,"0:24[3],2:5","1:3/5:7/9:11/13:15/17:19/21:23,3","0:r0,4/5","vg,1:3/5:7/9:11/13:15/17:19/21:23,7;vt,0:r0[3]/1:r0[3]/2:r0[3],17",17,7,"0:r0,0:1/6:7,0.062,plvt;0:r0,2:5,0.062,nlvt;"
CTG-K-11,CTG165-NPZ7-L-K_SDR_OGD_DEN_NGLK.png,CTG,K,CTG-<MOS>-K:SDR:OGD:DEN:NGLK,1,x81zs_ctg02,ch165,CTG165-NPZ7-L-K:SDR:OGD:DEN:NGLK,"SDR CTGOGD, NP-Diff, Based on type a, 1Track TCN/PLY overlap",5400,0.000185185,"OGD CTG: 18 active VG gates/unit on 18 columns (6 FTI intervals) x 1 diff tracks on which an active (VT) TCN flanks the gate = 18 fail modes/unit (one per gate per track, either side); x 5x60 unit cells = 5400; Scalar = 1/5400",geometric count 18/unit differs from type-A SDR reference 36/unit,24,4,5,60,"0:24[3],2:5","1:3/5:7/9:11/13:15/17:19/21:23,3","0:r0,4/5","vg,1:3/5:7/9:11/13:15/17:19/21:23,7;vt,0:r0[3]/1:r0[3]/2:r0[3],17",17,7,"0:r0,2:3/6:7,0.062,nlvt;0:r0,0:1/4:5,0.062,plvt;"
CTG-K-12,CTG165-PZ7-L-K_SDR_OGD_DEN_NGLK.png,CTG,K,CTG-<MOS>-K:SDR:OGD:DEN:NGLK,1,x81zs_ctg02,ch165,CTG165-PZ7-L-K:SDR:OGD:DEN:NGLK,"SDR CTGOGD, P-Diff, Based on type a, 1Track TCN/PLY overlap",5400,0.000185185,"OGD CTG: 18 active VG gates/unit on 18 columns (6 FTI intervals) x 1 diff tracks on which an active (VT) TCN flanks the gate = 18 fail modes/unit (one per gate per track, either side); x 5x60 unit cells = 5400; Scalar = 1/5400",geometric count 18/unit differs from type-A SDR reference 36/unit,24,4,5,60,"0:24[3],2:5","1:3/5:7/9:11/13:15/17:19/21:23,3","0:r0,4/5","vg,1:3/5:7/9:11/13:15/17:19/21:23,7;vt,0:r0[3]/1:r0[3]/2:r0[3],17",17,7,"0:r0,0:1/6:7,0.062,nlvt;0:r0,2:5,0.062,plvt;"
CTG-L-01,CTG110-NZ1-L-L_SDR_OGD_DEN_NGLK.png,CTG,L,CTG-<MOS>-L:SDR:OGD:DEN:NGLK,2,x81zs_ctg02,ch110 ch132,CTG110-NZ1-L-L:SDR:OGD:DEN:NGLK,"SDR CTGOGD, N-Diff, On type a structure, 1 active Via-g and NO GLK inside fail area",10800,9.25926e-05,"OGD CTG: 36 active VG gates/unit on 18 columns (6 FTI intervals) x 1 diff tracks on which an active (VT) TCN flanks the gate = 36 fail modes/unit (one per gate per track, either side); x 5x60 unit cells = 10800; Scalar = 1/10800",,24,4,5,60,"0:24[3],2:5","1:3/5:7/9:11/13:15/17:19/21:23,3","0:r0,4/5","vg,1:3/5:7/9:11/13:15/17:19/21:23,6/11;vt,0:r0[3]/1:r0[3]/2:r0[3],14",14,6;11,"0:r0,0:1/6:7,0.027,plvt;0:r0,2:5,0.027,nlvt;"
CTG-L-02,CTG110-NPZ1-L-L_SDR_OGD_DEN_NGLK.png,CTG,L,CTG-<MOS>-L:SDR:OGD:DEN:NGLK,2,x81zs_ctg02,ch110 ch132,CTG110-NPZ1-L-L:SDR:OGD:DEN:NGLK,"SDR CTGOGD, NP-Diff, On type a structure, 1 active Via-g and NO GLK inside fail area",10800,9.25926e-05,"OGD CTG: 36 active VG gates/unit on 18 columns (6 FTI intervals) x 1 diff tracks on which an active (VT) TCN flanks the gate = 36 fail modes/unit (one per gate per track, either side); x 5x60 unit cells = 10800; Scalar = 1/10800",,24,4,5,60,"0:24[3],2:5","1:3/5:7/9:11/13:15/17:19/21:23,3","0:r0,4/5","vg,1:3/5:7/9:11/13:15/17:19/21:23,6/11;vt,0:r0[3]/1:r0[3]/2:r0[3],14",14,6;11,"0:r0,2:3/6:7,0.027,plvt;0:r0,0:1/4:5,0.027,nlvt;"
CTG-L-03,CTG110-PZ1-L-L_SDR_OGD_DEN_NGLK.png,CTG,L,CTG-<MOS>-L:SDR:OGD:DEN:NGLK,2,x81zs_ctg02,ch110 ch132,CTG110-PZ1-L-L:SDR:OGD:DEN:NGLK,"SDR CTGOGD, P-Diff, On type a structure, 1 active Via-g and NO GLK inside fail area",10800,9.25926e-05,"OGD CTG: 36 active VG gates/unit on 18 columns (6 FTI intervals) x 1 diff tracks on which an active (VT) TCN flanks the gate = 36 fail modes/unit (one per gate per track, either side); x 5x60 unit cells = 10800; Scalar = 1/10800",,24,4,5,60,"0:24[3],2:5","1:3/5:7/9:11/13:15/17:19/21:23,3","0:r0,4/5","vg,1:3/5:7/9:11/13:15/17:19/21:23,6/11;vt,0:r0[3]/1:r0[3]/2:r0[3],14",14,6;11,"0:r0,0:1/6:7,0.027,nlvt;0:r0,2:5,0.027,plvt;"
CTG-L-04,CTG110-NZ1-L-L_SDR_OGD_DEN_NTLK.png,CTG,L,CTG-<MOS>-L:SDR:OGD:DEN:NTLK,2,x81zs_ctg02,ch110 ch132,CTG110-NZ1-L-L:SDR:OGD:DEN:NTLK,"SDR CTGOGD, N-Diff, On type a structure, 1 active Via-g and NO TLK inside fail area",10800,9.25926e-05,"OGD CTG: 18 active VG gates/unit on 18 columns (6 FTI intervals) x 2 diff tracks on which an active (VT) TCN flanks the gate = 36 fail modes/unit (one per gate per track, either side); x 5x60 unit cells = 10800; Scalar = 1/10800",,24,4,5,60,"0:24[3],2:5","1:3/5:7/9:11/13:15/17:19/21:23,3/4","0:r0,5","vg,1:3/5:7/9:11/13:15/17:19/21:23,6;vt,0:r0[3]/1:r0[3]/2:r0[3],9/14",9;14,6,"0:r0,0:1/6:7,0.027,plvt;0:r0,2:5,0.027,nlvt;"
CTG-L-05,CTG110-NPZ1-L-L_SDR_OGD_DEN_NTLK.png,CTG,L,CTG-<MOS>-L:SDR:OGD:DEN:NTLK,2,x81zs_ctg02,ch110 ch132,CTG110-NPZ1-L-L:SDR:OGD:DEN:NTLK,"SDR CTGOGD, NP-Diff, On type a structure, 1 active Via-g and NO TLK inside fail area",10800,9.25926e-05,"OGD CTG: 18 active VG gates/unit on 18 columns (6 FTI intervals) x 2 diff tracks on which an active (VT) TCN flanks the gate = 36 fail modes/unit (one per gate per track, either side); x 5x60 unit cells = 10800; Scalar = 1/10800",,24,4,5,60,"0:24[3],2:5","1:3/5:7/9:11/13:15/17:19/21:23,3/4","0:r0,5","vg,1:3/5:7/9:11/13:15/17:19/21:23,6;vt,0:r0[3]/1:r0[3]/2:r0[3],9/14",9;14,6,"0:r0,2:3/6:7,0.027,plvt;0:r0,0:1/4:5,0.027,nlvt;"
CTG-L-06,CTG110-PZ1-L-L_SDR_OGD_DEN_NTLK.png,CTG,L,CTG-<MOS>-L:SDR:OGD:DEN:NTLK,2,x81zs_ctg02,ch110 ch132,CTG110-PZ1-L-L:SDR:OGD:DEN:NTLK,"SDR CTGOGD, P-Diff, On type a structure, 1 active Via-g and NO TLK inside fail area",10800,9.25926e-05,"OGD CTG: 18 active VG gates/unit on 18 columns (6 FTI intervals) x 2 diff tracks on which an active (VT) TCN flanks the gate = 36 fail modes/unit (one per gate per track, either side); x 5x60 unit cells = 10800; Scalar = 1/10800",,24,4,5,60,"0:24[3],2:5","1:3/5:7/9:11/13:15/17:19/21:23,3/4","0:r0,5","vg,1:3/5:7/9:11/13:15/17:19/21:23,6;vt,0:r0[3]/1:r0[3]/2:r0[3],9/14",9;14,6,"0:r0,0:1/6:7,0.027,nlvt;0:r0,2:5,0.027,plvt;"
CTG-L-07,CTG165-NZ7-L-L_SDR_OGD_DEN_NGLK.png,CTG,L,CTG-<MOS>-L:SDR:OGD:DEN:NGLK,1,x81zs_ctg02,ch165,CTG165-NZ7-L-L:SDR:OGD:DEN:NGLK,"SDR CTGOGD, N-Diff, On type a structure, 1 active Via-g and NO GLK inside fail area",10800,9.25926e-05,"OGD CTG: 36 active VG gates/unit on 18 columns (6 FTI intervals) x 1 diff tracks on which an active (VT) TCN flanks the gate = 36 fail modes/unit (one per gate per track, either side); x 5x60 unit cells = 10800; Scalar = 1/10800",,24,4,5,60,"0:24[3],2:5","1:3/5:7/9:11/13:15/17:19/21:23,3","0:r0,4/5","vg,1:3/5:7/9:11/13:15/17:19/21:23,7/13;vt,0:r0[3]/1:r0[3]/2:r0[3],17",17,7;13,"0:r0,0:1/6:7,0.062,plvt;0:r0,2:5,0.062,nlvt;"
CTG-L-08,CTG165-NPZ7-L-L_SDR_OGD_DEN_NGLK.png,CTG,L,CTG-<MOS>-L:SDR:OGD:DEN:NGLK,1,x81zs_ctg02,ch165,CTG165-NPZ7-L-L:SDR:OGD:DEN:NGLK,"SDR CTGOGD, NP-Diff, On type a structure, 1 active Via-g and NO GLK inside fail area",10800,9.25926e-05,"OGD CTG: 36 active VG gates/unit on 18 columns (6 FTI intervals) x 1 diff tracks on which an active (VT) TCN flanks the gate = 36 fail modes/unit (one per gate per track, either side); x 5x60 unit cells = 10800; Scalar = 1/10800",,24,4,5,60,"0:24[3],2:5","1:3/5:7/9:11/13:15/17:19/21:23,3","0:r0,4/5","vg,1:3/5:7/9:11/13:15/17:19/21:23,7/13;vt,0:r0[3]/1:r0[3]/2:r0[3],17",17,7;13,"0:r0,2:3/6:7,0.062,plvt;0:r0,0:1/4:5,0.062,nlvt;"
CTG-L-09,CTG165-PZ7-L-L_SDR_OGD_DEN_NGLK.png,CTG,L,CTG-<MOS>-L:SDR:OGD:DEN:NGLK,1,x81zs_ctg02,ch165,CTG165-PZ7-L-L:SDR:OGD:DEN:NGLK,"SDR CTGOGD, P-Diff, On type a structure, 1 active Via-g and NO GLK inside fail area",10800,9.25926e-05,"OGD CTG: 36 active VG gates/unit on 18 columns (6 FTI intervals) x 1 diff tracks on which an active (VT) TCN flanks the gate = 36 fail modes/unit (one per gate per track, either side); x 5x60 unit cells = 10800; Scalar = 1/10800",,24,4,5,60,"0:24[3],2:5","1:3/5:7/9:11/13:15/17:19/21:23,3","0:r0,4/5","vg,1:3/5:7/9:11/13:15/17:19/21:23,7/13;vt,0:r0[3]/1:r0[3]/2:r0[3],17",17,7;13,"0:r0,0:1/6:7,0.062,nlvt;0:r0,2:5,0.062,plvt;"
CTG-L-10,CTG165-NZ7-L-L_SDR_OGD_DEN_NTLK.png,CTG,L,CTG-<MOS>-L:SDR:OGD:DEN:NTLK,1,x81zs_ctg02,ch165,CTG165-NZ7-L-L:SDR:OGD:DEN:NTLK,"SDR CTGOGD, N-Diff, On type a structure, 1 active Via-g and NO TLK inside fail area",10800,9.25926e-05,"OGD CTG: 18 active VG gates/unit on 18 columns (6 FTI intervals) x 2 diff tracks on which an active (VT) TCN flanks the gate = 36 fail modes/unit (one per gate per track, either side); x 5x60 unit cells = 10800; Scalar = 1/10800",,24,4,5,60,"0:24[3],2:5","1:3/5:7/9:11/13:15/17:19/21:23,3/4","0:r0,5","vg,1:3/5:7/9:11/13:15/17:19/21:23,7;vt,0:r0[3]/1:r0[3]/2:r0[3],11/17",11;17,7,"0:r0,0:1/6:7,0.062,plvt;0:r0,2:5,0.062,nlvt;"
CTG-L-11,CTG165-NPZ7-L-L_SDR_OGD_DEN_NTLK.png,CTG,L,CTG-<MOS>-L:SDR:OGD:DEN:NTLK,1,x81zs_ctg02,ch165,CTG165-NPZ7-L-L:SDR:OGD:DEN:NTLK,"SDR CTGOGD, NP-Diff, On type a structure, 1 active Via-g and NO TLK inside fail area",10800,9.25926e-05,"OGD CTG: 18 active VG gates/unit on 18 columns (6 FTI intervals) x 2 diff tracks on which an active (VT) TCN flanks the gate = 36 fail modes/unit (one per gate per track, either side); x 5x60 unit cells = 10800; Scalar = 1/10800",,24,4,5,60,"0:24[3],2:5","1:3/5:7/9:11/13:15/17:19/21:23,3/4","0:r0,5","vg,1:3/5:7/9:11/13:15/17:19/21:23,7;vt,0:r0[3]/1:r0[3]/2:r0[3],11/17",11;17,7,"0:r0,2:3/6:7,0.062,plvt;0:r0,0:1/4:5,0.062,nlvt;"
CTG-L-12,CTG165-PZ7-L-L_SDR_OGD_DEN_NTLK.png,CTG,L,CTG-<MOS>-L:SDR:OGD:DEN:NTLK,1,x81zs_ctg02,ch165,CTG165-PZ7-L-L:SDR:OGD:DEN:NTLK,"SDR CTGOGD, P-Diff, On type a structure, 1 active Via-g and NO TLK inside fail area",10800,9.25926e-05,"OGD CTG: 18 active VG gates/unit on 18 columns (6 FTI intervals) x 2 diff tracks on which an active (VT) TCN flanks the gate = 36 fail modes/unit (one per gate per track, either side); x 5x60 unit cells = 10800; Scalar = 1/10800",,24,4,5,60,"0:24[3],2:5","1:3/5:7/9:11/13:15/17:19/21:23,3/4","0:r0,5","vg,1:3/5:7/9:11/13:15/17:19/21:23,7;vt,0:r0[3]/1:r0[3]/2:r0[3],11/17",11;17,7,"0:r0,0:1/6:7,0.062,nlvt;0:r0,2:5,0.062,plvt;"
CTG-G-01,CTG165-NZ7-L-G_DNU_OGD_REF_NDPI_2TRK.png,CTG,G,CTG-<MOS>-G:DNU:OGD:REF:NDPI_2TRK,1,x81zs_ctg02,ch165,CTG165-NZ7-L-G:DNU:OGD:REF:NDPI_2TRK,"SDR CTGOGD, N-Diff, Based on type a, 2 Diff tracks  depop",10800,9.25926e-05,"OGD CTG: 18 active VG gates/unit on 18 columns (6 FTI intervals) x 2 diff tracks on which an active (VT) TCN flanks the gate = 36 fail modes/unit (one per gate per track, either side); x 5x60 unit cells = 10800; Scalar = 1/10800",,24,4,5,60,"0:24[3],2:5","1:3/5:7/9:11/13:15/17:19/21:23,3/4","0:r0,4/5","vg,1:3/5:7/9:11/13:15/17:19/21:23,7;vt,0:r0[3]/1:r0[3]/2:r0[3],17",17,7,"0:r0,0/7,0.062,nlvt;0:r0,1/2/5/6,0.062,plvt;"
CTG-G-02,CTG165-PZ7-L-G_DNU_OGD_REF_NDPI_2TRK.png,CTG,G,CTG-<MOS>-G:DNU:OGD:REF:NDPI_2TRK,1,x81zs_ctg02,ch165,CTG165-PZ7-L-G:DNU:OGD:REF:NDPI_2TRK,"SDR CTGOGD, P-Diff, Based on type a, 2 Diff tracks  depop",10800,9.25926e-05,"OGD CTG: 18 active VG gates/unit on 18 columns (6 FTI intervals) x 2 diff tracks on which an active (VT) TCN flanks the gate = 36 fail modes/unit (one per gate per track, either side); x 5x60 unit cells = 10800; Scalar = 1/10800",,24,4,5,60,"0:24[3],2:5","1:3/5:7/9:11/13:15/17:19/21:23,3/4","0:r0,4/5","vg,1:3/5:7/9:11/13:15/17:19/21:23,7;vt,0:r0[3]/1:r0[3]/2:r0[3],17",17,7,"0:r0,0/7,0.062,plvt;0:r0,1/2/5/6,0.062,nlvt;"
CTG-G-03,CTG165-NZ7-L-G_DNU_OGD_REF_NDPI_4TRK.png,CTG,G,CTG-<MOS>-G:DNU:OGD:REF:NDPI_4TRK,1,x81zs_ctg02,ch165,CTG165-NZ7-L-G:DNU:OGD:REF:NDPI_4TRK,"SDR CTGOGD, N-Diff, Based on type d, 4 Diff tracks  depop",21600,4.62963e-05,"OGD CTG: 72 active VG gates/unit on 18 columns (6 FTI intervals) x 1 diff tracks on which an active (VT) TCN flanks the gate = 72 fail modes/unit (one per gate per track, either side); x 5x60 unit cells = 21600; Scalar = 1/21600",geometric count 72/unit differs from type-A SDR reference 36/unit,24,4,5,60,"0:24[3],2:5",,,"vg,1:3/5:7/9:11/13:15/17:19/21:23,8-bottom/10/14-bottom/16;vt,0:r0[3]/1:r0[3]/2:r0[3],7/11/13/17",7;11;13;17,8;10;14;16,"0:r0,0:1/6:7,0.062,plvt;"
CTG-G-04,CTG165-PZ7-L-G_DNU_OGD_REF_NDPI_4TRK.png,CTG,G,CTG-<MOS>-G:DNU:OGD:REF:NDPI_4TRK,1,x81zs_ctg02,ch165,CTG165-PZ7-L-G:DNU:OGD:REF:NDPI_4TRK,"SDR CTGOGD, N-Diff, Based on type d, 4 Diff tracks  depop",21600,4.62963e-05,"OGD CTG: 72 active VG gates/unit on 18 columns (6 FTI intervals) x 1 diff tracks on which an active (VT) TCN flanks the gate = 72 fail modes/unit (one per gate per track, either side); x 5x60 unit cells = 21600; Scalar = 1/21600",geometric count 72/unit differs from type-A SDR reference 36/unit,24,4,5,60,"0:24[3],2:5",,,"vg,1:3/5:7/9:11/13:15/17:19/21:23,8-bottom/10/14-bottom/16;vt,0:r0[3]/1:r0[3]/2:r0[3],7/11/13/17",7;11;13;17,8;10;14;16,"0:r0,0:1/6:7,0.062,nlvt;"
CTG-G-05,CTG165-NZ7-L-G_DNU_OGD_REF_BEPI_2TRK.png,CTG,G,CTG-<MOS>-G:DNU:OGD:REF:BEPI_2TRK,1,x81zs_ctg02,ch165,CTG165-NZ7-L-G:DNU:OGD:REF:BEPI_2TRK,"SDR CTGOGD, N-Diff, Based on type a, 2 Diff tracks Block EPI",10800,9.25926e-05,"OGD CTG: 18 active VG gates/unit on 18 columns (6 FTI intervals) x 2 diff tracks on which an active (VT) TCN flanks the gate = 36 fail modes/unit (one per gate per track, either side); x 5x60 unit cells = 10800; Scalar = 1/10800",,24,4,5,60,"0:24[3],2:5","1:3/5:7/9:11/13:15/17:19/21:23,3/4","0:r0,4/5","vg,1:3/5:7/9:11/13:15/17:19/21:23,8;vt,0:r0[3]/1:r0[3]/2:r0[3],17",17,8,"0:r0,0:1/6:7,0.062,plvt;0:r0,2:5,0.062,nlvt;"
CTG-G-06,CTG165-PZ7-L-G_DNU_OGD_REF_BEPI_2TRK.png,CTG,G,CTG-<MOS>-G:DNU:OGD:REF:BEPI_2TRK,1,x81zs_ctg02,ch165,CTG165-PZ7-L-G:DNU:OGD:REF:BEPI_2TRK,"SDR CTGOGD, N-Diff, Based on type a, 2 Diff tracks Block EPI",10800,9.25926e-05,"OGD CTG: 18 active VG gates/unit on 18 columns (6 FTI intervals) x 2 diff tracks on which an active (VT) TCN flanks the gate = 36 fail modes/unit (one per gate per track, either side); x 5x60 unit cells = 10800; Scalar = 1/10800",,24,4,5,60,"0:24[3],2:5","1:3/5:7/9:11/13:15/17:19/21:23,3/4","0:r0,4/5","vg,1:3/5:7/9:11/13:15/17:19/21:23,8;vt,0:r0[3]/1:r0[3]/2:r0[3],17",17,8,"0:r0,0:1/6:7,0.062,nlvt;0:r0,2:5,0.062,plvt;"
CTG-G-07,CTG165-NZ7-L-G_DNU_OGD_REF_BEPI_4TRK.png,CTG,G,CTG-<MOS>-G:DNU:OGD:REF:BEPI_4TRK,1,x81zs_ctg02,ch165,CTG165-NZ7-L-G:DNU:OGD:REF:BEPI_4TRK,"SDR CTGOGD, N-Diff, Based on type d, 4  Diff tracks Block EPI",21600,4.62963e-05,"OGD CTG: 72 active VG gates/unit on 18 columns (6 FTI intervals) x 1 diff tracks on which an active (VT) TCN flanks the gate = 72 fail modes/unit (one per gate per track, either side); x 5x60 unit cells = 21600; Scalar = 1/21600",geometric count 72/unit differs from type-A SDR reference 36/unit,24,4,5,60,"0:24[3],2:5",,,"vg,1:3/5:7/9:11/13:15/17:19/21:23,8-bottom/10/14-bottom/16;vt,0:r0[3]/1:r0[3]/2:r0[3],7/11/13/17",7;11;13;17,8;10;14;16,"0:r0,0:1/6:7,0.062,plvt;  0:r0,2:5,0.062,nlvt;"
CTG-G-08,CTG165-PZ7-L-G_DNU_OGD_REF_BEPI_4TRK.png,CTG,G,CTG-<MOS>-G:DNU:OGD:REF:BEPI_4TRK,1,x81zs_ctg02,ch165,CTG165-PZ7-L-G:DNU:OGD:REF:BEPI_4TRK,"SDR CTGOGD, N-Diff, Based on type d, 4  Diff tracks Block EPI",21600,4.62963e-05,"OGD CTG: 72 active VG gates/unit on 18 columns (6 FTI intervals) x 1 diff tracks on which an active (VT) TCN flanks the gate = 72 fail modes/unit (one per gate per track, either side); x 5x60 unit cells = 21600; Scalar = 1/21600",geometric count 72/unit differs from type-A SDR reference 36/unit,24,4,5,60,"0:24[3],2:5",,,"vg,1:3/5:7/9:11/13:15/17:19/21:23,8-bottom/10/14-bottom/16;vt,0:r0[3]/1:r0[3]/2:r0[3],7/11/13/17",7;11;13;17,8;10;14;16,"0:r0,0:1/6:7,0.062,nlvt;  0:r0,2:5,0.062,plvt;"
CTG-A-13,CTG110-NZ1-L-A_PLYFSPCR_OGD_CD_N2.png,CTG,A,CTG-<MOS>-A:PLYFSPCR:OGD:CD:<SKEW>,8,x81zs_ctg04,ch110 ch132,CTG110-NZ1-L-A:PLYFSPCR:OGD:CD:N2,"Poly OGD CD -2nm, w/ fixed SPCR, N-Diff, type a",10800,9.25926e-05,"OGD CTG: 18 active VG gates/unit on 18 columns (6 FTI intervals) x 2 diff tracks on which an active (VT) TCN flanks the gate = 36 fail modes/unit (one per gate per track, either side); x 5x60 unit cells = 10800; Scalar = 1/10800",,24,4,5,60,"0:24[3],2:5","1:3/5:7/9:11/13:15/17:19/21:23,3/4","0:r0,4/5","vg,1:3/5:7/9:11/13:15/17:19/21:23,6; vt,0:r0[3],14; vt,1:r0[3],14; vt,2:r0[3],14;",14,6,"0:r0,0:1/6:7,0.027,plvt;0:r0,2:5,0.027,nlvt;"
CTG-A-14,CTG110-NPZ1-L-A_PLYFSPCR_OGD_CD_N2.png,CTG,A,CTG-<MOS>-A:PLYFSPCR:OGD:CD:<SKEW>,8,x81zs_ctg04,ch110 ch132,CTG110-NPZ1-L-A:PLYFSPCR:OGD:CD:N2,"Poly OGD CD -2nm, w/ fixed SPCR, NP-Diff, type a",10800,9.25926e-05,"OGD CTG: 18 active VG gates/unit on 18 columns (6 FTI intervals) x 2 diff tracks on which an active (VT) TCN flanks the gate = 36 fail modes/unit (one per gate per track, either side); x 5x60 unit cells = 10800; Scalar = 1/10800",,24,4,5,60,"0:24[3],2:5","1:3/5:7/9:11/13:15/17:19/21:23,3/4","0:r0,4/5","vg,1:3/5:7/9:11/13:15/17:19/21:23,6; vt,0:r0[3],14; vt,1:r0[3],14; vt,2:r0[3],14;",14,6,"0:r0,2:3/6:7,0.027,nlvt;0:r0,0:1/4:5,0.027,plvt;"
CTG-A-15,CTG110-PZ1-L-A_PLYFSPCR_OGD_CD_N2.png,CTG,A,CTG-<MOS>-A:PLYFSPCR:OGD:CD:<SKEW>,8,x81zs_ctg04,ch110 ch132,CTG110-PZ1-L-A:PLYFSPCR:OGD:CD:N2,"Poly OGD CD -2nm, w/ fixed SPCR, P-Diff, type a",10800,9.25926e-05,"OGD CTG: 18 active VG gates/unit on 18 columns (6 FTI intervals) x 2 diff tracks on which an active (VT) TCN flanks the gate = 36 fail modes/unit (one per gate per track, either side); x 5x60 unit cells = 10800; Scalar = 1/10800",,24,4,5,60,"0:24[3],2:5","1:3/5:7/9:11/13:15/17:19/21:23,3/4","0:r0,4/5","vg,1:3/5:7/9:11/13:15/17:19/21:23,6; vt,0:r0[3],14; vt,1:r0[3],14; vt,2:r0[3],14;",14,6,"0:r0,0:1/6:7,0.027,nlvt;0:r0,2:5,0.027,plvt;"
CTG-A-16,CTG110-NZ1-L-A_PLYFSPCR_OGD_CD_0.png,CTG,A,CTG-<MOS>-A:PLYFSPCR:OGD:CD:0,2,x81zs_ctg04,ch110 ch132,CTG110-NZ1-L-A:PLYFSPCR:OGD:CD:0,"Poly OGD CD w/ fixed SPCR, N-Diff, type a",10800,9.25926e-05,"OGD CTG: 18 active VG gates/unit on 18 columns (6 FTI intervals) x 2 diff tracks on which an active (VT) TCN flanks the gate = 36 fail modes/unit (one per gate per track, either side); x 5x60 unit cells = 10800; Scalar = 1/10800",,24,4,5,60,"0:24[3],2:5","1:3/5:7/9:11/13:15/17:19/21:23,3/4","0:r0,4/5","vg,1:3/5:7/9:11/13:15/17:19/21:23,6; vt,0:r0[3],14; vt,1:r0[3],14; vt,2:r0[3],14;",14,6,"0:r0,0:1/6:7,0.027,plvt;0:r0,2:5,0.027,nlvt;"
CTG-A-17,CTG110-NPZ1-L-A_PLYFSPCR_OGD_CD_0.png,CTG,A,CTG-<MOS>-A:PLYFSPCR:OGD:CD:0,2,x81zs_ctg04,ch110 ch132,CTG110-NPZ1-L-A:PLYFSPCR:OGD:CD:0,"Poly OGD CD w/ fixed SPCR, NP-Diff, type a",10800,9.25926e-05,"OGD CTG: 18 active VG gates/unit on 18 columns (6 FTI intervals) x 2 diff tracks on which an active (VT) TCN flanks the gate = 36 fail modes/unit (one per gate per track, either side); x 5x60 unit cells = 10800; Scalar = 1/10800",,24,4,5,60,"0:24[3],2:5","1:3/5:7/9:11/13:15/17:19/21:23,3/4","0:r0,4/5","vg,1:3/5:7/9:11/13:15/17:19/21:23,6; vt,0:r0[3],14; vt,1:r0[3],14; vt,2:r0[3],14;",14,6,"0:r0,2:3/6:7,0.027,nlvt;0:r0,0:1/4:5,0.027,plvt;"
CTG-A-18,CTG110-PZ1-L-A_PLYFSPCR_OGD_CD_0.png,CTG,A,CTG-<MOS>-A:PLYFSPCR:OGD:CD:0,2,x81zs_ctg04,ch110 ch132,CTG110-PZ1-L-A:PLYFSPCR:OGD:CD:0,"Poly OGD CD w/ fixed SPCR, P-Diff, type a",10800,9.25926e-05,"OGD CTG: 18 active VG gates/unit on 18 columns (6 FTI intervals) x 2 diff tracks on which an active (VT) TCN flanks the gate = 36 fail modes/unit (one per gate per track, either side); x 5x60 unit cells = 10800; Scalar = 1/10800",,24,4,5,60,"0:24[3],2:5","1:3/5:7/9:11/13:15/17:19/21:23,3/4","0:r0,4/5","vg,1:3/5:7/9:11/13:15/17:19/21:23,6; vt,0:r0[3],14; vt,1:r0[3],14; vt,2:r0[3],14;",14,6,"0:r0,0:1/6:7,0.027,nlvt;0:r0,2:5,0.027,plvt;"
CTG-A-19,CTG110-NZ1-H-A_PLYFTCN_OGD_CD_N2.png,CTG,A,CTG-<MOS>-A:PLYFTCN:OGD:CD:<SKEW>,12,x81zs_ctg04,ch110 ch132,CTG110-NZ1-H-A:PLYFTCN:OGD:CD:N2,"Poly OGD CD -2nm, w/ fixed TCN, N-Diff, type a",10800,9.25926e-05,"OGD CTG: 18 active VG gates/unit on 18 columns (6 FTI intervals) x 2 diff tracks on which an active (VT) TCN flanks the gate = 36 fail modes/unit (one per gate per track, either side); x 5x60 unit cells = 10800; Scalar = 1/10800",,24,4,5,60,"0:24[3],2:5","1:3/5:7/9:11/13:15/17:19/21:23,3/4","0:r0,4/5","vg,1:3/5:7/9:11/13:15/17:19/21:23,6; vt,0:r0[3],14; vt,1:r0[3],14; vt,2:r0[3],14;",14,6,"0:r0,0:1/6:7,0.027,phvt;0:r0,2:5,0.027,nhvt;"
CTG-A-20,CTG110-NPZ1-H-A_PLYFTCN_OGD_CD_N2.png,CTG,A,CTG-<MOS>-A:PLYFTCN:OGD:CD:<SKEW>,12,x81zs_ctg04,ch110 ch132,CTG110-NPZ1-H-A:PLYFTCN:OGD:CD:N2,"Poly OGD CD -2nm, w/ fixed TCN, NP-Diff, type a",10800,9.25926e-05,"OGD CTG: 18 active VG gates/unit on 18 columns (6 FTI intervals) x 2 diff tracks on which an active (VT) TCN flanks the gate = 36 fail modes/unit (one per gate per track, either side); x 5x60 unit cells = 10800; Scalar = 1/10800",,24,4,5,60,"0:24[3],2:5","1:3/5:7/9:11/13:15/17:19/21:23,3/4","0:r0,4/5","vg,1:3/5:7/9:11/13:15/17:19/21:23,6; vt,0:r0[3],14; vt,1:r0[3],14; vt,2:r0[3],14;",14,6,"0:r0,2:3/6:7,0.027,nhvt;0:r0,0:1/4:5,0.027,phvt;"
CTG-A-21,CTG110-PZ1-H-A_PLYFTCN_OGD_CD_N2.png,CTG,A,CTG-<MOS>-A:PLYFTCN:OGD:CD:<SKEW>,12,x81zs_ctg04,ch110 ch132,CTG110-PZ1-H-A:PLYFTCN:OGD:CD:N2,"Poly OGD CD -2nm, w/ fixed TCN, P-Diff, type a",10800,9.25926e-05,"OGD CTG: 18 active VG gates/unit on 18 columns (6 FTI intervals) x 2 diff tracks on which an active (VT) TCN flanks the gate = 36 fail modes/unit (one per gate per track, either side); x 5x60 unit cells = 10800; Scalar = 1/10800",,24,4,5,60,"0:24[3],2:5","1:3/5:7/9:11/13:15/17:19/21:23,3/4","0:r0,4/5","vg,1:3/5:7/9:11/13:15/17:19/21:23,6; vt,0:r0[3],14; vt,1:r0[3],14; vt,2:r0[3],14;",14,6,"0:r0,0:1/6:7,0.027,nhvt;0:r0,2:5,0.027,phvt;"
CTG-A-22,CTG110-NZ1-H-A_PLYFTCN_OGD_CD_0.png,CTG,A,CTG-<MOS>-A:PLYFTCN:OGD:CD:0,6,x81zs_ctg04,ch110 ch132,CTG110-NZ1-H-A:PLYFTCN:OGD:CD:0,"Poly OGD CD w/ fixed TCN, N-Diff, type a",10800,9.25926e-05,"OGD CTG: 18 active VG gates/unit on 18 columns (6 FTI intervals) x 2 diff tracks on which an active (VT) TCN flanks the gate = 36 fail modes/unit (one per gate per track, either side); x 5x60 unit cells = 10800; Scalar = 1/10800",,24,4,5,60,"0:24[3],2:5","1:3/5:7/9:11/13:15/17:19/21:23,3/4","0:r0,4/5","vg,1:3/5:7/9:11/13:15/17:19/21:23,6; vt,0:r0[3],14; vt,1:r0[3],14; vt,2:r0[3],14;",14,6,"0:r0,0:1/6:7,0.027,phvt;0:r0,2:5,0.027,nhvt;"
CTG-A-23,CTG110-NPZ1-H-A_PLYFTCN_OGD_CD_0.png,CTG,A,CTG-<MOS>-A:PLYFTCN:OGD:CD:0,6,x81zs_ctg04,ch110 ch132,CTG110-NPZ1-H-A:PLYFTCN:OGD:CD:0,"Poly OGD CD w/ fixed TCN, NP-Diff, type a",10800,9.25926e-05,"OGD CTG: 18 active VG gates/unit on 18 columns (6 FTI intervals) x 2 diff tracks on which an active (VT) TCN flanks the gate = 36 fail modes/unit (one per gate per track, either side); x 5x60 unit cells = 10800; Scalar = 1/10800",,24,4,5,60,"0:24[3],2:5","1:3/5:7/9:11/13:15/17:19/21:23,3/4","0:r0,4/5","vg,1:3/5:7/9:11/13:15/17:19/21:23,6; vt,0:r0[3],14; vt,1:r0[3],14; vt,2:r0[3],14;",14,6,"0:r0,2:3/6:7,0.027,nhvt;0:r0,0:1/4:5,0.027,phvt;"
CTG-A-24,CTG110-PZ1-H-A_PLYFTCN_OGD_CD_0.png,CTG,A,CTG-<MOS>-A:PLYFTCN:OGD:CD:0,6,x81zs_ctg04,ch110 ch132,CTG110-PZ1-H-A:PLYFTCN:OGD:CD:0,"Poly OGD CD w/ fixed TCN, P-Diff, type a",10800,9.25926e-05,"OGD CTG: 18 active VG gates/unit on 18 columns (6 FTI intervals) x 2 diff tracks on which an active (VT) TCN flanks the gate = 36 fail modes/unit (one per gate per track, either side); x 5x60 unit cells = 10800; Scalar = 1/10800",,24,4,5,60,"0:24[3],2:5","1:3/5:7/9:11/13:15/17:19/21:23,3/4","0:r0,4/5","vg,1:3/5:7/9:11/13:15/17:19/21:23,6; vt,0:r0[3],14; vt,1:r0[3],14; vt,2:r0[3],14;",14,6,"0:r0,0:1/6:7,0.027,nhvt;0:r0,2:5,0.027,phvt;"
CTG-E-05,CTG165-NZ7-L-E_VCR_PGD_REG_N8.png,CTG,E,CTG-<MOS>-E:VCR:PGD:REG:<SKEW>,8,x81zs_ctg05,ch165,CTG165-NZ7-L-E:VCR:PGD:REG:N8,"SDR CTGOGD, VCR between N-Diff, type e, VCR PGD Reg skew (-8), closer to TCN",21600,4.62963e-05,"OGD CTG: 36 active VG gates/unit on 18 columns (6 FTI intervals) x 2 diff tracks on which an active (VT) TCN flanks the gate = 72 fail modes/unit (one per gate per track, either side); x 5x60 unit cells = 21600; Scalar = 1/21600",geometric count 72/unit differs from type-A SDR reference 36/unit,24,4,5,60,"0:24[3],2:5","1:3/5:7/9:11/13:15/17:19/21:23,3/5","0:r0,3/5","vg,1:3/5:7/9:11/13:15/17:19/21:23,11/13; vt,0:r0[3],8/16; vt,1:r0[3],8/16; vt,2:r0[3],8/16",8;16,11;13,"0:r0,0/3:4/7,0.062,plvt;0:r0,1:2/5:6,0.062,nlvt;"
CTG-E-06,CTG165-NPZ7-L-E_VCR_PGD_REG_N8.png,CTG,E,CTG-<MOS>-E:VCR:PGD:REG:<SKEW>,8,x81zs_ctg05,ch165,CTG165-NPZ7-L-E:VCR:PGD:REG:N8,"SDR CTGOGD, VCR between NP-Diff, type e, VCR PGD Reg skew (-8), closer to TCN",21600,4.62963e-05,"OGD CTG: 36 active VG gates/unit on 18 columns (6 FTI intervals) x 2 diff tracks on which an active (VT) TCN flanks the gate = 72 fail modes/unit (one per gate per track, either side); x 5x60 unit cells = 21600; Scalar = 1/21600",geometric count 72/unit differs from type-A SDR reference 36/unit,24,4,5,60,"0:24[3],2:5","1:3/5:7/9:11/13:15/17:19/21:23,3/5","0:r0,3/5","vg,1:3/5:7/9:11/13:15/17:19/21:23,11/13; vt,0:r0[3],8/16; vt,1:r0[3],8/16; vt,2:r0[3],8/16",8;16,11;13,"0:r0,0:1/6:7,0.062,plvt;0:r0,2:5,0.062,nlvt;"
CTG-E-07,CTG165-PZ7-L-E_VCR_PGD_REG_N8.png,CTG,E,CTG-<MOS>-E:VCR:PGD:REG:<SKEW>,8,x81zs_ctg05,ch165,CTG165-PZ7-L-E:VCR:PGD:REG:N8,"SDR CTGOGD, VCR between P-Diff, type e, VCR PGD Reg skew (-8), closer to TCN",21600,4.62963e-05,"OGD CTG: 36 active VG gates/unit on 18 columns (6 FTI intervals) x 2 diff tracks on which an active (VT) TCN flanks the gate = 72 fail modes/unit (one per gate per track, either side); x 5x60 unit cells = 21600; Scalar = 1/21600",geometric count 72/unit differs from type-A SDR reference 36/unit,24,4,5,60,"0:24[3],2:5","1:3/5:7/9:11/13:15/17:19/21:23,3/5","0:r0,3/5","vg,1:3/5:7/9:11/13:15/17:19/21:23,11/13; vt,0:r0[3],8/16; vt,1:r0[3],8/16; vt,2:r0[3],8/16",8;16,11;13,"0:r0,0/3:4/7,0.062,nlvt;0:r0,1:2/5:6,0.062,plvt;"
CTG-E-08,CTG165-NZ7-L-E_VCR_PGD_REG_0.png,CTG,E,CTG-<MOS>-E:VCR:PGD:REG:0,1,x81zs_ctg05,ch165,CTG165-NZ7-L-E:VCR:PGD:REG:0,"SDR CTGOGD, VCR between N-Diff, type e, VCR PGD Reg skew with SGNL TCN",21600,4.62963e-05,"OGD CTG: 36 active VG gates/unit on 18 columns (6 FTI intervals) x 2 diff tracks on which an active (VT) TCN flanks the gate = 72 fail modes/unit (one per gate per track, either side); x 5x60 unit cells = 21600; Scalar = 1/21600",geometric count 72/unit differs from type-A SDR reference 36/unit,24,4,5,60,"0:24[3],2:5","1:3/5:7/9:11/13:15/17:19/21:23,3/5","0:r0,3/5","vg,1:3/5:7/9:11/13:15/17:19/21:23,11/13; vt,0:r0[3],8/16; vt,1:r0[3],8/16; vt,2:r0[3],8/16",8;16,11;13,"0:r0,0/3:4/7,0.062,plvt;0:r0,1:2/5:6,0.062,nlvt;"
CTG-E-09,CTG165-NPZ7-L-E_VCR_PGD_REG_0.png,CTG,E,CTG-<MOS>-E:VCR:PGD:REG:0,1,x81zs_ctg05,ch165,CTG165-NPZ7-L-E:VCR:PGD:REG:0,"SDR CTGOGD, VCR between NP-Diff, type e, VCR PGD Reg skew with SGNL TCN",21600,4.62963e-05,"OGD CTG: 36 active VG gates/unit on 18 columns (6 FTI intervals) x 2 diff tracks on which an active (VT) TCN flanks the gate = 72 fail modes/unit (one per gate per track, either side); x 5x60 unit cells = 21600; Scalar = 1/21600",geometric count 72/unit differs from type-A SDR reference 36/unit,24,4,5,60,"0:24[3],2:5","1:3/5:7/9:11/13:15/17:19/21:23,3/5","0:r0,3/5","vg,1:3/5:7/9:11/13:15/17:19/21:23,11/13; vt,0:r0[3],8/16; vt,1:r0[3],8/16; vt,2:r0[3],8/16",8;16,11;13,"0:r0,0:1/6:7,0.062,plvt;0:r0,2:5,0.062,nlvt;"
CTG-E-10,CTG165-PZ7-L-E_VCR_PGD_REG_0.png,CTG,E,CTG-<MOS>-E:VCR:PGD:REG:0,1,x81zs_ctg05,ch165,CTG165-PZ7-L-E:VCR:PGD:REG:0,"SDR CTGOGD, VCR between P-Diff, type e, VCR PGD Reg skew with SGNL TCN",21600,4.62963e-05,"OGD CTG: 36 active VG gates/unit on 18 columns (6 FTI intervals) x 2 diff tracks on which an active (VT) TCN flanks the gate = 72 fail modes/unit (one per gate per track, either side); x 5x60 unit cells = 21600; Scalar = 1/21600",geometric count 72/unit differs from type-A SDR reference 36/unit,24,4,5,60,"0:24[3],2:5","1:3/5:7/9:11/13:15/17:19/21:23,3/5","0:r0,3/5","vg,1:3/5:7/9:11/13:15/17:19/21:23,11/13; vt,0:r0[3],8/16; vt,1:r0[3],8/16; vt,2:r0[3],8/16",8;16,11;13,"0:r0,0/3:4/7,0.062,nlvt;0:r0,1:2/5:6,0.062,plvt;"
CTG-E-11,CTG132-NZ5-L-E_VCR_PGD_REG_N8.png,CTG,E,CTG-<MOS>-E:VCR:PGD:REG:<SKEW>,16,x81zs_ctg05,ch110 ch132,CTG132-NZ5-L-E:VCR:PGD:REG:N8,"SDR CTGOGD, VCR between N-Diff, type e, VCR PGD Reg skew (-8), closer to TCN",21600,4.62963e-05,"OGD CTG: 36 active VG gates/unit on 18 columns (6 FTI intervals) x 2 diff tracks on which an active (VT) TCN flanks the gate = 72 fail modes/unit (one per gate per track, either side); x 5x60 unit cells = 21600; Scalar = 1/21600",geometric count 72/unit differs from type-A SDR reference 36/unit,24,4,5,60,"0:24[3],2:5","1:3/5:7/9:11/13:15/17:19/21:23,3/5","0:r0,3/5","vg,1:3/5:7/9:11/13:15/17:19/21:23,9/11; vt,0:r0[3],7/13; vt,1:r0[3],7/13; vt,2:r0[3],7/13",7;13,9;11,"0:r0,0/3:4/7,0.046,plvt;0:r0,1:2/5:6,0.046,nlvt;"
CTG-E-12,CTG132-NPZ5-L-E_VCR_PGD_REG_N8.png,CTG,E,CTG-<MOS>-E:VCR:PGD:REG:<SKEW>,16,x81zs_ctg05,ch110 ch132,CTG132-NPZ5-L-E:VCR:PGD:REG:N8,"SDR CTGOGD, VCR between NP-Diff, type e, VCR PGD Reg skew (-8), closer to TCN",21600,4.62963e-05,"OGD CTG: 36 active VG gates/unit on 18 columns (6 FTI intervals) x 2 diff tracks on which an active (VT) TCN flanks the gate = 72 fail modes/unit (one per gate per track, either side); x 5x60 unit cells = 21600; Scalar = 1/21600",geometric count 72/unit differs from type-A SDR reference 36/unit,24,4,5,60,"0:24[3],2:5","1:3/5:7/9:11/13:15/17:19/21:23,3/5","0:r0,3/5","vg,1:3/5:7/9:11/13:15/17:19/21:23,9/11; vt,0:r0[3],7/13; vt,1:r0[3],7/13; vt,2:r0[3],7/13",7;13,9;11,"0:r0,0:1/6:7,0.046,plvt;0:r0,2:5,0.046,nlvt;"
CTG-E-13,CTG132-PZ5-L-E_VCR_PGD_REG_N8.png,CTG,E,CTG-<MOS>-E:VCR:PGD:REG:<SKEW>,16,x81zs_ctg05,ch110 ch132,CTG132-PZ5-L-E:VCR:PGD:REG:N8,"SDR CTGOGD, VCR between P-Diff, type e, VCR PGD Reg skew (-8), closer to TCN",21600,4.62963e-05,"OGD CTG: 36 active VG gates/unit on 18 columns (6 FTI intervals) x 2 diff tracks on which an active (VT) TCN flanks the gate = 72 fail modes/unit (one per gate per track, either side); x 5x60 unit cells = 21600; Scalar = 1/21600",geometric count 72/unit differs from type-A SDR reference 36/unit,24,4,5,60,"0:24[3],2:5","1:3/5:7/9:11/13:15/17:19/21:23,3/5","0:r0,3/5","vg,1:3/5:7/9:11/13:15/17:19/21:23,9/11; vt,0:r0[3],7/13; vt,1:r0[3],7/13; vt,2:r0[3],7/13",7;13,9;11,"0:r0,0/3:4/7,0.046,nlvt;0:r0,1:2/5:6,0.046,plvt;"
CTG-E-14,CTG132-NZ5-L-E_VCR_PGD_REG_0.png,CTG,E,CTG-<MOS>-E:VCR:PGD:REG:0,2,x81zs_ctg05,ch110 ch132,CTG132-NZ5-L-E:VCR:PGD:REG:0,"SDR CTGOGD, VCR between N-Diff, type e, VCR PGD Reg skew with SGNL TCN",21600,4.62963e-05,"OGD CTG: 36 active VG gates/unit on 18 columns (6 FTI intervals) x 2 diff tracks on which an active (VT) TCN flanks the gate = 72 fail modes/unit (one per gate per track, either side); x 5x60 unit cells = 21600; Scalar = 1/21600",geometric count 72/unit differs from type-A SDR reference 36/unit,24,4,5,60,"0:24[3],2:5","1:3/5:7/9:11/13:15/17:19/21:23,3/5","0:r0,3/5","vg,1:3/5:7/9:11/13:15/17:19/21:23,9/11; vt,0:r0[3],7/13; vt,1:r0[3],7/13; vt,2:r0[3],7/13",7;13,9;11,"0:r0,0/3:4/7,0.046,plvt;0:r0,1:2/5:6,0.046,nlvt;"
CTG-E-15,CTG132-NPZ5-L-E_VCR_PGD_REG_0.png,CTG,E,CTG-<MOS>-E:VCR:PGD:REG:0,2,x81zs_ctg05,ch110 ch132,CTG132-NPZ5-L-E:VCR:PGD:REG:0,"SDR CTGOGD, VCR between NP-Diff, type e, VCR PGD Reg skew with SGNL TCN",21600,4.62963e-05,"OGD CTG: 36 active VG gates/unit on 18 columns (6 FTI intervals) x 2 diff tracks on which an active (VT) TCN flanks the gate = 72 fail modes/unit (one per gate per track, either side); x 5x60 unit cells = 21600; Scalar = 1/21600",geometric count 72/unit differs from type-A SDR reference 36/unit,24,4,5,60,"0:24[3],2:5","1:3/5:7/9:11/13:15/17:19/21:23,3/5","0:r0,3/5","vg,1:3/5:7/9:11/13:15/17:19/21:23,9/11; vt,0:r0[3],7/13; vt,1:r0[3],7/13; vt,2:r0[3],7/13",7;13,9;11,"0:r0,0:1/6:7,0.046,plvt;0:r0,2:5,0.046,nlvt;"
CTG-E-16,CTG132-PZ5-L-E_VCR_PGD_REG_0.png,CTG,E,CTG-<MOS>-E:VCR:PGD:REG:0,2,x81zs_ctg05,ch110 ch132,CTG132-PZ5-L-E:VCR:PGD:REG:0,"SDR CTGOGD, VCR between P-Diff, type e, VCR PGD Reg skew with SGNL TCN",21600,4.62963e-05,"OGD CTG: 36 active VG gates/unit on 18 columns (6 FTI intervals) x 2 diff tracks on which an active (VT) TCN flanks the gate = 72 fail modes/unit (one per gate per track, either side); x 5x60 unit cells = 21600; Scalar = 1/21600",geometric count 72/unit differs from type-A SDR reference 36/unit,24,4,5,60,"0:24[3],2:5","1:3/5:7/9:11/13:15/17:19/21:23,3/5","0:r0,3/5","vg,1:3/5:7/9:11/13:15/17:19/21:23,9/11; vt,0:r0[3],7/13; vt,1:r0[3],7/13; vt,2:r0[3],7/13",7;13,9;11,"0:r0,0/3:4/7,0.046,nlvt;0:r0,1:2/5:6,0.046,plvt;"
CTG-F-01,CTG132-NZ5-L-F_VCRNUB_OGD_REG_N10.png,CTG,F,CTG-<MOS>-F:VCRNUB:OGD:REG:<SKEW>,12,x81zs_ctg06,ch110 ch132,CTG132-NZ5-L-F:VCRNUB:OGD:REG:N10,"SDR CTGOGD, VCR between N-Diff, type f, -10nm VCRNUB OGD Reg skew _Version2",21600,4.62963e-05,"OGD CTG: 36 active VG gates/unit on 18 columns (6 FTI intervals) x 2 diff tracks on which an active (VT) TCN flanks the gate = 72 fail modes/unit (one per gate per track, either side); x 5x60 unit cells = 21600; Scalar = 1/21600",geometric count 72/unit differs from type-A SDR reference 36/unit,24,4,5,60,"0:24[3],2:5","1:3/5:7/9:11/13:15/17:19/21:23,3/5","0:r0,3/5","vg,1:3/5:7/9:11/13:15/17:19/21:23,9/11; vt,0:r0[3],7/13; vt,1:r0[3],7/13; vt,2:r0[3],7/13",7;13,9;11,"0:r0,0/3:4/7,0.046,plvt;0:r0,1:2/5:6,0.046,nlvt;"
CTG-F-02,CTG132-NPZ5-L-F_VCRNUB_OGD_REG_N10.png,CTG,F,CTG-<MOS>-F:VCRNUB:OGD:REG:<SKEW>,12,x81zs_ctg06,ch110 ch132,CTG132-NPZ5-L-F:VCRNUB:OGD:REG:N10,"SDR CTGOGD, VCR between N and P-Diff, type f, -10nm VCRNUB OGD Reg skew _Version2",21600,4.62963e-05,"OGD CTG: 36 active VG gates/unit on 18 columns (6 FTI intervals) x 2 diff tracks on which an active (VT) TCN flanks the gate = 72 fail modes/unit (one per gate per track, either side); x 5x60 unit cells = 21600; Scalar = 1/21600",geometric count 72/unit differs from type-A SDR reference 36/unit,24,4,5,60,"0:24[3],2:5","1:3/5:7/9:11/13:15/17:19/21:23,3/5","0:r0,3/5","vg,1:3/5:7/9:11/13:15/17:19/21:23,9/11; vt,0:r0[3],7/13; vt,1:r0[3],7/13; vt,2:r0[3],7/13",7;13,9;11,"0:r0,0:1/6:7,0.046,plvt;0:r0,2:5,0.046,nlvt;"
CTG-F-03,CTG132-PZ5-L-F_VCRNUB_OGD_REG_N10.png,CTG,F,CTG-<MOS>-F:VCRNUB:OGD:REG:<SKEW>,12,x81zs_ctg06,ch110 ch132,CTG132-PZ5-L-F:VCRNUB:OGD:REG:N10,"SDR CTGOGD, VCR between P-Diff, type f, -10nm VCRNUB OGD Reg skew _Version2",21600,4.62963e-05,"OGD CTG: 36 active VG gates/unit on 18 columns (6 FTI intervals) x 2 diff tracks on which an active (VT) TCN flanks the gate = 72 fail modes/unit (one per gate per track, either side); x 5x60 unit cells = 21600; Scalar = 1/21600",geometric count 72/unit differs from type-A SDR reference 36/unit,24,4,5,60,"0:24[3],2:5","1:3/5:7/9:11/13:15/17:19/21:23,3/5","0:r0,3/5","vg,1:3/5:7/9:11/13:15/17:19/21:23,9/11; vt,0:r0[3],7/13; vt,1:r0[3],7/13; vt,2:r0[3],7/13",7;13,9;11,"0:r0,0/3:4/7,0.046,nlvt;0:r0,1:2/5:6,0.046,plvt;"
CTG-F-04,CTG132-NZ5-L-F_VCRNUB_OGD_REG_0.png,CTG,F,CTG-<MOS>-F:VCRNUB:OGD:REG:0,2,x81zs_ctg06,ch110 ch132,CTG132-NZ5-L-F:VCRNUB:OGD:REG:0,"SDR CTGOGD, VCR between N-Diff, type f, 0nm VCRNUB OGD Reg skew _Version2",21600,4.62963e-05,"OGD CTG: 36 active VG gates/unit on 18 columns (6 FTI intervals) x 2 diff tracks on which an active (VT) TCN flanks the gate = 72 fail modes/unit (one per gate per track, either side); x 5x60 unit cells = 21600; Scalar = 1/21600",geometric count 72/unit differs from type-A SDR reference 36/unit,24,4,5,60,"0:24[3],2:5","1:3/5:7/9:11/13:15/17:19/21:23,3/5","0:r0,3/5","vg,1:3/5:7/9:11/13:15/17:19/21:23,9/11; vt,0:r0[3],7/13; vt,1:r0[3],7/13; vt,2:r0[3],7/13",7;13,9;11,"0:r0,0/3:4/7,0.046,plvt;0:r0,1:2/5:6,0.046,nlvt;"
CTG-F-05,CTG132-NPZ5-L-F_VCRNUB_OGD_REG_0.png,CTG,F,CTG-<MOS>-F:VCRNUB:OGD:REG:0,2,x81zs_ctg06,ch110 ch132,CTG132-NPZ5-L-F:VCRNUB:OGD:REG:0,"SDR CTGOGD, VCR between N and P-Diff, type f, 0nm VCRNUB OGD Reg skew _Version2",21600,4.62963e-05,"OGD CTG: 36 active VG gates/unit on 18 columns (6 FTI intervals) x 2 diff tracks on which an active (VT) TCN flanks the gate = 72 fail modes/unit (one per gate per track, either side); x 5x60 unit cells = 21600; Scalar = 1/21600",geometric count 72/unit differs from type-A SDR reference 36/unit,24,4,5,60,"0:24[3],2:5","1:3/5:7/9:11/13:15/17:19/21:23,3/5","0:r0,3/5","vg,1:3/5:7/9:11/13:15/17:19/21:23,9/11; vt,0:r0[3],7/13; vt,1:r0[3],7/13; vt,2:r0[3],7/13",7;13,9;11,"0:r0,0:1/6:7,0.046,plvt;0:r0,2:5,0.046,nlvt;"
CTG-F-06,CTG132-PZ5-L-F_VCRNUB_OGD_REG_0.png,CTG,F,CTG-<MOS>-F:VCRNUB:OGD:REG:0,2,x81zs_ctg06,ch110 ch132,CTG132-PZ5-L-F:VCRNUB:OGD:REG:0,"SDR CTGOGD, VCR between P-Diff, type f, 0nm VCRNUB OGD Reg skew _Version2",21600,4.62963e-05,"OGD CTG: 36 active VG gates/unit on 18 columns (6 FTI intervals) x 2 diff tracks on which an active (VT) TCN flanks the gate = 72 fail modes/unit (one per gate per track, either side); x 5x60 unit cells = 21600; Scalar = 1/21600",geometric count 72/unit differs from type-A SDR reference 36/unit,24,4,5,60,"0:24[3],2:5","1:3/5:7/9:11/13:15/17:19/21:23,3/5","0:r0,3/5","vg,1:3/5:7/9:11/13:15/17:19/21:23,9/11; vt,0:r0[3],7/13; vt,1:r0[3],7/13; vt,2:r0[3],7/13",7;13,9;11,"0:r0,0/3:4/7,0.046,nlvt;0:r0,1:2/5:6,0.046,plvt;"
CTG-F-07,CTG165-NZ7-L-F_VCRNUB_OGD_CD_N32.png,CTG,F,CTG-<MOS>-F:VCRNUB:OGD:CD:<SKEW>,5,x81zs_ctg06,ch165,CTG165-NZ7-L-F:VCRNUB:OGD:CD:N32,"SDR CTGOGD, VCR between N-Diff, type f, -32nm VCRNUB OGD CD skew _Version2",21600,4.62963e-05,"OGD CTG: 36 active VG gates/unit on 18 columns (6 FTI intervals) x 2 diff tracks on which an active (VT) TCN flanks the gate = 72 fail modes/unit (one per gate per track, either side); x 5x60 unit cells = 21600; Scalar = 1/21600",geometric count 72/unit differs from type-A SDR reference 36/unit,24,4,5,60,"0:24[3],2:5","1:3/5:7/9:11/13:15/17:19/21:23,3/5","0:r0,3/5","vg,1:3/5:7/9:11/13:15/17:19/21:23,11/13; vt,0:r0[3],8/16; vt,1:r0[3],8/16; vt,2:r0[3],8/16",8;16,11;13,"0:r0,0/3:4/7,0.062,plvt;0:r0,1:2/5:6,0.062,nlvt;"
CTG-F-08,CTG165-NPZ7-L-F_VCRNUB_OGD_CD_N32.png,CTG,F,CTG-<MOS>-F:VCRNUB:OGD:CD:<SKEW>,5,x81zs_ctg06,ch165,CTG165-NPZ7-L-F:VCRNUB:OGD:CD:N32,"SDR CTGOGD, VCR between N and P-Diff, type f, -32nm VCRNUB OGD CD skew _Version2",21600,4.62963e-05,"OGD CTG: 36 active VG gates/unit on 18 columns (6 FTI intervals) x 2 diff tracks on which an active (VT) TCN flanks the gate = 72 fail modes/unit (one per gate per track, either side); x 5x60 unit cells = 21600; Scalar = 1/21600",geometric count 72/unit differs from type-A SDR reference 36/unit,24,4,5,60,"0:24[3],2:5","1:3/5:7/9:11/13:15/17:19/21:23,3/5","0:r0,3/5","vg,1:3/5:7/9:11/13:15/17:19/21:23,11/13; vt,0:r0[3],8/16; vt,1:r0[3],8/16; vt,2:r0[3],8/16",8;16,11;13,"0:r0,0:1/6:7,0.062,plvt;0:r0,2:5,0.062,nlvt;"
CTG-F-09,CTG165-PZ7-L-F_VCRNUB_OGD_CD_N32.png,CTG,F,CTG-<MOS>-F:VCRNUB:OGD:CD:<SKEW>,5,x81zs_ctg06,ch165,CTG165-PZ7-L-F:VCRNUB:OGD:CD:N32,"SDR CTGOGD, VCR between P-Diff, type f, -32nm VCRNUB OGD CD skew _Version2",21600,4.62963e-05,"OGD CTG: 36 active VG gates/unit on 18 columns (6 FTI intervals) x 2 diff tracks on which an active (VT) TCN flanks the gate = 72 fail modes/unit (one per gate per track, either side); x 5x60 unit cells = 21600; Scalar = 1/21600",geometric count 72/unit differs from type-A SDR reference 36/unit,24,4,5,60,"0:24[3],2:5","1:3/5:7/9:11/13:15/17:19/21:23,3/5","0:r0,3/5","vg,1:3/5:7/9:11/13:15/17:19/21:23,11/13; vt,0:r0[3],8/16; vt,1:r0[3],8/16; vt,2:r0[3],8/16",8;16,11;13,"0:r0,0/3:4/7,0.062,nlvt;0:r0,1:2/5:6,0.062,plvt;"
CTG-F-10,CTG165-NZ7-L-F_VCRNUB_OGD_CD_0.png,CTG,F,CTG-<MOS>-F:VCRNUB:OGD:CD:0,1,x81zs_ctg06,ch165,CTG165-NZ7-L-F:VCRNUB:OGD:CD:0,"SDR CTGOGD, VCR between N-Diff, type f, 0nm VCRNUB OGD CD skew _Version2",21600,4.62963e-05,"OGD CTG: 36 active VG gates/unit on 18 columns (6 FTI intervals) x 2 diff tracks on which an active (VT) TCN flanks the gate = 72 fail modes/unit (one per gate per track, either side); x 5x60 unit cells = 21600; Scalar = 1/21600",geometric count 72/unit differs from type-A SDR reference 36/unit,24,4,5,60,"0:24[3],2:5","1:3/5:7/9:11/13:15/17:19/21:23,3/5","0:r0,3/5","vg,1:3/5:7/9:11/13:15/17:19/21:23,11/13; vt,0:r0[3],8/16; vt,1:r0[3],8/16; vt,2:r0[3],8/16",8;16,11;13,"0:r0,0/3:4/7,0.062,plvt;0:r0,1:2/5:6,0.062,nlvt;"
CTG-F-11,CTG165-NPZ7-L-F_VCRNUB_OGD_CD_0.png,CTG,F,CTG-<MOS>-F:VCRNUB:OGD:CD:0,1,x81zs_ctg06,ch165,CTG165-NPZ7-L-F:VCRNUB:OGD:CD:0,"SDR CTGOGD, VCR between N and P-Diff, type f, 0nm VCRNUB OGD CD skew _Version2",21600,4.62963e-05,"OGD CTG: 36 active VG gates/unit on 18 columns (6 FTI intervals) x 2 diff tracks on which an active (VT) TCN flanks the gate = 72 fail modes/unit (one per gate per track, either side); x 5x60 unit cells = 21600; Scalar = 1/21600",geometric count 72/unit differs from type-A SDR reference 36/unit,24,4,5,60,"0:24[3],2:5","1:3/5:7/9:11/13:15/17:19/21:23,3/5","0:r0,3/5","vg,1:3/5:7/9:11/13:15/17:19/21:23,11/13; vt,0:r0[3],8/16; vt,1:r0[3],8/16; vt,2:r0[3],8/16",8;16,11;13,"0:r0,0:1/6:7,0.062,plvt;0:r0,2:5,0.062,nlvt;"
CTG-F-12,CTG165-PZ7-L-F_VCRNUB_OGD_CD_0.png,CTG,F,CTG-<MOS>-F:VCRNUB:OGD:CD:0,1,x81zs_ctg06,ch165,CTG165-PZ7-L-F:VCRNUB:OGD:CD:0,"SDR CTGOGD, VCR between P-Diff, type f, 0nm VCRNUB OGD CD skew _Version2",21600,4.62963e-05,"OGD CTG: 36 active VG gates/unit on 18 columns (6 FTI intervals) x 2 diff tracks on which an active (VT) TCN flanks the gate = 72 fail modes/unit (one per gate per track, either side); x 5x60 unit cells = 21600; Scalar = 1/21600",geometric count 72/unit differs from type-A SDR reference 36/unit,24,4,5,60,"0:24[3],2:5","1:3/5:7/9:11/13:15/17:19/21:23,3/5","0:r0,3/5","vg,1:3/5:7/9:11/13:15/17:19/21:23,11/13; vt,0:r0[3],8/16; vt,1:r0[3],8/16; vt,2:r0[3],8/16",8;16,11;13,"0:r0,0/3:4/7,0.062,nlvt;0:r0,1:2/5:6,0.062,plvt;"
CTG-F-13,CTG132-NZ5-L-F_VCRNUB_OGD_CD_N32.png,CTG,F,CTG-<MOS>-F:VCRNUB:OGD:CD:<SKEW>,10,x81zs_ctg06,ch110 ch132,CTG132-NZ5-L-F:VCRNUB:OGD:CD:N32,"SDR CTGOGD, VCR between N-Diff, type f, -32nm VCRNUB OGD CD skew _Version2",21600,4.62963e-05,"OGD CTG: 36 active VG gates/unit on 18 columns (6 FTI intervals) x 2 diff tracks on which an active (VT) TCN flanks the gate = 72 fail modes/unit (one per gate per track, either side); x 5x60 unit cells = 21600; Scalar = 1/21600",geometric count 72/unit differs from type-A SDR reference 36/unit,24,4,5,60,"0:24[3],2:5","1:3/5:7/9:11/13:15/17:19/21:23,3/5","0:r0,3/5","vg,1:3/5:7/9:11/13:15/17:19/21:23,9/11; vt,0:r0[3],7/13; vt,1:r0[3],7/13; vt,2:r0[3],7/13",7;13,9;11,"0:r0,0/3:4/7,0.046,plvt;0:r0,1:2/5:6,0.046,nlvt;"
CTG-F-14,CTG132-NPZ5-L-F_VCRNUB_OGD_CD_N32.png,CTG,F,CTG-<MOS>-F:VCRNUB:OGD:CD:<SKEW>,10,x81zs_ctg06,ch110 ch132,CTG132-NPZ5-L-F:VCRNUB:OGD:CD:N32,"SDR CTGOGD, VCR between N and P-Diff, type f, -32nm VCRNUB OGD CD skew _Version2",21600,4.62963e-05,"OGD CTG: 36 active VG gates/unit on 18 columns (6 FTI intervals) x 2 diff tracks on which an active (VT) TCN flanks the gate = 72 fail modes/unit (one per gate per track, either side); x 5x60 unit cells = 21600; Scalar = 1/21600",geometric count 72/unit differs from type-A SDR reference 36/unit,24,4,5,60,"0:24[3],2:5","1:3/5:7/9:11/13:15/17:19/21:23,3/5","0:r0,3/5","vg,1:3/5:7/9:11/13:15/17:19/21:23,9/11; vt,0:r0[3],7/13; vt,1:r0[3],7/13; vt,2:r0[3],7/13",7;13,9;11,"0:r0,0:1/6:7,0.046,plvt;0:r0,2:5,0.046,nlvt;"
CTG-F-15,CTG132-PZ5-L-F_VCRNUB_OGD_CD_N32.png,CTG,F,CTG-<MOS>-F:VCRNUB:OGD:CD:<SKEW>,10,x81zs_ctg06,ch110 ch132,CTG132-PZ5-L-F:VCRNUB:OGD:CD:N32,"SDR CTGOGD, VCR between P-Diff, type f, -32nm VCRNUB OGD CD skew _Version2",21600,4.62963e-05,"OGD CTG: 36 active VG gates/unit on 18 columns (6 FTI intervals) x 2 diff tracks on which an active (VT) TCN flanks the gate = 72 fail modes/unit (one per gate per track, either side); x 5x60 unit cells = 21600; Scalar = 1/21600",geometric count 72/unit differs from type-A SDR reference 36/unit,24,4,5,60,"0:24[3],2:5","1:3/5:7/9:11/13:15/17:19/21:23,3/5","0:r0,3/5","vg,1:3/5:7/9:11/13:15/17:19/21:23,9/11; vt,0:r0[3],7/13; vt,1:r0[3],7/13; vt,2:r0[3],7/13",7;13,9;11,"0:r0,0/3:4/7,0.046,nlvt;0:r0,1:2/5:6,0.046,plvt;"
CTG-F-16,CTG132-NZ5-L-F_VCRNUB_OGD_CD_0.png,CTG,F,CTG-<MOS>-F:VCRNUB:OGD:CD:0,2,x81zs_ctg06,ch110 ch132,CTG132-NZ5-L-F:VCRNUB:OGD:CD:0,"SDR CTGOGD, VCR between N-Diff, type f, 0nm VCRNUB OGD CD skew _Version2",21600,4.62963e-05,"OGD CTG: 36 active VG gates/unit on 18 columns (6 FTI intervals) x 2 diff tracks on which an active (VT) TCN flanks the gate = 72 fail modes/unit (one per gate per track, either side); x 5x60 unit cells = 21600; Scalar = 1/21600",geometric count 72/unit differs from type-A SDR reference 36/unit,24,4,5,60,"0:24[3],2:5","1:3/5:7/9:11/13:15/17:19/21:23,3/5","0:r0,3/5","vg,1:3/5:7/9:11/13:15/17:19/21:23,9/11; vt,0:r0[3],7/13; vt,1:r0[3],7/13; vt,2:r0[3],7/13",7;13,9;11,"0:r0,0/3:4/7,0.046,plvt;0:r0,1:2/5:6,0.046,nlvt;"
CTG-F-17,CTG132-NPZ5-L-F_VCRNUB_OGD_CD_0.png,CTG,F,CTG-<MOS>-F:VCRNUB:OGD:CD:0,2,x81zs_ctg06,ch110 ch132,CTG132-NPZ5-L-F:VCRNUB:OGD:CD:0,"SDR CTGOGD, VCR between N and P-Diff, type f, 0nm VCRNUB OGD CD skew _Version2",21600,4.62963e-05,"OGD CTG: 36 active VG gates/unit on 18 columns (6 FTI intervals) x 2 diff tracks on which an active (VT) TCN flanks the gate = 72 fail modes/unit (one per gate per track, either side); x 5x60 unit cells = 21600; Scalar = 1/21600",geometric count 72/unit differs from type-A SDR reference 36/unit,24,4,5,60,"0:24[3],2:5","1:3/5:7/9:11/13:15/17:19/21:23,3/5","0:r0,3/5","vg,1:3/5:7/9:11/13:15/17:19/21:23,9/11; vt,0:r0[3],7/13; vt,1:r0[3],7/13; vt,2:r0[3],7/13",7;13,9;11,"0:r0,0:1/6:7,0.046,plvt;0:r0,2:5,0.046,nlvt;"
CTG-F-18,CTG132-PZ5-L-F_VCRNUB_OGD_CD_0.png,CTG,F,CTG-<MOS>-F:VCRNUB:OGD:CD:0,2,x81zs_ctg06,ch110 ch132,CTG132-PZ5-L-F:VCRNUB:OGD:CD:0,"SDR CTGOGD, VCR between P-Diff, type f, 0nm VCRNUB OGD CD skew _Version2",21600,4.62963e-05,"OGD CTG: 36 active VG gates/unit on 18 columns (6 FTI intervals) x 2 diff tracks on which an active (VT) TCN flanks the gate = 72 fail modes/unit (one per gate per track, either side); x 5x60 unit cells = 21600; Scalar = 1/21600",geometric count 72/unit differs from type-A SDR reference 36/unit,24,4,5,60,"0:24[3],2:5","1:3/5:7/9:11/13:15/17:19/21:23,3/5","0:r0,3/5","vg,1:3/5:7/9:11/13:15/17:19/21:23,9/11; vt,0:r0[3],7/13; vt,1:r0[3],7/13; vt,2:r0[3],7/13",7;13,9;11,"0:r0,0/3:4/7,0.046,nlvt;0:r0,1:2/5:6,0.046,plvt;"
DIFFCHN-B-01,DIFFCHN132-NZ5-L-B-STKx1FLEN24-SDR_Z_REF_NOM.png,DIFFCHN,B,DIFFCHN-<MOS>-B-STKx1FLEN<n>-SDR:Z:REF:NOM,2,x81zs_diffchn01 x81zs_diffchn04,ch110 ch132,DIFFCHN132-NZ5-L-B-STKx1FLEN24-SDR:Z:REF:NOM,,48,0.0208333,CHN: 48 active VG gates in series as 24 stacked groups of 2 (name LEN24) = 48 transistors in the current path = 48; Scalar = 1/48,name says LEN24 but 48 active VG gates in series (stacked),50,4,1,1,"0/50,0:7;5:48[3],2:3;3:50[3],4:5;","2:r3[3],3;3:r2[3],3;4:r2[3],5;5:r1[3],5;","3:r1[1],4,5;1,3;","vg,2:r3[3],9;vg,3:r2[3],9;vg,4:r2[3],14;vg,5:r1[3],14;vt,1,6;vt,r0,11;",6,11;9;14,"0:r0,0:r0,0.046,nlvt;"
DIFFCHN-B-02,DIFFCHN132-NZ5-L-B-STKx2FLEN24-SDR_Z_REF_NOM.png,DIFFCHN,B,DIFFCHN-<MOS>-B-STKx2FLEN<n>-SDR:Z:REF:NOM,2,x81zs_diffchn01 x81zs_diffchn04,ch110 ch132,DIFFCHN132-NZ5-L-B-STKx2FLEN24-SDR:Z:REF:NOM,,48,0.0208333,CHN: 48 active VG gates in series as 24 stacked groups of 2 (name LEN24) = 48 transistors in the current path = 48; Scalar = 1/48,name says LEN24 but 48 active VG gates in series (stacked),50,4,1,1,"0/50,0:7;5:48[3],2:3;4:48[3],2:3;3:50[3],4:5;2:50[3],4:5;","2:r3[3],3;3:r2[3],3;4:r2[3],5;5:r1[3],5;","3:r1[1],4,5;1,3;","vg,2:r3[3],9;vg,3:r2[3],9;vg,4:r2[3],14;vg,5:r1[3],14;vt,1,6;vt,r0,11;",6,11;9;14,"0:r0,0:r0,0.046,nlvt;"
DIFFCHN-B-03,DIFFCHN132-NZ5-L-B-STKx1FLEN16-SDR_Z_REF_NOM.png,DIFFCHN,B,DIFFCHN-<MOS>-B-STKx1FLEN<n>-SDR:Z:REF:NOM,2,x81zs_diffchn01 x81zs_diffchn04,ch110 ch132,DIFFCHN132-NZ5-L-B-STKx1FLEN16-SDR:Z:REF:NOM,,32,0.03125,CHN: 32 active VG gates in series as 16 stacked groups of 2 (name LEN16) = 32 transistors in the current path = 32; Scalar = 1/32,name says LEN16 but 32 active VG gates in series (stacked),50,4,1,1,"0/50,0:7;5:48[3],2:3;3:50[3],4:5;","10:r11[3],3;11:r10[3],3;12:r8[3],5;13:r9[3],5;","11:r9[1],4,5;9,3;","vg,10:r11[3],9;vg,11:r10[3],9;vg,12:r8[3],14;vg,13:r9[3],14;vt,9,6;vt,r8,11;",6,11;9;14,"0:r0,0:r0,0.046,nlvt;"
DIFFCHN-B-04,DIFFCHN132-NZ5-L-B-STKx2FLEN16-SDR_Z_REF_NOM.png,DIFFCHN,B,DIFFCHN-<MOS>-B-STKx2FLEN<n>-SDR:Z:REF:NOM,2,x81zs_diffchn01 x81zs_diffchn04,ch110 ch132,DIFFCHN132-NZ5-L-B-STKx2FLEN16-SDR:Z:REF:NOM,,32,0.03125,CHN: 32 active VG gates in series as 16 stacked groups of 2 (name LEN16) = 32 transistors in the current path = 32; Scalar = 1/32,name says LEN16 but 32 active VG gates in series (stacked),50,4,1,1,"0/50,0:7;5:48[3],2:3;4:48[3],2:3;3:50[3],4:5;2:50[3],4:5;","10:r11[3],3;11:r10[3],3;12:r8[3],5;13:r9[3],5;","11:r9[1],4,5;9,3;","vg,10:r11[3],9;vg,11:r10[3],9;vg,12:r8[3],14;vg,13:r9[3],14;vt,9,6;vt,r8,11;",6,11;9;14,"0:r0,0:r0,0.046,nlvt;"
DIFFCHN-B-05,DIFFCHN132-NZ5-L-B-STKx1FLEN8-SDR_Z_REF_NOM.png,DIFFCHN,B,DIFFCHN-<MOS>-B-STKx1FLEN<n>-SDR:Z:REF:NOM,4,x81zs_diffchn01 x81zs_diffchn04,ch110 ch132,DIFFCHN132-NZ5-L-B-STKx1FLEN8-SDR:Z:REF:NOM,,16,0.0625,CHN: 16 active VG gates in series as 8 stacked groups of 2 (name LEN8) = 16 transistors in the current path = 16; Scalar = 1/16,name says LEN8 but 16 active VG gates in series (stacked),50,4,1,1,"0/50,0:7;5:48[3],2:3;3:50[3],4:5;","18:r19[3],3;19:r19[3],3;20:r16[3],5;21:r17[3],5;","19:r17[1],4,5;17,3;","vg,18:r19[3],9;vg,19:r19[3],9;vg,20:r16[3],14;vg,21:r17[3],14;vt,17,6;vt,r16,11;",6,11;9;14,"0:r0,0:r0,0.046,nlvt;"
DIFFCHN-B-06,DIFFCHN132-NZ5-L-B-STKx2FLEN8-SDR_Z_REF_NOM.png,DIFFCHN,B,DIFFCHN-<MOS>-B-STKx2FLEN<n>-SDR:Z:REF:NOM,4,x81zs_diffchn01 x81zs_diffchn04,ch110 ch132,DIFFCHN132-NZ5-L-B-STKx2FLEN8-SDR:Z:REF:NOM,,16,0.0625,CHN: 16 active VG gates in series as 8 stacked groups of 2 (name LEN8) = 16 transistors in the current path = 16; Scalar = 1/16,name says LEN8 but 16 active VG gates in series (stacked),50,4,1,1,"0/50,0:7;5:48[3],2:3;4:48[3],2:3;3:50[3],4:5;2:50[3],4:5;","18:r19[3],3;19:r19[3],3;20:r16[3],5;21:r17[3],5;","19:r17[1],4,5;17,3;","vg,18:r19[3],9;vg,19:r19[3],9;vg,20:r16[3],14;vg,21:r17[3],14;vt,17,6;vt,r16,11;",6,11;9;14,"0:r0,0:r0,0.046,nlvt;"
DIFFCHN-A-01,DIFFCHN132-NZ5-L-A-LEN12-SDR_Z_REF_NOM.png,DIFFCHN,A,DIFFCHN-<MOS>-A-LEN<n>-SDR:Z:REF:NOM,6,x81zs_diffchn01 x81zs_diffchn04,ch110 ch132,DIFFCHN132-NZ5-L-A-LEN12-SDR:Z:REF:NOM,Needs long TCN,12,0.0833333,CHN: 12 active VG gates in series (name LEN12) = 12 transistors in the current path = 12; Scalar = 1/12,,50,4,1,1,"0/50,0:7;4:r0[3],2:3;",,"2:r0[7],4:5;5:r0[7],4:5;6:r0[7],4;9:r0[7],4;1,3;","vg,2:r2[3],9;vt,1,6;vt,2:r0[7],13;vt,5:r0[7],13;vt,6:r0[7],11;vt,9:r0[7],11;",6,9;11;,"0:r0,0:r0,0.046,nlvt;"
DIFFCHN-A-02,DIFFCHN132-NZ5-L-A-LEN6-SDR_Z_REF_NOM.png,DIFFCHN,A,DIFFCHN-<MOS>-A-LEN<n>-SDR:Z:REF:NOM,6,x81zs_diffchn01 x81zs_diffchn04,ch110 ch132,DIFFCHN132-NZ5-L-A-LEN6-SDR:Z:REF:NOM,Needs long TCN,6,0.166667,CHN: 6 active VG gates in series (name LEN6) = 6 transistors in the current path = 6; Scalar = 1/6,,50,4,1,1,"0/50,0:7;4:r0[3],2:3;",,"14:r14[7],4:5;17:r13[7],4:5;18:r13[7],4;21:r13[7],4;13,3;","vg,14:r14[3],9;vt,13,6;vt,14:r13[7],13;vt,17:r13[7],13;vt,18:r12[7],11;vt,21:r13[7],11;",6,9;11;,"0:r0,0:r0,0.046,nlvt;"
DIFFCHN-A-03,DIFFCHN132-NZ5-L-A-LEN3-SDR_Z_REF_NOM.png,DIFFCHN,A,DIFFCHN-<MOS>-A-LEN<n>-SDR:Z:REF:NOM,2,x81zs_diffchn01 x81zs_diffchn04,ch110 ch132,DIFFCHN132-NZ5-L-A-LEN3-SDR:Z:REF:NOM,Needs long TCN,3,0.333333,CHN: 3 active VG gates in series (name LEN3) = 3 transistors in the current path = 3; Scalar = 1/3,,50,4,1,1,"0/50,0:7;4:r0[3],2:3;",,"26:r16[7],4:5;29:r13[7],4:5;30:r13[7],4;33:r13[7],4;25,3;r15,4;","vg,26:r14[3],9;vt,25,6;vt,26:r16[7],13;vt,29:r15[7],13;vt,30:r12[7],11;vt,33:r13[7],11;vt,r15,11;",6,9;11;,"0:r0,0:r0,0.046,nlvt;"
DIFFCHN-D-01,DIFFCHN132-NZ5-L-D-1FCLEN24-SDR_Z_DEN_NOM.png,DIFFCHN,D,DIFFCHN-<MOS>-D-1FCLEN<n>-SDR:Z:DEN:NOM,2,x81zs_diffchn01 x81zs_diffchn04,ch110 ch132,DIFFCHN132-NZ5-L-D-1FCLEN24-SDR:Z:DEN:NOM,,48,0.0208333,CHN: 48 active VG gates in series (name LEN24) = 48 transistors in the current path = 48; Scalar = 1/48,name says LEN24 but 48 active VG gates in series (stacked),50,4,1,1,"0/50,0:7;3:r2[1],2:3;2:50[1],4:5;","2:r2[1],3;3:r1[1],5;","2:r1,4,5;1,3;","vg,2:r2[1],9;vg,3:r1[1],14;;vt,1,6;vt,r0,11;",6,11;9;14,"0:r0,0:r0,0.046,nlvt;"
DIFFCHN-D-02,DIFFCHN132-NZ5-L-D-1FCLEN16-SDR_Z_DEN_NOM.png,DIFFCHN,D,DIFFCHN-<MOS>-D-1FCLEN<n>-SDR:Z:DEN:NOM,2,x81zs_diffchn01 x81zs_diffchn04,ch110 ch132,DIFFCHN132-NZ5-L-D-1FCLEN16-SDR:Z:DEN:NOM,,31,0.0322581,CHN: 31 active VG gates in series (name LEN16) = 31 transistors in the current path = 31; Scalar = 1/31,name says LEN16 but 31 active VG gates in series (stacked),50,4,1,1,"0/50,0:7;3:r2[1],2:3;2:50[1],4:5;","10:r10[1],3;11:r11[1],5;","10:r10,4,5;9,3;r9,4;","vg,10:r10[1],9;vg,11:r11[1],14;vt,9,6;vt,r9,11;",6,11;9;14,"0:r0,0:r0,0.046,nlvt;"
DIFFCHN-D-03,DIFFCHN132-NZ5-L-D-1FCLEN10-SDR_Z_DEN_NOM.png,DIFFCHN,D,DIFFCHN-<MOS>-D-1FCLEN<n>-SDR:Z:DEN:NOM,6,x81zs_diffchn01 x81zs_diffchn04,ch110 ch132,DIFFCHN132-NZ5-L-D-1FCLEN10-SDR:Z:DEN:NOM,,19,0.0526316,CHN: 19 active VG gates in series (name LEN10) = 19 transistors in the current path = 19; Scalar = 1/19,name says LEN10 but 19 active VG gates in series (stacked),50,4,1,1,"0/50,0:7;3:r2[1],2:3;2:50[1],4:5;","16:r16[1],3;17:r17[1],5;","16:r16,4,5;15,3;r15,4;","vg,16:r16[1],9;vg,17:r17[1],14;vt,15,6;vt,r15,11;",6,11;9;14,"0:r0,0:r0,0.046,nlvt;"
DIFFCHN-D-04,DIFFCHN132-NZ5-L-D-1FCLEN6-SDR_Z_DEN_NOM.png,DIFFCHN,D,DIFFCHN-<MOS>-D-1FCLEN<n>-SDR:Z:DEN:NOM,6,x81zs_diffchn01 x81zs_diffchn04,ch110 ch132,DIFFCHN132-NZ5-L-D-1FCLEN6-SDR:Z:DEN:NOM,,11,0.0909091,CHN: 11 active VG gates in series (name LEN6) = 11 transistors in the current path = 11; Scalar = 1/11,name says LEN6 but 11 active VG gates in series (stacked),50,4,1,1,"0/50,0:7;3:r2[1],2:3;2:50[1],4:5;","20:r20[1],3;21:r21[1],5;","20:r20,4,5;19,3;r19,4;","vg,20:r20[1],9;vg,21:r21[1],14;vt,19,6;vt,r19,11;",6,11;9;14,"0:r0,0:r0,0.046,nlvt;"
DIFFCHN-D-05,DIFFCHN132-NZ5-L-D-HCLEN10-SDR_Z_DEN_NOM.png,DIFFCHN,D,DIFFCHN-<MOS>-D-HCLEN<n>-SDR:Z:DEN:NOM,2,x81zs_diffchn01 x81zs_diffchn04,ch110 ch132,DIFFCHN132-NZ5-L-D-HCLEN10-SDR:Z:DEN:NOM,,19,0.0526316,CHN: 19 active VG gates in series (name LEN10) = 19 transistors in the current path = 19; Scalar = 1/19,name says LEN10 but 19 active VG gates in series (stacked),50,4,1,1,"0/50,0:7;3:r2[1],3;2:50[1],4;","16:r16[1],3;17:r17[1],5;","16:r16,4,5;15,3;r15,4;","vg,16:r16[1],9;vg,17:r17[1],14;vt,15,6;vt,r15,11;",6,11;9;14,"0:r0,0:r0,0.046,nlvt;"
DIFFCHN-D-06,DIFFCHN132-NZ5-L-D-60x1FCLEN10-SDR_Z_DEN_NOM.png,DIFFCHN,D,DIFFCHN-<MOS>-D-60x1FCLEN<n>-SDR:Z:DEN:NOM,2,x81zs_diffchn01 x81zs_diffchn04,ch110 ch132,DIFFCHN132-NZ5-L-D-60x1FCLEN10-SDR:Z:DEN:NOM,Multi-instance,1140,0.000877193,CHN: 19 active VG gates in series (name LEN10) = 19 transistors in the current path; x 1x60 chains in the array = 1140; Scalar = 1/1140,name says LEN10 but 19 active VG gates in series (stacked) | 60 chains stacked in a 1x60 array (multi-instance); every transistor site is counted,50,4,1,60,"0/50,0:7;3:r2[1],2:3;2:50[1],4:5;","16:r16[1],3;17:r17[1],5;","16:r16,4,5;15,3;r15,4;","vg,16:r16[1],9;vg,17:r17[1],14;vt,15,6;vt,r15,11;",6,11;9;14,"0:r0,0:r0,0.046,nlvt;"
DIFFCHN-B-07,DIFFCHN165-NZ7-L-B-STKx1FLEN24-SDR_Z_REF_NOM.png,DIFFCHN,B,DIFFCHN-<MOS>-B-STKx1FLEN<n>-SDR:Z:REF:NOM,1,x81zs_diffchn01,ch165,DIFFCHN165-NZ7-L-B-STKx1FLEN24-SDR:Z:REF:NOM,,48,0.0208333,CHN: 48 active VG gates in series as 24 stacked groups of 2 (name LEN24) = 48 transistors in the current path = 48; Scalar = 1/48,name says LEN24 but 48 active VG gates in series (stacked),50,4,1,1,"0/50,0:7;5:48[3],2:3;3:50[3],4:5;","2:r3[3],3;3:r2[3],3;4:r2[3],5;5:r1[3],5;","3:r0[1],4,5;1,3;","vg,2:r3[3],9;vg,3:r2[3],9;vg,4:r2[3],14;vg,5:r1[3],14;vt,1,7;vt,r0,11;",7,11;9;14,"0:r0,0:r0,0.062,nlvt;"
DIFFCHN-B-08,DIFFCHN165-NZ7-L-B-STKx2FLEN24-SDR_Z_REF_NOM.png,DIFFCHN,B,DIFFCHN-<MOS>-B-STKx2FLEN<n>-SDR:Z:REF:NOM,1,x81zs_diffchn01,ch165,DIFFCHN165-NZ7-L-B-STKx2FLEN24-SDR:Z:REF:NOM,,48,0.0208333,CHN: 48 active VG gates in series as 24 stacked groups of 2 (name LEN24) = 48 transistors in the current path = 48; Scalar = 1/48,name says LEN24 but 48 active VG gates in series (stacked),50,4,1,1,"0/50,0:7;5:48[3],2:3;4:48[3],2:3;3:50[3],4:5;2:50[3],4:5;","2:r3[3],3;3:r2[3],3;4:r2[3],5;5:r1[3],5;","3:r0[1],4,5;1,3;","vg,2:r3[3],9;vg,3:r2[3],9;vg,4:r2[3],14;vg,5:r1[3],14;vt,1,7;vt,r0,11;",7,11;9;14,"0:r0,0:r0,0.062,nlvt;"
DIFFCHN-B-09,DIFFCHN165-NZ7-L-B-STKx1FLEN16-SDR_Z_REF_NOM.png,DIFFCHN,B,DIFFCHN-<MOS>-B-STKx1FLEN<n>-SDR:Z:REF:NOM,1,x81zs_diffchn01,ch165,DIFFCHN165-NZ7-L-B-STKx1FLEN16-SDR:Z:REF:NOM,,32,0.03125,CHN: 32 active VG gates in series as 16 stacked groups of 2 (name LEN16) = 32 transistors in the current path = 32; Scalar = 1/32,name says LEN16 but 32 active VG gates in series (stacked),50,4,1,1,"0/50,0:7;5:48[3],2:3;3:50[3],4:5;","10:r11[3],3;11:r10[3],3;12:r8[3],5;13:r9[3],5;","11:r8[1],4,5;9,3;","vg,10:r11[3],9;vg,11:r10[3],9;vg,12:r8[3],14;vg,13:r9[3],14;vt,9,7;vt,r8,11;",7,11;9;14,"0:r0,0:r0,0.062,nlvt;"
DIFFCHN-B-10,DIFFCHN165-NZ7-L-B-STKx2FLEN16-SDR_Z_REF_NOM.png,DIFFCHN,B,DIFFCHN-<MOS>-B-STKx2FLEN<n>-SDR:Z:REF:NOM,1,x81zs_diffchn01,ch165,DIFFCHN165-NZ7-L-B-STKx2FLEN16-SDR:Z:REF:NOM,,32,0.03125,CHN: 32 active VG gates in series as 16 stacked groups of 2 (name LEN16) = 32 transistors in the current path = 32; Scalar = 1/32,name says LEN16 but 32 active VG gates in series (stacked),50,4,1,1,"0/50,0:7;5:48[3],2:3;4:48[3],2:3;3:50[3],4:5;2:50[3],4:5;","10:r11[3],3;11:r10[3],3;12:r8[3],5;13:r9[3],5;","11:r8[1],4,5;9,3;","vg,10:r11[3],9;vg,11:r10[3],9;vg,12:r8[3],14;vg,13:r9[3],14;vt,9,7;vt,r8,11;",7,11;9;14,"0:r0,0:r0,0.062,nlvt;"
DIFFCHN-B-11,DIFFCHN165-NZ7-L-B-STKx1FLEN8-SDR_Z_REF_NOM.png,DIFFCHN,B,DIFFCHN-<MOS>-B-STKx1FLEN<n>-SDR:Z:REF:NOM,2,x81zs_diffchn01,ch165,DIFFCHN165-NZ7-L-B-STKx1FLEN8-SDR:Z:REF:NOM,,16,0.0625,CHN: 16 active VG gates in series as 8 stacked groups of 2 (name LEN8) = 16 transistors in the current path = 16; Scalar = 1/16,name says LEN8 but 16 active VG gates in series (stacked),50,4,1,1,"0/50,0:7;5:48[3],2:3;3:50[3],4:5;","18:r19[3],3;19:r19[3],3;20:r16[3],5;21:r17[3],5;","19:r16[1],4,5;17,3;","vg,18:r19[3],9;vg,19:r19[3],9;vg,20:r16[3],14;vg,21:r17[3],14;vt,17,7;vt,r16,11;",7,11;9;14,"0:r0,0:r0,0.062,nlvt;"
DIFFCHN-B-12,DIFFCHN165-NZ7-L-B-STKx2FLEN8-SDR_Z_REF_NOM.png,DIFFCHN,B,DIFFCHN-<MOS>-B-STKx2FLEN<n>-SDR:Z:REF:NOM,2,x81zs_diffchn01,ch165,DIFFCHN165-NZ7-L-B-STKx2FLEN8-SDR:Z:REF:NOM,,16,0.0625,CHN: 16 active VG gates in series as 8 stacked groups of 2 (name LEN8) = 16 transistors in the current path = 16; Scalar = 1/16,name says LEN8 but 16 active VG gates in series (stacked),50,4,1,1,"0/50,0:7;5:48[3],2:3;4:48[3],2:3;3:50[3],4:5;2:50[3],4:5;","18:r19[3],3;19:r19[3],3;20:r16[3],5;21:r17[3],5;","19:r16[1],4,5;17,3;","vg,18:r19[3],9;vg,19:r19[3],9;vg,20:r16[3],14;vg,21:r17[3],14;vt,17,7;vt,r16,11;",7,11;9;14,"0:r0,0:r0,0.062,nlvt;"
DIFFCHN-A-04,DIFFCHN165-NZ7-L-A-LEN12-SDR_Z_REF_NOM.png,DIFFCHN,A,DIFFCHN-<MOS>-A-LEN<n>-SDR:Z:REF:NOM,3,x81zs_diffchn01,ch165,DIFFCHN165-NZ7-L-A-LEN12-SDR:Z:REF:NOM,Needs long TCN,12,0.0833333,CHN: 12 active VG gates in series (name LEN12) = 12 transistors in the current path = 12; Scalar = 1/12,,50,4,1,1,"0/50,0:7;4:r0[3],2:3;","2:r1[3],3;","2:r2[7],4;5:r1[7],4;6:r6[7],4;9:r9[7],4;1,3;","vg,2:r1[3],9;vt,1,7;vt,2:r0[7],13;vt,5:r0[7],13;vt,6:r1[7],11;vt,9:r0[7],11;",7,9;11;,"0:r0,0:r0,0.062,nlvt;"
DIFFCHN-A-05,DIFFCHN165-NZ7-L-A-LEN6-SDR_Z_REF_NOM.png,DIFFCHN,A,DIFFCHN-<MOS>-A-LEN<n>-SDR:Z:REF:NOM,2,x81zs_diffchn01,ch165,DIFFCHN165-NZ7-L-A-LEN6-SDR:Z:REF:NOM,Needs long TCN,6,0.166667,CHN: 6 active VG gates in series (name LEN6) = 6 transistors in the current path = 6; Scalar = 1/6,,50,4,1,1,"0/50,0:7;4:r0[3],2:3;","14:r14[3],3;","14:r14[7],4:5;17:r13[7],4:5;18:r13[7],4;21:r13[7],4;13,3;","vg,14:r14[3],9;vt,13,7;vt,14:r13[7],13;vt,17:r13[7],13;vt,18:r12[7],11;vt,21:r13[7],11;",7,9;11;,"0:r0,0:r0,0.062,nlvt;"
DIFFCHN-A-06,DIFFCHN165-NZ7-L-A-LEN3-SDR_Z_REF_NOM.png,DIFFCHN,A,DIFFCHN-<MOS>-A-LEN<n>-SDR:Z:REF:NOM,1,x81zs_diffchn01,ch165,DIFFCHN165-NZ7-L-A-LEN3-SDR:Z:REF:NOM,Needs long TCN,3,0.333333,CHN: 3 active VG gates in series (name LEN3) = 3 transistors in the current path = 3; Scalar = 1/3,,50,4,1,1,"0/50,0:7;4:r0[3],2:3;","26:r14[3],3;","26:r16[7],4:5;29:r13[7],4:5;30:r13[7],4;33:r13[7],4;25,3;","vg,26:r14[3],9;vt,25,7;vt,26:r16[7],13;vt,29:r15[7],13;vt,30:r12[7],11;vt,33:r13[7],11;vt,r15,11;",7,9;11;,"0:r0,0:r0,0.062,nlvt;"
DIFFCHN-D-07,DIFFCHN165-NZ7-L-D-1FCLEN24-SDR_Z_DEN_NOM.png,DIFFCHN,D,DIFFCHN-<MOS>-D-1FCLEN<n>-SDR:Z:DEN:NOM,1,x81zs_diffchn01,ch165,DIFFCHN165-NZ7-L-D-1FCLEN24-SDR:Z:DEN:NOM,,48,0.0208333,CHN: 48 active VG gates in series (name LEN24) = 48 transistors in the current path = 48; Scalar = 1/48,name says LEN24 but 48 active VG gates in series (stacked),50,4,1,1,"0/50,0:7;3:r2[1],2:3;2:50[1],4:5;","2:r2[1],3;3:r1[1],5;","2:r0,4,5;1,3;","vg,2:r2[1],9;vg,3:r1[1],14;vt,1,7;vt,r0,11;",7,11;9;14,"0:r0,0:r0,0.062,nlvt;"
DIFFCHN-D-08,DIFFCHN165-NZ7-L-D-1FCLEN16-SDR_Z_DEN_NOM.png,DIFFCHN,D,DIFFCHN-<MOS>-D-1FCLEN<n>-SDR:Z:DEN:NOM,1,x81zs_diffchn01,ch165,DIFFCHN165-NZ7-L-D-1FCLEN16-SDR:Z:DEN:NOM,,31,0.0322581,CHN: 31 active VG gates in series (name LEN16) = 31 transistors in the current path = 31; Scalar = 1/31,name says LEN16 but 31 active VG gates in series (stacked),50,4,1,1,"0/50,0:7;3:r2[1],2:3;2:50[1],4:5;","10:r10[1],3;11:r11[1],5;","10:r9,4,5;9,3;r9,4;","vg,10:r10[1],9;vg,11:r11[1],14;vt,9,7;vt,r9,11;",7,11;9;14,"0:r0,0:r0,0.062,nlvt;"
DIFFCHN-D-09,DIFFCHN165-NZ7-L-D-1FCLEN10-SDR_Z_DEN_NOM.png,DIFFCHN,D,DIFFCHN-<MOS>-D-1FCLEN<n>-SDR:Z:DEN:NOM,3,x81zs_diffchn01,ch165,DIFFCHN165-NZ7-L-D-1FCLEN10-SDR:Z:DEN:NOM,,19,0.0526316,CHN: 19 active VG gates in series (name LEN10) = 19 transistors in the current path = 19; Scalar = 1/19,name says LEN10 but 19 active VG gates in series (stacked),50,4,1,1,"0/50,0:7;3:r2[1],2:3;2:50[1],4:5;","16:r16[1],3;17:r17[1],5;","16:r15,4,5;15,3;r15,4;","vg,16:r16[1],9;vg,17:r17[1],14;vt,15,7;vt,r15,11;",7,11;9;14,"0:r0,0:r0,0.062,nlvt;"
DIFFCHN-D-10,DIFFCHN165-NZ7-L-D-1FCLEN6-SDR_Z_DEN_NOM.png,DIFFCHN,D,DIFFCHN-<MOS>-D-1FCLEN<n>-SDR:Z:DEN:NOM,3,x81zs_diffchn01,ch165,DIFFCHN165-NZ7-L-D-1FCLEN6-SDR:Z:DEN:NOM,,11,0.0909091,CHN: 11 active VG gates in series (name LEN6) = 11 transistors in the current path = 11; Scalar = 1/11,name says LEN6 but 11 active VG gates in series (stacked),50,4,1,1,"0/50,0:7;3:r2[1],2:3;2:50[1],4:5;","20:r20[1],3;21:r21[1],5;","20:r19,4,5;19,3;r19,4;","vg,20:r20[1],9;vg,21:r21[1],14;vt,19,7;vt,r19,11;",7,11;9;14,"0:r0,0:r0,0.062,nlvt;"
DIFFCHN-D-11,DIFFCHN165-NZ7-L-D-HCLEN10-SDR_Z_DEN_NOM.png,DIFFCHN,D,DIFFCHN-<MOS>-D-HCLEN<n>-SDR:Z:DEN:NOM,1,x81zs_diffchn01,ch165,DIFFCHN165-NZ7-L-D-HCLEN10-SDR:Z:DEN:NOM,,19,0.0526316,CHN: 19 active VG gates in series (name LEN10) = 19 transistors in the current path = 19; Scalar = 1/19,name says LEN10 but 19 active VG gates in series (stacked),50,4,1,1,"0/50,0:7;3:r2[1],3;2:50[1],4;","16:r16[1],3;17:r17[1],5;","16:r15,4,5;15,3;r15,4;","vg,16:r16[1],9;vg,17:r17[1],14;vt,15,7;vt,r15,11;",7,11;9;14,"0:r0,0:r0,0.062,nlvt;"
DIFFCHN-D-12,DIFFCHN165-NZ7-L-D-60x1FCLEN10-SDR_Z_DEN_NOM.png,DIFFCHN,D,DIFFCHN-<MOS>-D-60x1FCLEN<n>-SDR:Z:DEN:NOM,1,x81zs_diffchn01,ch165,DIFFCHN165-NZ7-L-D-60x1FCLEN10-SDR:Z:DEN:NOM,Multi-instance,1140,0.000877193,CHN: 19 active VG gates in series (name LEN10) = 19 transistors in the current path; x 1x60 chains in the array = 1140; Scalar = 1/1140,name says LEN10 but 19 active VG gates in series (stacked) | 60 chains stacked in a 1x60 array (multi-instance); every transistor site is counted,50,4,1,60,"0/50,0:7;3:r2[1],2:3;2:50[1],4:5;","16:r16[1],3;17:r17[1],5;","16:r15,4,5;15,3;r15,4;","vg,16:r16[1],9;vg,17:r17[1],14;vt,15,7;vt,r15,11;",7,11;9;14,"0:r0,0:r0,0.062,nlvt;"
DIFFCHN-B-13,DIFFCHN110-NZ1-U-B-STKx1FLEN8-SDR_Z_REF_NOM.png,DIFFCHN,B,DIFFCHN-<MOS>-B-STKx1FLEN<n>-SDR:Z:REF:NOM,2,x81zs_diffchn01,ch110 ch132,DIFFCHN110-NZ1-U-B-STKx1FLEN8-SDR:Z:REF:NOM,,16,0.0625,CHN: 16 active VG gates in series as 8 stacked groups of 2 (name LEN8) = 16 transistors in the current path = 16; Scalar = 1/16,name says LEN8 but 16 active VG gates in series (stacked),50,4,1,1,"0/50,0:7;5:48[3],2:3;3:50[3],4:5;","18:r19[3],3;19:r19[3],3;20:r16[3],5;21:r17[3],5;","19:r17[1],4,5;","vg,18:r19[3],9;vg,19:r19[3],9;vg,20:r16[3],14;vg,21:r17[3],14;vt,17,6;vt,r16,11;",6,11;9;14,"0:r0,0:r0,0.027,nulvt;"
DIFFCHN-B-14,DIFFCHN110-NZ1-U-B-STKx2FLEN8-SDR_Z_REF_NOM.png,DIFFCHN,B,DIFFCHN-<MOS>-B-STKx2FLEN<n>-SDR:Z:REF:NOM,2,x81zs_diffchn01,ch110 ch132,DIFFCHN110-NZ1-U-B-STKx2FLEN8-SDR:Z:REF:NOM,,16,0.0625,CHN: 16 active VG gates in series as 8 stacked groups of 2 (name LEN8) = 16 transistors in the current path = 16; Scalar = 1/16,name says LEN8 but 16 active VG gates in series (stacked),50,4,1,1,"0/50,0:7;5:48[3],2:3;4:48[3],2:3;3:50[3],4:5;2:50[3],4:5;","18:r19[3],3;19:r19[3],3;20:r16[3],5;21:r17[3],5;","19:r17[1],4,5;","vg,18:r19[3],9;vg,19:r19[3],9;vg,20:r16[3],14;vg,21:r17[3],14;vt,17,6;vt,r16,11;",6,11;9;14,"0:r0,0:r0,0.027,nulvt;"
DIFFCHN-B-15,DIFFCHN165-NZ7-U-B-STKx1FLEN8-SDR_Z_REF_NOM.png,DIFFCHN,B,DIFFCHN-<MOS>-B-STKx1FLEN<n>-SDR:Z:REF:NOM,1,x81zs_diffchn01,ch165,DIFFCHN165-NZ7-U-B-STKx1FLEN8-SDR:Z:REF:NOM,,16,0.0625,CHN: 16 active VG gates in series as 8 stacked groups of 2 (name LEN8) = 16 transistors in the current path = 16; Scalar = 1/16,name says LEN8 but 16 active VG gates in series (stacked),50,4,1,1,"0/50,0:7;5:48[3],2:3;3:50[3],4:5;","18:r19[3],3;19:r19[3],3;20:r16[3],5;21:r17[3],5;","19:r16[1],4,5;","vg,18:r19[3],9;vg,19:r19[3],9;vg,20:r16[3],14;vg,21:r17[3],14;vt,17,7;vt,r16,11;",7,11;9;14,"0:r0,0:r0,0.062,nulvt;"
DIFFCHN-B-16,DIFFCHN165-NZ7-U-B-STKx2FLEN8-SDR_Z_REF_NOM.png,DIFFCHN,B,DIFFCHN-<MOS>-B-STKx2FLEN<n>-SDR:Z:REF:NOM,1,x81zs_diffchn01,ch165,DIFFCHN165-NZ7-U-B-STKx2FLEN8-SDR:Z:REF:NOM,,16,0.0625,CHN: 16 active VG gates in series as 8 stacked groups of 2 (name LEN8) = 16 transistors in the current path = 16; Scalar = 1/16,name says LEN8 but 16 active VG gates in series (stacked),50,4,1,1,"0/50,0:7;5:48[3],2:3;4:48[3],2:3;3:50[3],4:5;2:50[3],4:5;","18:r19[3],3;19:r19[3],3;20:r16[3],5;21:r17[3],5;","19:r16[1],4,5;","vg,18:r19[3],9;vg,19:r19[3],9;vg,20:r16[3],14;vg,21:r17[3],14;vt,17,7;vt,r16,11;",7,11;9;14,"0:r0,0:r0,0.062,nulvt;"
DIFFCHN-A-07,DIFFCHN165-NZ7-U-A-LEN6-SDR_Z_REF_NOM.png,DIFFCHN,A,DIFFCHN-<MOS>-A-LEN<n>-SDR:Z:REF:NOM,1,x81zs_diffchn01,ch165,DIFFCHN165-NZ7-U-A-LEN6-SDR:Z:REF:NOM,Needs long TCN,6,0.166667,CHN: 6 active VG gates in series (name LEN6) = 6 transistors in the current path = 6; Scalar = 1/6,,50,4,1,1,"0/50,0:7;4:r2[3],2:3;","14:r14[3],3;","14:r14[7],4:5;17:r13[7],4:5;18:r13[7],4;21:r13[7],4;13,3;","vg,14:r14[3],9;vt,13,7;vt,14:r13[7],13;vt,17:r13[7],13;vt,18:r12[7],11;vt,21:r13[7],11;",7,9;11;,"0:r0,0:r0,0.062,nulvt;"
DIFFCHN-D-13,DIFFCHN132-NZ5-L-D-1FCLEN10-FTI_PGD_REG_N8.png,DIFFCHN,D,DIFFCHN-<MOS>-D-1FCLEN<n>-FTI:PGD:REG:<SKEW>,8,x81zs_diffchn01,ch132,DIFFCHN132-NZ5-L-D-1FCLEN10-FTI:PGD:REG:N8,,19,0.0526316,CHN: 19 active VG gates in series (name LEN10) = 19 transistors in the current path = 19; Scalar = 1/19,name says LEN10 but 19 active VG gates in series (stacked),50,4,1,1,"0/50,0:7;3:r2[1],2:3;2:50[1],4:5;","16:r16[1],3;17:r17[1],5;","16:r16,4,5;15,3;r15,4;","vg,16:r16[1],9;vg,17:r17[1],14;vt,15,6;vt,r15,11;",6,11;9;14,"0:r0,0:r0,0.046,nlvt;"
DIFFCHN-D-14,DIFFCHN132-NZ5-L-D-1FCLEN10-FTI_PGD_REG_NOM.png,DIFFCHN,D,DIFFCHN-<MOS>-D-1FCLEN<n>-FTI:PGD:REG:NOM,1,x81zs_diffchn01,ch132,DIFFCHN132-NZ5-L-D-1FCLEN10-FTI:PGD:REG:NOM,,19,0.0526316,CHN: 19 active VG gates in series (name LEN10) = 19 transistors in the current path = 19; Scalar = 1/19,name says LEN10 but 19 active VG gates in series (stacked),50,4,1,1,"0/50,0:7;3:r2[1],2:3;2:50[1],4:5;","16:r16[1],3;17:r17[1],5;","16:r16,4,5;15,3;r15,4;","vg,16:r16[1],9;vg,17:r17[1],14;vt,15,6;vt,r15,11;",6,11;9;14,"0:r0,0:r0,0.046,nlvt;"
DIFFCHN-D-15,DIFFCHN132-NZ5-L-D-1FCLEN10-FTI_OGD_REG_N6.png,DIFFCHN,D,DIFFCHN-<MOS>-D-1FCLEN<n>-FTI:OGD:REG:<SKEW>,10,x81zs_diffchn01,ch132,DIFFCHN132-NZ5-L-D-1FCLEN10-FTI:OGD:REG:N6,,19,0.0526316,CHN: 19 active VG gates in series (name LEN10) = 19 transistors in the current path = 19; Scalar = 1/19,name says LEN10 but 19 active VG gates in series (stacked),50,4,1,1,"0/50,0:7;3:r2[1],2:3;2:50[1],4:5;","16:r16[1],3;17:r17[1],5;","16:r16,4,5;15,3;r15,4;","vg,16:r16[1],9;vg,17:r17[1],14;vt,15,6;vt,r15,11;",6,11;9;14,"0:r0,0:r0,0.046,nlvt;"
DIFFCHN-D-16,DIFFCHN132-NZ5-L-D-1FCLEN10-FTI_OGD_REG_NOM.png,DIFFCHN,D,DIFFCHN-<MOS>-D-1FCLEN<n>-FTI:OGD:REG:NOM,1,x81zs_diffchn01,ch132,DIFFCHN132-NZ5-L-D-1FCLEN10-FTI:OGD:REG:NOM,,19,0.0526316,CHN: 19 active VG gates in series (name LEN10) = 19 transistors in the current path = 19; Scalar = 1/19,name says LEN10 but 19 active VG gates in series (stacked),50,4,1,1,"0/50,0:7;3:r2[1],2:3;2:50[1],4:5;","16:r16[1],3;17:r17[1],5;","16:r16,4,5;15,3;r15,4;","vg,16:r16[1],9;vg,17:r17[1],14;vt,15,6;vt,r15,11;",6,11;9;14,"0:r0,0:r0,0.046,nlvt;"
DIFFCHN-D-17,DIFFCHN132-NZ5-L-D-1FCLEN10-FTI_OGD_CD_N5.png,DIFFCHN,D,DIFFCHN-<MOS>-D-1FCLEN<n>-FTI:OGD:CD:<SKEW>,8,x81zs_diffchn01,ch132,DIFFCHN132-NZ5-L-D-1FCLEN10-FTI:OGD:CD:N5,,19,0.0526316,CHN: 19 active VG gates in series (name LEN10) = 19 transistors in the current path = 19; Scalar = 1/19,name says LEN10 but 19 active VG gates in series (stacked),50,4,1,1,"0/50,0:7;3:r2[1],2:3;2:50[1],4:5;","16:r16[1],3;17:r17[1],5;","16:r16,4,5;15,3;r15,4;","vg,16:r16[1],9;vg,17:r17[1],14;vt,15,6;vt,r15,11;",6,11;9;14,"0:r0,0:r0,0.046,nlvt;"
DIFFCHN-D-18,DIFFCHN132-NZ5-L-D-1FCLEN10-FTI_OGD_CD_NOM.png,DIFFCHN,D,DIFFCHN-<MOS>-D-1FCLEN<n>-FTI:OGD:CD:NOM,1,x81zs_diffchn01,ch132,DIFFCHN132-NZ5-L-D-1FCLEN10-FTI:OGD:CD:NOM,,19,0.0526316,CHN: 19 active VG gates in series (name LEN10) = 19 transistors in the current path = 19; Scalar = 1/19,name says LEN10 but 19 active VG gates in series (stacked),50,4,1,1,"0/50,0:7;3:r2[1],2:3;2:50[1],4:5;","16:r16[1],3;17:r17[1],5;","16:r16,4,5;15,3;r15,4;","vg,16:r16[1],9;vg,17:r17[1],14;vt,15,6;vt,r15,11;",6,11;9;14,"0:r0,0:r0,0.046,nlvt;"
DIFFCHN-B-17,DIFFCHN132-PZ5-L-B-STKx1FLEN24-SDR_Z_REF_NOM.png,DIFFCHN,B,DIFFCHN-<MOS>-B-STKx1FLEN<n>-SDR:Z:REF:NOM,2,x81zs_diffchn02 x81zs_diffchn04,ch110 ch132,DIFFCHN132-PZ5-L-B-STKx1FLEN24-SDR:Z:REF:NOM,,48,0.0208333,CHN: 48 active VG gates in series as 24 stacked groups of 2 (name LEN24) = 48 transistors in the current path = 48; Scalar = 1/48,name says LEN24 but 48 active VG gates in series (stacked),50,4,1,1,"0/50,0:7;5:48[3],2:3;3:50[3],4:5;","2:r3[3],3;3:r2[3],3;4:r2[3],5;5:r1[3],5;","3:r1[1],4,5;1,3;","vg,2:r3[3],9;vg,3:r2[3],9;vg,4:r2[3],14;vg,5:r1[3],14;vt,1,6;vt,r0,11;",6,11;9;14,"0:r0,0:r0,0.046,plvt;"
DIFFCHN-B-18,DIFFCHN132-PZ5-L-B-STKx2FLEN24-SDR_Z_REF_NOM.png,DIFFCHN,B,DIFFCHN-<MOS>-B-STKx2FLEN<n>-SDR:Z:REF:NOM,2,x81zs_diffchn02 x81zs_diffchn04,ch110 ch132,DIFFCHN132-PZ5-L-B-STKx2FLEN24-SDR:Z:REF:NOM,,48,0.0208333,CHN: 48 active VG gates in series as 24 stacked groups of 2 (name LEN24) = 48 transistors in the current path = 48; Scalar = 1/48,name says LEN24 but 48 active VG gates in series (stacked),50,4,1,1,"0/50,0:7;5:48[3],2:3;4:48[3],2:3;3:50[3],4:5;2:50[3],4:5;","2:r3[3],3;3:r2[3],3;4:r2[3],5;5:r1[3],5;","3:r1[1],4,5;1,3;","vg,2:r3[3],9;vg,3:r2[3],9;vg,4:r2[3],14;vg,5:r1[3],14;vt,1,6;vt,r0,11;",6,11;9;14,"0:r0,0:r0,0.046,plvt;"
DIFFCHN-B-19,DIFFCHN132-PZ5-L-B-STKx1FLEN16-SDR_Z_REF_NOM.png,DIFFCHN,B,DIFFCHN-<MOS>-B-STKx1FLEN<n>-SDR:Z:REF:NOM,2,x81zs_diffchn02 x81zs_diffchn04,ch110 ch132,DIFFCHN132-PZ5-L-B-STKx1FLEN16-SDR:Z:REF:NOM,,32,0.03125,CHN: 32 active VG gates in series as 16 stacked groups of 2 (name LEN16) = 32 transistors in the current path = 32; Scalar = 1/32,name says LEN16 but 32 active VG gates in series (stacked),50,4,1,1,"0/50,0:7;5:48[3],2:3;3:50[3],4:5;","10:r11[3],3;11:r10[3],3;12:r8[3],5;13:r9[3],5;","11:r9[1],4,5;9,3;","vg,10:r11[3],9;vg,11:r10[3],9;vg,12:r8[3],14;vg,13:r9[3],14;vt,9,6;vt,r8,11;",6,11;9;14,"0:r0,0:r0,0.046,plvt;"
DIFFCHN-B-20,DIFFCHN132-PZ5-L-B-STKx2FLEN16-SDR_Z_REF_NOM.png,DIFFCHN,B,DIFFCHN-<MOS>-B-STKx2FLEN<n>-SDR:Z:REF:NOM,2,x81zs_diffchn02 x81zs_diffchn04,ch110 ch132,DIFFCHN132-PZ5-L-B-STKx2FLEN16-SDR:Z:REF:NOM,,32,0.03125,CHN: 32 active VG gates in series as 16 stacked groups of 2 (name LEN16) = 32 transistors in the current path = 32; Scalar = 1/32,name says LEN16 but 32 active VG gates in series (stacked),50,4,1,1,"0/50,0:7;5:48[3],2:3;4:48[3],2:3;3:50[3],4:5;2:50[3],4:5;","10:r11[3],3;11:r10[3],3;12:r8[3],5;13:r9[3],5;","11:r9[1],4,5;9,3;","vg,10:r11[3],9;vg,11:r10[3],9;vg,12:r8[3],14;vg,13:r9[3],14;vt,9,6;vt,r8,11;",6,11;9;14,"0:r0,0:r0,0.046,plvt;"
DIFFCHN-B-21,DIFFCHN132-PZ5-L-B-STKx1FLEN8-SDR_Z_REF_NOM.png,DIFFCHN,B,DIFFCHN-<MOS>-B-STKx1FLEN<n>-SDR:Z:REF:NOM,4,x81zs_diffchn02 x81zs_diffchn04,ch110 ch132,DIFFCHN132-PZ5-L-B-STKx1FLEN8-SDR:Z:REF:NOM,,16,0.0625,CHN: 16 active VG gates in series as 8 stacked groups of 2 (name LEN8) = 16 transistors in the current path = 16; Scalar = 1/16,name says LEN8 but 16 active VG gates in series (stacked),50,4,1,1,"0/50,0:7;5:48[3],2:3;3:50[3],4:5;","18:r19[3],3;19:r19[3],3;20:r16[3],5;21:r17[3],5;","19:r17[1],4,5;17,3;","vg,18:r19[3],9;vg,19:r19[3],9;vg,20:r16[3],14;vg,21:r17[3],14;vt,17,6;vt,r16,11;",6,11;9;14,"0:r0,0:r0,0.046,plvt;"
DIFFCHN-B-22,DIFFCHN132-PZ5-L-B-STKx2FLEN8-SDR_Z_REF_NOM.png,DIFFCHN,B,DIFFCHN-<MOS>-B-STKx2FLEN<n>-SDR:Z:REF:NOM,4,x81zs_diffchn02 x81zs_diffchn04,ch110 ch132,DIFFCHN132-PZ5-L-B-STKx2FLEN8-SDR:Z:REF:NOM,,16,0.0625,CHN: 16 active VG gates in series as 8 stacked groups of 2 (name LEN8) = 16 transistors in the current path = 16; Scalar = 1/16,name says LEN8 but 16 active VG gates in series (stacked),50,4,1,1,"0/50,0:7;5:48[3],2:3;4:48[3],2:3;3:50[3],4:5;2:50[3],4:5;","18:r19[3],3;19:r19[3],3;20:r16[3],5;21:r17[3],5;","19:r17[1],4,5;17,3;","vg,18:r19[3],9;vg,19:r19[3],9;vg,20:r16[3],14;vg,21:r17[3],14;vt,17,6;vt,r16,11;",6,11;9;14,"0:r0,0:r0,0.046,plvt;"
DIFFCHN-A-08,DIFFCHN132-PZ5-L-A-LEN12-SDR_Z_REF_NOM.png,DIFFCHN,A,DIFFCHN-<MOS>-A-LEN<n>-SDR:Z:REF:NOM,6,x81zs_diffchn02 x81zs_diffchn04,ch110 ch132,DIFFCHN132-PZ5-L-A-LEN12-SDR:Z:REF:NOM,Needs long TCN,12,0.0833333,CHN: 12 active VG gates in series (name LEN12) = 12 transistors in the current path = 12; Scalar = 1/12,,50,4,1,1,"0/50,0:7;4:r0[3],2:3;",,"2:r0[7],4:5;5:r0[7],4:5;6:r0[7],4;9:r0[7],4;1,3;","vg,2:r2[3],9;vt,1,6;vt,2:r0[7],13;vt,5:r0[7],13;vt,6:r0[7],11;vt,9:r0[7],11;",6,9;11;,"0:r0,0:r0,0.046,plvt;"
DIFFCHN-A-09,DIFFCHN132-PZ5-L-A-LEN6-SDR_Z_REF_NOM.png,DIFFCHN,A,DIFFCHN-<MOS>-A-LEN<n>-SDR:Z:REF:NOM,6,x81zs_diffchn02 x81zs_diffchn04,ch110 ch132,DIFFCHN132-PZ5-L-A-LEN6-SDR:Z:REF:NOM,Needs long TCN,6,0.166667,CHN: 6 active VG gates in series (name LEN6) = 6 transistors in the current path = 6; Scalar = 1/6,,50,4,1,1,"0/50,0:7;4:r0[3],2:3;",,"14:r14[7],4:5;17:r13[7],4:5;18:r13[7],4;21:r13[7],4;13,3;","vg,14:r14[3],9;vt,13,6;vt,14:r13[7],13;vt,17:r13[7],13;vt,18:r12[7],11;vt,21:r13[7],11;",6,9;11;,"0:r0,0:r0,0.046,plvt;"
DIFFCHN-A-10,DIFFCHN132-PZ5-L-A-LEN3-SDR_Z_REF_NOM.png,DIFFCHN,A,DIFFCHN-<MOS>-A-LEN<n>-SDR:Z:REF:NOM,2,x81zs_diffchn02 x81zs_diffchn04,ch110 ch132,DIFFCHN132-PZ5-L-A-LEN3-SDR:Z:REF:NOM,Needs long TCN,3,0.333333,CHN: 3 active VG gates in series (name LEN3) = 3 transistors in the current path = 3; Scalar = 1/3,,50,4,1,1,"0/50,0:7;4:r0[3],2:3;",,"26:r16[7],4:5;29:r13[7],4:5;30:r13[7],4;33:r13[7],4;25,3;r15,4;","vg,26:r14[3],9;vt,25,6;vt,26:r16[7],13;vt,29:r15[7],13;vt,30:r12[7],11;vt,33:r13[7],11;vt,r15,11;",6,9;11;,"0:r0,0:r0,0.046,plvt;"
DIFFCHN-D-19,DIFFCHN132-PZ5-L-D-1FCLEN24-SDR_Z_DEN_NOM.png,DIFFCHN,D,DIFFCHN-<MOS>-D-1FCLEN<n>-SDR:Z:DEN:NOM,2,x81zs_diffchn02 x81zs_diffchn04,ch110 ch132,DIFFCHN132-PZ5-L-D-1FCLEN24-SDR:Z:DEN:NOM,,48,0.0208333,CHN: 48 active VG gates in series (name LEN24) = 48 transistors in the current path = 48; Scalar = 1/48,name says LEN24 but 48 active VG gates in series (stacked),50,4,1,1,"0/50,0:7;3:r2[1],2:3;2:50[1],4:5;","2:r2[1],3;3:r1[1],5;","2:r1,4,5;1,3;","vg,2:r2[1],9;vg,3:r1[1],14;;vt,1,6;vt,r0,11;",6,11;9;14,"0:r0,0:r0,0.046,plvt;"
DIFFCHN-D-20,DIFFCHN132-PZ5-L-D-1FCLEN16-SDR_Z_DEN_NOM.png,DIFFCHN,D,DIFFCHN-<MOS>-D-1FCLEN<n>-SDR:Z:DEN:NOM,2,x81zs_diffchn02 x81zs_diffchn04,ch110 ch132,DIFFCHN132-PZ5-L-D-1FCLEN16-SDR:Z:DEN:NOM,,31,0.0322581,CHN: 31 active VG gates in series (name LEN16) = 31 transistors in the current path = 31; Scalar = 1/31,name says LEN16 but 31 active VG gates in series (stacked),50,4,1,1,"0/50,0:7;3:r2[1],2:3;2:50[1],4:5;","10:r10[1],3;11:r11[1],5;","10:r10,4,5;9,3;r9,4;","vg,10:r10[1],9;vg,11:r11[1],14;vt,9,6;vt,r9,11;",6,11;9;14,"0:r0,0:r0,0.046,plvt;"
DIFFCHN-D-21,DIFFCHN132-PZ5-L-D-1FCLEN10-SDR_Z_DEN_NOM.png,DIFFCHN,D,DIFFCHN-<MOS>-D-1FCLEN<n>-SDR:Z:DEN:NOM,6,x81zs_diffchn02 x81zs_diffchn04,ch110 ch132,DIFFCHN132-PZ5-L-D-1FCLEN10-SDR:Z:DEN:NOM,,19,0.0526316,CHN: 19 active VG gates in series (name LEN10) = 19 transistors in the current path = 19; Scalar = 1/19,name says LEN10 but 19 active VG gates in series (stacked),50,4,1,1,"0/50,0:7;3:r2[1],2:3;2:50[1],4:5;","16:r16[1],3;17:r17[1],5;","16:r16,4,5;15,3;r15,4;","vg,16:r16[1],9;vg,17:r17[1],14;vt,15,6;vt,r15,11;",6,11;9;14,"0:r0,0:r0,0.046,plvt;"
DIFFCHN-D-22,DIFFCHN132-PZ5-L-D-1FCLEN6-SDR_Z_DEN_NOM.png,DIFFCHN,D,DIFFCHN-<MOS>-D-1FCLEN<n>-SDR:Z:DEN:NOM,6,x81zs_diffchn02 x81zs_diffchn04,ch110 ch132,DIFFCHN132-PZ5-L-D-1FCLEN6-SDR:Z:DEN:NOM,,11,0.0909091,CHN: 11 active VG gates in series (name LEN6) = 11 transistors in the current path = 11; Scalar = 1/11,name says LEN6 but 11 active VG gates in series (stacked),50,4,1,1,"0/50,0:7;3:r2[1],2:3;2:50[1],4:5;","20:r20[1],3;21:r21[1],5;","20:r20,4,5;19,3;r19,4;","vg,20:r20[1],9;vg,21:r21[1],14;vt,19,6;vt,r19,11;",6,11;9;14,"0:r0,0:r0,0.046,plvt;"
DIFFCHN-D-23,DIFFCHN132-PZ5-L-D-HCLEN10-SDR_Z_DEN_NOM.png,DIFFCHN,D,DIFFCHN-<MOS>-D-HCLEN<n>-SDR:Z:DEN:NOM,2,x81zs_diffchn02 x81zs_diffchn04,ch110 ch132,DIFFCHN132-PZ5-L-D-HCLEN10-SDR:Z:DEN:NOM,,19,0.0526316,CHN: 19 active VG gates in series (name LEN10) = 19 transistors in the current path = 19; Scalar = 1/19,name says LEN10 but 19 active VG gates in series (stacked),50,4,1,1,"0/50,0:7;3:r2[1],3;2:50[1],4;","16:r16[1],3;17:r17[1],5;","16:r16,4,5;15,3;r15,4;","vg,16:r16[1],9;vg,17:r17[1],14;vt,15,6;vt,r15,11;",6,11;9;14,"0:r0,0:r0,0.046,plvt;"
DIFFCHN-D-24,DIFFCHN132-PZ5-L-D-60x1FCLEN10-SDR_Z_DEN_NOM.png,DIFFCHN,D,DIFFCHN-<MOS>-D-60x1FCLEN<n>-SDR:Z:DEN:NOM,2,x81zs_diffchn02 x81zs_diffchn04,ch110 ch132,DIFFCHN132-PZ5-L-D-60x1FCLEN10-SDR:Z:DEN:NOM,Multi-instance,1140,0.000877193,CHN: 19 active VG gates in series (name LEN10) = 19 transistors in the current path; x 1x60 chains in the array = 1140; Scalar = 1/1140,name says LEN10 but 19 active VG gates in series (stacked) | 60 chains stacked in a 1x60 array (multi-instance); every transistor site is counted,50,4,1,60,"0/50,0:7;3:r2[1],2:3;2:50[1],4:5;","16:r16[1],3;17:r17[1],5;","16:r16,4,5;15,3;r15,4;","vg,16:r16[1],9;vg,17:r17[1],14;vt,15,6;vt,r15,11;",6,11;9;14,"0:r0,0:r0,0.046,plvt;"
DIFFCHN-B-23,DIFFCHN165-PZ7-L-B-STKx1FLEN24-SDR_Z_REF_NOM.png,DIFFCHN,B,DIFFCHN-<MOS>-B-STKx1FLEN<n>-SDR:Z:REF:NOM,1,x81zs_diffchn02,ch165,DIFFCHN165-PZ7-L-B-STKx1FLEN24-SDR:Z:REF:NOM,,48,0.0208333,CHN: 48 active VG gates in series as 24 stacked groups of 2 (name LEN24) = 48 transistors in the current path = 48; Scalar = 1/48,name says LEN24 but 48 active VG gates in series (stacked),50,4,1,1,"0/50,0:7;5:48[3],2:3;3:50[3],4:5;","2:r3[3],3;3:r2[3],3;4:r2[3],5;5:r1[3],5;","3:r0[1],4,5;1,3;","vg,2:r3[3],9;vg,3:r2[3],9;vg,4:r2[3],14;vg,5:r1[3],14;vt,1,7;vt,r0,11;",7,11;9;14,"0:r0,0:r0,0.062,plvt;"
DIFFCHN-B-24,DIFFCHN165-PZ7-L-B-STKx2FLEN24-SDR_Z_REF_NOM.png,DIFFCHN,B,DIFFCHN-<MOS>-B-STKx2FLEN<n>-SDR:Z:REF:NOM,1,x81zs_diffchn02,ch165,DIFFCHN165-PZ7-L-B-STKx2FLEN24-SDR:Z:REF:NOM,,48,0.0208333,CHN: 48 active VG gates in series as 24 stacked groups of 2 (name LEN24) = 48 transistors in the current path = 48; Scalar = 1/48,name says LEN24 but 48 active VG gates in series (stacked),50,4,1,1,"0/50,0:7;5:48[3],2:3;4:48[3],2:3;3:50[3],4:5;2:50[3],4:5;","2:r3[3],3;3:r2[3],3;4:r2[3],5;5:r1[3],5;","3:r0[1],4,5;1,3;","vg,2:r3[3],9;vg,3:r2[3],9;vg,4:r2[3],14;vg,5:r1[3],14;vt,1,7;vt,r0,11;",7,11;9;14,"0:r0,0:r0,0.062,plvt;"
DIFFCHN-B-25,DIFFCHN165-PZ7-L-B-STKx1FLEN16-SDR_Z_REF_NOM.png,DIFFCHN,B,DIFFCHN-<MOS>-B-STKx1FLEN<n>-SDR:Z:REF:NOM,1,x81zs_diffchn02,ch165,DIFFCHN165-PZ7-L-B-STKx1FLEN16-SDR:Z:REF:NOM,,32,0.03125,CHN: 32 active VG gates in series as 16 stacked groups of 2 (name LEN16) = 32 transistors in the current path = 32; Scalar = 1/32,name says LEN16 but 32 active VG gates in series (stacked),50,4,1,1,"0/50,0:7;5:48[3],2:3;3:50[3],4:5;","10:r11[3],3;11:r10[3],3;12:r8[3],5;13:r9[3],5;","11:r8[1],4,5;9,3;","vg,10:r11[3],9;vg,11:r10[3],9;vg,12:r8[3],14;vg,13:r9[3],14;vt,9,7;vt,r8,11;",7,11;9;14,"0:r0,0:r0,0.062,plvt;"
DIFFCHN-B-26,DIFFCHN165-PZ7-L-B-STKx2FLEN16-SDR_Z_REF_NOM.png,DIFFCHN,B,DIFFCHN-<MOS>-B-STKx2FLEN<n>-SDR:Z:REF:NOM,1,x81zs_diffchn02,ch165,DIFFCHN165-PZ7-L-B-STKx2FLEN16-SDR:Z:REF:NOM,,32,0.03125,CHN: 32 active VG gates in series as 16 stacked groups of 2 (name LEN16) = 32 transistors in the current path = 32; Scalar = 1/32,name says LEN16 but 32 active VG gates in series (stacked),50,4,1,1,"0/50,0:7;5:48[3],2:3;4:48[3],2:3;3:50[3],4:5;2:50[3],4:5;","10:r11[3],3;11:r10[3],3;12:r8[3],5;13:r9[3],5;","11:r8[1],4,5;9,3;","vg,10:r11[3],9;vg,11:r10[3],9;vg,12:r8[3],14;vg,13:r9[3],14;vt,9,7;vt,r8,11;",7,11;9;14,"0:r0,0:r0,0.062,plvt;"
DIFFCHN-B-27,DIFFCHN165-PZ7-L-B-STKx1FLEN8-SDR_Z_REF_NOM.png,DIFFCHN,B,DIFFCHN-<MOS>-B-STKx1FLEN<n>-SDR:Z:REF:NOM,2,x81zs_diffchn02,ch165,DIFFCHN165-PZ7-L-B-STKx1FLEN8-SDR:Z:REF:NOM,,16,0.0625,CHN: 16 active VG gates in series as 8 stacked groups of 2 (name LEN8) = 16 transistors in the current path = 16; Scalar = 1/16,name says LEN8 but 16 active VG gates in series (stacked),50,4,1,1,"0/50,0:7;5:48[3],2:3;3:50[3],4:5;","18:r19[3],3;19:r19[3],3;20:r16[3],5;21:r17[3],5;","19:r16[1],4,5;17,3;","vg,18:r19[3],9;vg,19:r19[3],9;vg,20:r16[3],14;vg,21:r17[3],14;vt,17,7;vt,r16,11;",7,11;9;14,"0:r0,0:r0,0.062,plvt;"
DIFFCHN-B-28,DIFFCHN165-PZ7-L-B-STKx2FLEN8-SDR_Z_REF_NOM.png,DIFFCHN,B,DIFFCHN-<MOS>-B-STKx2FLEN<n>-SDR:Z:REF:NOM,2,x81zs_diffchn02,ch165,DIFFCHN165-PZ7-L-B-STKx2FLEN8-SDR:Z:REF:NOM,,16,0.0625,CHN: 16 active VG gates in series as 8 stacked groups of 2 (name LEN8) = 16 transistors in the current path = 16; Scalar = 1/16,name says LEN8 but 16 active VG gates in series (stacked),50,4,1,1,"0/50,0:7;5:48[3],2:3;4:48[3],2:3;3:50[3],4:5;2:50[3],4:5;","18:r19[3],3;19:r19[3],3;20:r16[3],5;21:r17[3],5;","19:r16[1],4,5;17,3;","vg,18:r19[3],9;vg,19:r19[3],9;vg,20:r16[3],14;vg,21:r17[3],14;vt,17,7;vt,r16,11;",7,11;9;14,"0:r0,0:r0,0.062,plvt;"
DIFFCHN-A-11,DIFFCHN165-PZ7-L-A-LEN12-SDR_Z_REF_NOM.png,DIFFCHN,A,DIFFCHN-<MOS>-A-LEN<n>-SDR:Z:REF:NOM,3,x81zs_diffchn02,ch165,DIFFCHN165-PZ7-L-A-LEN12-SDR:Z:REF:NOM,Needs long TCN,12,0.0833333,CHN: 12 active VG gates in series (name LEN12) = 12 transistors in the current path = 12; Scalar = 1/12,,50,4,1,1,"0/50,0:7;4:r0[3],2:3;","2:r1[3],3;","2:r2[7],4;5:r1[7],4;6:r6[7],4;9:r9[7],4;1,3;","vg,2:r1[3],9;vt,1,7;vt,2:r0[7],13;vt,5:r0[7],13;vt,6:r1[7],11;vt,9:r0[7],11;",7,9;11;,"0:r0,0:r0,0.062,plvt;"
DIFFCHN-A-12,DIFFCHN165-PZ7-L-A-LEN6-SDR_Z_REF_NOM.png,DIFFCHN,A,DIFFCHN-<MOS>-A-LEN<n>-SDR:Z:REF:NOM,2,x81zs_diffchn02,ch165,DIFFCHN165-PZ7-L-A-LEN6-SDR:Z:REF:NOM,Needs long TCN,6,0.166667,CHN: 6 active VG gates in series (name LEN6) = 6 transistors in the current path = 6; Scalar = 1/6,,50,4,1,1,"0/50,0:7;4:r0[3],2:3;","14:r14[3],3;","14:r14[7],4:5;17:r13[7],4:5;18:r13[7],4;21:r13[7],4;13,3;","vg,14:r14[3],9;vt,13,7;vt,14:r13[7],13;vt,17:r13[7],13;vt,18:r12[7],11;vt,21:r13[7],11;",7,9;11;,"0:r0,0:r0,0.062,plvt;"
DIFFCHN-A-13,DIFFCHN165-PZ7-L-A-LEN3-SDR_Z_REF_NOM.png,DIFFCHN,A,DIFFCHN-<MOS>-A-LEN<n>-SDR:Z:REF:NOM,1,x81zs_diffchn02,ch165,DIFFCHN165-PZ7-L-A-LEN3-SDR:Z:REF:NOM,Needs long TCN,3,0.333333,CHN: 3 active VG gates in series (name LEN3) = 3 transistors in the current path = 3; Scalar = 1/3,,50,4,1,1,"0/50,0:7;4:r0[3],2:3;","26:r14[3],3;","26:r16[7],4:5;29:r13[7],4:5;30:r13[7],4;33:r13[7],4;25,3;","vg,26:r14[3],9;vt,25,7;vt,26:r16[7],13;vt,29:r15[7],13;vt,30:r12[7],11;vt,33:r13[7],11;vt,r15,11;",7,9;11;,"0:r0,0:r0,0.062,plvt;"
DIFFCHN-D-25,DIFFCHN165-PZ7-L-D-1FCLEN24-SDR_Z_DEN_NOM.png,DIFFCHN,D,DIFFCHN-<MOS>-D-1FCLEN<n>-SDR:Z:DEN:NOM,1,x81zs_diffchn02,ch165,DIFFCHN165-PZ7-L-D-1FCLEN24-SDR:Z:DEN:NOM,,48,0.0208333,CHN: 48 active VG gates in series (name LEN24) = 48 transistors in the current path = 48; Scalar = 1/48,name says LEN24 but 48 active VG gates in series (stacked),50,4,1,1,"0/50,0:7;3:r2[1],2:3;2:50[1],4:5;","2:r2[1],3;3:r1[1],5;","2:r0,4,5;1,3;","vg,2:r2[1],9;vg,3:r1[1],14;vt,1,7;vt,r0,11;",7,11;9;14,"0:r0,0:r0,0.062,plvt;"
DIFFCHN-D-26,DIFFCHN165-PZ7-L-D-1FCLEN16-SDR_Z_DEN_NOM.png,DIFFCHN,D,DIFFCHN-<MOS>-D-1FCLEN<n>-SDR:Z:DEN:NOM,1,x81zs_diffchn02,ch165,DIFFCHN165-PZ7-L-D-1FCLEN16-SDR:Z:DEN:NOM,,31,0.0322581,CHN: 31 active VG gates in series (name LEN16) = 31 transistors in the current path = 31; Scalar = 1/31,name says LEN16 but 31 active VG gates in series (stacked),50,4,1,1,"0/50,0:7;3:r2[1],2:3;2:50[1],4:5;","10:r10[1],3;11:r11[1],5;","10:r9,4,5;9,3;r9,4;","vg,10:r10[1],9;vg,11:r11[1],14;vt,9,7;vt,r9,11;",7,11;9;14,"0:r0,0:r0,0.062,plvt;"
DIFFCHN-D-27,DIFFCHN165-PZ7-L-D-1FCLEN10-SDR_Z_DEN_NOM.png,DIFFCHN,D,DIFFCHN-<MOS>-D-1FCLEN<n>-SDR:Z:DEN:NOM,3,x81zs_diffchn02,ch165,DIFFCHN165-PZ7-L-D-1FCLEN10-SDR:Z:DEN:NOM,,19,0.0526316,CHN: 19 active VG gates in series (name LEN10) = 19 transistors in the current path = 19; Scalar = 1/19,name says LEN10 but 19 active VG gates in series (stacked),50,4,1,1,"0/50,0:7;3:r2[1],2:3;2:50[1],4:5;","16:r16[1],3;17:r17[1],5;","16:r15,4,5;15,3;r15,4;","vg,16:r16[1],9;vg,17:r17[1],14;vt,15,7;vt,r15,11;",7,11;9;14,"0:r0,0:r0,0.062,plvt;"
DIFFCHN-D-28,DIFFCHN165-PZ7-L-D-1FCLEN6-SDR_Z_DEN_NOM.png,DIFFCHN,D,DIFFCHN-<MOS>-D-1FCLEN<n>-SDR:Z:DEN:NOM,3,x81zs_diffchn02,ch165,DIFFCHN165-PZ7-L-D-1FCLEN6-SDR:Z:DEN:NOM,,11,0.0909091,CHN: 11 active VG gates in series (name LEN6) = 11 transistors in the current path = 11; Scalar = 1/11,name says LEN6 but 11 active VG gates in series (stacked),50,4,1,1,"0/50,0:7;3:r2[1],2:3;2:50[1],4:5;","20:r20[1],3;21:r21[1],5;","20:r19,4,5;19,3;r19,4;","vg,20:r20[1],9;vg,21:r21[1],14;vt,19,7;vt,r19,11;",7,11;9;14,"0:r0,0:r0,0.062,plvt;"
DIFFCHN-D-29,DIFFCHN165-PZ7-L-D-HCLEN10-SDR_Z_DEN_NOM.png,DIFFCHN,D,DIFFCHN-<MOS>-D-HCLEN<n>-SDR:Z:DEN:NOM,1,x81zs_diffchn02,ch165,DIFFCHN165-PZ7-L-D-HCLEN10-SDR:Z:DEN:NOM,,19,0.0526316,CHN: 19 active VG gates in series (name LEN10) = 19 transistors in the current path = 19; Scalar = 1/19,name says LEN10 but 19 active VG gates in series (stacked),50,4,1,1,"0/50,0:7;3:r2[1],3;2:50[1],4;","16:r16[1],3;17:r17[1],5;","16:r15,4,5;15,3;r15,4;","vg,16:r16[1],9;vg,17:r17[1],14;vt,15,7;vt,r15,11;",7,11;9;14,"0:r0,0:r0,0.062,plvt;"
DIFFCHN-D-30,DIFFCHN165-PZ7-L-D-60x1FCLEN10-SDR_Z_DEN_NOM.png,DIFFCHN,D,DIFFCHN-<MOS>-D-60x1FCLEN<n>-SDR:Z:DEN:NOM,1,x81zs_diffchn02,ch165,DIFFCHN165-PZ7-L-D-60x1FCLEN10-SDR:Z:DEN:NOM,Multi-instance,1140,0.000877193,CHN: 19 active VG gates in series (name LEN10) = 19 transistors in the current path; x 1x60 chains in the array = 1140; Scalar = 1/1140,name says LEN10 but 19 active VG gates in series (stacked) | 60 chains stacked in a 1x60 array (multi-instance); every transistor site is counted,50,4,1,60,"0/50,0:7;3:r2[1],2:3;2:50[1],4:5;","16:r16[1],3;17:r17[1],5;","16:r15,4,5;15,3;r15,4;","vg,16:r16[1],9;vg,17:r17[1],14;vt,15,7;vt,r15,11;",7,11;9;14,"0:r0,0:r0,0.062,plvt;"
DIFFCHN-B-29,DIFFCHN110-PZ1-U-B-STKx1FLEN8-SDR_Z_REF_NOM.png,DIFFCHN,B,DIFFCHN-<MOS>-B-STKx1FLEN<n>-SDR:Z:REF:NOM,2,x81zs_diffchn02,ch110 ch132,DIFFCHN110-PZ1-U-B-STKx1FLEN8-SDR:Z:REF:NOM,,16,0.0625,CHN: 16 active VG gates in series as 8 stacked groups of 2 (name LEN8) = 16 transistors in the current path = 16; Scalar = 1/16,name says LEN8 but 16 active VG gates in series (stacked),50,4,1,1,"0/50,0:7;5:48[3],2:3;3:50[3],4:5;","18:r19[3],3;19:r19[3],3;20:r16[3],5;21:r17[3],5;","19:r17[1],4,5;","vg,18:r19[3],9;vg,19:r19[3],9;vg,20:r16[3],14;vg,21:r17[3],14;vt,17,6;vt,r16,11;",6,11;9;14,"0:r0,0:r0,0.027,pulvt;"
DIFFCHN-B-30,DIFFCHN110-PZ1-U-B-STKx2FLEN8-SDR_Z_REF_NOM.png,DIFFCHN,B,DIFFCHN-<MOS>-B-STKx2FLEN<n>-SDR:Z:REF:NOM,2,x81zs_diffchn02,ch110 ch132,DIFFCHN110-PZ1-U-B-STKx2FLEN8-SDR:Z:REF:NOM,,16,0.0625,CHN: 16 active VG gates in series as 8 stacked groups of 2 (name LEN8) = 16 transistors in the current path = 16; Scalar = 1/16,name says LEN8 but 16 active VG gates in series (stacked),50,4,1,1,"0/50,0:7;5:48[3],2:3;4:48[3],2:3;3:50[3],4:5;2:50[3],4:5;","18:r19[3],3;19:r19[3],3;20:r16[3],5;21:r17[3],5;","19:r17[1],4,5;","vg,18:r19[3],9;vg,19:r19[3],9;vg,20:r16[3],14;vg,21:r17[3],14;vt,17,6;vt,r16,11;",6,11;9;14,"0:r0,0:r0,0.027,pulvt;"
DIFFCHN-B-31,DIFFCHN165-PZ7-U-B-STKx1FLEN8-SDR_Z_REF_NOM.png,DIFFCHN,B,DIFFCHN-<MOS>-B-STKx1FLEN<n>-SDR:Z:REF:NOM,1,x81zs_diffchn02,ch165,DIFFCHN165-PZ7-U-B-STKx1FLEN8-SDR:Z:REF:NOM,,16,0.0625,CHN: 16 active VG gates in series as 8 stacked groups of 2 (name LEN8) = 16 transistors in the current path = 16; Scalar = 1/16,name says LEN8 but 16 active VG gates in series (stacked),50,4,1,1,"0/50,0:7;5:48[3],2:3;3:50[3],4:5;","18:r19[3],3;19:r19[3],3;20:r16[3],5;21:r17[3],5;","19:r16[1],4,5;","vg,18:r19[3],9;vg,19:r19[3],9;vg,20:r16[3],14;vg,21:r17[3],14;vt,17,7;vt,r16,11;",7,11;9;14,"0:r0,0:r0,0.062,pulvt;"
DIFFCHN-B-32,DIFFCHN165-PZ7-U-B-STKx2FLEN8-SDR_Z_REF_NOM.png,DIFFCHN,B,DIFFCHN-<MOS>-B-STKx2FLEN<n>-SDR:Z:REF:NOM,1,x81zs_diffchn02,ch165,DIFFCHN165-PZ7-U-B-STKx2FLEN8-SDR:Z:REF:NOM,,16,0.0625,CHN: 16 active VG gates in series as 8 stacked groups of 2 (name LEN8) = 16 transistors in the current path = 16; Scalar = 1/16,name says LEN8 but 16 active VG gates in series (stacked),50,4,1,1,"0/50,0:7;5:48[3],2:3;4:48[3],2:3;3:50[3],4:5;2:50[3],4:5;","18:r19[3],3;19:r19[3],3;20:r16[3],5;21:r17[3],5;","19:r16[1],4,5;","vg,18:r19[3],9;vg,19:r19[3],9;vg,20:r16[3],14;vg,21:r17[3],14;vt,17,7;vt,r16,11;",7,11;9;14,"0:r0,0:r0,0.062,pulvt;"
DIFFCHN-A-14,DIFFCHN165-PZ7-U-A-LEN6-SDR_Z_REF_NOM.png,DIFFCHN,A,DIFFCHN-<MOS>-A-LEN<n>-SDR:Z:REF:NOM,1,x81zs_diffchn02,ch165,DIFFCHN165-PZ7-U-A-LEN6-SDR:Z:REF:NOM,Needs long TCN,6,0.166667,CHN: 6 active VG gates in series (name LEN6) = 6 transistors in the current path = 6; Scalar = 1/6,,50,4,1,1,"0/50,0:7;4:r2[3],2:3;","14:r14[3],3;","14:r14[7],4:5;17:r13[7],4:5;18:r13[7],4;21:r13[7],4;13,3;","vg,14:r14[3],9;vt,13,7;vt,14:r13[7],13;vt,17:r13[7],13;vt,18:r12[7],11;vt,21:r13[7],11;",7,9;11;,"0:r0,0:r0,0.062,pulvt;"
DIFFCHN-D-31,DIFFCHN132-PZ5-L-D-1FCLEN10-FTI_PGD_REG_N8.png,DIFFCHN,D,DIFFCHN-<MOS>-D-1FCLEN<n>-FTI:PGD:REG:<SKEW>,8,x81zs_diffchn02,ch132,DIFFCHN132-PZ5-L-D-1FCLEN10-FTI:PGD:REG:N8,,19,0.0526316,CHN: 19 active VG gates in series (name LEN10) = 19 transistors in the current path = 19; Scalar = 1/19,name says LEN10 but 19 active VG gates in series (stacked),50,4,1,1,"0/50,0:7;3:r2[1],2:3;2:50[1],4:5;","16:r16[1],3;17:r17[1],5;","16:r16,4,5;15,3;r15,4;","vg,16:r16[1],9;vg,17:r17[1],14;vt,15,6;vt,r15,11;",6,11;9;14,"0:r0,0:r0,0.046,plvt;"
DIFFCHN-D-32,DIFFCHN132-PZ5-L-D-1FCLEN10-FTI_PGD_REG_NOM.png,DIFFCHN,D,DIFFCHN-<MOS>-D-1FCLEN<n>-FTI:PGD:REG:NOM,1,x81zs_diffchn02,ch132,DIFFCHN132-PZ5-L-D-1FCLEN10-FTI:PGD:REG:NOM,,19,0.0526316,CHN: 19 active VG gates in series (name LEN10) = 19 transistors in the current path = 19; Scalar = 1/19,name says LEN10 but 19 active VG gates in series (stacked),50,4,1,1,"0/50,0:7;3:r2[1],2:3;2:50[1],4:5;","16:r16[1],3;17:r17[1],5;","16:r16,4,5;15,3;r15,4;","vg,16:r16[1],9;vg,17:r17[1],14;vt,15,6;vt,r15,11;",6,11;9;14,"0:r0,0:r0,0.046,plvt;"
DIFFCHN-D-33,DIFFCHN132-PZ5-L-D-1FCLEN10-FTI_OGD_REG_N6.png,DIFFCHN,D,DIFFCHN-<MOS>-D-1FCLEN<n>-FTI:OGD:REG:<SKEW>,10,x81zs_diffchn02,ch132,DIFFCHN132-PZ5-L-D-1FCLEN10-FTI:OGD:REG:N6,,19,0.0526316,CHN: 19 active VG gates in series (name LEN10) = 19 transistors in the current path = 19; Scalar = 1/19,name says LEN10 but 19 active VG gates in series (stacked),50,4,1,1,"0/50,0:7;3:r2[1],2:3;2:50[1],4:5;","16:r16[1],3;17:r17[1],5;","16:r16,4,5;15,3;r15,4;","vg,16:r16[1],9;vg,17:r17[1],14;vt,15,6;vt,r15,11;",6,11;9;14,"0:r0,0:r0,0.046,plvt;"
DIFFCHN-D-34,DIFFCHN132-PZ5-L-D-1FCLEN10-FTI_OGD_REG_NOM.png,DIFFCHN,D,DIFFCHN-<MOS>-D-1FCLEN<n>-FTI:OGD:REG:NOM,1,x81zs_diffchn02,ch132,DIFFCHN132-PZ5-L-D-1FCLEN10-FTI:OGD:REG:NOM,,19,0.0526316,CHN: 19 active VG gates in series (name LEN10) = 19 transistors in the current path = 19; Scalar = 1/19,name says LEN10 but 19 active VG gates in series (stacked),50,4,1,1,"0/50,0:7;3:r2[1],2:3;2:50[1],4:5;","16:r16[1],3;17:r17[1],5;","16:r16,4,5;15,3;r15,4;","vg,16:r16[1],9;vg,17:r17[1],14;vt,15,6;vt,r15,11;",6,11;9;14,"0:r0,0:r0,0.046,plvt;"
DIFFCHN-D-35,DIFFCHN132-PZ5-L-D-1FCLEN10-FTI_OGD_CD_N5.png,DIFFCHN,D,DIFFCHN-<MOS>-D-1FCLEN<n>-FTI:OGD:CD:<SKEW>,8,x81zs_diffchn02,ch132,DIFFCHN132-PZ5-L-D-1FCLEN10-FTI:OGD:CD:N5,,19,0.0526316,CHN: 19 active VG gates in series (name LEN10) = 19 transistors in the current path = 19; Scalar = 1/19,name says LEN10 but 19 active VG gates in series (stacked),50,4,1,1,"0/50,0:7;3:r2[1],2:3;2:50[1],4:5;","16:r16[1],3;17:r17[1],5;","16:r16,4,5;15,3;r15,4;","vg,16:r16[1],9;vg,17:r17[1],14;vt,15,6;vt,r15,11;",6,11;9;14,"0:r0,0:r0,0.046,plvt;"
DIFFCHN-D-36,DIFFCHN132-PZ5-L-D-1FCLEN10-FTI_OGD_CD_NOM.png,DIFFCHN,D,DIFFCHN-<MOS>-D-1FCLEN<n>-FTI:OGD:CD:NOM,1,x81zs_diffchn02,ch132,DIFFCHN132-PZ5-L-D-1FCLEN10-FTI:OGD:CD:NOM,,19,0.0526316,CHN: 19 active VG gates in series (name LEN10) = 19 transistors in the current path = 19; Scalar = 1/19,name says LEN10 but 19 active VG gates in series (stacked),50,4,1,1,"0/50,0:7;3:r2[1],2:3;2:50[1],4:5;","16:r16[1],3;17:r17[1],5;","16:r16,4,5;15,3;r15,4;","vg,16:r16[1],9;vg,17:r17[1],14;vt,15,6;vt,r15,11;",6,11;9;14,"0:r0,0:r0,0.046,plvt;"
DIFFCHN-LEN6-01,DIFFCHN132-NZ5-L-LEN6-A_PXL_PGD_REG_N8.png,DIFFCHN,LEN6,DIFFCHN-<MOS>-LEN<n>-A:PXL:PGD:REG:<SKEW>,10,x81zs_diffchn03,ch132,DIFFCHN132-NZ5-L-LEN6-A:PXL:PGD:REG:N8,,6,0.166667,CHN: 6 active VG gates in series (name LEN6) = 6 transistors in the current path = 6; Scalar = 1/6,,50,4,1,1,"0/50,0:7;4:r0[3],2:3;",,"14:r14[7],4:5;17:r13[7],4:5;18:r13[7],4;21:r13[7],4;13,3;","vg,14:r14[3],9;vt,13,6;vt,14:r13[7],13;vt,17:r13[7],13;vt,18:r12[7],11;vt,21:r13[7],11;",6,9;11;,"0:r0,0:r0,0.046,nlvt;"
DIFFCHN-LEN6-02,DIFFCHN132-NZ5-L-LEN6-A_PXL_PGD_REG_NOM.png,DIFFCHN,LEN6,DIFFCHN-<MOS>-LEN<n>-A:PXL:PGD:REG:NOM,1,x81zs_diffchn03,ch132,DIFFCHN132-NZ5-L-LEN6-A:PXL:PGD:REG:NOM,,6,0.166667,CHN: 6 active VG gates in series (name LEN6) = 6 transistors in the current path = 6; Scalar = 1/6,,50,4,1,1,"0/50,0:7;4:r0[3],2:3;",,"14:r14[7],4:5;17:r13[7],4:5;18:r13[7],4;21:r13[7],4;13,3;","vg,14:r14[3],9;vt,13,6;vt,14:r13[7],13;vt,17:r13[7],13;vt,18:r12[7],11;vt,21:r13[7],11;",6,9;11;,"0:r0,0:r0,0.046,nlvt;"
DIFFCHN-LEN6-03,DIFFCHN132-NZ5-L-LEN6-A_PXL_PGD_CD_N5.png,DIFFCHN,LEN6,DIFFCHN-<MOS>-LEN<n>-A:PXL:PGD:CD:<SKEW>,6,x81zs_diffchn03,ch132,DIFFCHN132-NZ5-L-LEN6-A:PXL:PGD:CD:N5,,6,0.166667,CHN: 6 active VG gates in series (name LEN6) = 6 transistors in the current path = 6; Scalar = 1/6,,50,4,1,1,"0/50,0:7;4:r0[3],2:3;",,"14:r14[7],4:5;17:r13[7],4:5;18:r13[7],4;21:r13[7],4;13,3;","vg,14:r14[3],9;vt,13,6;vt,14:r13[7],13;vt,17:r13[7],13;vt,18:r12[7],11;vt,21:r13[7],11;",6,9;11;,"0:r0,0:r0,0.046,nlvt;"
DIFFCHN-LEN6-04,DIFFCHN132-NZ5-L-LEN6-A_PXL_PGD_CD_NOM.png,DIFFCHN,LEN6,DIFFCHN-<MOS>-LEN<n>-A:PXL:PGD:CD:NOM,1,x81zs_diffchn03,ch132,DIFFCHN132-NZ5-L-LEN6-A:PXL:PGD:CD:NOM,,6,0.166667,CHN: 6 active VG gates in series (name LEN6) = 6 transistors in the current path = 6; Scalar = 1/6,,50,4,1,1,"0/50,0:7;4:r0[3],2:3;",,"14:r14[7],4:5;17:r13[7],4:5;18:r13[7],4;21:r13[7],4;13,3;","vg,14:r14[3],9;vt,13,6;vt,14:r13[7],13;vt,17:r13[7],13;vt,18:r12[7],11;vt,21:r13[7],11;",6,9;11;,"0:r0,0:r0,0.046,nlvt;"
DIFFCHN-LEN6-05,DIFFCHN132-NZ5-L-LEN6-A_FTI_OGD_REG_N6.png,DIFFCHN,LEN6,DIFFCHN-<MOS>-LEN<n>-A:FTI:OGD:REG:<SKEW>,10,x81zs_diffchn03,ch132,DIFFCHN132-NZ5-L-LEN6-A:FTI:OGD:REG:N6,,6,0.166667,CHN: 6 active VG gates in series (name LEN6) = 6 transistors in the current path = 6; Scalar = 1/6,,50,4,1,1,"0/50,0:7;4:r0[3],2:3;",,"14:r14[7],4:5;17:r13[7],4:5;18:r13[7],4;21:r13[7],4;13,3;","vg,14:r14[3],9;vt,13,6;vt,14:r13[7],13;vt,17:r13[7],13;vt,18:r12[7],11;vt,21:r13[7],11;",6,9;11;,"0:r0,0:r0,0.046,nlvt;"
DIFFCHN-LEN6-06,DIFFCHN132-NZ5-L-LEN6-A_FTI_OGD_REG_NOM.png,DIFFCHN,LEN6,DIFFCHN-<MOS>-LEN<n>-A:FTI:OGD:REG:NOM,1,x81zs_diffchn03,ch132,DIFFCHN132-NZ5-L-LEN6-A:FTI:OGD:REG:NOM,,6,0.166667,CHN: 6 active VG gates in series (name LEN6) = 6 transistors in the current path = 6; Scalar = 1/6,,50,4,1,1,"0/50,0:7;4:r0[3],2:3;",,"14:r14[7],4:5;17:r13[7],4:5;18:r13[7],4;21:r13[7],4;13,3;","vg,14:r14[3],9;vt,13,6;vt,14:r13[7],13;vt,17:r13[7],13;vt,18:r12[7],11;vt,21:r13[7],11;",6,9;11;,"0:r0,0:r0,0.046,nlvt;"
DIFFCHN-LEN10FC-01,DIFFCHN132-NZ5-L-LEN10FC-D_PXL_PGD_REG_N8.png,DIFFCHN,LEN10FC,DIFFCHN-<MOS>-LEN<n>FC-D:PXL:PGD:REG:<SKEW>,10,x81zs_diffchn03,ch132,DIFFCHN132-NZ5-L-LEN10FC-D:PXL:PGD:REG:N8,,19,0.0526316,CHN: 19 active VG gates in series (name LEN10) = 19 transistors in the current path = 19; Scalar = 1/19,name says LEN10 but 19 active VG gates in series (stacked),50,4,1,1,"0/50,0:7;3:r2[1],2:3;2:50[1],4:5;","16:r16[1],3;17:r17[1],5;","16:r16,4,5;15,3;r15,4;","vg,16:r16[1],9;vg,17:r17[1],14;vt,15,6;vt,r15,11;",6,11;9;14,"0:r0,0:r0,0.046,nlvt;"
DIFFCHN-LEN10FC-02,DIFFCHN132-NZ5-L-LEN10FC-D_PXL_PGD_REG_NOM.png,DIFFCHN,LEN10FC,DIFFCHN-<MOS>-LEN<n>FC-D:PXL:PGD:REG:NOM,1,x81zs_diffchn03,ch132,DIFFCHN132-NZ5-L-LEN10FC-D:PXL:PGD:REG:NOM,,19,0.0526316,CHN: 19 active VG gates in series (name LEN10) = 19 transistors in the current path = 19; Scalar = 1/19,name says LEN10 but 19 active VG gates in series (stacked),50,4,1,1,"0/50,0:7;3:r2[1],2:3;2:50[1],4:5;","16:r16[1],3;17:r17[1],5;","16:r16,4,5;15,3;r15,4;","vg,16:r16[1],9;vg,17:r17[1],14;vt,15,6;vt,r15,11;",6,11;9;14,"0:r0,0:r0,0.046,nlvt;"
DIFFCHN-LEN10FC-03,DIFFCHN132-NZ5-L-LEN10FC-D_PXL_PGD_CD_N5.png,DIFFCHN,LEN10FC,DIFFCHN-<MOS>-LEN<n>FC-D:PXL:PGD:CD:<SKEW>,6,x81zs_diffchn03,ch132,DIFFCHN132-NZ5-L-LEN10FC-D:PXL:PGD:CD:N5,,19,0.0526316,CHN: 19 active VG gates in series (name LEN10) = 19 transistors in the current path = 19; Scalar = 1/19,name says LEN10 but 19 active VG gates in series (stacked),50,4,1,1,"0/50,0:7;3:r2[1],2:3;2:50[1],4:5;","16:r16[1],3;17:r17[1],5;","16:r16,4,5;15,3;r15,4;","vg,16:r16[1],9;vg,17:r17[1],14;vt,15,6;vt,r15,11;",6,11;9;14,"0:r0,0:r0,0.046,nlvt;"
DIFFCHN-LEN10FC-04,DIFFCHN132-NZ5-L-LEN10FC-D_PXL_PGD_CD_NOM.png,DIFFCHN,LEN10FC,DIFFCHN-<MOS>-LEN<n>FC-D:PXL:PGD:CD:NOM,1,x81zs_diffchn03,ch132,DIFFCHN132-NZ5-L-LEN10FC-D:PXL:PGD:CD:NOM,,19,0.0526316,CHN: 19 active VG gates in series (name LEN10) = 19 transistors in the current path = 19; Scalar = 1/19,name says LEN10 but 19 active VG gates in series (stacked),50,4,1,1,"0/50,0:7;3:r2[1],2:3;2:50[1],4:5;","16:r16[1],3;17:r17[1],5;","16:r16,4,5;15,3;r15,4;","vg,16:r16[1],9;vg,17:r17[1],14;vt,15,6;vt,r15,11;",6,11;9;14,"0:r0,0:r0,0.046,nlvt;"
DIFFCHN-LEN6-07,DIFFCHN132-PZ5-L-LEN6-A_PXL_PGD_REG_N8.png,DIFFCHN,LEN6,DIFFCHN-<MOS>-LEN<n>-A:PXL:PGD:REG:<SKEW>,10,x81zs_diffchn03,ch132,DIFFCHN132-PZ5-L-LEN6-A:PXL:PGD:REG:N8,,6,0.166667,CHN: 6 active VG gates in series (name LEN6) = 6 transistors in the current path = 6; Scalar = 1/6,,50,4,1,1,"0/50,0:7;4:r0[3],2:3;",,"14:r14[7],4:5;17:r13[7],4:5;18:r13[7],4;21:r13[7],4;13,3;","vg,14:r14[3],9;vt,13,6;vt,14:r13[7],13;vt,17:r13[7],13;vt,18:r12[7],11;vt,21:r13[7],11;",6,9;11;,"0:r0,0:r0,0.046,plvt;"
DIFFCHN-LEN6-08,DIFFCHN132-PZ5-L-LEN6-A_PXL_PGD_REG_NOM.png,DIFFCHN,LEN6,DIFFCHN-<MOS>-LEN<n>-A:PXL:PGD:REG:NOM,1,x81zs_diffchn03,ch132,DIFFCHN132-PZ5-L-LEN6-A:PXL:PGD:REG:NOM,,6,0.166667,CHN: 6 active VG gates in series (name LEN6) = 6 transistors in the current path = 6; Scalar = 1/6,,50,4,1,1,"0/50,0:7;4:r0[3],2:3;",,"14:r14[7],4:5;17:r13[7],4:5;18:r13[7],4;21:r13[7],4;13,3;","vg,14:r14[3],9;vt,13,6;vt,14:r13[7],13;vt,17:r13[7],13;vt,18:r12[7],11;vt,21:r13[7],11;",6,9;11;,"0:r0,0:r0,0.046,plvt;"
DIFFCHN-LEN6-09,DIFFCHN132-PZ5-L-LEN6-A_PXL_PGD_CD_N5.png,DIFFCHN,LEN6,DIFFCHN-<MOS>-LEN<n>-A:PXL:PGD:CD:<SKEW>,6,x81zs_diffchn03,ch132,DIFFCHN132-PZ5-L-LEN6-A:PXL:PGD:CD:N5,,6,0.166667,CHN: 6 active VG gates in series (name LEN6) = 6 transistors in the current path = 6; Scalar = 1/6,,50,4,1,1,"0/50,0:7;4:r0[3],2:3;",,"14:r14[7],4:5;17:r13[7],4:5;18:r13[7],4;21:r13[7],4;13,3;","vg,14:r14[3],9;vt,13,6;vt,14:r13[7],13;vt,17:r13[7],13;vt,18:r12[7],11;vt,21:r13[7],11;",6,9;11;,"0:r0,0:r0,0.046,plvt;"
DIFFCHN-LEN6-10,DIFFCHN132-PZ5-L-LEN6-A_PXL_PGD_CD_NOM.png,DIFFCHN,LEN6,DIFFCHN-<MOS>-LEN<n>-A:PXL:PGD:CD:NOM,1,x81zs_diffchn03,ch132,DIFFCHN132-PZ5-L-LEN6-A:PXL:PGD:CD:NOM,,6,0.166667,CHN: 6 active VG gates in series (name LEN6) = 6 transistors in the current path = 6; Scalar = 1/6,,50,4,1,1,"0/50,0:7;4:r0[3],2:3;",,"14:r14[7],4:5;17:r13[7],4:5;18:r13[7],4;21:r13[7],4;13,3;","vg,14:r14[3],9;vt,13,6;vt,14:r13[7],13;vt,17:r13[7],13;vt,18:r12[7],11;vt,21:r13[7],11;",6,9;11;,"0:r0,0:r0,0.046,plvt;"
DIFFCHN-LEN6-11,DIFFCHN132-PZ5-L-LEN6-A_FTI_OGD_REG_N6.png,DIFFCHN,LEN6,DIFFCHN-<MOS>-LEN<n>-A:FTI:OGD:REG:<SKEW>,10,x81zs_diffchn03,ch132,DIFFCHN132-PZ5-L-LEN6-A:FTI:OGD:REG:N6,,6,0.166667,CHN: 6 active VG gates in series (name LEN6) = 6 transistors in the current path = 6; Scalar = 1/6,,50,4,1,1,"0/50,0:7;4:r0[3],2:3;",,"14:r14[7],4:5;17:r13[7],4:5;18:r13[7],4;21:r13[7],4;13,3;","vg,14:r14[3],9;vt,13,6;vt,14:r13[7],13;vt,17:r13[7],13;vt,18:r12[7],11;vt,21:r13[7],11;",6,9;11;,"0:r0,0:r0,0.046,plvt;"
DIFFCHN-LEN6-12,DIFFCHN132-PZ5-L-LEN6-A_FTI_OGD_REG_NOM.png,DIFFCHN,LEN6,DIFFCHN-<MOS>-LEN<n>-A:FTI:OGD:REG:NOM,1,x81zs_diffchn03,ch132,DIFFCHN132-PZ5-L-LEN6-A:FTI:OGD:REG:NOM,,6,0.166667,CHN: 6 active VG gates in series (name LEN6) = 6 transistors in the current path = 6; Scalar = 1/6,,50,4,1,1,"0/50,0:7;4:r0[3],2:3;",,"14:r14[7],4:5;17:r13[7],4:5;18:r13[7],4;21:r13[7],4;13,3;","vg,14:r14[3],9;vt,13,6;vt,14:r13[7],13;vt,17:r13[7],13;vt,18:r12[7],11;vt,21:r13[7],11;",6,9;11;,"0:r0,0:r0,0.046,plvt;"
DIFFCHN-LEN10FC-05,DIFFCHN132-PZ5-L-LEN10FC-D_PXL_PGD_REG_N8.png,DIFFCHN,LEN10FC,DIFFCHN-<MOS>-LEN<n>FC-D:PXL:PGD:REG:<SKEW>,10,x81zs_diffchn03,ch132,DIFFCHN132-PZ5-L-LEN10FC-D:PXL:PGD:REG:N8,,19,0.0526316,CHN: 19 active VG gates in series (name LEN10) = 19 transistors in the current path = 19; Scalar = 1/19,name says LEN10 but 19 active VG gates in series (stacked),50,4,1,1,"0/50,0:7;3:r2[1],2:3;2:50[1],4:5;","16:r16[1],3;17:r17[1],5;","16:r16,4,5;15,3;r15,4;","vg,16:r16[1],9;vg,17:r17[1],14;vt,15,6;vt,r15,11;",6,11;9;14,"0:r0,0:r0,0.046,plvt;"
DIFFCHN-LEN10FC-06,DIFFCHN132-PZ5-L-LEN10FC-D_PXL_PGD_REG_NOM.png,DIFFCHN,LEN10FC,DIFFCHN-<MOS>-LEN<n>FC-D:PXL:PGD:REG:NOM,1,x81zs_diffchn03,ch132,DIFFCHN132-PZ5-L-LEN10FC-D:PXL:PGD:REG:NOM,,19,0.0526316,CHN: 19 active VG gates in series (name LEN10) = 19 transistors in the current path = 19; Scalar = 1/19,name says LEN10 but 19 active VG gates in series (stacked),50,4,1,1,"0/50,0:7;3:r2[1],2:3;2:50[1],4:5;","16:r16[1],3;17:r17[1],5;","16:r16,4,5;15,3;r15,4;","vg,16:r16[1],9;vg,17:r17[1],14;vt,15,6;vt,r15,11;",6,11;9;14,"0:r0,0:r0,0.046,plvt;"
DIFFCHN-LEN10FC-07,DIFFCHN132-PZ5-L-LEN10FC-D_PXL_PGD_CD_N5.png,DIFFCHN,LEN10FC,DIFFCHN-<MOS>-LEN<n>FC-D:PXL:PGD:CD:<SKEW>,6,x81zs_diffchn03,ch132,DIFFCHN132-PZ5-L-LEN10FC-D:PXL:PGD:CD:N5,,19,0.0526316,CHN: 19 active VG gates in series (name LEN10) = 19 transistors in the current path = 19; Scalar = 1/19,name says LEN10 but 19 active VG gates in series (stacked),50,4,1,1,"0/50,0:7;3:r2[1],2:3;2:50[1],4:5;","16:r16[1],3;17:r17[1],5;","16:r16,4,5;15,3;r15,4;","vg,16:r16[1],9;vg,17:r17[1],14;vt,15,6;vt,r15,11;",6,11;9;14,"0:r0,0:r0,0.046,plvt;"
DIFFCHN-LEN10FC-08,DIFFCHN132-PZ5-L-LEN10FC-D_PXL_PGD_CD_NOM.png,DIFFCHN,LEN10FC,DIFFCHN-<MOS>-LEN<n>FC-D:PXL:PGD:CD:NOM,1,x81zs_diffchn03,ch132,DIFFCHN132-PZ5-L-LEN10FC-D:PXL:PGD:CD:NOM,,19,0.0526316,CHN: 19 active VG gates in series (name LEN10) = 19 transistors in the current path = 19; Scalar = 1/19,name says LEN10 but 19 active VG gates in series (stacked),50,4,1,1,"0/50,0:7;3:r2[1],2:3;2:50[1],4:5;","16:r16[1],3;17:r17[1],5;","16:r16,4,5;15,3;r15,4;","vg,16:r16[1],9;vg,17:r17[1],14;vt,15,6;vt,r15,11;",6,11;9;14,"0:r0,0:r0,0.046,plvt;"
DIFFCHN-B-33,DIFFCHN110-NZ1-L-B-60xSTKx2FLEN24-SDR_Z_REF_NOM.png,DIFFCHN,B,DIFFCHN-<MOS>-B-60xSTKx2FLEN<n>-SDR:Z:REF:NOM,1,x81zs_diffchn03,ch110,DIFFCHN110-NZ1-L-B-60xSTKx2FLEN24-SDR:Z:REF:NOM,,2880,0.000347222,CHN: 48 active VG gates in series as 24 stacked groups of 2 (name LEN24) = 48 transistors in the current path; x 1x60 chains in the array = 2880; Scalar = 1/2880,name says LEN24 but 48 active VG gates in series (stacked) | 60 chains stacked in a 1x60 array (multi-instance); every transistor site is counted,50,4,1,60,"0/50,0:7;5:48[3],2:3;4:48[3],2:3;3:50[3],4:5;2:50[3],4:5;","2:r3[3],3;3:r2[3],3;4:r2[3],5;5:r1[3],5;","3:r1[1],4,5;1,3;","vg,2:r3[3],9;vg,3:r2[3],9;vg,4:r2[3],14;vg,5:r1[3],14;vt,1,6;vt,r0,11;",6,11;9;14,"0:r0,0:r0,0.027,nlvt;"
DIFFCHN-B-34,DIFFCHN110-PZ1-L-B-60xSTKx2FLEN24-SDR_Z_REF_NOM.png,DIFFCHN,B,DIFFCHN-<MOS>-B-60xSTKx2FLEN<n>-SDR:Z:REF:NOM,1,x81zs_diffchn03,ch110,DIFFCHN110-PZ1-L-B-60xSTKx2FLEN24-SDR:Z:REF:NOM,end,2880,0.000347222,CHN: 48 active VG gates in series as 24 stacked groups of 2 (name LEN24) = 48 transistors in the current path; x 1x60 chains in the array = 2880; Scalar = 1/2880,name says LEN24 but 48 active VG gates in series (stacked) | 60 chains stacked in a 1x60 array (multi-instance); every transistor site is counted,50,4,1,60,"0/50,0:7;5:48[3],2:3;4:48[3],2:3;3:50[3],4:5;2:50[3],4:5;","2:r3[3],3;3:r2[3],3;4:r2[3],5;5:r1[3],5;","3:r1[1],4,5;1,3;","vg,2:r3[3],9;vg,3:r2[3],9;vg,4:r2[3],14;vg,5:r1[3],14;vt,1,6;vt,r0,11;",6,11;9;14,"0:r0,0:r0,0.027,plvt;"
DIFFCHN-A-15,DIFFCHN110-NZ1-L-A-LEN6-PXL_PGD_CD_N5.png,DIFFCHN,A,DIFFCHN-<MOS>-A-LEN<n>-PXL:PGD:CD:<SKEW>,6,x81zs_diffchn04,ch110,DIFFCHN110-NZ1-L-A-LEN6-PXL:PGD:CD:N5,,6,0.166667,CHN: 6 active VG gates in series (name LEN6) = 6 transistors in the current path = 6; Scalar = 1/6,,50,4,1,1,"0/50,0:7;4:r0[3],2:3;",,"14:r14[7],4:5;17:r13[7],4:5;18:r13[7],4;21:r13[7],4;13,3;","vg,14:r14[3],9;vt,13,6;vt,14:r13[7],13;vt,17:r13[7],13;vt,18:r12[7],11;vt,21:r13[7],11;",6,9;11;,"0:r0,0:r0,0.027,nlvt;"
DIFFCHN-A-16,DIFFCHN110-NZ1-L-A-LEN6-PXL_PGD_CD_NOM.png,DIFFCHN,A,DIFFCHN-<MOS>-A-LEN<n>-PXL:PGD:CD:NOM,1,x81zs_diffchn04,ch110,DIFFCHN110-NZ1-L-A-LEN6-PXL:PGD:CD:NOM,,6,0.166667,CHN: 6 active VG gates in series (name LEN6) = 6 transistors in the current path = 6; Scalar = 1/6,,50,4,1,1,"0/50,0:7;4:r0[3],2:3;",,"14:r14[7],4:5;17:r13[7],4:5;18:r13[7],4;21:r13[7],4;13,3;","vg,14:r14[3],9;vt,13,6;vt,14:r13[7],13;vt,17:r13[7],13;vt,18:r12[7],11;vt,21:r13[7],11;",6,9;11;,"0:r0,0:r0,0.027,nlvt;"
DIFFCHN-A-17,DIFFCHN110-PZ1-L-A-LEN6-PXL_PGD_CD_N5.png,DIFFCHN,A,DIFFCHN-<MOS>-A-LEN<n>-PXL:PGD:CD:<SKEW>,6,x81zs_diffchn04,ch110,DIFFCHN110-PZ1-L-A-LEN6-PXL:PGD:CD:N5,,6,0.166667,CHN: 6 active VG gates in series (name LEN6) = 6 transistors in the current path = 6; Scalar = 1/6,,50,4,1,1,"0/50,0:7;4:r0[3],2:3;",,"14:r14[7],4:5;17:r13[7],4:5;18:r13[7],4;21:r13[7],4;13,3;","vg,14:r14[3],9;vt,13,6;vt,14:r13[7],13;vt,17:r13[7],13;vt,18:r12[7],11;vt,21:r13[7],11;",6,9;11;,"0:r0,0:r0,0.027,plvt;"
DIFFCHN-A-18,DIFFCHN110-PZ1-L-A-LEN6-PXL_PGD_CD_NOM.png,DIFFCHN,A,DIFFCHN-<MOS>-A-LEN<n>-PXL:PGD:CD:NOM,1,x81zs_diffchn04,ch110,DIFFCHN110-PZ1-L-A-LEN6-PXL:PGD:CD:NOM,,6,0.166667,CHN: 6 active VG gates in series (name LEN6) = 6 transistors in the current path = 6; Scalar = 1/6,,50,4,1,1,"0/50,0:7;4:r0[3],2:3;",,"14:r14[7],4:5;17:r13[7],4:5;18:r13[7],4;21:r13[7],4;13,3;","vg,14:r14[3],9;vt,13,6;vt,14:r13[7],13;vt,17:r13[7],13;vt,18:r12[7],11;vt,21:r13[7],11;",6,9;11;,"0:r0,0:r0,0.027,plvt;"
DIFFCHN-LEN6-13,DIFFCHN165-NZ7-L-LEN6-A_PXL_PGD_REG_N8.png,DIFFCHN,LEN6,DIFFCHN-<MOS>-LEN<n>-A:PXL:PGD:REG:<SKEW>,10,x81zs_diffchn04,ch165,DIFFCHN165-NZ7-L-LEN6-A:PXL:PGD:REG:N8,,6,0.166667,CHN: 6 active VG gates in series (name LEN6) = 6 transistors in the current path = 6; Scalar = 1/6,,50,4,1,1,"0/50,0:7;4:r0[3],2:3;","14:r14[3],3;","14:r14[7],4:5;17:r13[7],4:5;18:r13[7],4;21:r13[7],4;13,3;","vg,14:r14[3],9;vt,13,7;vt,14:r13[7],13;vt,17:r13[7],13;vt,18:r12[7],11;vt,21:r13[7],11;",7,9;11;,"0:r0,0:r0,0.062,nlvt;"
DIFFCHN-LEN6-14,DIFFCHN165-NZ7-L-LEN6-A_PXL_PGD_REG_NOM.png,DIFFCHN,LEN6,DIFFCHN-<MOS>-LEN<n>-A:PXL:PGD:REG:NOM,1,x81zs_diffchn04,ch165,DIFFCHN165-NZ7-L-LEN6-A:PXL:PGD:REG:NOM,,6,0.166667,CHN: 6 active VG gates in series (name LEN6) = 6 transistors in the current path = 6; Scalar = 1/6,,50,4,1,1,"0/50,0:7;4:r0[3],2:3;","14:r14[3],3;","14:r14[7],4:5;17:r13[7],4:5;18:r13[7],4;21:r13[7],4;13,3;","vg,14:r14[3],9;vt,13,7;vt,14:r13[7],13;vt,17:r13[7],13;vt,18:r12[7],11;vt,21:r13[7],11;",7,9;11;,"0:r0,0:r0,0.062,nlvt;"
DIFFCHN-LEN6-15,DIFFCHN165-NZ7-L-LEN6-A_PXL_PGD_CD_N5.png,DIFFCHN,LEN6,DIFFCHN-<MOS>-LEN<n>-A:PXL:PGD:CD:<SKEW>,6,x81zs_diffchn04,ch165,DIFFCHN165-NZ7-L-LEN6-A:PXL:PGD:CD:N5,,6,0.166667,CHN: 6 active VG gates in series (name LEN6) = 6 transistors in the current path = 6; Scalar = 1/6,,50,4,1,1,"0/50,0:7;4:r0[3],2:3;","14:r14[3],3;","14:r14[7],4:5;17:r13[7],4:5;18:r13[7],4;21:r13[7],4;13,3;","vg,14:r14[3],9;vt,13,7;vt,14:r13[7],13;vt,17:r13[7],13;vt,18:r12[7],11;vt,21:r13[7],11;",7,9;11;,"0:r0,0:r0,0.062,nlvt;"
DIFFCHN-LEN6-16,DIFFCHN165-NZ7-L-LEN6-A_PXL_PGD_CD_NOM.png,DIFFCHN,LEN6,DIFFCHN-<MOS>-LEN<n>-A:PXL:PGD:CD:NOM,1,x81zs_diffchn04,ch165,DIFFCHN165-NZ7-L-LEN6-A:PXL:PGD:CD:NOM,,6,0.166667,CHN: 6 active VG gates in series (name LEN6) = 6 transistors in the current path = 6; Scalar = 1/6,,50,4,1,1,"0/50,0:7;4:r0[3],2:3;","14:r14[3],3;","14:r14[7],4:5;17:r13[7],4:5;18:r13[7],4;21:r13[7],4;13,3;","vg,14:r14[3],9;vt,13,7;vt,14:r13[7],13;vt,17:r13[7],13;vt,18:r12[7],11;vt,21:r13[7],11;",7,9;11;,"0:r0,0:r0,0.062,nlvt;"
DIFFCHN-LEN6-17,DIFFCHN165-PZ7-L-LEN6-A_PXL_PGD_REG_N8.png,DIFFCHN,LEN6,DIFFCHN-<MOS>-LEN<n>-A:PXL:PGD:REG:<SKEW>,10,x81zs_diffchn04,ch165,DIFFCHN165-PZ7-L-LEN6-A:PXL:PGD:REG:N8,,6,0.166667,CHN: 6 active VG gates in series (name LEN6) = 6 transistors in the current path = 6; Scalar = 1/6,,50,4,1,1,"0/50,0:7;4:r0[3],2:3;","14:r14[3],3;","14:r14[7],4:5;17:r13[7],4:5;18:r13[7],4;21:r13[7],4;13,3;","vg,14:r14[3],9;vt,13,7;vt,14:r13[7],13;vt,17:r13[7],13;vt,18:r12[7],11;vt,21:r13[7],11;",7,9;11;,"0:r0,0:r0,0.062,plvt;"
DIFFCHN-LEN6-18,DIFFCHN165-PZ7-L-LEN6-A_PXL_PGD_REG_NOM.png,DIFFCHN,LEN6,DIFFCHN-<MOS>-LEN<n>-A:PXL:PGD:REG:NOM,1,x81zs_diffchn04,ch165,DIFFCHN165-PZ7-L-LEN6-A:PXL:PGD:REG:NOM,,6,0.166667,CHN: 6 active VG gates in series (name LEN6) = 6 transistors in the current path = 6; Scalar = 1/6,,50,4,1,1,"0/50,0:7;4:r0[3],2:3;","14:r14[3],3;","14:r14[7],4:5;17:r13[7],4:5;18:r13[7],4;21:r13[7],4;13,3;","vg,14:r14[3],9;vt,13,7;vt,14:r13[7],13;vt,17:r13[7],13;vt,18:r12[7],11;vt,21:r13[7],11;",7,9;11;,"0:r0,0:r0,0.062,plvt;"
DIFFCHN-LEN6-19,DIFFCHN165-PZ7-L-LEN6-A_PXL_PGD_CD_N5.png,DIFFCHN,LEN6,DIFFCHN-<MOS>-LEN<n>-A:PXL:PGD:CD:<SKEW>,6,x81zs_diffchn04,ch165,DIFFCHN165-PZ7-L-LEN6-A:PXL:PGD:CD:N5,,6,0.166667,CHN: 6 active VG gates in series (name LEN6) = 6 transistors in the current path = 6; Scalar = 1/6,,50,4,1,1,"0/50,0:7;4:r0[3],2:3;","14:r14[3],3;","14:r14[7],4:5;17:r13[7],4:5;18:r13[7],4;21:r13[7],4;13,3;","vg,14:r14[3],9;vt,13,7;vt,14:r13[7],13;vt,17:r13[7],13;vt,18:r12[7],11;vt,21:r13[7],11;",7,9;11;,"0:r0,0:r0,0.062,plvt;"
DIFFCHN-LEN6-20,DIFFCHN165-PZ7-L-LEN6-A_PXL_PGD_CD_NOM.png,DIFFCHN,LEN6,DIFFCHN-<MOS>-LEN<n>-A:PXL:PGD:CD:NOM,1,x81zs_diffchn04,ch165,DIFFCHN165-PZ7-L-LEN6-A:PXL:PGD:CD:NOM,,6,0.166667,CHN: 6 active VG gates in series (name LEN6) = 6 transistors in the current path = 6; Scalar = 1/6,,50,4,1,1,"0/50,0:7;4:r0[3],2:3;","14:r14[3],3;","14:r14[7],4:5;17:r13[7],4:5;18:r13[7],4;21:r13[7],4;13,3;","vg,14:r14[3],9;vt,13,7;vt,14:r13[7],13;vt,17:r13[7],13;vt,18:r12[7],11;vt,21:r13[7],11;",7,9;11;,"0:r0,0:r0,0.062,plvt;"
DIFFCHN-LEN10FC-09,DIFFCHN165-NZ7-L-LEN10FC-D_PXL_PGD_REG_N8.png,DIFFCHN,LEN10FC,DIFFCHN-<MOS>-LEN<n>FC-D:PXL:PGD:REG:<SKEW>,8,x81zs_diffchn04,ch165,DIFFCHN165-NZ7-L-LEN10FC-D:PXL:PGD:REG:N8,,19,0.0526316,CHN: 19 active VG gates in series (name LEN10) = 19 transistors in the current path = 19; Scalar = 1/19,name says LEN10 but 19 active VG gates in series (stacked),50,4,1,1,"0/50,0:7;3:r2[1],2:3;2:50[1],4:5;","16:r16[1],3;17:r17[1],5;","16:r15,4,5;15,3;r15,4;","vg,16:r16[1],9;vg,17:r17[1],14;vt,15,7;vt,r15,11;",7,11;9;14,"0:r0,0:r0,0.062,nlvt;"
DIFFCHN-LEN10FC-10,DIFFCHN165-NZ7-L-LEN10FC-D_PXL_PGD_REG_NOM.png,DIFFCHN,LEN10FC,DIFFCHN-<MOS>-LEN<n>FC-D:PXL:PGD:REG:NOM,1,x81zs_diffchn04,ch165,DIFFCHN165-NZ7-L-LEN10FC-D:PXL:PGD:REG:NOM,,19,0.0526316,CHN: 19 active VG gates in series (name LEN10) = 19 transistors in the current path = 19; Scalar = 1/19,name says LEN10 but 19 active VG gates in series (stacked),50,4,1,1,"0/50,0:7;3:r2[1],2:3;2:50[1],4:5;","16:r16[1],3;17:r17[1],5;","16:r15,4,5;15,3;r15,4;","vg,16:r16[1],9;vg,17:r17[1],14;vt,15,7;vt,r15,11;",7,11;9;14,"0:r0,0:r0,0.062,nlvt;"
DIFFCHN-LEN10FC-11,DIFFCHN165-PZ7-L-LEN10FC-D_PXL_PGD_REG_N8.png,DIFFCHN,LEN10FC,DIFFCHN-<MOS>-LEN<n>FC-D:PXL:PGD:REG:<SKEW>,8,x81zs_diffchn04,ch165,DIFFCHN165-PZ7-L-LEN10FC-D:PXL:PGD:REG:N8,,19,0.0526316,CHN: 19 active VG gates in series (name LEN10) = 19 transistors in the current path = 19; Scalar = 1/19,name says LEN10 but 19 active VG gates in series (stacked),50,4,1,1,"0/50,0:7;3:r2[1],2:3;2:50[1],4:5;","16:r16[1],3;17:r17[1],5;","16:r15,4,5;15,3;r15,4;","vg,16:r16[1],9;vg,17:r17[1],14;vt,15,7;vt,r15,11;",7,11;9;14,"0:r0,0:r0,0.062,plvt;"
DIFFCHN-LEN10FC-12,DIFFCHN165-PZ7-L-LEN10FC-D_PXL_PGD_REG_NOM.png,DIFFCHN,LEN10FC,DIFFCHN-<MOS>-LEN<n>FC-D:PXL:PGD:REG:NOM,1,x81zs_diffchn04,ch165,DIFFCHN165-PZ7-L-LEN10FC-D:PXL:PGD:REG:NOM,,19,0.0526316,CHN: 19 active VG gates in series (name LEN10) = 19 transistors in the current path = 19; Scalar = 1/19,name says LEN10 but 19 active VG gates in series (stacked),50,4,1,1,"0/50,0:7;3:r2[1],2:3;2:50[1],4:5;","16:r16[1],3;17:r17[1],5;","16:r15,4,5;15,3;r15,4;","vg,16:r16[1],9;vg,17:r17[1],14;vt,15,7;vt,r15,11;",7,11;9;14,"0:r0,0:r0,0.062,plvt;"
DIFFOGD-A-01,DIFFOGD132-N46-L-A_FTIML_SDR.png,DIFFOGD,A,DIFFOGD-<MOS>-A:FTIML:SDR,3,x81zs_diffiso01_e x81zs_diffiso03,ch110 ch132,DIFFOGD132-N46-L-A:FTIML:SDR,"DiffOGD CH132, Z5 - 46nm, Ndiff, LVT, pp44, 1FC FTI, SDR Reference",8400,0.000119048,"OGD DIFF: 7 active FTI columns/unit x 4 device diff tracks cut by each FTI (LO diff one side, HI diff other side) = 28 LKG paths/unit; x 5x60 unit cells = 8400; Scalar = 1/8400",1 unit-boundary FTI column(s) excluded from active FTI count,24,4,5,60,"0,0:7;3/6/9/12/15/18/21,2:3;3/6/9/12/15/18/21,6:7;",,"2/3/5/6/8/9/11/12/14/15/17/18/20/21,3/7","vt,2/6/8/12/14/18/20,6/16;vt,3/5/9/11/15/17/21,9/19",6; 16,9; 19,"0:23,0/1/4/5,0.046,plvt;0:23,2/3/6/7,0.046,nlvt;"
DIFFOGD-A-02,DIFFOGD132-N46-L-A_FTIML_OGD_CD_N5.png,DIFFOGD,A,DIFFOGD-<MOS>-A:FTIML:OGD:CD:<SKEW>,30,x81zs_diffiso01_e x81zs_diffiso03,ch110 ch132,DIFFOGD132-N46-L-A:FTIML:OGD:CD:N5,"DiffOGD CH132, Z5 - 46nm, Ndiff, LVT, pp44, 1FC FTI, CD skew -5 in OGD",8400,0.000119048,"OGD DIFF: 7 active FTI columns/unit x 4 device diff tracks cut by each FTI (LO diff one side, HI diff other side) = 28 LKG paths/unit; x 5x60 unit cells = 8400; Scalar = 1/8400",1 unit-boundary FTI column(s) excluded from active FTI count,24,4,5,60,"0,0:7;3/6/9/12/15/18/21,2:3;3/6/9/12/15/18/21,6:7;",,"2/3/5/6/8/9/11/12/14/15/17/18/20/21,3/7","vt,2/6/8/12/14/18/20,6/16;vt,3/5/9/11/15/17/21,9/19",6; 16,9; 19,"0:23,0/1/4/5,0.046,plvt;0:23,2/3/6/7,0.046,nlvt;"
DIFFOGD-A-03,DIFFOGD132-N46-L-A_FTIML_PGD_CD_N5.png,DIFFOGD,A,DIFFOGD-<MOS>-A:FTIML:PGD:CD:<SKEW>,30,x81zs_diffiso01_e x81zs_diffiso03,ch110 ch132,DIFFOGD132-N46-L-A:FTIML:PGD:CD:N5,"DiffOGD CH132, Z5 - 46nm, Ndiff, LVT, pp44, 1FC FTI, CD skew -5 in PGD",8400,0.000119048,"OGD DIFF: 7 active FTI columns/unit x 4 device diff tracks cut by each FTI (LO diff one side, HI diff other side) = 28 LKG paths/unit; x 5x60 unit cells = 8400; Scalar = 1/8400",1 unit-boundary FTI column(s) excluded from active FTI count,24,4,5,60,"0,0:7;3/6/9/12/15/18/21,2:3;3/6/9/12/15/18/21,6:7;",,"2/3/5/6/8/9/11/12/14/15/17/18/20/21,3/7","vt,2/6/8/12/14/18/20,6/16;vt,3/5/9/11/15/17/21,9/19",6; 16,9; 19,"0:23,0/1/4/5,0.046,plvt;0:23,2/3/6/7,0.046,nlvt;"
DIFFOGD-A-04,DIFFOGD132-N46-L-A_FTIML_OGD_REG_N6.png,DIFFOGD,A,DIFFOGD-<MOS>-A:FTIML:OGD:REG:<SKEW>,18,x81zs_diffiso01_e x81zs_diffiso03,ch110 ch132,DIFFOGD132-N46-L-A:FTIML:OGD:REG:N6,"DiffOGD CH132, Z5 - 46nm, Ndiff, LVT, pp44, 1FC FTI, REG skew -6 in OGD",8400,0.000119048,"OGD DIFF: 7 active FTI columns/unit x 4 device diff tracks cut by each FTI (LO diff one side, HI diff other side) = 28 LKG paths/unit; x 5x60 unit cells = 8400; Scalar = 1/8400",1 unit-boundary FTI column(s) excluded from active FTI count,24,4,5,60,"0,0:7;3/6/9/12/15/18/21,2:3;3/6/9/12/15/18/21,6:7;",,"2/3/5/6/8/9/11/12/14/15/17/18/20/21,3/7","vt,2/6/8/12/14/18/20,6/16;vt,3/5/9/11/15/17/21,9/19",6; 16,9; 19,"0:23,0/1/4/5,0.046,plvt;0:23,2/3/6/7,0.046,nlvt;"
DIFFOGD-A-05,DIFFOGD132-N46-L-A_FTIML_PGD_REG_N6.png,DIFFOGD,A,DIFFOGD-<MOS>-A:FTIML:PGD:REG:<SKEW>,17,x81zs_diffiso01_e x81zs_diffiso03,ch110 ch132,DIFFOGD132-N46-L-A:FTIML:PGD:REG:N6,"DiffOGD CH132, Z5 - 46nm, Ndiff, LVT, pp44, 1FC FTI, REG skew -6 in PGD",8400,0.000119048,"OGD DIFF: 7 active FTI columns/unit x 4 device diff tracks cut by each FTI (LO diff one side, HI diff other side) = 28 LKG paths/unit; x 5x60 unit cells = 8400; Scalar = 1/8400",1 unit-boundary FTI column(s) excluded from active FTI count,24,4,5,60,"0,0:7;3/6/9/12/15/18/21,2:3;3/6/9/12/15/18/21,6:7;",,"2/3/5/6/8/9/11/12/14/15/17/18/20/21,3/7","vt,2/6/8/12/14/18/20,6/16;vt,3/5/9/11/15/17/21,9/19",6; 16,9; 19,"0:23,0/1/4/5,0.046,plvt;0:23,2/3/6/7,0.046,nlvt;"
DIFFOGD-A-06,DIFFOGD132-P46-L-A_FTIML_SDR.png,DIFFOGD,A,DIFFOGD-<MOS>-A:FTIML:SDR,3,x81zs_diffiso01_e x81zs_diffiso03,ch110 ch132,DIFFOGD132-P46-L-A:FTIML:SDR,"DiffOGD CH132, Z5 - 46nm, Pdiff, LVT, pp44, 1FC FTI, SDR Reference",8400,0.000119048,"OGD DIFF: 7 active FTI columns/unit x 4 device diff tracks cut by each FTI (LO diff one side, HI diff other side) = 28 LKG paths/unit; x 5x60 unit cells = 8400; Scalar = 1/8400",1 unit-boundary FTI column(s) excluded from active FTI count,24,4,5,60,"0,0:7;3/6/9/12/15/18/21,2:3;3/6/9/12/15/18/21,6:7;",,"2/3/5/6/8/9/11/12/14/15/17/18/20/21,3/7","vt,2/6/8/12/14/18/20,6/16;vt,3/5/9/11/15/17/21,9/19",6; 16,9; 19,"0:23,0/1/4/5,0.046,nlvt;0:23,2/3/6/7,0.046,plvt;"
DIFFOGD-A-07,DIFFOGD132-P46-L-A_FTIML_OGD_CD_N5.png,DIFFOGD,A,DIFFOGD-<MOS>-A:FTIML:OGD:CD:<SKEW>,30,x81zs_diffiso01_e x81zs_diffiso03,ch110 ch132,DIFFOGD132-P46-L-A:FTIML:OGD:CD:N5,"DiffOGD CH132, Z5 - 46nm, Pdiff, LVT, pp44, 1FC FTI, CD skew -5 in OGD",8400,0.000119048,"OGD DIFF: 7 active FTI columns/unit x 4 device diff tracks cut by each FTI (LO diff one side, HI diff other side) = 28 LKG paths/unit; x 5x60 unit cells = 8400; Scalar = 1/8400",1 unit-boundary FTI column(s) excluded from active FTI count,24,4,5,60,"0,0:7;3/6/9/12/15/18/21,2:3;3/6/9/12/15/18/21,6:7;",,"2/3/5/6/8/9/11/12/14/15/17/18/20/21,3/7","vt,2/6/8/12/14/18/20,6/16;vt,3/5/9/11/15/17/21,9/19",6; 16,9; 19,"0:23,0/1/4/5,0.046,nlvt;0:23,2/3/6/7,0.046,plvt;"
DIFFOGD-A-08,DIFFOGD132-P46-L-A_FTIML_PGD_CD_N5.png,DIFFOGD,A,DIFFOGD-<MOS>-A:FTIML:PGD:CD:<SKEW>,30,x81zs_diffiso01_e x81zs_diffiso03,ch110 ch132,DIFFOGD132-P46-L-A:FTIML:PGD:CD:N5,"DiffOGD CH132, Z5 - 46nm, Pdiff, LVT, pp44, 1FC FTI, CD skew -5 in PGD",8400,0.000119048,"OGD DIFF: 7 active FTI columns/unit x 4 device diff tracks cut by each FTI (LO diff one side, HI diff other side) = 28 LKG paths/unit; x 5x60 unit cells = 8400; Scalar = 1/8400",1 unit-boundary FTI column(s) excluded from active FTI count,24,4,5,60,"0,0:7;3/6/9/12/15/18/21,2:3;3/6/9/12/15/18/21,6:7;",,"2/3/5/6/8/9/11/12/14/15/17/18/20/21,3/7","vt,2/6/8/12/14/18/20,6/16;vt,3/5/9/11/15/17/21,9/19",6; 16,9; 19,"0:23,0/1/4/5,0.046,nlvt;0:23,2/3/6/7,0.046,plvt;"
DIFFOGD-A-09,DIFFOGD132-P46-L-A_FTIML_OGD_REG_N6.png,DIFFOGD,A,DIFFOGD-<MOS>-A:FTIML:OGD:REG:<SKEW>,18,x81zs_diffiso01_e x81zs_diffiso03,ch110 ch132,DIFFOGD132-P46-L-A:FTIML:OGD:REG:N6,"DiffOGD CH132, Z5 - 46nm, Pdiff, LVT, pp44, 1FC FTI, REG skew -6 in OGD",8400,0.000119048,"OGD DIFF: 7 active FTI columns/unit x 4 device diff tracks cut by each FTI (LO diff one side, HI diff other side) = 28 LKG paths/unit; x 5x60 unit cells = 8400; Scalar = 1/8400",1 unit-boundary FTI column(s) excluded from active FTI count,24,4,5,60,"0,0:7;3/6/9/12/15/18/21,2:3;3/6/9/12/15/18/21,6:7;",,"2/3/5/6/8/9/11/12/14/15/17/18/20/21,3/7","vt,2/6/8/12/14/18/20,6/16;vt,3/5/9/11/15/17/21,9/19",6; 16,9; 19,"0:23,0/1/4/5,0.046,nlvt;0:23,2/3/6/7,0.046,plvt;"
DIFFOGD-A-10,DIFFOGD132-P46-L-A_FTIML_PGD_REG_N6.png,DIFFOGD,A,DIFFOGD-<MOS>-A:FTIML:PGD:REG:<SKEW>,17,x81zs_diffiso01_e x81zs_diffiso03,ch110 ch132,DIFFOGD132-P46-L-A:FTIML:PGD:REG:N6,"DiffOGD CH132, Z5 - 46nm, Pdiff, LVT, pp44, 1FC FTI, REG skew -6 in PGD",8400,0.000119048,"OGD DIFF: 7 active FTI columns/unit x 4 device diff tracks cut by each FTI (LO diff one side, HI diff other side) = 28 LKG paths/unit; x 5x60 unit cells = 8400; Scalar = 1/8400",1 unit-boundary FTI column(s) excluded from active FTI count,24,4,5,60,"0,0:7;3/6/9/12/15/18/21,2:3;3/6/9/12/15/18/21,6:7;",,"2/3/5/6/8/9/11/12/14/15/17/18/20/21,3/7","vt,2/6/8/12/14/18/20,6/16;vt,3/5/9/11/15/17/21,9/19",6; 16,9; 19,"0:23,0/1/4/5,0.046,nlvt;0:23,2/3/6/7,0.046,plvt;"
DIFFOGD-A-11,DIFFOGD132-N46-L-A_FTISL_SDR.png,DIFFOGD,A,DIFFOGD-<MOS>-A:FTISL:SDR,2,x81zs_diffiso02,ch110 ch132,DIFFOGD132-N46-L-A:FTISL:SDR,"DiffOGD CH132, Z5 - 46nm, Ndiff, LVT, pp44, HC FTI, SDR Reference",4200,0.000238095,"OGD DIFF: 7 active FTI columns/unit x 2 device diff tracks cut by each FTI (LO diff one side, HI diff other side) = 14 LKG paths/unit; x 5x60 unit cells = 4200; Scalar = 1/4200",1 unit-boundary FTI column(s) excluded from active FTI count,24,4,5,60,"0,0:7;3/6/9/12/15/18/21,3;3/6/9/12/15/18/21,7;",,"3/5/9/11/15/17/21,3/7","vt,3/5/9/11/15/17/21,6/16;vt,2/6/8/12/14/18/20,9/19",6; 16,9; 19,"0:23,0/1/4/5,0.046,plvt;0:23,2/3/6/7,0.046,nlvt;"
DIFFOGD-A-12,DIFFOGD132-N46-L-A_FTISL_OGD_CD_N5.png,DIFFOGD,A,DIFFOGD-<MOS>-A:FTISL:OGD:CD:<SKEW>,20,x81zs_diffiso02,ch110 ch132,DIFFOGD132-N46-L-A:FTISL:OGD:CD:N5,"DiffOGD CH132, Z5 - 46nm, Ndiff, LVT, pp44, HC FTI, CD skew -5 in OGD",4200,0.000238095,"OGD DIFF: 7 active FTI columns/unit x 2 device diff tracks cut by each FTI (LO diff one side, HI diff other side) = 14 LKG paths/unit; x 5x60 unit cells = 4200; Scalar = 1/4200",1 unit-boundary FTI column(s) excluded from active FTI count,24,4,5,60,"0,0:7;3/6/9/12/15/18/21,3;3/6/9/12/15/18/21,7;",,"3/5/9/11/15/17/21,3/7","vt,3/5/9/11/15/17/21,6/16;vt,2/6/8/12/14/18/20,9/19",6; 16,9; 19,"0:23,0/1/4/5,0.046,plvt;0:23,2/3/6/7,0.046,nlvt;"
DIFFOGD-A-13,DIFFOGD132-N46-L-A_FTISL_PGD_CD_N5.png,DIFFOGD,A,DIFFOGD-<MOS>-A:FTISL:PGD:CD:<SKEW>,20,x81zs_diffiso02,ch110 ch132,DIFFOGD132-N46-L-A:FTISL:PGD:CD:N5,"DiffOGD CH132, Z5 - 46nm, Ndiff, LVT, pp44, HC FTI, CD skew -5 in PGD",4200,0.000238095,"OGD DIFF: 7 active FTI columns/unit x 2 device diff tracks cut by each FTI (LO diff one side, HI diff other side) = 14 LKG paths/unit; x 5x60 unit cells = 4200; Scalar = 1/4200",1 unit-boundary FTI column(s) excluded from active FTI count,24,4,5,60,"0,0:7;3/6/9/12/15/18/21,3;3/6/9/12/15/18/21,7;",,"3/5/9/11/15/17/21,3/7","vt,3/5/9/11/15/17/21,6/16;vt,2/6/8/12/14/18/20,9/19",6; 16,9; 19,"0:23,0/1/4/5,0.046,plvt;0:23,2/3/6/7,0.046,nlvt;"
DIFFOGD-A-14,DIFFOGD132-N46-L-A_FTISL_OGD_REG_N6.png,DIFFOGD,A,DIFFOGD-<MOS>-A:FTISL:OGD:REG:<SKEW>,12,x81zs_diffiso02,ch110 ch132,DIFFOGD132-N46-L-A:FTISL:OGD:REG:N6,"DiffOGD CH132, Z5 - 46nm, Ndiff, LVT, pp44, HC FTI, REG skew -6 in OGD",4200,0.000238095,"OGD DIFF: 7 active FTI columns/unit x 2 device diff tracks cut by each FTI (LO diff one side, HI diff other side) = 14 LKG paths/unit; x 5x60 unit cells = 4200; Scalar = 1/4200",1 unit-boundary FTI column(s) excluded from active FTI count,24,4,5,60,"0,0:7;3/6/9/12/15/18/21,3;3/6/9/12/15/18/21,7;",,"3/5/9/11/15/17/21,3/7","vt,3/5/9/11/15/17/21,6/16;vt,2/6/8/12/14/18/20,9/19",6; 16,9; 19,"0:23,0/1/4/5,0.046,plvt;0:23,2/3/6/7,0.046,nlvt;"
DIFFOGD-A-15,DIFFOGD132-N46-L-A_FTISL_PGD_REG_N6.png,DIFFOGD,A,DIFFOGD-<MOS>-A:FTISL:PGD:REG:<SKEW>,11,x81zs_diffiso02,ch110 ch132,DIFFOGD132-N46-L-A:FTISL:PGD:REG:N6,"DiffOGD CH132, Z5 - 46nm, Ndiff, LVT, pp44, HC FTI, REG skew -6 in PGD",4200,0.000238095,"OGD DIFF: 7 active FTI columns/unit x 2 device diff tracks cut by each FTI (LO diff one side, HI diff other side) = 14 LKG paths/unit; x 5x60 unit cells = 4200; Scalar = 1/4200",1 unit-boundary FTI column(s) excluded from active FTI count,24,4,5,60,"0,0:7;3/6/9/12/15/18/21,3;3/6/9/12/15/18/21,7;",,"3/5/9/11/15/17/21,3/7","vt,3/5/9/11/15/17/21,6/16;vt,2/6/8/12/14/18/20,9/19",6; 16,9; 19,"0:23,0/1/4/5,0.046,plvt;0:23,2/3/6/7,0.046,nlvt;"
DIFFOGD-A-16,DIFFOGD132-P46-L-A_FTISL_SDR.png,DIFFOGD,A,DIFFOGD-<MOS>-A:FTISL:SDR,1,x81zs_diffiso02,ch132,DIFFOGD132-P46-L-A:FTISL:SDR,"DiffOGD CH132, Z5 - 46nm, Pdiff, LVT, pp44, HC FTI, SDR Reference",4200,0.000238095,"OGD DIFF: 7 active FTI columns/unit x 2 device diff tracks cut by each FTI (LO diff one side, HI diff other side) = 14 LKG paths/unit; x 5x60 unit cells = 4200; Scalar = 1/4200",1 unit-boundary FTI column(s) excluded from active FTI count,24,4,5,60,"0,0:7;3/6/9/12/15/18/21,3;3/6/9/12/15/18/21,7;",,"3/5/9/11/15/17/21,3/7","vt,3/5/9/11/15/17/21,6/16;vt,2/6/8/12/14/18/20,9/19",6; 16,9; 19,"0:23,0/1/4/5,0.046,nlvt;0:23,2/3/6/7,0.046,plvt;"
DIFFOGD-A-17,DIFFOGD132-P46-L-A_FTISL_OGD_CD_N5.png,DIFFOGD,A,DIFFOGD-<MOS>-A:FTISL:OGD:CD:<SKEW>,10,x81zs_diffiso02,ch132,DIFFOGD132-P46-L-A:FTISL:OGD:CD:N5,"DiffOGD CH132, Z5 - 46nm, Pdiff, LVT, pp44, HC FTI, CD skew -5 in OGD",4200,0.000238095,"OGD DIFF: 7 active FTI columns/unit x 2 device diff tracks cut by each FTI (LO diff one side, HI diff other side) = 14 LKG paths/unit; x 5x60 unit cells = 4200; Scalar = 1/4200",1 unit-boundary FTI column(s) excluded from active FTI count,24,4,5,60,"0,0:7;3/6/9/12/15/18/21,3;3/6/9/12/15/18/21,7;",,"3/5/9/11/15/17/21,3/7","vt,3/5/9/11/15/17/21,6/16;vt,2/6/8/12/14/18/20,9/19",6; 16,9; 19,"0:23,0/1/4/5,0.046,nlvt;0:23,2/3/6/7,0.046,plvt;"
DIFFOGD-A-18,DIFFOGD132-P46-L-A_FTISL_PGD_CD_N5.png,DIFFOGD,A,DIFFOGD-<MOS>-A:FTISL:PGD:CD:<SKEW>,10,x81zs_diffiso02,ch132,DIFFOGD132-P46-L-A:FTISL:PGD:CD:N5,"DiffOGD CH132, Z5 - 46nm, Pdiff, LVT, pp44, HC FTI, CD skew -5 in PGD",4200,0.000238095,"OGD DIFF: 7 active FTI columns/unit x 2 device diff tracks cut by each FTI (LO diff one side, HI diff other side) = 14 LKG paths/unit; x 5x60 unit cells = 4200; Scalar = 1/4200",1 unit-boundary FTI column(s) excluded from active FTI count,24,4,5,60,"0,0:7;3/6/9/12/15/18/21,3;3/6/9/12/15/18/21,7;",,"3/5/9/11/15/17/21,3/7","vt,3/5/9/11/15/17/21,6/16;vt,2/6/8/12/14/18/20,9/19",6; 16,9; 19,"0:23,0/1/4/5,0.046,nlvt;0:23,2/3/6/7,0.046,plvt;"
DIFFOGD-A-19,DIFFOGD132-P46-L-A_FTISL_OGD_REG_N6.png,DIFFOGD,A,DIFFOGD-<MOS>-A:FTISL:OGD:REG:<SKEW>,6,x81zs_diffiso02,ch132,DIFFOGD132-P46-L-A:FTISL:OGD:REG:N6,"DiffOGD CH132, Z5 - 46nm, Pdiff, LVT, pp44, HC FTI, REG skew -6 in OGD",4200,0.000238095,"OGD DIFF: 7 active FTI columns/unit x 2 device diff tracks cut by each FTI (LO diff one side, HI diff other side) = 14 LKG paths/unit; x 5x60 unit cells = 4200; Scalar = 1/4200",1 unit-boundary FTI column(s) excluded from active FTI count,24,4,5,60,"0,0:7;3/6/9/12/15/18/21,3;3/6/9/12/15/18/21,7;",,"3/5/9/11/15/17/21,3/7","vt,3/5/9/11/15/17/21,6/16;vt,2/6/8/12/14/18/20,9/19",6; 16,9; 19,"0:23,0/1/4/5,0.046,nlvt;0:23,2/3/6/7,0.046,plvt;"
DIFFOGD-A-20,DIFFOGD132-P46-L-A_FTISL_PGD_REG_N6.png,DIFFOGD,A,DIFFOGD-<MOS>-A:FTISL:PGD:REG:<SKEW>,6,x81zs_diffiso02,ch132,DIFFOGD132-P46-L-A:FTISL:PGD:REG:N6,"DiffOGD CH132, Z5 - 46nm, Pdiff, LVT, pp44, HC FTI, REG skew -6 in PGD",4200,0.000238095,"OGD DIFF: 7 active FTI columns/unit x 2 device diff tracks cut by each FTI (LO diff one side, HI diff other side) = 14 LKG paths/unit; x 5x60 unit cells = 4200; Scalar = 1/4200",1 unit-boundary FTI column(s) excluded from active FTI count,24,4,5,60,"0,0:7;3/6/9/12/15/18/21,3;3/6/9/12/15/18/21,7;",,"3/5/9/11/15/17/21,3/7","vt,3/5/9/11/15/17/21,6/16;vt,2/6/8/12/14/18/20,9/19",6; 16,9; 19,"0:23,0/1/4/5,0.046,nlvt;0:23,2/3/6/7,0.046,plvt;"
EPIEPI-A-01,EPIEPI132-NZ5-L-A_SDR_PGD_REF_1TRK_1PP.png,EPIEPI,A,EPIEPI-<MOS>-A:SDR:PGD:REF:1TRK_1PP,2,x81zs_epiepi01 x81zs_epitcn01,ch132,EPIEPI132-NZ5-L-A:SDR:PGD:REF:1TRK_1PP,N-type EPIEPIPGD_SDR PLY length 1Diff tracks maximum density,5760,0.000173611,PGD ETE: 12 active epi/TCN (VT) columns/unit x 2 LO<->HI tip-to-tip pair(s) each (LO1 tracks 6;14 vs HI1 tracks 9;11) = 24 LKG paths/unit; x 4x60 unit cells = 5760; Scalar = 1/5760,,24,4,4,60,"0:24[3],2:5",,,"vt,1:2/5:6/9:10/13:14/17:18/21:22,6/9/11/14",6;14,9;11,"0:r0,0:1/6:7,0.046,plvt;0:r0,2:5,0.046,nlvt;"
EPIEPI-A-02,EPIEPI132-PZ5-L-A_SDR_PGD_REF_1TRK_1PP.png,EPIEPI,A,EPIEPI-<MOS>-A:SDR:PGD:REF:1TRK_1PP,2,x81zs_epiepi01 x81zs_epitcn01,ch132,EPIEPI132-PZ5-L-A:SDR:PGD:REF:1TRK_1PP,P-type EPIEPIPGD_SDR PLY length 1Diff tracks maximum density,5760,0.000173611,PGD ETE: 12 active epi/TCN (VT) columns/unit x 2 LO<->HI tip-to-tip pair(s) each (LO1 tracks 6;14 vs HI1 tracks 9;11) = 24 LKG paths/unit; x 4x60 unit cells = 5760; Scalar = 1/5760,,24,4,4,60,"0:24[3],2:5",,,"vt,1:2/5:6/9:10/13:14/17:18/21:22,6/9/11/14",6;14,9;11,"0:r0,0:1/6:7,0.046,nlvt;0:r0,2:5,0.046,plvt;"
EPIEPI-A-03,EPIEPI132-NPZ5-L-A_SDR_PGD_REF_1TRK_1PP.png,EPIEPI,A,EPIEPI-<MOS>-A:SDR:PGD:REF:1TRK_1PP,2,x81zs_epiepi01 x81zs_epitcn01,ch132,EPIEPI132-NPZ5-L-A:SDR:PGD:REF:1TRK_1PP,CMOS EPIEPIPGD_SDR PLY length 1Diff tracks maximum density,5760,0.000173611,PGD ETE: 12 active epi/TCN (VT) columns/unit x 2 LO<->HI tip-to-tip pair(s) each (LO1 tracks 6;14 vs HI1 tracks 9;11) = 24 LKG paths/unit; x 4x60 unit cells = 5760; Scalar = 1/5760,,24,4,4,60,"0:24[3],2:5",,,"vt,1:2/5:6/9:10/13:14/17:18/21:22,6/9/11/14",6;14,9;11,"0:r0,0/3:4/7,0.046,plvt;0:r0,1:2/5:6,0.046,nlvt;"
EPIEPI-A-04,EPIEPI165-NZ7-L-A_SDR_PGD_REF_1TRK_1PP.png,EPIEPI,A,EPIEPI-<MOS>-A:SDR:PGD:REF:1TRK_1PP,2,x81zs_epiepi01 x81zs_epitcn01,ch165,EPIEPI165-NZ7-L-A:SDR:PGD:REF:1TRK_1PP,N-type EPIEPIPGD_SDR PLY length 1Diff tracks maximum density,5760,0.000173611,PGD ETE: 12 active epi/TCN (VT) columns/unit x 2 LO<->HI tip-to-tip pair(s) each (LO1 tracks 7;17 vs HI1 tracks 11;13) = 24 LKG paths/unit; x 4x60 unit cells = 5760; Scalar = 1/5760,,24,4,4,60,"0:24[3],2:5",,,"vt,1:2/5:6/9:10/13:14/17:18/21:22,7/11/13/17",7;17,11;13,"0:r0,0:1/6:7,0.062,plvt;0:r0,2:5,0.062,nlvt;"
EPIEPI-A-05,EPIEPI165-PZ7-L-A_SDR_PGD_REF_1TRK_1PP.png,EPIEPI,A,EPIEPI-<MOS>-A:SDR:PGD:REF:1TRK_1PP,2,x81zs_epiepi01 x81zs_epitcn01,ch165,EPIEPI165-PZ7-L-A:SDR:PGD:REF:1TRK_1PP,P-type EPIEPIPGD_SDR PLY length 1Diff tracks maximum density,5760,0.000173611,PGD ETE: 12 active epi/TCN (VT) columns/unit x 2 LO<->HI tip-to-tip pair(s) each (LO1 tracks 7;17 vs HI1 tracks 11;13) = 24 LKG paths/unit; x 4x60 unit cells = 5760; Scalar = 1/5760,,24,4,4,60,"0:24[3],2:5",,,"vt,1:2/5:6/9:10/13:14/17:18/21:22,7/11/13/17",7;17,11;13,"0:r0,0:1/6:7,0.062,nlvt;0:r0,2:5,0.062,plvt;"
EPIEPI-A-06,EPIEPI165-NPZ7-L-A_SDR_PGD_REF_1TRK_1PP.png,EPIEPI,A,EPIEPI-<MOS>-A:SDR:PGD:REF:1TRK_1PP,2,x81zs_epiepi01 x81zs_epitcn01,ch165,EPIEPI165-NPZ7-L-A:SDR:PGD:REF:1TRK_1PP,CMOS EPIEPIPGD_SDR PLY length 1Diff tracks maximum density,5760,0.000173611,PGD ETE: 12 active epi/TCN (VT) columns/unit x 2 LO<->HI tip-to-tip pair(s) each (LO1 tracks 7;17 vs HI1 tracks 11;13) = 24 LKG paths/unit; x 4x60 unit cells = 5760; Scalar = 1/5760,,24,4,4,60,"0:24[3],2:5",,,"vt,1:2/5:6/9:10/13:14/17:18/21:22,7/11/13/17",7;17,11;13,"0:r0,0/3:4/7,0.062,plvt;0:r0,1:2/5:6,0.062,nlvt;"
EPIEPI-A-07,EPIEPI132-NZ5-L-A_SDR_PGD_REF_2TRK_1PP.png,EPIEPI,A,EPIEPI-<MOS>-A:SDR:PGD:REF:2TRK_1PP,2,x81zs_epiepi01 x81zs_epitcn01,ch132,EPIEPI132-NZ5-L-A:SDR:PGD:REF:2TRK_1PP,N-type EPIEPIPGD_SDR PLY length 2Diff tracks maximum density,5760,0.000173611,PGD ETE: 12 active epi/TCN (VT) columns/unit x 2 LO<->HI tip-to-tip pair(s) each (LO1 tracks 4;16 vs HI1 tracks 9;11) = 24 LKG paths/unit; x 4x60 unit cells = 5760; Scalar = 1/5760,,24,4,4,60,"0:24[3],2:5",,"1:2/5:6/9:10/13:14/17:18/21:22,2/4/6","vt,1:2/5:6/9:10/13:14/17:18/21:22,4/9/11/16",4;16,9;11,"0:r0,0:1/6:7,0.046,plvt;0:r0,2:5,0.046,nlvt;"
EPIEPI-A-08,EPIEPI132-PZ5-L-A_SDR_PGD_REF_2TRK_1PP.png,EPIEPI,A,EPIEPI-<MOS>-A:SDR:PGD:REF:2TRK_1PP,2,x81zs_epiepi01 x81zs_epitcn01,ch132,EPIEPI132-PZ5-L-A:SDR:PGD:REF:2TRK_1PP,P-type EPIEPIPGD_SDR PLY length 2Diff tracks maximum density,5760,0.000173611,PGD ETE: 12 active epi/TCN (VT) columns/unit x 2 LO<->HI tip-to-tip pair(s) each (LO1 tracks 4;16 vs HI1 tracks 9;11) = 24 LKG paths/unit; x 4x60 unit cells = 5760; Scalar = 1/5760,,24,4,4,60,"0:24[3],2:5",,"1:2/5:6/9:10/13:14/17:18/21:22,2/4/6","vt,1:2/5:6/9:10/13:14/17:18/21:22,4/9/11/16",4;16,9;11,"0:r0,0:1/6:7,0.046,nlvt;0:r0,2:5,0.046,plvt;"
EPIEPI-A-09,EPIEPI132-NPZ5-L-A_SDR_PGD_REF_2TRK_1PP.png,EPIEPI,A,EPIEPI-<MOS>-A:SDR:PGD:REF:2TRK_1PP,2,x81zs_epiepi01 x81zs_epitcn01,ch132,EPIEPI132-NPZ5-L-A:SDR:PGD:REF:2TRK_1PP,CMOS EPIEPIPGD_SDR PLY length 2Diff tracks maximum density,5760,0.000173611,PGD ETE: 12 active epi/TCN (VT) columns/unit x 2 LO<->HI tip-to-tip pair(s) each (LO1 tracks 4;16 vs HI1 tracks 9;11) = 24 LKG paths/unit; x 4x60 unit cells = 5760; Scalar = 1/5760,,24,4,4,60,"0:24[3],2:5",,"1:2/5:6/9:10/13:14/17:18/21:22,2/4/6","vt,1:2/5:6/9:10/13:14/17:18/21:22,4/9/11/16",4;16,9;11,"0:r0,0/3:4/7,0.046,plvt;0:r0,1:2/5:6,0.046,nlvt;"
EPIEPI-A-10,EPIEPI165-NZ7-L-A_SDR_PGD_REF_2TRK_1PP.png,EPIEPI,A,EPIEPI-<MOS>-A:SDR:PGD:REF:2TRK_1PP,2,x81zs_epiepi01 x81zs_epitcn01,ch165,EPIEPI165-NZ7-L-A:SDR:PGD:REF:2TRK_1PP,N-type EPIEPIPGD_SDR PLY length 2Diff tracks maximum density,5760,0.000173611,PGD ETE: 12 active epi/TCN (VT) columns/unit x 2 LO<->HI tip-to-tip pair(s) each (LO1 tracks 4;20 vs HI1 tracks 11;13) = 24 LKG paths/unit; x 4x60 unit cells = 5760; Scalar = 1/5760,,24,4,4,60,"0:24[3],2:5",,"1:2/5:6/9:10/13:14/17:18/21:22,2/4/6","vt,1:2/5:6/9:10/13:14/17:18/21:22,4/11/13/20",4;20,11;13,"0:r0,0:1/6:7,0.062,plvt;0:r0,2:5,0.062,nlvt;"
EPIEPI-A-11,EPIEPI165-PZ7-L-A_SDR_PGD_REF_2TRK_1PP.png,EPIEPI,A,EPIEPI-<MOS>-A:SDR:PGD:REF:2TRK_1PP,2,x81zs_epiepi01 x81zs_epitcn01,ch165,EPIEPI165-PZ7-L-A:SDR:PGD:REF:2TRK_1PP,P-type EPIEPIPGD_SDR PLY length 2Diff tracks maximum density,5760,0.000173611,PGD ETE: 12 active epi/TCN (VT) columns/unit x 2 LO<->HI tip-to-tip pair(s) each (LO1 tracks 4;20 vs HI1 tracks 11;13) = 24 LKG paths/unit; x 4x60 unit cells = 5760; Scalar = 1/5760,,24,4,4,60,"0:24[3],2:5",,"1:2/5:6/9:10/13:14/17:18/21:22,2/4/6","vt,1:2/5:6/9:10/13:14/17:18/21:22,4/11/13/20",4;20,11;13,"0:r0,0:1/6:7,0.062,nlvt;0:r0,2:5,0.062,plvt;"
EPIEPI-A-12,EPIEPI165-NPZ7-L-A_SDR_PGD_REF_2TRK_1PP.png,EPIEPI,A,EPIEPI-<MOS>-A:SDR:PGD:REF:2TRK_1PP,2,x81zs_epiepi01 x81zs_epitcn01,ch165,EPIEPI165-NPZ7-L-A:SDR:PGD:REF:2TRK_1PP,CMOS EPIEPIPGD_SDR PLY length 2Diff tracks maximum density,5760,0.000173611,PGD ETE: 12 active epi/TCN (VT) columns/unit x 2 LO<->HI tip-to-tip pair(s) each (LO1 tracks 4;20 vs HI1 tracks 11;13) = 24 LKG paths/unit; x 4x60 unit cells = 5760; Scalar = 1/5760,,24,4,4,60,"0:24[3],2:5",,"1:2/5:6/9:10/13:14/17:18/21:22,2/4/6","vt,1:2/5:6/9:10/13:14/17:18/21:22,4/11/13/20",4;20,11;13,"0:r0,0/3:4/7,0.062,plvt;0:r0,1:2/5:6,0.062,nlvt;"
EPIEPI-A-13,EPIEPI132-NPZ5-L-A_GLK_OGD_DEN_1TRK_1PP.png,EPIEPI,A,EPIEPI-<MOS>-A:GLK_OGD_DEN:1TRK_1PP,2,x81zs_epiepi01 x81zs_epitcn01,ch132,EPIEPI132-NPZ5-L-A:GLK_OGD_DEN:1TRK_1PP,CMOS EPIEPIPGD_SDR PLY length 1Diff tracks maximum density,5760,0.000173611,PGD ETE: 12 active epi/TCN (VT) columns/unit x 2 LO<->HI tip-to-tip pair(s) each (LO1 tracks 6;14 vs HI1 tracks 9;11) = 24 LKG paths/unit; x 4x60 unit cells = 5760; Scalar = 1/5760,,24,4,4,60,"0:24[3],2:5","1:3/5:7/9:11/13:15/17:19/21:23,3/5",,"vt,1:2/5:6/9:10/13:14/17:18/21:22,6/9/11/14",6;14,9;11,"0:r0,0/3:4/7,0.046,plvt;0:r0,1:2/5:6,0.046,nlvt;"
EPIEPI-A-14,EPIEPI132-NPZ5-L-A_PLG_OGD_DEN_1TRK_1PP.png,EPIEPI,A,EPIEPI-<MOS>-A:PLG_OGD_DEN:1TRK_1PP,2,x81zs_epiepi01 x81zs_epitcn01,ch132,EPIEPI132-NPZ5-L-A:PLG_OGD_DEN:1TRK_1PP,CMOS EPIEPIPGD_SDR PLY length 1Diff tracks maximum density,5760,0.000173611,PGD ETE: 12 active epi/TCN (VT) columns/unit x 2 LO<->HI tip-to-tip pair(s) each (LO1 tracks 6;14 vs HI1 tracks 9;11) = 24 LKG paths/unit; x 4x60 unit cells = 5760; Scalar = 1/5760,,24,4,4,60,"0:24[3],2:5","1:3/5:7/9:11/13:15/17:19/21:23,3/5","0/3/4/7/8/11/12/15/16/19/20/23,3/5","vt,1:2/5:6/9:10/13:14/17:18/21:22,6/9/11/14",6;14,9;11,"0:r0,0/3:4/7,0.046,plvt;0:r0,1:2/5:6,0.046,nlvt;"
EPIEPI-A-15,EPIEPI132-NPZ5-L-A_LNK_OGD_DEN_1TRK_1PP.png,EPIEPI,A,EPIEPI-<MOS>-A:LNK_OGD_DEN:1TRK_1PP,2,x81zs_epiepi01 x81zs_epitcn01,ch132,EPIEPI132-NPZ5-L-A:LNK_OGD_DEN:1TRK_1PP,CMOS EPIEPIPGD_SDR PLY length 1Diff tracks maximum density,5760,0.000173611,PGD ETE: 12 active epi/TCN (VT) columns/unit x 2 LO<->HI tip-to-tip pair(s) each (LO1 tracks 6;14 vs HI1 tracks 9;11) = 24 LKG paths/unit; x 4x60 unit cells = 5760; Scalar = 1/5760,,24,4,4,60,"0:24[3],2:5",,"0/3/4/7/8/11/12/15/16/19/20/23,3/5","vt,1:2/5:6/9:10/13:14/17:18/21:22,6/9/11/14",6;14,9;11,"0:r0,0/3:4/7,0.046,plvt;0:r0,1:2/5:6,0.046,nlvt;"
EPIEPI-A-16,EPIEPI132-NZ5-L-A_NPXL_PGD_REF_1TRK_1PP.png,EPIEPI,A,EPIEPI-<MOS>-A:NPXL:PGD:REF:1TRK_1PP,2,x81zs_epiepi01 x81zs_epitcn01,ch132,EPIEPI132-NZ5-L-A:NPXL:PGD:REF:1TRK_1PP,CMOS EPIEPIPGD_SDR PLY length 1Diff tracks maximum density,5760,0.000173611,PGD ETE: 12 active epi/TCN (VT) columns/unit x 2 LO<->HI tip-to-tip pair(s) each (LO1 tracks 6;14 vs HI1 tracks 9;11) = 24 LKG paths/unit; x 4x60 unit cells = 5760; Scalar = 1/5760,,24,4,4,60,"0:24[3],2:5",,,"vt,1:2/5:6/9:10/13:14/17:18/21:22,6/9/11/14",6;14,9;11,"0:r0,0:1/6:7,0.046,plvt;0:r0,2:5,0.046,nlvt;"
EPIEPI-A-17,EPIEPI132-PZ5-L-A_NPXL_PGD_REF_1TRK_1PP.png,EPIEPI,A,EPIEPI-<MOS>-A:NPXL:PGD:REF:1TRK_1PP,2,x81zs_epiepi01 x81zs_epitcn01,ch132,EPIEPI132-PZ5-L-A:NPXL:PGD:REF:1TRK_1PP,P-type EPIEPIPGD_SDR PLY length 1Diff tracks maximum density,5760,0.000173611,PGD ETE: 12 active epi/TCN (VT) columns/unit x 2 LO<->HI tip-to-tip pair(s) each (LO1 tracks 6;14 vs HI1 tracks 9;11) = 24 LKG paths/unit; x 4x60 unit cells = 5760; Scalar = 1/5760,,24,4,4,60,"0:24[3],2:5",,,"vt,1:2/5:6/9:10/13:14/17:18/21:22,6/9/11/14",6;14,9;11,"0:r0,0:1/6:7,0.046,nlvt;0:r0,2:5,0.046,plvt;"
EPIEPI-A-18,EPIEPI132-NPZ5-L-A_NPXL_PGD_REF_1TRK_1PP.png,EPIEPI,A,EPIEPI-<MOS>-A:NPXL:PGD:REF:1TRK_1PP,2,x81zs_epiepi01 x81zs_epitcn01,ch132,EPIEPI132-NPZ5-L-A:NPXL:PGD:REF:1TRK_1PP,CMOS EPIEPIPGD_SDR PLY length 1Diff tracks maximum density,5760,0.000173611,PGD ETE: 12 active epi/TCN (VT) columns/unit x 2 LO<->HI tip-to-tip pair(s) each (LO1 tracks 6;14 vs HI1 tracks 9;11) = 24 LKG paths/unit; x 4x60 unit cells = 5760; Scalar = 1/5760,,24,4,4,60,"0:24[3],2:5",,,"vt,1:2/5:6/9:10/13:14/17:18/21:22,6/9/11/14",6;14,9;11,"0:r0,0/3:4/7,0.046,plvt;0:r0,1:2/5:6,0.046,nlvt;"
EPIEPI-A-19,EPIEPI165-NZ7-L-A_NPXL_PGD_REF_1TRK_1PP.png,EPIEPI,A,EPIEPI-<MOS>-A:NPXL:PGD:REF:1TRK_1PP,2,x81zs_epiepi01 x81zs_epitcn01,ch165,EPIEPI165-NZ7-L-A:NPXL:PGD:REF:1TRK_1PP,N-type EPIEPIPGD_SDR PLY length 1Diff tracks maximum density,5760,0.000173611,PGD ETE: 12 active epi/TCN (VT) columns/unit x 2 LO<->HI tip-to-tip pair(s) each (LO1 tracks 7;17 vs HI1 tracks 11;13) = 24 LKG paths/unit; x 4x60 unit cells = 5760; Scalar = 1/5760,,24,4,4,60,"0:24[3],2:5",,,"vt,1:2/5:6/9:10/13:14/17:18/21:22,7/11/13/17",7;17,11;13,"0:r0,0:1/6:7,0.062,plvt;0:r0,2:5,0.062,nlvt;"
EPIEPI-A-20,EPIEPI165-PZ7-L-A_NPXL_PGD_REF_1TRK_1PP.png,EPIEPI,A,EPIEPI-<MOS>-A:NPXL:PGD:REF:1TRK_1PP,2,x81zs_epiepi01 x81zs_epitcn01,ch165,EPIEPI165-PZ7-L-A:NPXL:PGD:REF:1TRK_1PP,P-type EPIEPIPGD_SDR PLY length 1Diff tracks maximum density,5760,0.000173611,PGD ETE: 12 active epi/TCN (VT) columns/unit x 2 LO<->HI tip-to-tip pair(s) each (LO1 tracks 7;17 vs HI1 tracks 11;13) = 24 LKG paths/unit; x 4x60 unit cells = 5760; Scalar = 1/5760,,24,4,4,60,"0:24[3],2:5",,,"vt,1:2/5:6/9:10/13:14/17:18/21:22,7/11/13/17",7;17,11;13,"0:r0,0:1/6:7,0.062,nlvt;0:r0,2:5,0.062,plvt;"
EPIEPI-A-21,EPIEPI165-NPZ7-L-A_NPXL_PGD_REF_1TRK_1PP.png,EPIEPI,A,EPIEPI-<MOS>-A:NPXL:PGD:REF:1TRK_1PP,2,x81zs_epiepi01 x81zs_epitcn01,ch165,EPIEPI165-NPZ7-L-A:NPXL:PGD:REF:1TRK_1PP,CMOS EPIEPIPGD_SDR PLY length 1Diff tracks maximum density,5760,0.000173611,PGD ETE: 12 active epi/TCN (VT) columns/unit x 2 LO<->HI tip-to-tip pair(s) each (LO1 tracks 7;17 vs HI1 tracks 11;13) = 24 LKG paths/unit; x 4x60 unit cells = 5760; Scalar = 1/5760,,24,4,4,60,"0:24[3],2:5",,,"vt,1:2/5:6/9:10/13:14/17:18/21:22,7/11/13/17",7;17,11;13,"0:r0,0/3:4/7,0.062,plvt;0:r0,1:2/5:6,0.062,nlvt;"
EPIEPI-A-22,EPIEPI132-NZ5-L-A_NPXL_PGD_REF_2TRK_1PP.png,EPIEPI,A,EPIEPI-<MOS>-A:NPXL:PGD:REF:2TRK_1PP,2,x81zs_epiepi01 x81zs_epitcn01,ch132,EPIEPI132-NZ5-L-A:NPXL:PGD:REF:2TRK_1PP,N-type EPIEPIPGD_SDR PLY length 2Diff tracks maximum density,5760,0.000173611,PGD ETE: 12 active epi/TCN (VT) columns/unit x 2 LO<->HI tip-to-tip pair(s) each (LO1 tracks 4;16 vs HI1 tracks 9;11) = 24 LKG paths/unit; x 4x60 unit cells = 5760; Scalar = 1/5760,,24,4,4,60,"0:24[3],2:5",,"1:2/5:6/9:10/13:14/17:18/21:22,2/4/6","vt,1:2/5:6/9:10/13:14/17:18/21:22,4/9/11/16",4;16,9;11,"0:r0,0:1/6:7,0.046,plvt;0:r0,2:5,0.046,nlvt;"
EPIEPI-A-23,EPIEPI132-PZ5-L-A_NPXL_PGD_REF_2TRK_1PP.png,EPIEPI,A,EPIEPI-<MOS>-A:NPXL:PGD:REF:2TRK_1PP,2,x81zs_epiepi01 x81zs_epitcn01,ch132,EPIEPI132-PZ5-L-A:NPXL:PGD:REF:2TRK_1PP,P-type EPIEPIPGD_SDR PLY length 2Diff tracks maximum density,5760,0.000173611,PGD ETE: 12 active epi/TCN (VT) columns/unit x 2 LO<->HI tip-to-tip pair(s) each (LO1 tracks 4;16 vs HI1 tracks 9;11) = 24 LKG paths/unit; x 4x60 unit cells = 5760; Scalar = 1/5760,,24,4,4,60,"0:24[3],2:5",,"1:2/5:6/9:10/13:14/17:18/21:22,2/4/6","vt,1:2/5:6/9:10/13:14/17:18/21:22,4/9/11/16",4;16,9;11,"0:r0,0:1/6:7,0.046,nlvt;0:r0,2:5,0.046,plvt;"
EPIEPI-A-24,EPIEPI132-NPZ5-L-A_NPXL_PGD_REF_2TRK_1PP.png,EPIEPI,A,EPIEPI-<MOS>-A:NPXL:PGD:REF:2TRK_1PP,2,x81zs_epiepi01 x81zs_epitcn01,ch132,EPIEPI132-NPZ5-L-A:NPXL:PGD:REF:2TRK_1PP,CMOS EPIEPIPGD_SDR PLY length 2Diff tracks maximum density,5760,0.000173611,PGD ETE: 12 active epi/TCN (VT) columns/unit x 2 LO<->HI tip-to-tip pair(s) each (LO1 tracks 4;16 vs HI1 tracks 9;11) = 24 LKG paths/unit; x 4x60 unit cells = 5760; Scalar = 1/5760,,24,4,4,60,"0:24[3],2:5",,"1:2/5:6/9:10/13:14/17:18/21:22,2/4/6","vt,1:2/5:6/9:10/13:14/17:18/21:22,4/9/11/16",4;16,9;11,"0:r0,0/3:4/7,0.046,plvt;0:r0,1:2/5:6,0.046,nlvt;"
EPIEPI-A-25,EPIEPI165-NZ7-L-A_NPXL_PGD_REF_2TRK_1PP.png,EPIEPI,A,EPIEPI-<MOS>-A:NPXL:PGD:REF:2TRK_1PP,2,x81zs_epiepi01 x81zs_epitcn01,ch165,EPIEPI165-NZ7-L-A:NPXL:PGD:REF:2TRK_1PP,N-type EPIEPIPGD_SDR PLY length 2Diff tracks maximum density,5760,0.000173611,PGD ETE: 12 active epi/TCN (VT) columns/unit x 2 LO<->HI tip-to-tip pair(s) each (LO1 tracks 4;20 vs HI1 tracks 11;13) = 24 LKG paths/unit; x 4x60 unit cells = 5760; Scalar = 1/5760,,24,4,4,60,"0:24[3],2:5",,"1:2/5:6/9:10/13:14/17:18/21:22,2/4/6","vt,1:2/5:6/9:10/13:14/17:18/21:22,4/11/13/20",4;20,11;13,"0:r0,0:1/6:7,0.062,plvt;0:r0,2:5,0.062,nlvt;"
EPIEPI-A-26,EPIEPI165-PZ7-L-A_NPXL_PGD_REF_2TRK_1PP.png,EPIEPI,A,EPIEPI-<MOS>-A:NPXL:PGD:REF:2TRK_1PP,2,x81zs_epiepi01 x81zs_epitcn01,ch165,EPIEPI165-PZ7-L-A:NPXL:PGD:REF:2TRK_1PP,P-type EPIEPIPGD_SDR PLY length 2Diff tracks maximum density,5760,0.000173611,PGD ETE: 12 active epi/TCN (VT) columns/unit x 2 LO<->HI tip-to-tip pair(s) each (LO1 tracks 4;20 vs HI1 tracks 11;13) = 24 LKG paths/unit; x 4x60 unit cells = 5760; Scalar = 1/5760,,24,4,4,60,"0:24[3],2:5",,"1:2/5:6/9:10/13:14/17:18/21:22,2/4/6","vt,1:2/5:6/9:10/13:14/17:18/21:22,4/11/13/20",4;20,11;13,"0:r0,0:1/6:7,0.062,nlvt;0:r0,2:5,0.062,plvt;"
EPIEPI-A-27,EPIEPI165-NPZ7-L-A_NPXL_PGD_REF_2TRK_1PP.png,EPIEPI,A,EPIEPI-<MOS>-A:NPXL:PGD:REF:2TRK_1PP,2,x81zs_epiepi01 x81zs_epitcn01,ch165,EPIEPI165-NPZ7-L-A:NPXL:PGD:REF:2TRK_1PP,CMOS EPIEPIPGD_SDR PLY length 2Diff tracks maximum density,5760,0.000173611,PGD ETE: 12 active epi/TCN (VT) columns/unit x 2 LO<->HI tip-to-tip pair(s) each (LO1 tracks 4;20 vs HI1 tracks 11;13) = 24 LKG paths/unit; x 4x60 unit cells = 5760; Scalar = 1/5760,,24,4,4,60,"0:24[3],2:5",,"1:2/5:6/9:10/13:14/17:18/21:22,2/4/6","vt,1:2/5:6/9:10/13:14/17:18/21:22,4/11/13/20",4;20,11;13,"0:r0,0/3:4/7,0.062,plvt;0:r0,1:2/5:6,0.062,nlvt;"
EPIEPI-A-28,EPIEPI132-NPZ5-L-A_NPXL_PLG_OGD_DEN_1TRK_1PP.png,EPIEPI,A,EPIEPI-<MOS>-A:NPXL_PLG_OGD_DEN:1TRK_1PP,2,x81zs_epiepi01 x81zs_epitcn01,ch132,EPIEPI132-NPZ5-L-A:NPXL_PLG_OGD_DEN:1TRK_1PP,CMOS EPIEPIPGD_SDR PLY length 1Diff tracks maximum density,5760,0.000173611,PGD ETE: 12 active epi/TCN (VT) columns/unit x 2 LO<->HI tip-to-tip pair(s) each (LO1 tracks 6;14 vs HI1 tracks 9;11) = 24 LKG paths/unit; x 4x60 unit cells = 5760; Scalar = 1/5760,,24,4,4,60,"0:24[3],2:5","1:3/5:7/9:11/13:15/17:19/21:23,3/5","0/3/4/7/8/11/12/15/16/19/20/23,3/5","vt,1:2/5:6/9:10/13:14/17:18/21:22,6/9/11/14",6;14,9;11,"0:r0,0/3:4/7,0.046,plvt;0:r0,1:2/5:6,0.046,nlvt;"
EPIEPI-A-29,EPIEPI132-NPZ5-L-A_NPXL_LNK_OGD_DEN_1TRK_1PP.png,EPIEPI,A,EPIEPI-<MOS>-A:NPXL_LNK_OGD_DEN:1TRK_1PP,2,x81zs_epiepi01 x81zs_epitcn01,ch132,EPIEPI132-NPZ5-L-A:NPXL_LNK_OGD_DEN:1TRK_1PP,CMOS EPIEPIPGD_SDR PLY length 1Diff tracks maximum density,5760,0.000173611,PGD ETE: 12 active epi/TCN (VT) columns/unit x 2 LO<->HI tip-to-tip pair(s) each (LO1 tracks 6;14 vs HI1 tracks 9;11) = 24 LKG paths/unit; x 4x60 unit cells = 5760; Scalar = 1/5760,,24,4,4,60,"0:24[3],2:5",,"0/3/4/7/8/11/12/15/16/19/20/23,3/5","vt,1:2/5:6/9:10/13:14/17:18/21:22,6/9/11/14",6;14,9;11,"0:r0,0/3:4/7,0.046,plvt;0:r0,1:2/5:6,0.046,nlvt;"
EPIEPI-A-30,EPIEPI132-NZ5-L-A_SDR_PGD_NES_OUTERTRK.png,EPIEPI,A,EPIEPI-<MOS>-A:SDR:PGD:NES:OUTERTRK,2,x81zs_epiepi01 x81zs_epitcn01,ch132,EPIEPI132-NZ5-L-A:SDR:PGD:NES:OUTERTRK,N-type EPIEPIPGD_SDR PLY length 2Diff tracks maximum density,5760,0.000173611,PGD ETE: 12 active epi/TCN (VT) columns/unit x 2 LO<->HI tip-to-tip pair(s) each (LO1 tracks 4;16 vs HI1 tracks 9;11) = 24 LKG paths/unit; x 4x60 unit cells = 5760; Scalar = 1/5760,,24,4,4,60,"0:24[3],2:5",,"1:2/5:6/9:10/13:14/17:18/21:22,2/4/6","vt,1:2/5:6/9:10/13:14/17:18/21:22,4/9/11/16",4;16,9;11,"0:r0,0:1/6:7,0.046,plvt;0:r0,2:5,0.046,nlvt;"
EPIEPI-A-31,EPIEPI132-NZ5-L-A_SDR_PGD_NES_INNERTRK.png,EPIEPI,A,EPIEPI-<MOS>-A:SDR:PGD:NES:INNERTRK,2,x81zs_epiepi01 x81zs_epitcn01,ch132,EPIEPI132-NZ5-L-A:SDR:PGD:NES:INNERTRK,N-type EPIEPIPGD_SDR PLY length 2Diff tracks maximum density,5760,0.000173611,PGD ETE: 12 active epi/TCN (VT) columns/unit x 2 LO<->HI tip-to-tip pair(s) each (LO1 tracks 4;16 vs HI1 tracks 9;11) = 24 LKG paths/unit; x 4x60 unit cells = 5760; Scalar = 1/5760,,24,4,4,60,"0:24[3],2:5",,"1:2/5:6/9:10/13:14/17:18/21:22,2/4/6","vt,1:2/5:6/9:10/13:14/17:18/21:22,4/9/11/16",4;16,9;11,"0:r0,0:1/6:7,0.046,plvt;0:r0,2:5,0.046,nlvt;"
EPIEPI-A-32,EPIEPI132-NZ5-L-A_SDR_PGD_NES_BOTHTRK.png,EPIEPI,A,EPIEPI-<MOS>-A:SDR:PGD:NES:BOTHTRK,2,x81zs_epiepi01 x81zs_epitcn01,ch132,EPIEPI132-NZ5-L-A:SDR:PGD:NES:BOTHTRK,N-type EPIEPIPGD_SDR PLY length 2Diff tracks maximum density,5760,0.000173611,PGD ETE: 12 active epi/TCN (VT) columns/unit x 2 LO<->HI tip-to-tip pair(s) each (LO1 tracks 4;16 vs HI1 tracks 9;11) = 24 LKG paths/unit; x 4x60 unit cells = 5760; Scalar = 1/5760,,24,4,4,60,"0:24[3],2:5",,"1:2/5:6/9:10/13:14/17:18/21:22,2/4/6","vt,1:2/5:6/9:10/13:14/17:18/21:22,4/9/11/16",4;16,9;11,"0:r0,0:1/6:7,0.046,plvt;0:r0,2:5,0.046,nlvt;"
EPIEPI-A-33,EPIEPI132-PZ5-L-A_SDR_PGD_ESD_OUTERTRK.png,EPIEPI,A,EPIEPI-<MOS>-A:SDR:PGD:ESD:OUTERTRK,2,x81zs_epiepi01 x81zs_epitcn01,ch132,EPIEPI132-PZ5-L-A:SDR:PGD:ESD:OUTERTRK,P-type EPIEPIPGD_SDR PLY length 2Diff tracks maximum density,5760,0.000173611,PGD ETE: 12 active epi/TCN (VT) columns/unit x 2 LO<->HI tip-to-tip pair(s) each (LO1 tracks 4;16 vs HI1 tracks 9;11) = 24 LKG paths/unit; x 4x60 unit cells = 5760; Scalar = 1/5760,,24,4,4,60,"0:24[3],2:5",,"1:2/5:6/9:10/13:14/17:18/21:22,2/4/6","vt,1:2/5:6/9:10/13:14/17:18/21:22,4/9/11/16",4;16,9;11,"0:r0,0:1/6:7,0.046,nlvt;0:r0,2:5,0.046,plvt;"
EPIEPI-A-34,EPIEPI132-PZ5-L-A_SDR_PGD_ESD_INNERTRK.png,EPIEPI,A,EPIEPI-<MOS>-A:SDR:PGD:ESD:INNERTRK,2,x81zs_epiepi01 x81zs_epitcn01,ch132,EPIEPI132-PZ5-L-A:SDR:PGD:ESD:INNERTRK,P-type EPIEPIPGD_SDR PLY length 2Diff tracks maximum density,5760,0.000173611,PGD ETE: 12 active epi/TCN (VT) columns/unit x 2 LO<->HI tip-to-tip pair(s) each (LO1 tracks 4;16 vs HI1 tracks 9;11) = 24 LKG paths/unit; x 4x60 unit cells = 5760; Scalar = 1/5760,,24,4,4,60,"0:24[3],2:5",,"1:2/5:6/9:10/13:14/17:18/21:22,2/4/6","vt,1:2/5:6/9:10/13:14/17:18/21:22,4/9/11/16",4;16,9;11,"0:r0,0:1/6:7,0.046,nlvt;0:r0,2:5,0.046,plvt;"
EPIEPI-A-35,EPIEPI132-PZ5-L-A_SDR_PGD_ESD_BOTHTRK.png,EPIEPI,A,EPIEPI-<MOS>-A:SDR:PGD:ESD:BOTHTRK,2,x81zs_epiepi01 x81zs_epitcn01,ch132,EPIEPI132-PZ5-L-A:SDR:PGD:ESD:BOTHTRK,P-type EPIEPIPGD_SDR PLY length 2Diff tracks maximum density,5760,0.000173611,PGD ETE: 12 active epi/TCN (VT) columns/unit x 2 LO<->HI tip-to-tip pair(s) each (LO1 tracks 4;16 vs HI1 tracks 9;11) = 24 LKG paths/unit; x 4x60 unit cells = 5760; Scalar = 1/5760,,24,4,4,60,"0:24[3],2:5",,"1:2/5:6/9:10/13:14/17:18/21:22,2/4/6","vt,1:2/5:6/9:10/13:14/17:18/21:22,4/9/11/16",4;16,9;11,"0:r0,0:1/6:7,0.046,nlvt;0:r0,2:5,0.046,plvt;"
EPIEPI-A-36,EPIEPI132-NPZ5-L-A_SDR_PGD_NES_2TRK_1PP.png,EPIEPI,A,EPIEPI-<MOS>-A:SDR:PGD:NES:2TRK_1PP,2,x81zs_epiepi01 x81zs_epitcn01,ch132,EPIEPI132-NPZ5-L-A:SDR:PGD:NES:2TRK_1PP,CMOS EPIEPIPGD_SDR PLY length 2Diff tracks maximum density,5760,0.000173611,PGD ETE: 12 active epi/TCN (VT) columns/unit x 2 LO<->HI tip-to-tip pair(s) each (LO1 tracks 4;16 vs HI1 tracks 9;11) = 24 LKG paths/unit; x 4x60 unit cells = 5760; Scalar = 1/5760,,24,4,4,60,"4:20[3],2:5;0/24,0:r0",,"1:2/5:6/9:10/13:14/17:18/21:22,2/4/6","vt,1:2/5:6/9:10/13:14/17:18/21:22,4/9/11/16",4;16,9;11,"0:r0,0/3:4/7,0.046,plvt;0:r0,1:2/5:6,0.046,nlvt;"
EPIEPI-A-37,EPIEPI132-NPZ5-L-A_SDR_PGD_ESD_2TRK_1PP.png,EPIEPI,A,EPIEPI-<MOS>-A:SDR:PGD:ESD:2TRK_1PP,2,x81zs_epiepi01 x81zs_epitcn01,ch132,EPIEPI132-NPZ5-L-A:SDR:PGD:ESD:2TRK_1PP,CMOS EPIEPIPGD_SDR PLY length 2Diff tracks maximum density,5760,0.000173611,PGD ETE: 12 active epi/TCN (VT) columns/unit x 2 LO<->HI tip-to-tip pair(s) each (LO1 tracks 4;16 vs HI1 tracks 9;11) = 24 LKG paths/unit; x 4x60 unit cells = 5760; Scalar = 1/5760,,24,4,4,60,"4:20[3],2:5;0/24,0:r0",,"1:2/5:6/9:10/13:14/17:18/21:22,2/4/6","vt,1:2/5:6/9:10/13:14/17:18/21:22,4/9/11/16",4;16,9;11,"0:r0,0/3:4/7,0.046,plvt;0:r0,1:2/5:6,0.046,nlvt;"
EPIEPI-A-38,EPIEPI132-NPZ5-L-A_SDR_PGD_NESESD_2TRK_1PP.png,EPIEPI,A,EPIEPI-<MOS>-A:SDR:PGD:NESESD:2TRK_1PP,2,x81zs_epiepi01 x81zs_epitcn01,ch132,EPIEPI132-NPZ5-L-A:SDR:PGD:NESESD:2TRK_1PP,CMOS EPIEPIPGD_SDR PLY length 2Diff tracks maximum density,5760,0.000173611,PGD ETE: 12 active epi/TCN (VT) columns/unit x 2 LO<->HI tip-to-tip pair(s) each (LO1 tracks 4;16 vs HI1 tracks 9;11) = 24 LKG paths/unit; x 4x60 unit cells = 5760; Scalar = 1/5760,,24,4,4,60,"4:20[3],2:5;0/24,0:r0",,"1:2/5:6/9:10/13:14/17:18/21:22,2/4/6","vt,1:2/5:6/9:10/13:14/17:18/21:22,4/9/11/16",4;16,9;11,"0:r0,0/3:4/7,0.046,plvt;0:r0,1:2/5:6,0.046,nlvt;"
EPIEPI-A-39,EPIEPI132-NZ5-L-A_PXL_PGD_REG_N8.png,EPIEPI,A,EPIEPI-<MOS>-A:PXL:PGD:REG:<SKEW>,6,x81zs_epiepi01,ch132,EPIEPI132-NZ5-L-A:PXL:PGD:REG:N8,N-type EPIEPIPGD_SDR PLY length 2Diff tracks maximum density,5760,0.000173611,PGD ETE: 12 active epi/TCN (VT) columns/unit x 2 LO<->HI tip-to-tip pair(s) each (LO1 tracks 4;16 vs HI1 tracks 9;11) = 24 LKG paths/unit; x 4x60 unit cells = 5760; Scalar = 1/5760,,24,4,4,60,"0:24[3],2:5",,"1:2/5:6/9:10/13:14/17:18/21:22,2/4/6","vt,1:2/5:6/9:10/13:14/17:18/21:22,4/9/11/16",4;16,9;11,"0:r0,0:1/6:7,0.046,plvt;0:r0,2:5,0.046,nlvt;"
EPIEPI-A-40,EPIEPI132-NZ5-L-A_PXL_PGD_REG_NOM.png,EPIEPI,A,EPIEPI-<MOS>-A:PXL:PGD:REG:NOM,1,x81zs_epiepi01,ch132,EPIEPI132-NZ5-L-A:PXL:PGD:REG:NOM,N-type EPIEPIPGD_SDR PLY length 2Diff tracks maximum density,5760,0.000173611,PGD ETE: 12 active epi/TCN (VT) columns/unit x 2 LO<->HI tip-to-tip pair(s) each (LO1 tracks 4;16 vs HI1 tracks 9;11) = 24 LKG paths/unit; x 4x60 unit cells = 5760; Scalar = 1/5760,,24,4,4,60,"0:24[3],2:5",,"1:2/5:6/9:10/13:14/17:18/21:22,2/4/6","vt,1:2/5:6/9:10/13:14/17:18/21:22,4/9/11/16",4;16,9;11,"0:r0,0:1/6:7,0.046,plvt;0:r0,2:5,0.046,nlvt;"
EPIEPI-A-41,EPIEPI132-NZ5-L-A_PXL_PGD_CD_N5.png,EPIEPI,A,EPIEPI-<MOS>-A:PXL:PGD:CD:<SKEW>,6,x81zs_epiepi01,ch132,EPIEPI132-NZ5-L-A:PXL:PGD:CD:N5,N-type EPIEPIPGD_SDR PLY length 2Diff tracks maximum density,5760,0.000173611,PGD ETE: 12 active epi/TCN (VT) columns/unit x 2 LO<->HI tip-to-tip pair(s) each (LO1 tracks 4;16 vs HI1 tracks 9;11) = 24 LKG paths/unit; x 4x60 unit cells = 5760; Scalar = 1/5760,,24,4,4,60,"0:24[3],2:5",,"1:2/5:6/9:10/13:14/17:18/21:22,2/4/6","vt,1:2/5:6/9:10/13:14/17:18/21:22,4/9/11/16",4;16,9;11,"0:r0,0:1/6:7,0.046,plvt;0:r0,2:5,0.046,nlvt;"
EPIEPI-A-42,EPIEPI132-NZ5-L-A_PXL_PGD_CD_NOM.png,EPIEPI,A,EPIEPI-<MOS>-A:PXL:PGD:CD:NOM,1,x81zs_epiepi01,ch132,EPIEPI132-NZ5-L-A:PXL:PGD:CD:NOM,N-type EPIEPIPGD_SDR PLY length 2Diff tracks maximum density,5760,0.000173611,PGD ETE: 12 active epi/TCN (VT) columns/unit x 2 LO<->HI tip-to-tip pair(s) each (LO1 tracks 4;16 vs HI1 tracks 9;11) = 24 LKG paths/unit; x 4x60 unit cells = 5760; Scalar = 1/5760,,24,4,4,60,"0:24[3],2:5",,"1:2/5:6/9:10/13:14/17:18/21:22,2/4/6","vt,1:2/5:6/9:10/13:14/17:18/21:22,4/9/11/16",4;16,9;11,"0:r0,0:1/6:7,0.046,plvt;0:r0,2:5,0.046,nlvt;"
EPIEPI-A-43,EPIEPI132-PZ5-L-A_PXL_PGD_REG_N8.png,EPIEPI,A,EPIEPI-<MOS>-A:PXL:PGD:REG:<SKEW>,6,x81zs_epiepi01,ch132,EPIEPI132-PZ5-L-A:PXL:PGD:REG:N8,P-type EPIEPIPGD_SDR PLY length 2Diff tracks maximum density,5760,0.000173611,PGD ETE: 12 active epi/TCN (VT) columns/unit x 2 LO<->HI tip-to-tip pair(s) each (LO1 tracks 4;16 vs HI1 tracks 9;11) = 24 LKG paths/unit; x 4x60 unit cells = 5760; Scalar = 1/5760,,24,4,4,60,"0:24[3],2:5",,"1:2/5:6/9:10/13:14/17:18/21:22,2/4/6","vt,1:2/5:6/9:10/13:14/17:18/21:22,4/9/11/16",4;16,9;11,"0:r0,0:1/6:7,0.046,nlvt;0:r0,2:5,0.046,plvt;"
EPIEPI-A-44,EPIEPI132-PZ5-L-A_PXL_PGD_REG_NOM.png,EPIEPI,A,EPIEPI-<MOS>-A:PXL:PGD:REG:NOM,1,x81zs_epiepi01,ch132,EPIEPI132-PZ5-L-A:PXL:PGD:REG:NOM,P-type EPIEPIPGD_SDR PLY length 2Diff tracks maximum density,5760,0.000173611,PGD ETE: 12 active epi/TCN (VT) columns/unit x 2 LO<->HI tip-to-tip pair(s) each (LO1 tracks 4;16 vs HI1 tracks 9;11) = 24 LKG paths/unit; x 4x60 unit cells = 5760; Scalar = 1/5760,,24,4,4,60,"0:24[3],2:5",,"1:2/5:6/9:10/13:14/17:18/21:22,2/4/6","vt,1:2/5:6/9:10/13:14/17:18/21:22,4/9/11/16",4;16,9;11,"0:r0,0:1/6:7,0.046,nlvt;0:r0,2:5,0.046,plvt;"
EPIEPI-A-45,EPIEPI132-PZ5-L-A_PXL_PGD_CD_N5.png,EPIEPI,A,EPIEPI-<MOS>-A:PXL:PGD:CD:<SKEW>,6,x81zs_epiepi01,ch132,EPIEPI132-PZ5-L-A:PXL:PGD:CD:N5,P-type EPIEPIPGD_SDR PLY length 2Diff tracks maximum density,5760,0.000173611,PGD ETE: 12 active epi/TCN (VT) columns/unit x 2 LO<->HI tip-to-tip pair(s) each (LO1 tracks 4;16 vs HI1 tracks 9;11) = 24 LKG paths/unit; x 4x60 unit cells = 5760; Scalar = 1/5760,,24,4,4,60,"0:24[3],2:5",,"1:2/5:6/9:10/13:14/17:18/21:22,2/4/6","vt,1:2/5:6/9:10/13:14/17:18/21:22,4/9/11/16",4;16,9;11,"0:r0,0:1/6:7,0.046,nlvt;0:r0,2:5,0.046,plvt;"
EPIEPI-A-46,EPIEPI132-PZ5-L-A_PXL_PGD_CD_NOM.png,EPIEPI,A,EPIEPI-<MOS>-A:PXL:PGD:CD:NOM,1,x81zs_epiepi01,ch132,EPIEPI132-PZ5-L-A:PXL:PGD:CD:NOM,P-type EPIEPIPGD_SDR PLY length 2Diff tracks maximum density,5760,0.000173611,PGD ETE: 12 active epi/TCN (VT) columns/unit x 2 LO<->HI tip-to-tip pair(s) each (LO1 tracks 4;16 vs HI1 tracks 9;11) = 24 LKG paths/unit; x 4x60 unit cells = 5760; Scalar = 1/5760,,24,4,4,60,"0:24[3],2:5",,"1:2/5:6/9:10/13:14/17:18/21:22,2/4/6","vt,1:2/5:6/9:10/13:14/17:18/21:22,4/9/11/16",4;16,9;11,"0:r0,0:1/6:7,0.046,nlvt;0:r0,2:5,0.046,plvt;"
EPIEPI-C-01,EPIEPI132-NPZ5-L-C_PXL_PGD_REG_N8.png,EPIEPI,C,EPIEPI-<MOS>-C:PXL:PGD:REG:<SKEW>,6,x81zs_epiepi01,ch132,EPIEPI132-NPZ5-L-C:PXL:PGD:REG:N8,CMOS EPIEPIPGD_SDR PLY length 2Diff tracks maximum density 4 TCN,11520,8.68056e-05,PGD ETE: 24 active epi/TCN (VT) columns/unit x 2 LO<->HI tip-to-tip pair(s) each (LO1 tracks 4;6;14;16 vs HI1 tracks 9;10;11) = 48 LKG paths/unit; x 4x60 unit cells = 11520; Scalar = 1/11520,,24,4,4,60,"0:24[3],2:5",,"0:r0,2/4/6","vt,1:2/5:6/9:10/13:14/17:18/21:22,6/9/11/14;vt,0:r0[3],4/10/16;vt,3:r0[3],4/10/16",4;6;14;16,9;10;11,"0:r0,0/3:4/7,0.046,plvt;0:r0,1:2/5:6,0.046,nlvt;"
EPIEPI-C-02,EPIEPI132-NPZ5-L-C_PXL_PGD_REG_NOM.png,EPIEPI,C,EPIEPI-<MOS>-C:PXL:PGD:REG:NOM,1,x81zs_epiepi01,ch132,EPIEPI132-NPZ5-L-C:PXL:PGD:REG:NOM,CMOS EPIEPIPGD_SDR PLY length 2Diff tracks maximum density 4 TCN,11520,8.68056e-05,PGD ETE: 24 active epi/TCN (VT) columns/unit x 2 LO<->HI tip-to-tip pair(s) each (LO1 tracks 4;6;14;16 vs HI1 tracks 9;10;11) = 48 LKG paths/unit; x 4x60 unit cells = 11520; Scalar = 1/11520,,24,4,4,60,"0:24[3],2:5",,"0:r0,2/4/6","vt,1:2/5:6/9:10/13:14/17:18/21:22,6/9/11/14;vt,0:r0[3],4/10/16;vt,3:r0[3],4/10/16",4;6;14;16,9;10;11,"0:r0,0/3:4/7,0.046,plvt;0:r0,1:2/5:6,0.046,nlvt;"
EPIEPI-C-03,EPIEPI165-NPZ7-L-C_SDR_PGD_DEN_NOM.png,EPIEPI,C,EPIEPI-<MOS>-C:SDR:PGD:DEN:NOM,1,x81zs_epiepi01,ch165,EPIEPI165-NPZ7-L-C:SDR:PGD:DEN:NOM,CMOS EPIEPIPGD_SDR PLY length 2Diff tracks maximum density 4 TCN,11520,8.68056e-05,PGD ETE: 24 active epi/TCN (VT) columns/unit x 2 LO<->HI tip-to-tip pair(s) each (LO1 tracks 4;7;17;20 vs HI1 tracks 11;12;13) = 48 LKG paths/unit; x 4x60 unit cells = 11520; Scalar = 1/11520,,24,4,4,60,"0:24[3],2:5",,"0:r0,2/4/6","vt,1:2/5:6/9:10/13:14/17:18/21:22,4/11/13/20;vt,0:r0[3],7/12/17;vt,3:r0[3],7/12/17",4;7;17;20,11;12;13,"0:r0,0/3:4/7,0.062,plvt;0:r0,1:2/5:6,0.062,nlvt;"
EPIEPI-B-01,EPIEPI132-NPZ5-L-B_FTI_OGD_CD_N5.png,EPIEPI,B,EPIEPI-<MOS>-B:FTI:OGD:CD:<SKEW>,4,x81zs_epiepi01,ch132,EPIEPI132-NPZ5-L-B:FTI:OGD:CD:N5,CMOS EPIEPIPGD_SDR PLY length 2Diff tracks maximum density,5760,0.000173611,PGD ETE: 12 active epi/TCN (VT) columns/unit x 2 LO<->HI tip-to-tip pair(s) each (LO1 tracks 4;16 vs HI1 tracks 9;11) = 24 LKG paths/unit; x 4x60 unit cells = 5760; Scalar = 1/5760,,24,4,4,60,"0:24[3],2:5",,"0/3/4/7/8/11/12/15/16/19/20/23,2/4/6","vt,0/3/4/7/8/11/12/15/16/19/20/23,4/9/11/16",4;16,9;11,"0:r0,0/3:4/7,0.046,plvt;0:r0,1:2/5:6,0.046,nlvt;"
EPIEPI-B-02,EPIEPI132-NPZ5-L-B_FTI_OGD_CD_NOM.png,EPIEPI,B,EPIEPI-<MOS>-B:FTI:OGD:CD:NOM,1,x81zs_epiepi01,ch132,EPIEPI132-NPZ5-L-B:FTI:OGD:CD:NOM,CMOS EPIEPIPGD_SDR PLY length 2Diff tracks maximum density,5760,0.000173611,PGD ETE: 12 active epi/TCN (VT) columns/unit x 2 LO<->HI tip-to-tip pair(s) each (LO1 tracks 4;16 vs HI1 tracks 9;11) = 24 LKG paths/unit; x 4x60 unit cells = 5760; Scalar = 1/5760,,24,4,4,60,"0:24[3],2:5",,"0/3/4/7/8/11/12/15/16/19/20/23,2/4/6","vt,0/3/4/7/8/11/12/15/16/19/20/23,4/9/11/16",4;16,9;11,"0:r0,0/3:4/7,0.046,plvt;0:r0,1:2/5:6,0.046,nlvt;"
EPIEPI-C-04,EPIEPI165-NPZ7-L-C_PXL_PGD_CD_N5.png,EPIEPI,C,EPIEPI-<MOS>-C:PXL:PGD:CD:<SKEW>,6,x81zs_epiepi01,ch165,EPIEPI165-NPZ7-L-C:PXL:PGD:CD:N5,CMOS EPIEPIPGD_SDR PLY length 2Diff tracks maximum density 4 TCN,11520,8.68056e-05,PGD ETE: 24 active epi/TCN (VT) columns/unit x 2 LO<->HI tip-to-tip pair(s) each (LO1 tracks 4;7;17;20 vs HI1 tracks 11;12;13) = 48 LKG paths/unit; x 4x60 unit cells = 11520; Scalar = 1/11520,,24,4,4,60,"0:24[3],2:5",,"0:r0,2/4/6","vt,1:2/5:6/9:10/13:14/17:18/21:22,4/11/13/20;vt,0:r0[3],7/12/17;vt,3:r0[3],7/12/17",4;7;17;20,11;12;13,"0:r0,0/3:4/7,0.062,plvt;0:r0,1:2/5:6,0.062,nlvt;"
EPIEPI-C-05,EPIEPI165-NPZ7-L-C_PXL_PGD_CD_NOM.png,EPIEPI,C,EPIEPI-<MOS>-C:PXL:PGD:CD:NOM,1,x81zs_epiepi01,ch165,EPIEPI165-NPZ7-L-C:PXL:PGD:CD:NOM,CMOS EPIEPIPGD_SDR PLY length 2Diff tracks maximum density 4 TCN,11520,8.68056e-05,PGD ETE: 24 active epi/TCN (VT) columns/unit x 2 LO<->HI tip-to-tip pair(s) each (LO1 tracks 4;7;17;20 vs HI1 tracks 11;12;13) = 48 LKG paths/unit; x 4x60 unit cells = 11520; Scalar = 1/11520,,24,4,4,60,"0:24[3],2:5",,"0:r0,2/4/6","vt,1:2/5:6/9:10/13:14/17:18/21:22,4/11/13/20;vt,0:r0[3],7/12/17;vt,3:r0[3],7/12/17",4;7;17;20,11;12;13,"0:r0,0/3:4/7,0.062,plvt;0:r0,1:2/5:6,0.062,nlvt;"
EPIEPI-C-06,EPIEPI165-NPZ7-L-C_NPXL_PGD_REF_2TRK_1PP.png,EPIEPI,C,EPIEPI-<MOS>-C:NPXL:PGD:REF:2TRK_1PP,1,x81zs_epiepi01,ch165,EPIEPI165-NPZ7-L-C:NPXL:PGD:REF:2TRK_1PP,CMOS EPIEPIPGD_SDR PLY length 2Diff tracks maximum density 4 TCN,11520,8.68056e-05,PGD ETE: 24 active epi/TCN (VT) columns/unit x 2 LO<->HI tip-to-tip pair(s) each (LO1 tracks 4;7;17;20 vs HI1 tracks 11;12;13) = 48 LKG paths/unit; x 4x60 unit cells = 11520; Scalar = 1/11520,,24,4,4,60,"0:24[3],2:5",,"0:r0,2/4/6","vt,1:2/5:6/9:10/13:14/17:18/21:22,4/11/13/20;vt,0:r0[3],7/12/17;vt,3:r0[3],7/12/17",4;7;17;20,11;12;13,"0:r0,0/3:4/7,0.062,plvt;0:r0,1:2/5:6,0.062,nlvt;"
EPIEPI-B-03,EPIEPI132-NPZ5-L-B_NPXL_FTI_OGD_CD_N5.png,EPIEPI,B,EPIEPI-<MOS>-B:NPXL_FTI:OGD:CD:<SKEW>,4,x81zs_epiepi01,ch132,EPIEPI132-NPZ5-L-B:NPXL_FTI:OGD:CD:N5,CMOS EPIEPIPGD_SDR PLY length 2Diff tracks maximum density,5760,0.000173611,PGD ETE: 12 active epi/TCN (VT) columns/unit x 2 LO<->HI tip-to-tip pair(s) each (LO1 tracks 4;16 vs HI1 tracks 9;11) = 24 LKG paths/unit; x 4x60 unit cells = 5760; Scalar = 1/5760,,24,4,4,60,"0:24[3],2:5",,"0/3/4/7/8/11/12/15/16/19/20/23,2/4/6","vt,0/3/4/7/8/11/12/15/16/19/20/23,4/9/11/16",4;16,9;11,"0:r0,0/3:4/7,0.046,plvt;0:r0,1:2/5:6,0.046,nlvt;"
EPIEPI-B-04,EPIEPI132-NPZ5-L-B_NPXL_FTI_OGD_CD_NOM.png,EPIEPI,B,EPIEPI-<MOS>-B:NPXL_FTI:OGD:CD:NOM,1,x81zs_epiepi01,ch132,EPIEPI132-NPZ5-L-B:NPXL_FTI:OGD:CD:NOM,CMOS EPIEPIPGD_SDR PLY length 2Diff tracks maximum density,5760,0.000173611,PGD ETE: 12 active epi/TCN (VT) columns/unit x 2 LO<->HI tip-to-tip pair(s) each (LO1 tracks 4;16 vs HI1 tracks 9;11) = 24 LKG paths/unit; x 4x60 unit cells = 5760; Scalar = 1/5760,,24,4,4,60,"0:24[3],2:5",,"0/3/4/7/8/11/12/15/16/19/20/23,2/4/6","vt,0/3/4/7/8/11/12/15/16/19/20/23,4/9/11/16",4;16,9;11,"0:r0,0/3:4/7,0.046,plvt;0:r0,1:2/5:6,0.046,nlvt;"
EPIEPI-B-05,EPIEPI165-NPZ7-L-B_NPXL_FTI_OGD_CD_N5.png,EPIEPI,B,EPIEPI-<MOS>-B:NPXL_FTI:OGD:CD:<SKEW>,4,x81zs_epiepi01,ch165,EPIEPI165-NPZ7-L-B:NPXL_FTI:OGD:CD:N5,CMOS EPIEPIPGD_SDR PLY length 2Diff tracks maximum density,5760,0.000173611,PGD ETE: 12 active epi/TCN (VT) columns/unit x 2 LO<->HI tip-to-tip pair(s) each (LO1 tracks 4;20 vs HI1 tracks 11;13) = 24 LKG paths/unit; x 4x60 unit cells = 5760; Scalar = 1/5760,,24,4,4,60,"0:24[3],2:5",,"0/3/4/7/8/11/12/15/16/19/20/23,2/4/6","vt,0/3/4/7/8/11/12/15/16/19/20/23,4/11/13/20",4;20,11;13,"0:r0,0/3:4/7,0.062,plvt;0:r0,1:2/5:6,0.062,nlvt;"
EPIEPI-B-06,EPIEPI165-NPZ7-L-B_NPXL_FTI_OGD_CD_NOM.png,EPIEPI,B,EPIEPI-<MOS>-B:NPXL_FTI:OGD:CD:NOM,1,x81zs_epiepi01,ch165,EPIEPI165-NPZ7-L-B:NPXL_FTI:OGD:CD:NOM,CMOS EPIEPIPGD_SDR PLY length 2Diff tracks maximum density,5760,0.000173611,PGD ETE: 12 active epi/TCN (VT) columns/unit x 2 LO<->HI tip-to-tip pair(s) each (LO1 tracks 4;20 vs HI1 tracks 11;13) = 24 LKG paths/unit; x 4x60 unit cells = 5760; Scalar = 1/5760,,24,4,4,60,"0:24[3],2:5",,"0/3/4/7/8/11/12/15/16/19/20/23,2/4/6","vt,0/3/4/7/8/11/12/15/16/19/20/23,4/11/13/20",4;20,11;13,"0:r0,0/3:4/7,0.062,plvt;0:r0,1:2/5:6,0.062,nlvt;"
EPIEPI-D-01,EPIEPI132-NPZ5-L-D_NPXL_PGD_DEN_2TRK_1PP.png,EPIEPI,D,EPIEPI-<MOS>-D:NPXL:PGD:DEN:2TRK_1PP,1,x81zs_epiepi01,ch132,EPIEPI132-NPZ5-L-D:NPXL:PGD:DEN:2TRK_1PP,CMOS EPIEPIPGD_SDR PLY length 2Diff tracks maximum density VT closer to fail area,5760,0.000173611,PGD ETE: 12 active epi/TCN (VT) columns/unit x 2 LO<->HI tip-to-tip pair(s) each (LO1 tracks 6;14 vs HI1 tracks 9;11) = 24 LKG paths/unit; x 4x60 unit cells = 5760; Scalar = 1/5760,,24,4,4,60,"0:24[3],2:5",,,"vt,1:2/5:6/9:10/13:14/17:18/21:22,6/9/11/14",6;14,9;11,"0:r0,0/3:4/7,0.046,plvt;0:r0,1:2/5:6,0.046,nlvt;"
EPIEPI-A-47,EPIEPI132-NZ5-L-A_NDBI_SDR_PGD_REF_1TRK_1PP.png,EPIEPI,A,EPIEPI-<MOS>-A:NDBI_SDR:PGD:REF:1TRK_1PP,2,x81zs_epiepi02 x81zs_epitcn01,ch132,EPIEPI132-NZ5-L-A:NDBI_SDR:PGD:REF:1TRK_1PP,N-type EPIEPIPGD_SDR PLY length 1Diff tracks maximum density,5760,0.000173611,PGD ETE: 12 active epi/TCN (VT) columns/unit x 2 LO<->HI tip-to-tip pair(s) each (LO1 tracks 6;14 vs HI1 tracks 9;11) = 24 LKG paths/unit; x 4x60 unit cells = 5760; Scalar = 1/5760,,24,4,4,60,"0:24[3],2:5",,,"vt,1:2/5:6/9:10/13:14/17:18/21:22,6/9/11/14",6;14,9;11,"0:r0,0:1/6:7,0.046,plvt;0:r0,2:5,0.046,nlvt;"
EPIEPI-A-48,EPIEPI132-PZ5-L-A_NDBI_SDR_PGD_REF_1TRK_1PP.png,EPIEPI,A,EPIEPI-<MOS>-A:NDBI_SDR:PGD:REF:1TRK_1PP,2,x81zs_epiepi02 x81zs_epitcn01,ch132,EPIEPI132-PZ5-L-A:NDBI_SDR:PGD:REF:1TRK_1PP,P-type EPIEPIPGD_SDR PLY length 1Diff tracks maximum density,5760,0.000173611,PGD ETE: 12 active epi/TCN (VT) columns/unit x 2 LO<->HI tip-to-tip pair(s) each (LO1 tracks 6;14 vs HI1 tracks 9;11) = 24 LKG paths/unit; x 4x60 unit cells = 5760; Scalar = 1/5760,,24,4,4,60,"0:24[3],2:5",,,"vt,1:2/5:6/9:10/13:14/17:18/21:22,6/9/11/14",6;14,9;11,"0:r0,0:1/6:7,0.046,nlvt;0:r0,2:5,0.046,plvt;"
EPIEPI-A-49,EPIEPI132-NPZ5-L-A_NDBI_SDR_PGD_REF_1TRK_1PP.png,EPIEPI,A,EPIEPI-<MOS>-A:NDBI_SDR:PGD:REF:1TRK_1PP,2,x81zs_epiepi02 x81zs_epitcn01,ch132,EPIEPI132-NPZ5-L-A:NDBI_SDR:PGD:REF:1TRK_1PP,CMOS EPIEPIPGD_SDR PLY length 1Diff tracks maximum density,5760,0.000173611,PGD ETE: 12 active epi/TCN (VT) columns/unit x 2 LO<->HI tip-to-tip pair(s) each (LO1 tracks 6;14 vs HI1 tracks 9;11) = 24 LKG paths/unit; x 4x60 unit cells = 5760; Scalar = 1/5760,,24,4,4,60,"0:24[3],2:5",,,"vt,1:2/5:6/9:10/13:14/17:18/21:22,6/9/11/14",6;14,9;11,"0:r0,0/3:4/7,0.046,plvt;0:r0,1:2/5:6,0.046,nlvt;"
EPIEPI-A-50,EPIEPI165-NZ7-L-A_NDBI_SDR_PGD_REF_1TRK_1PP.png,EPIEPI,A,EPIEPI-<MOS>-A:NDBI_SDR:PGD:REF:1TRK_1PP,2,x81zs_epiepi02 x81zs_epitcn01,ch165,EPIEPI165-NZ7-L-A:NDBI_SDR:PGD:REF:1TRK_1PP,N-type EPIEPIPGD_SDR PLY length 1Diff tracks maximum density,5760,0.000173611,PGD ETE: 12 active epi/TCN (VT) columns/unit x 2 LO<->HI tip-to-tip pair(s) each (LO1 tracks 7;17 vs HI1 tracks 11;13) = 24 LKG paths/unit; x 4x60 unit cells = 5760; Scalar = 1/5760,,24,4,4,60,"0:24[3],2:5",,,"vt,1:2/5:6/9:10/13:14/17:18/21:22,7/11/13/17",7;17,11;13,"0:r0,0:1/6:7,0.062,plvt;0:r0,2:5,0.062,nlvt;"
EPIEPI-A-51,EPIEPI165-PZ7-L-A_NDBI_SDR_PGD_REF_1TRK_1PP.png,EPIEPI,A,EPIEPI-<MOS>-A:NDBI_SDR:PGD:REF:1TRK_1PP,2,x81zs_epiepi02 x81zs_epitcn01,ch165,EPIEPI165-PZ7-L-A:NDBI_SDR:PGD:REF:1TRK_1PP,P-type EPIEPIPGD_SDR PLY length 1Diff tracks maximum density,5760,0.000173611,PGD ETE: 12 active epi/TCN (VT) columns/unit x 2 LO<->HI tip-to-tip pair(s) each (LO1 tracks 7;17 vs HI1 tracks 11;13) = 24 LKG paths/unit; x 4x60 unit cells = 5760; Scalar = 1/5760,,24,4,4,60,"0:24[3],2:5",,,"vt,1:2/5:6/9:10/13:14/17:18/21:22,7/11/13/17",7;17,11;13,"0:r0,0:1/6:7,0.062,nlvt;0:r0,2:5,0.062,plvt;"
EPIEPI-A-52,EPIEPI165-NPZ7-L-A_NDBI_SDR_PGD_REF_1TRK_1PP.png,EPIEPI,A,EPIEPI-<MOS>-A:NDBI_SDR:PGD:REF:1TRK_1PP,2,x81zs_epiepi02 x81zs_epitcn01,ch165,EPIEPI165-NPZ7-L-A:NDBI_SDR:PGD:REF:1TRK_1PP,CMOS EPIEPIPGD_SDR PLY length 1Diff tracks maximum density,5760,0.000173611,PGD ETE: 12 active epi/TCN (VT) columns/unit x 2 LO<->HI tip-to-tip pair(s) each (LO1 tracks 7;17 vs HI1 tracks 11;13) = 24 LKG paths/unit; x 4x60 unit cells = 5760; Scalar = 1/5760,,24,4,4,60,"0:24[3],2:5",,,"vt,1:2/5:6/9:10/13:14/17:18/21:22,7/11/13/17",7;17,11;13,"0:r0,0/3:4/7,0.062,plvt;0:r0,1:2/5:6,0.062,nlvt;"
EPIEPI-A-53,EPIEPI132-NZ5-L-A_NDBI_SDR_PGD_REF_2TRK_1PP.png,EPIEPI,A,EPIEPI-<MOS>-A:NDBI_SDR:PGD:REF:2TRK_1PP,2,x81zs_epiepi02 x81zs_epitcn01,ch132,EPIEPI132-NZ5-L-A:NDBI_SDR:PGD:REF:2TRK_1PP,N-type EPIEPIPGD_SDR PLY length 2Diff tracks maximum density,5760,0.000173611,PGD ETE: 12 active epi/TCN (VT) columns/unit x 2 LO<->HI tip-to-tip pair(s) each (LO1 tracks 4;16 vs HI1 tracks 9;11) = 24 LKG paths/unit; x 4x60 unit cells = 5760; Scalar = 1/5760,,24,4,4,60,"0:24[3],2:5",,"1:2/5:6/9:10/13:14/17:18/21:22,2/4/6","vt,1:2/5:6/9:10/13:14/17:18/21:22,4/9/11/16",4;16,9;11,"0:r0,0:1/6:7,0.046,plvt;0:r0,2:5,0.046,nlvt;"
EPIEPI-A-54,EPIEPI132-PZ5-L-A_NDBI_SDR_PGD_REF_2TRK_1PP.png,EPIEPI,A,EPIEPI-<MOS>-A:NDBI_SDR:PGD:REF:2TRK_1PP,2,x81zs_epiepi02 x81zs_epitcn01,ch132,EPIEPI132-PZ5-L-A:NDBI_SDR:PGD:REF:2TRK_1PP,P-type EPIEPIPGD_SDR PLY length 2Diff tracks maximum density,5760,0.000173611,PGD ETE: 12 active epi/TCN (VT) columns/unit x 2 LO<->HI tip-to-tip pair(s) each (LO1 tracks 4;16 vs HI1 tracks 9;11) = 24 LKG paths/unit; x 4x60 unit cells = 5760; Scalar = 1/5760,,24,4,4,60,"0:24[3],2:5",,"1:2/5:6/9:10/13:14/17:18/21:22,2/4/6","vt,1:2/5:6/9:10/13:14/17:18/21:22,4/9/11/16",4;16,9;11,"0:r0,0:1/6:7,0.046,nlvt;0:r0,2:5,0.046,plvt;"
EPIEPI-A-55,EPIEPI132-NPZ5-L-A_NDBI_SDR_PGD_REF_2TRK_1PP.png,EPIEPI,A,EPIEPI-<MOS>-A:NDBI_SDR:PGD:REF:2TRK_1PP,2,x81zs_epiepi02 x81zs_epitcn01,ch132,EPIEPI132-NPZ5-L-A:NDBI_SDR:PGD:REF:2TRK_1PP,CMOS EPIEPIPGD_SDR PLY length 2Diff tracks maximum density,5760,0.000173611,PGD ETE: 12 active epi/TCN (VT) columns/unit x 2 LO<->HI tip-to-tip pair(s) each (LO1 tracks 4;16 vs HI1 tracks 9;11) = 24 LKG paths/unit; x 4x60 unit cells = 5760; Scalar = 1/5760,,24,4,4,60,"0:24[3],2:5",,"1:2/5:6/9:10/13:14/17:18/21:22,2/4/6","vt,1:2/5:6/9:10/13:14/17:18/21:22,4/9/11/16",4;16,9;11,"0:r0,0/3:4/7,0.046,plvt;0:r0,1:2/5:6,0.046,nlvt;"
EPIEPI-A-56,EPIEPI165-NZ7-L-A_NDBI_SDR_PGD_REF_2TRK_1PP.png,EPIEPI,A,EPIEPI-<MOS>-A:NDBI_SDR:PGD:REF:2TRK_1PP,2,x81zs_epiepi02 x81zs_epitcn01,ch165,EPIEPI165-NZ7-L-A:NDBI_SDR:PGD:REF:2TRK_1PP,N-type EPIEPIPGD_SDR PLY length 2Diff tracks maximum density,5760,0.000173611,PGD ETE: 12 active epi/TCN (VT) columns/unit x 2 LO<->HI tip-to-tip pair(s) each (LO1 tracks 4;20 vs HI1 tracks 11;13) = 24 LKG paths/unit; x 4x60 unit cells = 5760; Scalar = 1/5760,,24,4,4,60,"0:24[3],2:5",,"1:2/5:6/9:10/13:14/17:18/21:22,2/4/6","vt,1:2/5:6/9:10/13:14/17:18/21:22,4/11/13/20",4;20,11;13,"0:r0,0:1/6:7,0.062,plvt;0:r0,2:5,0.062,nlvt;"
EPIEPI-A-57,EPIEPI165-PZ7-L-A_NDBI_SDR_PGD_REF_2TRK_1PP.png,EPIEPI,A,EPIEPI-<MOS>-A:NDBI_SDR:PGD:REF:2TRK_1PP,2,x81zs_epiepi02 x81zs_epitcn01,ch165,EPIEPI165-PZ7-L-A:NDBI_SDR:PGD:REF:2TRK_1PP,P-type EPIEPIPGD_SDR PLY length 2Diff tracks maximum density,5760,0.000173611,PGD ETE: 12 active epi/TCN (VT) columns/unit x 2 LO<->HI tip-to-tip pair(s) each (LO1 tracks 4;20 vs HI1 tracks 11;13) = 24 LKG paths/unit; x 4x60 unit cells = 5760; Scalar = 1/5760,,24,4,4,60,"0:24[3],2:5",,"1:2/5:6/9:10/13:14/17:18/21:22,2/4/6","vt,1:2/5:6/9:10/13:14/17:18/21:22,4/11/13/20",4;20,11;13,"0:r0,0:1/6:7,0.062,nlvt;0:r0,2:5,0.062,plvt;"
EPIEPI-A-58,EPIEPI165-NPZ7-L-A_NDBI_SDR_PGD_REF_2TRK_1PP.png,EPIEPI,A,EPIEPI-<MOS>-A:NDBI_SDR:PGD:REF:2TRK_1PP,2,x81zs_epiepi02 x81zs_epitcn01,ch165,EPIEPI165-NPZ7-L-A:NDBI_SDR:PGD:REF:2TRK_1PP,CMOS EPIEPIPGD_SDR PLY length 2Diff tracks maximum density,5760,0.000173611,PGD ETE: 12 active epi/TCN (VT) columns/unit x 2 LO<->HI tip-to-tip pair(s) each (LO1 tracks 4;20 vs HI1 tracks 11;13) = 24 LKG paths/unit; x 4x60 unit cells = 5760; Scalar = 1/5760,,24,4,4,60,"0:24[3],2:5",,"1:2/5:6/9:10/13:14/17:18/21:22,2/4/6","vt,1:2/5:6/9:10/13:14/17:18/21:22,4/11/13/20",4;20,11;13,"0:r0,0/3:4/7,0.062,plvt;0:r0,1:2/5:6,0.062,nlvt;"
EPIEPI-A-59,EPIEPI132-NPZ5-L-A_NDBI_GLK_OGD_DEN_1TRK_1PP.png,EPIEPI,A,EPIEPI-<MOS>-A:NDBI_GLK_OGD_DEN:1TRK_1PP,2,x81zs_epiepi02 x81zs_epitcn01,ch132,EPIEPI132-NPZ5-L-A:NDBI_GLK_OGD_DEN:1TRK_1PP,CMOS EPIEPIPGD_SDR PLY length 1Diff tracks maximum density,5760,0.000173611,PGD ETE: 12 active epi/TCN (VT) columns/unit x 2 LO<->HI tip-to-tip pair(s) each (LO1 tracks 6;14 vs HI1 tracks 9;11) = 24 LKG paths/unit; x 4x60 unit cells = 5760; Scalar = 1/5760,,24,4,4,60,"0:24[3],2:5","1:3/5:7/9:11/13:15/17:19/21:23,3/5",,"vt,1:2/5:6/9:10/13:14/17:18/21:22,6/9/11/14",6;14,9;11,"0:r0,0/3:4/7,0.046,plvt;0:r0,1:2/5:6,0.046,nlvt;"
EPIEPI-A-60,EPIEPI132-NPZ5-L-A_NDBI_PLG_OGD_DEN_1TRK_1PP.png,EPIEPI,A,EPIEPI-<MOS>-A:NDBI_PLG_OGD_DEN:1TRK_1PP,2,x81zs_epiepi02 x81zs_epitcn01,ch132,EPIEPI132-NPZ5-L-A:NDBI_PLG_OGD_DEN:1TRK_1PP,CMOS EPIEPIPGD_SDR PLY length 1Diff tracks maximum density,5760,0.000173611,PGD ETE: 12 active epi/TCN (VT) columns/unit x 2 LO<->HI tip-to-tip pair(s) each (LO1 tracks 6;14 vs HI1 tracks 9;11) = 24 LKG paths/unit; x 4x60 unit cells = 5760; Scalar = 1/5760,,24,4,4,60,"0:24[3],2:5","1:3/5:7/9:11/13:15/17:19/21:23,3/5","0/3/4/7/8/11/12/15/16/19/20/23,3/5","vt,1:2/5:6/9:10/13:14/17:18/21:22,6/9/11/14",6;14,9;11,"0:r0,0/3:4/7,0.046,plvt;0:r0,1:2/5:6,0.046,nlvt;"
EPIEPI-A-61,EPIEPI132-NPZ5-L-A_NDBI_LNK_OGD_DEN_1TRK_1PP.png,EPIEPI,A,EPIEPI-<MOS>-A:NDBI_LNK_OGD_DEN:1TRK_1PP,2,x81zs_epiepi02 x81zs_epitcn01,ch132,EPIEPI132-NPZ5-L-A:NDBI_LNK_OGD_DEN:1TRK_1PP,CMOS EPIEPIPGD_SDR PLY length 1Diff tracks maximum density,5760,0.000173611,PGD ETE: 12 active epi/TCN (VT) columns/unit x 2 LO<->HI tip-to-tip pair(s) each (LO1 tracks 6;14 vs HI1 tracks 9;11) = 24 LKG paths/unit; x 4x60 unit cells = 5760; Scalar = 1/5760,,24,4,4,60,"0:24[3],2:5",,"0/3/4/7/8/11/12/15/16/19/20/23,3/5","vt,1:2/5:6/9:10/13:14/17:18/21:22,6/9/11/14",6;14,9;11,"0:r0,0/3:4/7,0.046,plvt;0:r0,1:2/5:6,0.046,nlvt;"
EPIEPI-A-62,EPIEPI132-NZ5-L-A_NDBI_NPXL_PGD_REF_1TRK_1PP.png,EPIEPI,A,EPIEPI-<MOS>-A:NDBI_NPXL:PGD:REF:1TRK_1PP,1,x81zs_epiepi02,ch132,EPIEPI132-NZ5-L-A:NDBI_NPXL:PGD:REF:1TRK_1PP,CMOS EPIEPIPGD_SDR PLY length 1Diff tracks maximum density,5760,0.000173611,PGD ETE: 12 active epi/TCN (VT) columns/unit x 2 LO<->HI tip-to-tip pair(s) each (LO1 tracks 6;14 vs HI1 tracks 9;11) = 24 LKG paths/unit; x 4x60 unit cells = 5760; Scalar = 1/5760,,24,4,4,60,"0:24[3],2:5",,,"vt,1:2/5:6/9:10/13:14/17:18/21:22,6/9/11/14",6;14,9;11,"0:r0,0:1/6:7,0.046,plvt;0:r0,2:5,0.046,nlvt;"
EPIEPI-A-63,EPIEPI132-PZ5-L-A_NDBI_NPXL_PGD_REF_1TRK_1PP.png,EPIEPI,A,EPIEPI-<MOS>-A:NDBI_NPXL:PGD:REF:1TRK_1PP,1,x81zs_epiepi02,ch132,EPIEPI132-PZ5-L-A:NDBI_NPXL:PGD:REF:1TRK_1PP,P-type EPIEPIPGD_SDR PLY length 1Diff tracks maximum density,5760,0.000173611,PGD ETE: 12 active epi/TCN (VT) columns/unit x 2 LO<->HI tip-to-tip pair(s) each (LO1 tracks 6;14 vs HI1 tracks 9;11) = 24 LKG paths/unit; x 4x60 unit cells = 5760; Scalar = 1/5760,,24,4,4,60,"0:24[3],2:5",,,"vt,1:2/5:6/9:10/13:14/17:18/21:22,6/9/11/14",6;14,9;11,"0:r0,0:1/6:7,0.046,nlvt;0:r0,2:5,0.046,plvt;"
EPIEPI-A-64,EPIEPI132-NPZ5-L-A_NDBI_NPXL_PGD_REF_1TRK_1PP.png,EPIEPI,A,EPIEPI-<MOS>-A:NDBI_NPXL:PGD:REF:1TRK_1PP,1,x81zs_epiepi02,ch132,EPIEPI132-NPZ5-L-A:NDBI_NPXL:PGD:REF:1TRK_1PP,CMOS EPIEPIPGD_SDR PLY length 1Diff tracks maximum density,5760,0.000173611,PGD ETE: 12 active epi/TCN (VT) columns/unit x 2 LO<->HI tip-to-tip pair(s) each (LO1 tracks 6;14 vs HI1 tracks 9;11) = 24 LKG paths/unit; x 4x60 unit cells = 5760; Scalar = 1/5760,,24,4,4,60,"0:24[3],2:5",,,"vt,1:2/5:6/9:10/13:14/17:18/21:22,6/9/11/14",6;14,9;11,"0:r0,0/3:4/7,0.046,plvt;0:r0,1:2/5:6,0.046,nlvt;"
EPIEPI-A-65,EPIEPI165-NZ7-L-A_NDBI_NPXL_PGD_REF_1TRK_1PP.png,EPIEPI,A,EPIEPI-<MOS>-A:NDBI_NPXL:PGD:REF:1TRK_1PP,1,x81zs_epiepi02,ch165,EPIEPI165-NZ7-L-A:NDBI_NPXL:PGD:REF:1TRK_1PP,N-type EPIEPIPGD_SDR PLY length 1Diff tracks maximum density,5760,0.000173611,PGD ETE: 12 active epi/TCN (VT) columns/unit x 2 LO<->HI tip-to-tip pair(s) each (LO1 tracks 7;17 vs HI1 tracks 11;13) = 24 LKG paths/unit; x 4x60 unit cells = 5760; Scalar = 1/5760,,24,4,4,60,"0:24[3],2:5",,,"vt,1:2/5:6/9:10/13:14/17:18/21:22,7/11/13/17",7;17,11;13,"0:r0,0:1/6:7,0.062,plvt;0:r0,2:5,0.062,nlvt;"
EPIEPI-A-66,EPIEPI165-PZ7-L-A_NDBI_NPXL_PGD_REF_1TRK_1PP.png,EPIEPI,A,EPIEPI-<MOS>-A:NDBI_NPXL:PGD:REF:1TRK_1PP,1,x81zs_epiepi02,ch165,EPIEPI165-PZ7-L-A:NDBI_NPXL:PGD:REF:1TRK_1PP,P-type EPIEPIPGD_SDR PLY length 1Diff tracks maximum density,5760,0.000173611,PGD ETE: 12 active epi/TCN (VT) columns/unit x 2 LO<->HI tip-to-tip pair(s) each (LO1 tracks 7;17 vs HI1 tracks 11;13) = 24 LKG paths/unit; x 4x60 unit cells = 5760; Scalar = 1/5760,,24,4,4,60,"0:24[3],2:5",,,"vt,1:2/5:6/9:10/13:14/17:18/21:22,7/11/13/17",7;17,11;13,"0:r0,0:1/6:7,0.062,nlvt;0:r0,2:5,0.062,plvt;"
EPIEPI-A-67,EPIEPI165-NPZ7-L-A_NDBI_NPXL_PGD_REF_1TRK_1PP.png,EPIEPI,A,EPIEPI-<MOS>-A:NDBI_NPXL:PGD:REF:1TRK_1PP,1,x81zs_epiepi02,ch165,EPIEPI165-NPZ7-L-A:NDBI_NPXL:PGD:REF:1TRK_1PP,CMOS EPIEPIPGD_SDR PLY length 1Diff tracks maximum density,5760,0.000173611,PGD ETE: 12 active epi/TCN (VT) columns/unit x 2 LO<->HI tip-to-tip pair(s) each (LO1 tracks 7;17 vs HI1 tracks 11;13) = 24 LKG paths/unit; x 4x60 unit cells = 5760; Scalar = 1/5760,,24,4,4,60,"0:24[3],2:5",,,"vt,1:2/5:6/9:10/13:14/17:18/21:22,7/11/13/17",7;17,11;13,"0:r0,0/3:4/7,0.062,plvt;0:r0,1:2/5:6,0.062,nlvt;"
EPIEPI-A-68,EPIEPI132-NZ5-L-A_NDBI_NPXL_PGD_REF_2TRK_1PP.png,EPIEPI,A,EPIEPI-<MOS>-A:NDBI_NPXL:PGD:REF:2TRK_1PP,1,x81zs_epiepi02,ch132,EPIEPI132-NZ5-L-A:NDBI_NPXL:PGD:REF:2TRK_1PP,N-type EPIEPIPGD_SDR PLY length 2Diff tracks maximum density,5760,0.000173611,PGD ETE: 12 active epi/TCN (VT) columns/unit x 2 LO<->HI tip-to-tip pair(s) each (LO1 tracks 4;16 vs HI1 tracks 9;11) = 24 LKG paths/unit; x 4x60 unit cells = 5760; Scalar = 1/5760,,24,4,4,60,"0:24[3],2:5",,"1:2/5:6/9:10/13:14/17:18/21:22,2/4/6","vt,1:2/5:6/9:10/13:14/17:18/21:22,4/9/11/16",4;16,9;11,"0:r0,0:1/6:7,0.046,plvt;0:r0,2:5,0.046,nlvt;"
EPIEPI-A-69,EPIEPI132-PZ5-L-A_NDBI_NPXL_PGD_REF_2TRK_1PP.png,EPIEPI,A,EPIEPI-<MOS>-A:NDBI_NPXL:PGD:REF:2TRK_1PP,1,x81zs_epiepi02,ch132,EPIEPI132-PZ5-L-A:NDBI_NPXL:PGD:REF:2TRK_1PP,P-type EPIEPIPGD_SDR PLY length 2Diff tracks maximum density,5760,0.000173611,PGD ETE: 12 active epi/TCN (VT) columns/unit x 2 LO<->HI tip-to-tip pair(s) each (LO1 tracks 4;16 vs HI1 tracks 9;11) = 24 LKG paths/unit; x 4x60 unit cells = 5760; Scalar = 1/5760,,24,4,4,60,"0:24[3],2:5",,"1:2/5:6/9:10/13:14/17:18/21:22,2/4/6","vt,1:2/5:6/9:10/13:14/17:18/21:22,4/9/11/16",4;16,9;11,"0:r0,0:1/6:7,0.046,nlvt;0:r0,2:5,0.046,plvt;"
EPIEPI-A-70,EPIEPI132-NPZ5-L-A_NDBI_NPXL_PGD_REF_2TRK_1PP.png,EPIEPI,A,EPIEPI-<MOS>-A:NDBI_NPXL:PGD:REF:2TRK_1PP,1,x81zs_epiepi02,ch132,EPIEPI132-NPZ5-L-A:NDBI_NPXL:PGD:REF:2TRK_1PP,CMOS EPIEPIPGD_SDR PLY length 2Diff tracks maximum density,5760,0.000173611,PGD ETE: 12 active epi/TCN (VT) columns/unit x 2 LO<->HI tip-to-tip pair(s) each (LO1 tracks 4;16 vs HI1 tracks 9;11) = 24 LKG paths/unit; x 4x60 unit cells = 5760; Scalar = 1/5760,,24,4,4,60,"0:24[3],2:5",,"1:2/5:6/9:10/13:14/17:18/21:22,2/4/6","vt,1:2/5:6/9:10/13:14/17:18/21:22,4/9/11/16",4;16,9;11,"0:r0,0/3:4/7,0.046,plvt;0:r0,1:2/5:6,0.046,nlvt;"
EPIEPI-A-71,EPIEPI165-NZ7-L-A_NDBI_NPXL_PGD_REF_2TRK_1PP.png,EPIEPI,A,EPIEPI-<MOS>-A:NDBI_NPXL:PGD:REF:2TRK_1PP,1,x81zs_epiepi02,ch165,EPIEPI165-NZ7-L-A:NDBI_NPXL:PGD:REF:2TRK_1PP,N-type EPIEPIPGD_SDR PLY length 2Diff tracks maximum density,5760,0.000173611,PGD ETE: 12 active epi/TCN (VT) columns/unit x 2 LO<->HI tip-to-tip pair(s) each (LO1 tracks 4;20 vs HI1 tracks 11;13) = 24 LKG paths/unit; x 4x60 unit cells = 5760; Scalar = 1/5760,,24,4,4,60,"0:24[3],2:5",,"1:2/5:6/9:10/13:14/17:18/21:22,2/4/6","vt,1:2/5:6/9:10/13:14/17:18/21:22,4/11/13/20",4;20,11;13,"0:r0,0:1/6:7,0.062,plvt;0:r0,2:5,0.062,nlvt;"
EPIEPI-A-72,EPIEPI165-PZ7-L-A_NDBI_NPXL_PGD_REF_2TRK_1PP.png,EPIEPI,A,EPIEPI-<MOS>-A:NDBI_NPXL:PGD:REF:2TRK_1PP,1,x81zs_epiepi02,ch165,EPIEPI165-PZ7-L-A:NDBI_NPXL:PGD:REF:2TRK_1PP,P-type EPIEPIPGD_SDR PLY length 2Diff tracks maximum density,5760,0.000173611,PGD ETE: 12 active epi/TCN (VT) columns/unit x 2 LO<->HI tip-to-tip pair(s) each (LO1 tracks 4;20 vs HI1 tracks 11;13) = 24 LKG paths/unit; x 4x60 unit cells = 5760; Scalar = 1/5760,,24,4,4,60,"0:24[3],2:5",,"1:2/5:6/9:10/13:14/17:18/21:22,2/4/6","vt,1:2/5:6/9:10/13:14/17:18/21:22,4/11/13/20",4;20,11;13,"0:r0,0:1/6:7,0.062,nlvt;0:r0,2:5,0.062,plvt;"
EPIEPI-A-73,EPIEPI165-NPZ7-L-A_NDBI_NPXL_PGD_REF_2TRK_1PP.png,EPIEPI,A,EPIEPI-<MOS>-A:NDBI_NPXL:PGD:REF:2TRK_1PP,1,x81zs_epiepi02,ch165,EPIEPI165-NPZ7-L-A:NDBI_NPXL:PGD:REF:2TRK_1PP,CMOS EPIEPIPGD_SDR PLY length 2Diff tracks maximum density,5760,0.000173611,PGD ETE: 12 active epi/TCN (VT) columns/unit x 2 LO<->HI tip-to-tip pair(s) each (LO1 tracks 4;20 vs HI1 tracks 11;13) = 24 LKG paths/unit; x 4x60 unit cells = 5760; Scalar = 1/5760,,24,4,4,60,"0:24[3],2:5",,"1:2/5:6/9:10/13:14/17:18/21:22,2/4/6","vt,1:2/5:6/9:10/13:14/17:18/21:22,4/11/13/20",4;20,11;13,"0:r0,0/3:4/7,0.062,plvt;0:r0,1:2/5:6,0.062,nlvt;"
EPIEPI-A-74,EPIEPI132-NPZ5-L-A_NDBI_NPXL_PLG_OGD_DEN_1TRK_1PP.png,EPIEPI,A,EPIEPI-<MOS>-A:NDBI_NPXL_PLG_OGD_DEN:1TRK_1PP,1,x81zs_epiepi02,ch132,EPIEPI132-NPZ5-L-A:NDBI_NPXL_PLG_OGD_DEN:1TRK_1PP,CMOS EPIEPIPGD_SDR PLY length 1Diff tracks maximum density,5760,0.000173611,PGD ETE: 12 active epi/TCN (VT) columns/unit x 2 LO<->HI tip-to-tip pair(s) each (LO1 tracks 6;14 vs HI1 tracks 9;11) = 24 LKG paths/unit; x 4x60 unit cells = 5760; Scalar = 1/5760,,24,4,4,60,"0:24[3],2:5","1:3/5:7/9:11/13:15/17:19/21:23,3/5","0/3/4/7/8/11/12/15/16/19/20/23,3/5","vt,1:2/5:6/9:10/13:14/17:18/21:22,6/9/11/14",6;14,9;11,"0:r0,0/3:4/7,0.046,plvt;0:r0,1:2/5:6,0.046,nlvt;"
EPIEPI-A-75,EPIEPI132-NPZ5-L-A_NDBI_NPXL_LNK_OGD_DEN_1TRK_1PP.png,EPIEPI,A,EPIEPI-<MOS>-A:NDBI_NPXL_LNK_OGD_DEN:1TRK_1PP,1,x81zs_epiepi02,ch132,EPIEPI132-NPZ5-L-A:NDBI_NPXL_LNK_OGD_DEN:1TRK_1PP,CMOS EPIEPIPGD_SDR PLY length 1Diff tracks maximum density,5760,0.000173611,PGD ETE: 12 active epi/TCN (VT) columns/unit x 2 LO<->HI tip-to-tip pair(s) each (LO1 tracks 6;14 vs HI1 tracks 9;11) = 24 LKG paths/unit; x 4x60 unit cells = 5760; Scalar = 1/5760,,24,4,4,60,"0:24[3],2:5",,"0/3/4/7/8/11/12/15/16/19/20/23,3/5","vt,1:2/5:6/9:10/13:14/17:18/21:22,6/9/11/14",6;14,9;11,"0:r0,0/3:4/7,0.046,plvt;0:r0,1:2/5:6,0.046,nlvt;"
EPIEPI-A-76,EPIEPI132-NZ5-L-A_NDBI_SDR_PGD_NES_OUTERTRK.png,EPIEPI,A,EPIEPI-<MOS>-A:NDBI_SDR:PGD:NES:OUTERTRK,1,x81zs_epiepi02,ch132,EPIEPI132-NZ5-L-A:NDBI_SDR:PGD:NES:OUTERTRK,N-type EPIEPIPGD_SDR PLY length 2Diff tracks maximum density,5760,0.000173611,PGD ETE: 12 active epi/TCN (VT) columns/unit x 2 LO<->HI tip-to-tip pair(s) each (LO1 tracks 4;16 vs HI1 tracks 9;11) = 24 LKG paths/unit; x 4x60 unit cells = 5760; Scalar = 1/5760,,24,4,4,60,"0:24[3],2:5",,"1:2/5:6/9:10/13:14/17:18/21:22,2/4/6","vt,1:2/5:6/9:10/13:14/17:18/21:22,4/9/11/16",4;16,9;11,"0:r0,0:1/6:7,0.046,plvt;0:r0,2:5,0.046,nlvt;"
EPIEPI-A-77,EPIEPI132-NZ5-L-A_NDBI_SDR_PGD_NES_INNERTRK.png,EPIEPI,A,EPIEPI-<MOS>-A:NDBI_SDR:PGD:NES:INNERTRK,1,x81zs_epiepi02,ch132,EPIEPI132-NZ5-L-A:NDBI_SDR:PGD:NES:INNERTRK,N-type EPIEPIPGD_SDR PLY length 2Diff tracks maximum density,5760,0.000173611,PGD ETE: 12 active epi/TCN (VT) columns/unit x 2 LO<->HI tip-to-tip pair(s) each (LO1 tracks 4;16 vs HI1 tracks 9;11) = 24 LKG paths/unit; x 4x60 unit cells = 5760; Scalar = 1/5760,,24,4,4,60,"0:24[3],2:5",,"1:2/5:6/9:10/13:14/17:18/21:22,2/4/6","vt,1:2/5:6/9:10/13:14/17:18/21:22,4/9/11/16",4;16,9;11,"0:r0,0:1/6:7,0.046,plvt;0:r0,2:5,0.046,nlvt;"
EPIEPI-A-78,EPIEPI132-NZ5-L-A_NDBI_SDR_PGD_NES_BOTHTRK.png,EPIEPI,A,EPIEPI-<MOS>-A:NDBI_SDR:PGD:NES:BOTHTRK,1,x81zs_epiepi02,ch132,EPIEPI132-NZ5-L-A:NDBI_SDR:PGD:NES:BOTHTRK,N-type EPIEPIPGD_SDR PLY length 2Diff tracks maximum density,5760,0.000173611,PGD ETE: 12 active epi/TCN (VT) columns/unit x 2 LO<->HI tip-to-tip pair(s) each (LO1 tracks 4;16 vs HI1 tracks 9;11) = 24 LKG paths/unit; x 4x60 unit cells = 5760; Scalar = 1/5760,,24,4,4,60,"0:24[3],2:5",,"1:2/5:6/9:10/13:14/17:18/21:22,2/4/6","vt,1:2/5:6/9:10/13:14/17:18/21:22,4/9/11/16",4;16,9;11,"0:r0,0:1/6:7,0.046,plvt;0:r0,2:5,0.046,nlvt;"
EPIEPI-A-79,EPIEPI132-PZ5-L-A_NDBI_SDR_PGD_ESD_OUTERTRK.png,EPIEPI,A,EPIEPI-<MOS>-A:NDBI_SDR:PGD:ESD:OUTERTRK,1,x81zs_epiepi02,ch132,EPIEPI132-PZ5-L-A:NDBI_SDR:PGD:ESD:OUTERTRK,P-type EPIEPIPGD_SDR PLY length 2Diff tracks maximum density,5760,0.000173611,PGD ETE: 12 active epi/TCN (VT) columns/unit x 2 LO<->HI tip-to-tip pair(s) each (LO1 tracks 4;16 vs HI1 tracks 9;11) = 24 LKG paths/unit; x 4x60 unit cells = 5760; Scalar = 1/5760,,24,4,4,60,"0:24[3],2:5",,"1:2/5:6/9:10/13:14/17:18/21:22,2/4/6","vt,1:2/5:6/9:10/13:14/17:18/21:22,4/9/11/16",4;16,9;11,"0:r0,0:1/6:7,0.046,nlvt;0:r0,2:5,0.046,plvt;"
EPIEPI-A-80,EPIEPI132-PZ5-L-A_NDBI_SDR_PGD_ESD_INNERTRK.png,EPIEPI,A,EPIEPI-<MOS>-A:NDBI_SDR:PGD:ESD:INNERTRK,1,x81zs_epiepi02,ch132,EPIEPI132-PZ5-L-A:NDBI_SDR:PGD:ESD:INNERTRK,P-type EPIEPIPGD_SDR PLY length 2Diff tracks maximum density,5760,0.000173611,PGD ETE: 12 active epi/TCN (VT) columns/unit x 2 LO<->HI tip-to-tip pair(s) each (LO1 tracks 4;16 vs HI1 tracks 9;11) = 24 LKG paths/unit; x 4x60 unit cells = 5760; Scalar = 1/5760,,24,4,4,60,"0:24[3],2:5",,"1:2/5:6/9:10/13:14/17:18/21:22,2/4/6","vt,1:2/5:6/9:10/13:14/17:18/21:22,4/9/11/16",4;16,9;11,"0:r0,0:1/6:7,0.046,nlvt;0:r0,2:5,0.046,plvt;"
EPIEPI-A-81,EPIEPI132-PZ5-L-A_NDBI_SDR_PGD_ESD_BOTHTRK.png,EPIEPI,A,EPIEPI-<MOS>-A:NDBI_SDR:PGD:ESD:BOTHTRK,1,x81zs_epiepi02,ch132,EPIEPI132-PZ5-L-A:NDBI_SDR:PGD:ESD:BOTHTRK,P-type EPIEPIPGD_SDR PLY length 2Diff tracks maximum density,5760,0.000173611,PGD ETE: 12 active epi/TCN (VT) columns/unit x 2 LO<->HI tip-to-tip pair(s) each (LO1 tracks 4;16 vs HI1 tracks 9;11) = 24 LKG paths/unit; x 4x60 unit cells = 5760; Scalar = 1/5760,,24,4,4,60,"0:24[3],2:5",,"1:2/5:6/9:10/13:14/17:18/21:22,2/4/6","vt,1:2/5:6/9:10/13:14/17:18/21:22,4/9/11/16",4;16,9;11,"0:r0,0:1/6:7,0.046,nlvt;0:r0,2:5,0.046,plvt;"
EPIEPI-A-82,EPIEPI132-NPZ5-L-A_NDBI_SDR_PGD_NES_2TRK_1PP.png,EPIEPI,A,EPIEPI-<MOS>-A:NDBI_SDR:PGD:NES:2TRK_1PP,1,x81zs_epiepi02,ch132,EPIEPI132-NPZ5-L-A:NDBI_SDR:PGD:NES:2TRK_1PP,CMOS EPIEPIPGD_SDR PLY length 2Diff tracks maximum density,5760,0.000173611,PGD ETE: 12 active epi/TCN (VT) columns/unit x 2 LO<->HI tip-to-tip pair(s) each (LO1 tracks 4;16 vs HI1 tracks 9;11) = 24 LKG paths/unit; x 4x60 unit cells = 5760; Scalar = 1/5760,,24,4,4,60,"4:20[3],2:5;0/24,0:r0",,"1:2/5:6/9:10/13:14/17:18/21:22,2/4/6","vt,1:2/5:6/9:10/13:14/17:18/21:22,4/9/11/16",4;16,9;11,"0:r0,0/3:4/7,0.046,plvt;0:r0,1:2/5:6,0.046,nlvt;"
EPIEPI-A-83,EPIEPI132-NPZ5-L-A_NDBI_SDR_PGD_ESD_2TRK_1PP.png,EPIEPI,A,EPIEPI-<MOS>-A:NDBI_SDR:PGD:ESD:2TRK_1PP,1,x81zs_epiepi02,ch132,EPIEPI132-NPZ5-L-A:NDBI_SDR:PGD:ESD:2TRK_1PP,CMOS EPIEPIPGD_SDR PLY length 2Diff tracks maximum density,5760,0.000173611,PGD ETE: 12 active epi/TCN (VT) columns/unit x 2 LO<->HI tip-to-tip pair(s) each (LO1 tracks 4;16 vs HI1 tracks 9;11) = 24 LKG paths/unit; x 4x60 unit cells = 5760; Scalar = 1/5760,,24,4,4,60,"4:20[3],2:5;0/24,0:r0",,"1:2/5:6/9:10/13:14/17:18/21:22,2/4/6","vt,1:2/5:6/9:10/13:14/17:18/21:22,4/9/11/16",4;16,9;11,"0:r0,0/3:4/7,0.046,plvt;0:r0,1:2/5:6,0.046,nlvt;"
EPIEPI-A-84,EPIEPI132-NPZ5-L-A_NDBI_SDR_PGD_NESESD_2TRK_1PP.png,EPIEPI,A,EPIEPI-<MOS>-A:NDBI_SDR:PGD:NESESD:2TRK_1PP,1,x81zs_epiepi02,ch132,EPIEPI132-NPZ5-L-A:NDBI_SDR:PGD:NESESD:2TRK_1PP,CMOS EPIEPIPGD_SDR PLY length 2Diff tracks maximum density,5760,0.000173611,PGD ETE: 12 active epi/TCN (VT) columns/unit x 2 LO<->HI tip-to-tip pair(s) each (LO1 tracks 4;16 vs HI1 tracks 9;11) = 24 LKG paths/unit; x 4x60 unit cells = 5760; Scalar = 1/5760,,24,4,4,60,"4:20[3],2:5;0/24,0:r0",,"1:2/5:6/9:10/13:14/17:18/21:22,2/4/6","vt,1:2/5:6/9:10/13:14/17:18/21:22,4/9/11/16",4;16,9;11,"0:r0,0/3:4/7,0.046,plvt;0:r0,1:2/5:6,0.046,nlvt;"
EPIEPI-A-85,EPIEPI132-NZ5-L-A_NDBI_PXL_PGD_REG_N8.png,EPIEPI,A,EPIEPI-<MOS>-A:NDBI_PXL:PGD:REG:<SKEW>,6,x81zs_epiepi02,ch132,EPIEPI132-NZ5-L-A:NDBI_PXL:PGD:REG:N8,N-type EPIEPIPGD_SDR PLY length 2Diff tracks maximum density,5760,0.000173611,PGD ETE: 12 active epi/TCN (VT) columns/unit x 2 LO<->HI tip-to-tip pair(s) each (LO1 tracks 4;16 vs HI1 tracks 9;11) = 24 LKG paths/unit; x 4x60 unit cells = 5760; Scalar = 1/5760,,24,4,4,60,"0:24[3],2:5",,"1:2/5:6/9:10/13:14/17:18/21:22,2/4/6","vt,1:2/5:6/9:10/13:14/17:18/21:22,4/9/11/16",4;16,9;11,"0:r0,0:1/6:7,0.046,plvt;0:r0,2:5,0.046,nlvt;"
EPIEPI-A-86,EPIEPI132-NZ5-L-A_NDBI_PXL_PGD_REG_NOM.png,EPIEPI,A,EPIEPI-<MOS>-A:NDBI_PXL:PGD:REG:NOM,1,x81zs_epiepi02,ch132,EPIEPI132-NZ5-L-A:NDBI_PXL:PGD:REG:NOM,N-type EPIEPIPGD_SDR PLY length 2Diff tracks maximum density,5760,0.000173611,PGD ETE: 12 active epi/TCN (VT) columns/unit x 2 LO<->HI tip-to-tip pair(s) each (LO1 tracks 4;16 vs HI1 tracks 9;11) = 24 LKG paths/unit; x 4x60 unit cells = 5760; Scalar = 1/5760,,24,4,4,60,"0:24[3],2:5",,"1:2/5:6/9:10/13:14/17:18/21:22,2/4/6","vt,1:2/5:6/9:10/13:14/17:18/21:22,4/9/11/16",4;16,9;11,"0:r0,0:1/6:7,0.046,plvt;0:r0,2:5,0.046,nlvt;"
EPIEPI-A-87,EPIEPI132-NZ5-L-A_NDBI_PXL_PGD_CD_N5.png,EPIEPI,A,EPIEPI-<MOS>-A:NDBI_PXL:PGD:CD:<SKEW>,6,x81zs_epiepi02,ch132,EPIEPI132-NZ5-L-A:NDBI_PXL:PGD:CD:N5,N-type EPIEPIPGD_SDR PLY length 2Diff tracks maximum density,5760,0.000173611,PGD ETE: 12 active epi/TCN (VT) columns/unit x 2 LO<->HI tip-to-tip pair(s) each (LO1 tracks 4;16 vs HI1 tracks 9;11) = 24 LKG paths/unit; x 4x60 unit cells = 5760; Scalar = 1/5760,,24,4,4,60,"0:24[3],2:5",,"1:2/5:6/9:10/13:14/17:18/21:22,2/4/6","vt,1:2/5:6/9:10/13:14/17:18/21:22,4/9/11/16",4;16,9;11,"0:r0,0:1/6:7,0.046,plvt;0:r0,2:5,0.046,nlvt;"
EPIEPI-A-88,EPIEPI132-NZ5-L-A_NDBI_PXL_PGD_CD_NOM.png,EPIEPI,A,EPIEPI-<MOS>-A:NDBI_PXL:PGD:CD:NOM,1,x81zs_epiepi02,ch132,EPIEPI132-NZ5-L-A:NDBI_PXL:PGD:CD:NOM,N-type EPIEPIPGD_SDR PLY length 2Diff tracks maximum density,5760,0.000173611,PGD ETE: 12 active epi/TCN (VT) columns/unit x 2 LO<->HI tip-to-tip pair(s) each (LO1 tracks 4;16 vs HI1 tracks 9;11) = 24 LKG paths/unit; x 4x60 unit cells = 5760; Scalar = 1/5760,,24,4,4,60,"0:24[3],2:5",,"1:2/5:6/9:10/13:14/17:18/21:22,2/4/6","vt,1:2/5:6/9:10/13:14/17:18/21:22,4/9/11/16",4;16,9;11,"0:r0,0:1/6:7,0.046,plvt;0:r0,2:5,0.046,nlvt;"
EPIEPI-A-89,EPIEPI132-PZ5-L-A_NDBI_PXL_PGD_REG_N8.png,EPIEPI,A,EPIEPI-<MOS>-A:NDBI_PXL:PGD:REG:<SKEW>,6,x81zs_epiepi02,ch132,EPIEPI132-PZ5-L-A:NDBI_PXL:PGD:REG:N8,P-type EPIEPIPGD_SDR PLY length 2Diff tracks maximum density,5760,0.000173611,PGD ETE: 12 active epi/TCN (VT) columns/unit x 2 LO<->HI tip-to-tip pair(s) each (LO1 tracks 4;16 vs HI1 tracks 9;11) = 24 LKG paths/unit; x 4x60 unit cells = 5760; Scalar = 1/5760,,24,4,4,60,"0:24[3],2:5",,"1:2/5:6/9:10/13:14/17:18/21:22,2/4/6","vt,1:2/5:6/9:10/13:14/17:18/21:22,4/9/11/16",4;16,9;11,"0:r0,0:1/6:7,0.046,nlvt;0:r0,2:5,0.046,plvt;"
EPIEPI-A-90,EPIEPI132-PZ5-L-A_NDBI_PXL_PGD_REG_NOM.png,EPIEPI,A,EPIEPI-<MOS>-A:NDBI_PXL:PGD:REG:NOM,1,x81zs_epiepi02,ch132,EPIEPI132-PZ5-L-A:NDBI_PXL:PGD:REG:NOM,P-type EPIEPIPGD_SDR PLY length 2Diff tracks maximum density,5760,0.000173611,PGD ETE: 12 active epi/TCN (VT) columns/unit x 2 LO<->HI tip-to-tip pair(s) each (LO1 tracks 4;16 vs HI1 tracks 9;11) = 24 LKG paths/unit; x 4x60 unit cells = 5760; Scalar = 1/5760,,24,4,4,60,"0:24[3],2:5",,"1:2/5:6/9:10/13:14/17:18/21:22,2/4/6","vt,1:2/5:6/9:10/13:14/17:18/21:22,4/9/11/16",4;16,9;11,"0:r0,0:1/6:7,0.046,nlvt;0:r0,2:5,0.046,plvt;"
EPIEPI-A-91,EPIEPI132-PZ5-L-A_NDBI_PXL_PGD_CD_N5.png,EPIEPI,A,EPIEPI-<MOS>-A:NDBI_PXL:PGD:CD:<SKEW>,6,x81zs_epiepi02,ch132,EPIEPI132-PZ5-L-A:NDBI_PXL:PGD:CD:N5,P-type EPIEPIPGD_SDR PLY length 2Diff tracks maximum density,5760,0.000173611,PGD ETE: 12 active epi/TCN (VT) columns/unit x 2 LO<->HI tip-to-tip pair(s) each (LO1 tracks 4;16 vs HI1 tracks 9;11) = 24 LKG paths/unit; x 4x60 unit cells = 5760; Scalar = 1/5760,,24,4,4,60,"0:24[3],2:5",,"1:2/5:6/9:10/13:14/17:18/21:22,2/4/6","vt,1:2/5:6/9:10/13:14/17:18/21:22,4/9/11/16",4;16,9;11,"0:r0,0:1/6:7,0.046,nlvt;0:r0,2:5,0.046,plvt;"
EPIEPI-A-92,EPIEPI132-PZ5-L-A_NDBI_PXL_PGD_CD_NOM.png,EPIEPI,A,EPIEPI-<MOS>-A:NDBI_PXL:PGD:CD:NOM,1,x81zs_epiepi02,ch132,EPIEPI132-PZ5-L-A:NDBI_PXL:PGD:CD:NOM,P-type EPIEPIPGD_SDR PLY length 2Diff tracks maximum density,5760,0.000173611,PGD ETE: 12 active epi/TCN (VT) columns/unit x 2 LO<->HI tip-to-tip pair(s) each (LO1 tracks 4;16 vs HI1 tracks 9;11) = 24 LKG paths/unit; x 4x60 unit cells = 5760; Scalar = 1/5760,,24,4,4,60,"0:24[3],2:5",,"1:2/5:6/9:10/13:14/17:18/21:22,2/4/6","vt,1:2/5:6/9:10/13:14/17:18/21:22,4/9/11/16",4;16,9;11,"0:r0,0:1/6:7,0.046,nlvt;0:r0,2:5,0.046,plvt;"
EPIEPI-C-07,EPIEPI132-NPZ5-L-C_NDBI_PXL_PGD_REG_N8.png,EPIEPI,C,EPIEPI-<MOS>-C:NDBI_PXL:PGD:REG:<SKEW>,6,x81zs_epiepi02,ch132,EPIEPI132-NPZ5-L-C:NDBI_PXL:PGD:REG:N8,CMOS EPIEPIPGD_SDR PLY length 2Diff tracks maximum density 4 TCN,11520,8.68056e-05,PGD ETE: 24 active epi/TCN (VT) columns/unit x 2 LO<->HI tip-to-tip pair(s) each (LO1 tracks 4;6;14;16 vs HI1 tracks 9;10;11) = 48 LKG paths/unit; x 4x60 unit cells = 11520; Scalar = 1/11520,,24,4,4,60,"0:24[3],2:5",,"0:r0,2/4/6","vt,1:2/5:6/9:10/13:14/17:18/21:22,6/9/11/14;vt,0:r0[3],4/10/16;vt,3:r0[3],4/10/16",4;6;14;16,9;10;11,"0:r0,0/3:4/7,0.046,plvt;0:r0,1:2/5:6,0.046,nlvt;"
EPIEPI-C-08,EPIEPI132-NPZ5-L-C_NDBI_PXL_PGD_REG_NOM.png,EPIEPI,C,EPIEPI-<MOS>-C:NDBI_PXL:PGD:REG:NOM,1,x81zs_epiepi02,ch132,EPIEPI132-NPZ5-L-C:NDBI_PXL:PGD:REG:NOM,CMOS EPIEPIPGD_SDR PLY length 2Diff tracks maximum density 4 TCN,11520,8.68056e-05,PGD ETE: 24 active epi/TCN (VT) columns/unit x 2 LO<->HI tip-to-tip pair(s) each (LO1 tracks 4;6;14;16 vs HI1 tracks 9;10;11) = 48 LKG paths/unit; x 4x60 unit cells = 11520; Scalar = 1/11520,,24,4,4,60,"0:24[3],2:5",,"0:r0,2/4/6","vt,1:2/5:6/9:10/13:14/17:18/21:22,6/9/11/14;vt,0:r0[3],4/10/16;vt,3:r0[3],4/10/16",4;6;14;16,9;10;11,"0:r0,0/3:4/7,0.046,plvt;0:r0,1:2/5:6,0.046,nlvt;"
EPIEPI-C-09,EPIEPI165-NPZ7-L-C_NDBI_SDR_PGD_DEN_NOM.png,EPIEPI,C,EPIEPI-<MOS>-C:NDBI_SDR:PGD:DEN:NOM,1,x81zs_epiepi02,ch165,EPIEPI165-NPZ7-L-C:NDBI_SDR:PGD:DEN:NOM,CMOS EPIEPIPGD_SDR PLY length 2Diff tracks maximum density 4 TCN,11520,8.68056e-05,PGD ETE: 24 active epi/TCN (VT) columns/unit x 2 LO<->HI tip-to-tip pair(s) each (LO1 tracks 4;7;17;20 vs HI1 tracks 11;12;13) = 48 LKG paths/unit; x 4x60 unit cells = 11520; Scalar = 1/11520,,24,4,4,60,"0:24[3],2:5",,"0:r0,2/4/6","vt,1:2/5:6/9:10/13:14/17:18/21:22,4/11/13/20;vt,0:r0[3],7/12/17;vt,3:r0[3],7/12/17",4;7;17;20,11;12;13,"0:r0,0/3:4/7,0.062,plvt;0:r0,1:2/5:6,0.062,nlvt;"
EPIEPI-B-07,EPIEPI132-NPZ5-L-B_NDBI_FTI_OGD_CD_N5.png,EPIEPI,B,EPIEPI-<MOS>-B:NDBI_FTI:OGD:CD:<SKEW>,4,x81zs_epiepi02,ch132,EPIEPI132-NPZ5-L-B:NDBI_FTI:OGD:CD:N5,CMOS EPIEPIPGD_SDR PLY length 2Diff tracks maximum density,5760,0.000173611,PGD ETE: 12 active epi/TCN (VT) columns/unit x 2 LO<->HI tip-to-tip pair(s) each (LO1 tracks 4;16 vs HI1 tracks 9;11) = 24 LKG paths/unit; x 4x60 unit cells = 5760; Scalar = 1/5760,,24,4,4,60,"0:24[3],2:5",,"0/3/4/7/8/11/12/15/16/19/20/23,2/4/6","vt,0/3/4/7/8/11/12/15/16/19/20/23,4/9/11/16",4;16,9;11,"0:r0,0/3:4/7,0.046,plvt;0:r0,1:2/5:6,0.046,nlvt;"
EPIEPI-B-08,EPIEPI132-NPZ5-L-B_NDBI_FTI_OGD_CD_NOM.png,EPIEPI,B,EPIEPI-<MOS>-B:NDBI_FTI:OGD:CD:NOM,1,x81zs_epiepi02,ch132,EPIEPI132-NPZ5-L-B:NDBI_FTI:OGD:CD:NOM,CMOS EPIEPIPGD_SDR PLY length 2Diff tracks maximum density,5760,0.000173611,PGD ETE: 12 active epi/TCN (VT) columns/unit x 2 LO<->HI tip-to-tip pair(s) each (LO1 tracks 4;16 vs HI1 tracks 9;11) = 24 LKG paths/unit; x 4x60 unit cells = 5760; Scalar = 1/5760,,24,4,4,60,"0:24[3],2:5",,"0/3/4/7/8/11/12/15/16/19/20/23,2/4/6","vt,0/3/4/7/8/11/12/15/16/19/20/23,4/9/11/16",4;16,9;11,"0:r0,0/3:4/7,0.046,plvt;0:r0,1:2/5:6,0.046,nlvt;"
EPIEPI-C-10,EPIEPI165-NPZ7-L-C_NDBI_PXL_PGD_CD_N5.png,EPIEPI,C,EPIEPI-<MOS>-C:NDBI_PXL:PGD:CD:<SKEW>,6,x81zs_epiepi02,ch165,EPIEPI165-NPZ7-L-C:NDBI_PXL:PGD:CD:N5,CMOS EPIEPIPGD_SDR PLY length 2Diff tracks maximum density 4 TCN,11520,8.68056e-05,PGD ETE: 24 active epi/TCN (VT) columns/unit x 2 LO<->HI tip-to-tip pair(s) each (LO1 tracks 4;7;17;20 vs HI1 tracks 11;12;13) = 48 LKG paths/unit; x 4x60 unit cells = 11520; Scalar = 1/11520,,24,4,4,60,"0:24[3],2:5",,"0:r0,2/4/6","vt,1:2/5:6/9:10/13:14/17:18/21:22,4/11/13/20;vt,0:r0[3],7/12/17;vt,3:r0[3],7/12/17",4;7;17;20,11;12;13,"0:r0,0/3:4/7,0.062,plvt;0:r0,1:2/5:6,0.062,nlvt;"
EPIEPI-C-11,EPIEPI165-NPZ7-L-C_NDBI_PXL_PGD_CD_NOM.png,EPIEPI,C,EPIEPI-<MOS>-C:NDBI_PXL:PGD:CD:NOM,1,x81zs_epiepi02,ch165,EPIEPI165-NPZ7-L-C:NDBI_PXL:PGD:CD:NOM,CMOS EPIEPIPGD_SDR PLY length 2Diff tracks maximum density 4 TCN,11520,8.68056e-05,PGD ETE: 24 active epi/TCN (VT) columns/unit x 2 LO<->HI tip-to-tip pair(s) each (LO1 tracks 4;7;17;20 vs HI1 tracks 11;12;13) = 48 LKG paths/unit; x 4x60 unit cells = 11520; Scalar = 1/11520,,24,4,4,60,"0:24[3],2:5",,"0:r0,2/4/6","vt,1:2/5:6/9:10/13:14/17:18/21:22,4/11/13/20;vt,0:r0[3],7/12/17;vt,3:r0[3],7/12/17",4;7;17;20,11;12;13,"0:r0,0/3:4/7,0.062,plvt;0:r0,1:2/5:6,0.062,nlvt;"
EPIEPI-C-12,EPIEPI165-NPZ7-L-C_NDBI_NPXL_PGD_REF_2TRK_1PP.png,EPIEPI,C,EPIEPI-<MOS>-C:NDBI_NPXL:PGD:REF:2TRK_1PP,1,x81zs_epiepi02,ch165,EPIEPI165-NPZ7-L-C:NDBI_NPXL:PGD:REF:2TRK_1PP,CMOS EPIEPIPGD_SDR PLY length 2Diff tracks maximum density 4 TCN,11520,8.68056e-05,PGD ETE: 24 active epi/TCN (VT) columns/unit x 2 LO<->HI tip-to-tip pair(s) each (LO1 tracks 4;7;17;20 vs HI1 tracks 11;12;13) = 48 LKG paths/unit; x 4x60 unit cells = 11520; Scalar = 1/11520,,24,4,4,60,"0:24[3],2:5",,"0:r0,2/4/6","vt,1:2/5:6/9:10/13:14/17:18/21:22,4/11/13/20;vt,0:r0[3],7/12/17;vt,3:r0[3],7/12/17",4;7;17;20,11;12;13,"0:r0,0/3:4/7,0.062,plvt;0:r0,1:2/5:6,0.062,nlvt;"
EPIEPI-B-09,EPIEPI132-NPZ5-L-B_NDBI_NPXL_FTI_OGD_CD_N5.png,EPIEPI,B,EPIEPI-<MOS>-B:NDBI_NPXL_FTI:OGD:CD:<SKEW>,4,x81zs_epiepi02,ch132,EPIEPI132-NPZ5-L-B:NDBI_NPXL_FTI:OGD:CD:N5,CMOS EPIEPIPGD_SDR PLY length 2Diff tracks maximum density,5760,0.000173611,PGD ETE: 12 active epi/TCN (VT) columns/unit x 2 LO<->HI tip-to-tip pair(s) each (LO1 tracks 4;16 vs HI1 tracks 9;11) = 24 LKG paths/unit; x 4x60 unit cells = 5760; Scalar = 1/5760,,24,4,4,60,"0:24[3],2:5",,"0/3/4/7/8/11/12/15/16/19/20/23,2/4/6","vt,0/3/4/7/8/11/12/15/16/19/20/23,4/9/11/16",4;16,9;11,"0:r0,0/3:4/7,0.046,plvt;0:r0,1:2/5:6,0.046,nlvt;"
EPIEPI-B-10,EPIEPI132-NPZ5-L-B_NDBI_NPXL_FTI_OGD_CD_NOM.png,EPIEPI,B,EPIEPI-<MOS>-B:NDBI_NPXL_FTI:OGD:CD:NOM,1,x81zs_epiepi02,ch132,EPIEPI132-NPZ5-L-B:NDBI_NPXL_FTI:OGD:CD:NOM,CMOS EPIEPIPGD_SDR PLY length 2Diff tracks maximum density,5760,0.000173611,PGD ETE: 12 active epi/TCN (VT) columns/unit x 2 LO<->HI tip-to-tip pair(s) each (LO1 tracks 4;16 vs HI1 tracks 9;11) = 24 LKG paths/unit; x 4x60 unit cells = 5760; Scalar = 1/5760,,24,4,4,60,"0:24[3],2:5",,"0/3/4/7/8/11/12/15/16/19/20/23,2/4/6","vt,0/3/4/7/8/11/12/15/16/19/20/23,4/9/11/16",4;16,9;11,"0:r0,0/3:4/7,0.046,plvt;0:r0,1:2/5:6,0.046,nlvt;"
EPIEPI-B-11,EPIEPI165-NPZ7-L-B_NDBI_NPXL_FTI_OGD_CD_N5.png,EPIEPI,B,EPIEPI-<MOS>-B:NDBI_NPXL_FTI:OGD:CD:<SKEW>,4,x81zs_epiepi02,ch165,EPIEPI165-NPZ7-L-B:NDBI_NPXL_FTI:OGD:CD:N5,CMOS EPIEPIPGD_SDR PLY length 2Diff tracks maximum density,5760,0.000173611,PGD ETE: 12 active epi/TCN (VT) columns/unit x 2 LO<->HI tip-to-tip pair(s) each (LO1 tracks 4;20 vs HI1 tracks 11;13) = 24 LKG paths/unit; x 4x60 unit cells = 5760; Scalar = 1/5760,,24,4,4,60,"0:24[3],2:5",,"0/3/4/7/8/11/12/15/16/19/20/23,2/4/6","vt,0/3/4/7/8/11/12/15/16/19/20/23,4/11/13/20",4;20,11;13,"0:r0,0/3:4/7,0.062,plvt;0:r0,1:2/5:6,0.062,nlvt;"
EPIEPI-B-12,EPIEPI165-NPZ7-L-B_NDBI_NPXL_FTI_OGD_CD_NOM.png,EPIEPI,B,EPIEPI-<MOS>-B:NDBI_NPXL_FTI:OGD:CD:NOM,1,x81zs_epiepi02,ch165,EPIEPI165-NPZ7-L-B:NDBI_NPXL_FTI:OGD:CD:NOM,CMOS EPIEPIPGD_SDR PLY length 2Diff tracks maximum density,5760,0.000173611,PGD ETE: 12 active epi/TCN (VT) columns/unit x 2 LO<->HI tip-to-tip pair(s) each (LO1 tracks 4;20 vs HI1 tracks 11;13) = 24 LKG paths/unit; x 4x60 unit cells = 5760; Scalar = 1/5760,,24,4,4,60,"0:24[3],2:5",,"0/3/4/7/8/11/12/15/16/19/20/23,2/4/6","vt,0/3/4/7/8/11/12/15/16/19/20/23,4/11/13/20",4;20,11;13,"0:r0,0/3:4/7,0.062,plvt;0:r0,1:2/5:6,0.062,nlvt;"
EPIEPI-D-02,EPIEPI132-NPZ5-L-D_NDBI_NPXL_PGD_DEN_2TRK_1PP.png,EPIEPI,D,EPIEPI-<MOS>-D:NDBI_NPXL:PGD:DEN:2TRK_1PP,1,x81zs_epiepi02,ch132,EPIEPI132-NPZ5-L-D:NDBI_NPXL:PGD:DEN:2TRK_1PP,CMOS EPIEPIPGD_SDR PLY length 2Diff tracks maximum density VT closer to fail area,5760,0.000173611,PGD ETE: 12 active epi/TCN (VT) columns/unit x 2 LO<->HI tip-to-tip pair(s) each (LO1 tracks 6;14 vs HI1 tracks 9;11) = 24 LKG paths/unit; x 4x60 unit cells = 5760; Scalar = 1/5760,,24,4,4,60,"0:24[3],2:5",,,"vt,1:2/5:6/9:10/13:14/17:18/21:22,6/9/11/14",6;14,9;11,"0:r0,0/3:4/7,0.046,plvt;0:r0,1:2/5:6,0.046,nlvt;"
TCNTCN-A-01,TCNTCN132-NZ5-L-A_SDR_PGD_REF_1TRK_1PP.png,TCNTCN,A,TCNTCN-<MOS>-A:SDR:PGD:REF:1TRK_1PP,2,x81zs_epitcn01 x81zs_tcntcn01,ch132,TCNTCN132-NZ5-L-A:SDR:PGD:REF:1TRK_1PP,CMOS TCNTCNPGD_SDR PLY length 1Diff tracks maximum density,5760,0.000173611,PGD ETE: 12 active TCN (VT) columns/unit x 2 LO<->HI tip-to-tip pair(s) each (LO1 tracks 6;14 vs HI1 tracks 9;11) = 24 LKG paths/unit; x 4x60 unit cells = 5760; Scalar = 1/5760,,24,4,4,60,"0:24[3],2:5",,,"vt,1:2/5:6/9:10/13:14/17:18/21:22,6/9/11/14",6;14,9;11,"0:r0,0:1/6:7,0.046,plvt;0:r0,2:5,0.046,nlvt;"
TCNTCN-A-02,TCNTCN132-PZ5-L-A_SDR_PGD_REF_1TRK_1PP.png,TCNTCN,A,TCNTCN-<MOS>-A:SDR:PGD:REF:1TRK_1PP,2,x81zs_epitcn01 x81zs_tcntcn01,ch132,TCNTCN132-PZ5-L-A:SDR:PGD:REF:1TRK_1PP,P-type TCNTCNPGD_SDR PLY length 1Diff tracks maximum density,5760,0.000173611,PGD ETE: 12 active TCN (VT) columns/unit x 2 LO<->HI tip-to-tip pair(s) each (LO1 tracks 6;14 vs HI1 tracks 9;11) = 24 LKG paths/unit; x 4x60 unit cells = 5760; Scalar = 1/5760,,24,4,4,60,"0:24[3],2:5",,,"vt,1:2/5:6/9:10/13:14/17:18/21:22,6/9/11/14",6;14,9;11,"0:r0,0:1/6:7,0.046,nlvt;0:r0,2:5,0.046,plvt;"
TCNTCN-A-03,TCNTCN132-NPZ5-L-A_SDR_PGD_REF_1TRK_1PP.png,TCNTCN,A,TCNTCN-<MOS>-A:SDR:PGD:REF:1TRK_1PP,2,x81zs_epitcn01 x81zs_tcntcn01,ch132,TCNTCN132-NPZ5-L-A:SDR:PGD:REF:1TRK_1PP,CMOS TCNTCNPGD_SDR PLY length 1Diff tracks maximum density,5760,0.000173611,PGD ETE: 12 active TCN (VT) columns/unit x 2 LO<->HI tip-to-tip pair(s) each (LO1 tracks 6;14 vs HI1 tracks 9;11) = 24 LKG paths/unit; x 4x60 unit cells = 5760; Scalar = 1/5760,,24,4,4,60,"0:24[3],2:5",,,"vt,1:2/5:6/9:10/13:14/17:18/21:22,6/9/11/14",6;14,9;11,"0:r0,0/3:4/7,0.046,plvt;0:r0,1:2/5:6,0.046,nlvt;"
TCNTCN-A-04,TCNTCN165-NZ7-L-A_SDR_PGD_REF_1TRK_1PP.png,TCNTCN,A,TCNTCN-<MOS>-A:SDR:PGD:REF:1TRK_1PP,2,x81zs_epitcn01 x81zs_tcntcn01,ch165,TCNTCN165-NZ7-L-A:SDR:PGD:REF:1TRK_1PP,N-type TCNTCNPGD_SDR PLY length 1Diff tracks maximum density,5760,0.000173611,PGD ETE: 12 active TCN (VT) columns/unit x 2 LO<->HI tip-to-tip pair(s) each (LO1 tracks 7;17 vs HI1 tracks 11;13) = 24 LKG paths/unit; x 4x60 unit cells = 5760; Scalar = 1/5760,,24,4,4,60,"0:24[3],2:5",,,"vt,1:2/5:6/9:10/13:14/17:18/21:22,7/11/13/17",7;17,11;13,"0:r0,0:1/6:7,0.062,plvt;0:r0,2:5,0.062,nlvt;"
TCNTCN-A-05,TCNTCN165-PZ7-L-A_SDR_PGD_REF_1TRK_1PP.png,TCNTCN,A,TCNTCN-<MOS>-A:SDR:PGD:REF:1TRK_1PP,2,x81zs_epitcn01 x81zs_tcntcn01,ch165,TCNTCN165-PZ7-L-A:SDR:PGD:REF:1TRK_1PP,P-type TCNTCNPGD_SDR PLY length 1Diff tracks maximum density,5760,0.000173611,PGD ETE: 12 active TCN (VT) columns/unit x 2 LO<->HI tip-to-tip pair(s) each (LO1 tracks 7;17 vs HI1 tracks 11;13) = 24 LKG paths/unit; x 4x60 unit cells = 5760; Scalar = 1/5760,,24,4,4,60,"0:24[3],2:5",,,"vt,1:2/5:6/9:10/13:14/17:18/21:22,7/11/13/17",7;17,11;13,"0:r0,0:1/6:7,0.062,nlvt;0:r0,2:5,0.062,plvt;"
TCNTCN-A-06,TCNTCN165-NPZ7-L-A_SDR_PGD_REF_1TRK_1PP.png,TCNTCN,A,TCNTCN-<MOS>-A:SDR:PGD:REF:1TRK_1PP,2,x81zs_epitcn01 x81zs_tcntcn01,ch165,TCNTCN165-NPZ7-L-A:SDR:PGD:REF:1TRK_1PP,CMOS TCNTCNPGD_SDR PLY length 1Diff tracks maximum density,5760,0.000173611,PGD ETE: 12 active TCN (VT) columns/unit x 2 LO<->HI tip-to-tip pair(s) each (LO1 tracks 7;17 vs HI1 tracks 11;13) = 24 LKG paths/unit; x 4x60 unit cells = 5760; Scalar = 1/5760,,24,4,4,60,"0:24[3],2:5",,,"vt,1:2/5:6/9:10/13:14/17:18/21:22,7/11/13/17",7;17,11;13,"0:r0,0/3:4/7,0.062,plvt;0:r0,1:2/5:6,0.062,nlvt;"
TCNTCN-A-07,TCNTCN132-NZ5-L-A_SDR_PGD_REF_2TRK_1PP.png,TCNTCN,A,TCNTCN-<MOS>-A:SDR:PGD:REF:2TRK_1PP,2,x81zs_epitcn01 x81zs_tcntcn01,ch132,TCNTCN132-NZ5-L-A:SDR:PGD:REF:2TRK_1PP,N-type TCNTCNPGD_SDR PLY length 2Diff tracks maximum density,5760,0.000173611,PGD ETE: 12 active TCN (VT) columns/unit x 2 LO<->HI tip-to-tip pair(s) each (LO1 tracks 4;16 vs HI1 tracks 9;11) = 24 LKG paths/unit; x 4x60 unit cells = 5760; Scalar = 1/5760,,24,4,4,60,"0:24[3],2:5",,"1:2/5:6/9:10/13:14/17:18/21:22,2/4/6","vt,1:2/5:6/9:10/13:14/17:18/21:22,4/9/11/16",4;16,9;11,"0:r0,0:1/6:7,0.046,plvt;0:r0,2:5,0.046,nlvt;"
TCNTCN-A-08,TCNTCN132-PZ5-L-A_SDR_PGD_REF_2TRK_1PP.png,TCNTCN,A,TCNTCN-<MOS>-A:SDR:PGD:REF:2TRK_1PP,2,x81zs_epitcn01 x81zs_tcntcn01,ch132,TCNTCN132-PZ5-L-A:SDR:PGD:REF:2TRK_1PP,P-type TCNTCNPGD_SDR PLY length 2Diff tracks maximum density,5760,0.000173611,PGD ETE: 12 active TCN (VT) columns/unit x 2 LO<->HI tip-to-tip pair(s) each (LO1 tracks 4;16 vs HI1 tracks 9;11) = 24 LKG paths/unit; x 4x60 unit cells = 5760; Scalar = 1/5760,,24,4,4,60,"0:24[3],2:5",,"1:2/5:6/9:10/13:14/17:18/21:22,2/4/6","vt,1:2/5:6/9:10/13:14/17:18/21:22,4/9/11/16",4;16,9;11,"0:r0,0:1/6:7,0.046,nlvt;0:r0,2:5,0.046,plvt;"
TCNTCN-A-09,TCNTCN132-NPZ5-L-A_SDR_PGD_REF_2TRK_1PP.png,TCNTCN,A,TCNTCN-<MOS>-A:SDR:PGD:REF:2TRK_1PP,2,x81zs_epitcn01 x81zs_tcntcn01,ch132,TCNTCN132-NPZ5-L-A:SDR:PGD:REF:2TRK_1PP,CMOS TCNTCNPGD_SDR PLY length 2Diff tracks maximum density,5760,0.000173611,PGD ETE: 12 active TCN (VT) columns/unit x 2 LO<->HI tip-to-tip pair(s) each (LO1 tracks 4;16 vs HI1 tracks 9;11) = 24 LKG paths/unit; x 4x60 unit cells = 5760; Scalar = 1/5760,,24,4,4,60,"0:24[3],2:5",,"1:2/5:6/9:10/13:14/17:18/21:22,2/4/6","vt,1:2/5:6/9:10/13:14/17:18/21:22,4/9/11/16",4;16,9;11,"0:r0,0/3:4/7,0.046,plvt;0:r0,1:2/5:6,0.046,nlvt;"
TCNTCN-A-10,TCNTCN165-NZ7-L-A_SDR_PGD_REF_2TRK_1PP.png,TCNTCN,A,TCNTCN-<MOS>-A:SDR:PGD:REF:2TRK_1PP,2,x81zs_epitcn01 x81zs_tcntcn01,ch165,TCNTCN165-NZ7-L-A:SDR:PGD:REF:2TRK_1PP,N-type TCNTCNPGD_SDR PLY length 2Diff tracks maximum density,5760,0.000173611,PGD ETE: 12 active TCN (VT) columns/unit x 2 LO<->HI tip-to-tip pair(s) each (LO1 tracks 4;20 vs HI1 tracks 11;13) = 24 LKG paths/unit; x 4x60 unit cells = 5760; Scalar = 1/5760,,24,4,4,60,"0:24[3],2:5",,"1:2/5:6/9:10/13:14/17:18/21:22,2/4/6","vt,1:2/5:6/9:10/13:14/17:18/21:22,4/11/13/20",4;20,11;13,"0:r0,0:1/6:7,0.062,plvt;0:r0,2:5,0.062,nlvt;"
TCNTCN-A-11,TCNTCN165-PZ7-L-A_SDR_PGD_REF_2TRK_1PP.png,TCNTCN,A,TCNTCN-<MOS>-A:SDR:PGD:REF:2TRK_1PP,2,x81zs_epitcn01 x81zs_tcntcn01,ch165,TCNTCN165-PZ7-L-A:SDR:PGD:REF:2TRK_1PP,P-type TCNTCNPGD_SDR PLY length 2Diff tracks maximum density,5760,0.000173611,PGD ETE: 12 active TCN (VT) columns/unit x 2 LO<->HI tip-to-tip pair(s) each (LO1 tracks 4;20 vs HI1 tracks 11;13) = 24 LKG paths/unit; x 4x60 unit cells = 5760; Scalar = 1/5760,,24,4,4,60,"0:24[3],2:5",,"1:2/5:6/9:10/13:14/17:18/21:22,2/4/6","vt,1:2/5:6/9:10/13:14/17:18/21:22,4/11/13/20",4;20,11;13,"0:r0,0:1/6:7,0.062,nlvt;0:r0,2:5,0.062,plvt;"
TCNTCN-A-12,TCNTCN165-NPZ7-L-A_SDR_PGD_REF_2TRK_1PP.png,TCNTCN,A,TCNTCN-<MOS>-A:SDR:PGD:REF:2TRK_1PP,2,x81zs_epitcn01 x81zs_tcntcn01,ch165,TCNTCN165-NPZ7-L-A:SDR:PGD:REF:2TRK_1PP,CMOS TCNTCNPGD_SDR PLY length 2Diff tracks maximum density,5760,0.000173611,PGD ETE: 12 active TCN (VT) columns/unit x 2 LO<->HI tip-to-tip pair(s) each (LO1 tracks 4;20 vs HI1 tracks 11;13) = 24 LKG paths/unit; x 4x60 unit cells = 5760; Scalar = 1/5760,,24,4,4,60,"0:24[3],2:5",,"1:2/5:6/9:10/13:14/17:18/21:22,2/4/6","vt,1:2/5:6/9:10/13:14/17:18/21:22,4/11/13/20",4;20,11;13,"0:r0,0/3:4/7,0.062,plvt;0:r0,1:2/5:6,0.062,nlvt;"
TCNTCN-B-01,TCNTCN132-NPZ5-L-B_VCR_PGD_CD_N4.png,TCNTCN,B,TCNTCN-<MOS>-B:VCR:PGD:CD:<SKEW>,8,x81zs_epitcn01 x81zs_tcntcn01,ch132,TCNTCN132-NPZ5-L-B:VCR:PGD:CD:N4,CMOS TCNTCNPGD_SDR PLY length 1Diff tracks VCR CD skews without VCR Nub,5760,0.000173611,PGD ETE: 12 active TCN (VT) columns/unit x 2 LO<->HI tip-to-tip pair(s) each (LO1 tracks 6;14 vs HI1 tracks 4;16) = 24 LKG paths/unit; x 4x60 unit cells = 5760; Scalar = 1/5760,,24,4,4,60,"0:24[3],1:2/5:6",,,"vt,1:2/5:6/9:10/13:14/17:18/21:22,4/6/14/16",6;14,4;16,"0:r0,0:1/6:7,0.046,plvt;0:r0,2:5,0.046,nlvt;"
TCNTCN-B-02,TCNTCN132-NPZ5-L-B_VCR_PGD_CD_NOM.png,TCNTCN,B,TCNTCN-<MOS>-B:VCR:PGD:CD:NOM,2,x81zs_epitcn01 x81zs_tcntcn01,ch132,TCNTCN132-NPZ5-L-B:VCR:PGD:CD:NOM,CMOS TCNTCNPGD_SDR PLY length 1Diff tracks VCR CD skews without VCR Nub,5760,0.000173611,PGD ETE: 12 active TCN (VT) columns/unit x 2 LO<->HI tip-to-tip pair(s) each (LO1 tracks 6;14 vs HI1 tracks 4;16) = 24 LKG paths/unit; x 4x60 unit cells = 5760; Scalar = 1/5760,,24,4,4,60,"0:24[3],1:2/5:6",,,"vt,1:2/5:6/9:10/13:14/17:18/21:22,4/6/14/16",6;14,4;16,"0:r0,0:1/6:7,0.046,plvt;0:r0,2:5,0.046,nlvt;"
TCNTCN-B-03,TCNTCN132-NPZ5-L-B_VCR_PGD_REG_N4.png,TCNTCN,B,TCNTCN-<MOS>-B:VCR:PGD:REG:<SKEW>,8,x81zs_epitcn01 x81zs_tcntcn01,ch132,TCNTCN132-NPZ5-L-B:VCR:PGD:REG:N4,CMOS TCNTCNPGD_SDR PLY length 1Diff tracks VCR CD skews without VCR Nub,5760,0.000173611,PGD ETE: 12 active TCN (VT) columns/unit x 2 LO<->HI tip-to-tip pair(s) each (LO1 tracks 6;14 vs HI1 tracks 4;16) = 24 LKG paths/unit; x 4x60 unit cells = 5760; Scalar = 1/5760,,24,4,4,60,"0:24[3],1:2/5:6",,,"vt,1:2/5:6/9:10/13:14/17:18/21:22,4/6/14/16",6;14,4;16,"0:r0,0:1/6:7,0.046,plvt;0:r0,2:5,0.046,nlvt;"
TCNTCN-B-04,TCNTCN132-NPZ5-L-B_VCR_PGD_REG_NOM.png,TCNTCN,B,TCNTCN-<MOS>-B:VCR:PGD:REG:NOM,2,x81zs_epitcn01 x81zs_tcntcn01,ch132,TCNTCN132-NPZ5-L-B:VCR:PGD:REG:NOM,CMOS TCNTCNPGD_SDR PLY length 1Diff tracks VCR CD skews without VCR Nub,5760,0.000173611,PGD ETE: 12 active TCN (VT) columns/unit x 2 LO<->HI tip-to-tip pair(s) each (LO1 tracks 6;14 vs HI1 tracks 4;16) = 24 LKG paths/unit; x 4x60 unit cells = 5760; Scalar = 1/5760,,24,4,4,60,"0:24[3],1:2/5:6",,,"vt,1:2/5:6/9:10/13:14/17:18/21:22,4/6/14/16",6;14,4;16,"0:r0,0:1/6:7,0.046,plvt;0:r0,2:5,0.046,nlvt;"
TCNTCN-A-13,TCNTCN132-NPZ5-L-A_GLK_OGD_DEN_1TRK_1PP.png,TCNTCN,A,TCNTCN-<MOS>-A:GLK_OGD_DEN:1TRK_1PP,2,x81zs_epitcn01 x81zs_tcntcn01,ch132,TCNTCN132-NPZ5-L-A:GLK_OGD_DEN:1TRK_1PP,CMOS TCNTCNPGD_SDR PLY length 1Diff tracks maximum density,5760,0.000173611,PGD ETE: 12 active TCN (VT) columns/unit x 2 LO<->HI tip-to-tip pair(s) each (LO1 tracks 6;14 vs HI1 tracks 9;11) = 24 LKG paths/unit; x 4x60 unit cells = 5760; Scalar = 1/5760,,24,4,4,60,"0:24[3],2:5","1:3/5:7/9:11/13:15/17:19/21:23,3/5",,"vt,1:2/5:6/9:10/13:14/17:18/21:22,6/9/11/14",6;14,9;11,"0:r0,0/3:4/7,0.046,plvt;0:r0,1:2/5:6,0.046,nlvt;"
TCNTCN-A-14,TCNTCN132-NPZ5-L-A_PLG_OGD_DEN_1TRK_1PP.png,TCNTCN,A,TCNTCN-<MOS>-A:PLG_OGD_DEN:1TRK_1PP,2,x81zs_epitcn01 x81zs_tcntcn01,ch132,TCNTCN132-NPZ5-L-A:PLG_OGD_DEN:1TRK_1PP,CMOS TCNTCNPGD_SDR PLY length 1Diff tracks maximum density,5760,0.000173611,PGD ETE: 12 active TCN (VT) columns/unit x 2 LO<->HI tip-to-tip pair(s) each (LO1 tracks 6;14 vs HI1 tracks 9;11) = 24 LKG paths/unit; x 4x60 unit cells = 5760; Scalar = 1/5760,,24,4,4,60,"0:24[3],2:5","1:3/5:7/9:11/13:15/17:19/21:23,3/5","0/3/4/7/8/11/12/15/16/19/20/23,3/5","vt,1:2/5:6/9:10/13:14/17:18/21:22,6/9/11/14",6;14,9;11,"0:r0,0/3:4/7,0.046,plvt;0:r0,1:2/5:6,0.046,nlvt;"
TCNTCN-A-15,TCNTCN132-NPZ5-L-A_LNK_OGD_DEN_1TRK_1PP.png,TCNTCN,A,TCNTCN-<MOS>-A:LNK_OGD_DEN:1TRK_1PP,2,x81zs_epitcn01 x81zs_tcntcn01,ch132,TCNTCN132-NPZ5-L-A:LNK_OGD_DEN:1TRK_1PP,CMOS TCNTCNPGD_SDR PLY length 1Diff tracks maximum density,5760,0.000173611,PGD ETE: 12 active TCN (VT) columns/unit x 2 LO<->HI tip-to-tip pair(s) each (LO1 tracks 6;14 vs HI1 tracks 9;11) = 24 LKG paths/unit; x 4x60 unit cells = 5760; Scalar = 1/5760,,24,4,4,60,"0:24[3],2:5",,"0/3/4/7/8/11/12/15/16/19/20/23,3/5","vt,1:2/5:6/9:10/13:14/17:18/21:22,6/9/11/14",6;14,9;11,"0:r0,0/3:4/7,0.046,plvt;0:r0,1:2/5:6,0.046,nlvt;"
TCNTCN-A-16,TCNTCN132-NPZ5-L-A_TCP_PGD_CD_N2.png,TCNTCN,A,TCNTCN-<MOS>-A:TCP:PGD:CD:<SKEW>,14,x81zs_epitcn01 x81zs_tcntcn01,ch132,TCNTCN132-NPZ5-L-A:TCP:PGD:CD:N2,CMOS TCNTCNPGD_SDR PLY length 2Diff tracks maximum density,5760,0.000173611,PGD ETE: 12 active TCN (VT) columns/unit x 2 LO<->HI tip-to-tip pair(s) each (LO1 tracks 4;16 vs HI1 tracks 9;11) = 24 LKG paths/unit; x 4x60 unit cells = 5760; Scalar = 1/5760,,24,4,4,60,"0:24[3],2:5",,"1:2/5:6/9:10/13:14/17:18/21:22,2/4/6","vt,1:2/5:6/9:10/13:14/17:18/21:22,4/9/11/16",4;16,9;11,"0:r0,0/3:4/7,0.046,plvt;0:r0,1:2/5:6,0.046,nlvt;"
TCNTCN-A-17,TCNTCN132-NPZ5-L-A_TCP_PGD_CD_NOM.png,TCNTCN,A,TCNTCN-<MOS>-A:TCP:PGD:CD:NOM,2,x81zs_epitcn01 x81zs_tcntcn01,ch132,TCNTCN132-NPZ5-L-A:TCP:PGD:CD:NOM,CMOS TCNTCNPGD_SDR PLY length 2Diff tracks maximum density,5760,0.000173611,PGD ETE: 12 active TCN (VT) columns/unit x 2 LO<->HI tip-to-tip pair(s) each (LO1 tracks 4;16 vs HI1 tracks 9;11) = 24 LKG paths/unit; x 4x60 unit cells = 5760; Scalar = 1/5760,,24,4,4,60,"0:24[3],2:5",,"1:2/5:6/9:10/13:14/17:18/21:22,2/4/6","vt,1:2/5:6/9:10/13:14/17:18/21:22,4/9/11/16",4;16,9;11,"0:r0,0/3:4/7,0.046,plvt;0:r0,1:2/5:6,0.046,nlvt;"
TCNTCN-A-18,TCNTCN132-NPZ5-L-A_TCP_PGD_REG_N5.png,TCNTCN,A,TCNTCN-<MOS>-A:TCP:PGD:REG:<SKEW>,12,x81zs_epitcn01 x81zs_tcntcn01,ch132,TCNTCN132-NPZ5-L-A:TCP:PGD:REG:N5,CMOS TCNTCNPGD_SDR PLY length 2Diff tracks maximum density,5760,0.000173611,PGD ETE: 12 active TCN (VT) columns/unit x 2 LO<->HI tip-to-tip pair(s) each (LO1 tracks 4;16 vs HI1 tracks 9;11) = 24 LKG paths/unit; x 4x60 unit cells = 5760; Scalar = 1/5760,,24,4,4,60,"0:24[3],2:5",,"1:2/5:6/9:10/13:14/17:18/21:22,2/4/6","vt,1:2/5:6/9:10/13:14/17:18/21:22,4/9/11/16",4;16,9;11,"0:r0,0/3:4/7,0.046,plvt;0:r0,1:2/5:6,0.046,nlvt;"
TCNTCN-A-19,TCNTCN132-NPZ5-L-A_TCP_PGD_REG_NOM.png,TCNTCN,A,TCNTCN-<MOS>-A:TCP:PGD:REG:NOM,2,x81zs_epitcn01 x81zs_tcntcn01,ch132,TCNTCN132-NPZ5-L-A:TCP:PGD:REG:NOM,CMOS TCNTCNPGD_SDR PLY length 2Diff tracks maximum density,5760,0.000173611,PGD ETE: 12 active TCN (VT) columns/unit x 2 LO<->HI tip-to-tip pair(s) each (LO1 tracks 4;16 vs HI1 tracks 9;11) = 24 LKG paths/unit; x 4x60 unit cells = 5760; Scalar = 1/5760,,24,4,4,60,"0:24[3],2:5",,"1:2/5:6/9:10/13:14/17:18/21:22,2/4/6","vt,1:2/5:6/9:10/13:14/17:18/21:22,4/9/11/16",4;16,9;11,"0:r0,0/3:4/7,0.046,plvt;0:r0,1:2/5:6,0.046,nlvt;"
GATEGATE-A-01,GATEGATE132-NZ5-H-A_SDR_PGD_REF_1TRK_1PP.png,GATEGATE,A,GATEGATE-<MOS>-A:SDR:PGD:REF:1TRK_1PP,6,x81zs_gategate01,ch132,GATEGATE132-NZ5-H-A:SDR:PGD:REF:1TRK_1PP,N-type PLYPLYPGD_SDR PLY length 1Diff tracks maximum density,10800,9.25926e-05,PGD ETE: 18 active gate (VG) columns/unit x 2 LO<->HI tip-to-tip pair(s) each (LO1 tracks 6;14 vs HI1 tracks 9;11) = 36 LKG paths/unit; x 5x60 unit cells = 10800; Scalar = 1/10800,,24,4,5,60,"0:24[3],2:5",,,"vg,1:3/5:7/9:11/13:15/17:19/21:23,6/9/11/14",6;14,9;11,"0:r0,0:1/6:7,0.046,phvt;0:r0,2:5,0.046,nhvt;"
GATEGATE-A-02,GATEGATE132-NPZ5-H-A_SDR_PGD_REF_1TRK_1PP.png,GATEGATE,A,GATEGATE-<MOS>-A:SDR:PGD:REF:1TRK_1PP,6,x81zs_gategate01,ch132,GATEGATE132-NPZ5-H-A:SDR:PGD:REF:1TRK_1PP,CMOS PLYPLYPGD_SDR PLY length 1Diff tracks maximum density,10800,9.25926e-05,PGD ETE: 18 active gate (VG) columns/unit x 2 LO<->HI tip-to-tip pair(s) each (LO1 tracks 6;14 vs HI1 tracks 9;11) = 36 LKG paths/unit; x 5x60 unit cells = 10800; Scalar = 1/10800,,24,4,5,60,"0:24[3],2:5",,,"vg,1:3/5:7/9:11/13:15/17:19/21:23,6/9/11/14",6;14,9;11,"0:r0,0/3:4/7,0.046,phvt;0:r0,1:2/5:6,0.046,nhvt;"
GATEGATE-A-03,GATEGATE132-PZ5-H-A_SDR_PGD_REF_1TRK_1PP.png,GATEGATE,A,GATEGATE-<MOS>-A:SDR:PGD:REF:1TRK_1PP,6,x81zs_gategate01,ch132,GATEGATE132-PZ5-H-A:SDR:PGD:REF:1TRK_1PP,P-type PLYPLYPGD_SDR PLY length 1Diff tracks maximum density,10800,9.25926e-05,PGD ETE: 18 active gate (VG) columns/unit x 2 LO<->HI tip-to-tip pair(s) each (LO1 tracks 6;14 vs HI1 tracks 9;11) = 36 LKG paths/unit; x 5x60 unit cells = 10800; Scalar = 1/10800,,24,4,5,60,"0:24[3],2:5",,,"vg,1:3/5:7/9:11/13:15/17:19/21:23,6/9/11/14",6;14,9;11,"0:r0,0:1/6:7,0.046,nhvt;0:r0,2:5,0.046,phvt;"
GATEGATE-A-04,GATEGATE165-NZ7-H-A_SDR_PGD_REF_1TRK_1PP.png,GATEGATE,A,GATEGATE-<MOS>-A:SDR:PGD:REF:1TRK_1PP,6,x81zs_gategate01,ch165,GATEGATE165-NZ7-H-A:SDR:PGD:REF:1TRK_1PP,N-type PLYPLYPGD_SDR PLY length 1Diff tracks maximum density,10800,9.25926e-05,PGD ETE: 18 active gate (VG) columns/unit x 2 LO<->HI tip-to-tip pair(s) each (LO1 tracks 7;17 vs HI1 tracks 11;13) = 36 LKG paths/unit; x 5x60 unit cells = 10800; Scalar = 1/10800,,24,4,5,60,"0:24[3],2:5",,,"vg,1:3/5:7/9:11/13:15/17:19/21:23,7/11/13/17",7;17,11;13,"0:r0,0:1/6:7,0.062,phvt;0:r0,2:5,0.062,nhvt;"
GATEGATE-A-05,GATEGATE165-NPZ7-H-A_SDR_PGD_REF_1TRK_1PP.png,GATEGATE,A,GATEGATE-<MOS>-A:SDR:PGD:REF:1TRK_1PP,6,x81zs_gategate01,ch165,GATEGATE165-NPZ7-H-A:SDR:PGD:REF:1TRK_1PP,CMOS PLYPLYPGD_SDR PLY length 1Diff tracks maximum density,10800,9.25926e-05,PGD ETE: 18 active gate (VG) columns/unit x 2 LO<->HI tip-to-tip pair(s) each (LO1 tracks 7;17 vs HI1 tracks 11;13) = 36 LKG paths/unit; x 5x60 unit cells = 10800; Scalar = 1/10800,,24,4,5,60,"0:24[3],2:5",,,"vg,1:3/5:7/9:11/13:15/17:19/21:23,7/11/13/17",7;17,11;13,"0:r0,0/3:4/7,0.062,phvt;0:r0,1:2/5:6,0.062,nhvt;"
GATEGATE-A-06,GATEGATE165-PZ7-H-A_SDR_PGD_REF_1TRK_1PP.png,GATEGATE,A,GATEGATE-<MOS>-A:SDR:PGD:REF:1TRK_1PP,6,x81zs_gategate01,ch165,GATEGATE165-PZ7-H-A:SDR:PGD:REF:1TRK_1PP,P-type PLYPLYPGD_SDR PLY length 1Diff tracks maximum density,10800,9.25926e-05,PGD ETE: 18 active gate (VG) columns/unit x 2 LO<->HI tip-to-tip pair(s) each (LO1 tracks 7;17 vs HI1 tracks 11;13) = 36 LKG paths/unit; x 5x60 unit cells = 10800; Scalar = 1/10800,,24,4,5,60,"0:24[3],2:5",,,"vg,1:3/5:7/9:11/13:15/17:19/21:23,7/11/13/17",7;17,11;13,"0:r0,0:1/6:7,0.062,nhvt;0:r0,2:5,0.062,phvt;"
GATEGATE-A-07,GATEGATE110-NZ1-H-A_SDR_PGD_REF_2TRK_1PP.png,GATEGATE,A,GATEGATE-<MOS>-A:SDR:PGD:REF:2TRK_1PP,12,x81zs_gategate01,ch110 ch132,GATEGATE110-NZ1-H-A:SDR:PGD:REF:2TRK_1PP,N-type PLYPLYPGD_SDR PLY length 2Diff tracks maximum density,10800,9.25926e-05,PGD ETE: 18 active gate (VG) columns/unit x 2 LO<->HI tip-to-tip pair(s) each (LO1 tracks 4;16 vs HI1 tracks 9;11) = 36 LKG paths/unit; x 5x60 unit cells = 10800; Scalar = 1/10800,,24,4,5,60,"0:24[3],2:5","1:3/5:7/9:11/13:15/17:19/21:23,2/4/6",,"vg,1:3/5:7/9:11/13:15/17:19/21:23,4/9/11/16",4;16,9;11,"0:r0,0:1/6:7,0.027,phvt;0:r0,2:5,0.027,nhvt;"
GATEGATE-A-08,GATEGATE110-NPZ1-H-A_SDR_PGD_REF_2TRK_1PP.png,GATEGATE,A,GATEGATE-<MOS>-A:SDR:PGD:REF:2TRK_1PP,12,x81zs_gategate01,ch110 ch132,GATEGATE110-NPZ1-H-A:SDR:PGD:REF:2TRK_1PP,CMOS PLYPLYPGD_SDR PLY length 2Diff tracks maximum density,10800,9.25926e-05,PGD ETE: 18 active gate (VG) columns/unit x 2 LO<->HI tip-to-tip pair(s) each (LO1 tracks 4;16 vs HI1 tracks 9;11) = 36 LKG paths/unit; x 5x60 unit cells = 10800; Scalar = 1/10800,,24,4,5,60,"0:24[3],2:5","1:3/5:7/9:11/13:15/17:19/21:23,2/4/6",,"vg,1:3/5:7/9:11/13:15/17:19/21:23,4/9/11/16",4;16,9;11,"0:r0,0/3:4/7,0.027,phvt;0:r0,1:2/5:6,0.027,nhvt;"
GATEGATE-A-09,GATEGATE110-PZ1-H-A_SDR_PGD_REF_2TRK_1PP.png,GATEGATE,A,GATEGATE-<MOS>-A:SDR:PGD:REF:2TRK_1PP,12,x81zs_gategate01,ch110 ch132,GATEGATE110-PZ1-H-A:SDR:PGD:REF:2TRK_1PP,P-type PLYPLYPGD_SDR PLY length 2Diff tracks maximum density,10800,9.25926e-05,PGD ETE: 18 active gate (VG) columns/unit x 2 LO<->HI tip-to-tip pair(s) each (LO1 tracks 4;16 vs HI1 tracks 9;11) = 36 LKG paths/unit; x 5x60 unit cells = 10800; Scalar = 1/10800,,24,4,5,60,"0:24[3],2:5","1:3/5:7/9:11/13:15/17:19/21:23,2/4/6",,"vg,1:3/5:7/9:11/13:15/17:19/21:23,4/9/11/16",4;16,9;11,"0:r0,0:1/6:7,0.027,nhvt;0:r0,2:5,0.027,phvt;"
GATEGATE-A-10,GATEGATE165-NZ7-H-A_SDR_PGD_REF_2TRK_1PP.png,GATEGATE,A,GATEGATE-<MOS>-A:SDR:PGD:REF:2TRK_1PP,6,x81zs_gategate01,ch165,GATEGATE165-NZ7-H-A:SDR:PGD:REF:2TRK_1PP,N-type PLYPLYPGD_SDR PLY length 2Diff tracks maximum density,10800,9.25926e-05,PGD ETE: 18 active gate (VG) columns/unit x 2 LO<->HI tip-to-tip pair(s) each (LO1 tracks 4;20 vs HI1 tracks 11;13) = 36 LKG paths/unit; x 5x60 unit cells = 10800; Scalar = 1/10800,,24,4,5,60,"0:24[3],2:5","1:3/5:7/9:11/13:15/17:19/21:23,2/4/6",,"vg,1:3/5:7/9:11/13:15/17:19/21:23,4/11/13/20",4;20,11;13,"0:r0,0:1/6:7,0.062,phvt;0:r0,2:5,0.062,nhvt;"
GATEGATE-A-11,GATEGATE165-NPZ7-H-A_SDR_PGD_REF_2TRK_1PP.png,GATEGATE,A,GATEGATE-<MOS>-A:SDR:PGD:REF:2TRK_1PP,6,x81zs_gategate01,ch165,GATEGATE165-NPZ7-H-A:SDR:PGD:REF:2TRK_1PP,CMOS PLYPLYPGD_SDR PLY length 2Diff tracks maximum density,10800,9.25926e-05,PGD ETE: 18 active gate (VG) columns/unit x 2 LO<->HI tip-to-tip pair(s) each (LO1 tracks 4;20 vs HI1 tracks 11;13) = 36 LKG paths/unit; x 5x60 unit cells = 10800; Scalar = 1/10800,,24,4,5,60,"0:24[3],2:5","1:3/5:7/9:11/13:15/17:19/21:23,2/4/6",,"vg,1:3/5:7/9:11/13:15/17:19/21:23,4/11/13/20",4;20,11;13,"0:r0,0/3:4/7,0.062,phvt;0:r0,1:2/5:6,0.062,nhvt;"
GATEGATE-A-12,GATEGATE165-PZ7-H-A_SDR_PGD_REF_2TRK_1PP.png,GATEGATE,A,GATEGATE-<MOS>-A:SDR:PGD:REF:2TRK_1PP,6,x81zs_gategate01,ch165,GATEGATE165-PZ7-H-A:SDR:PGD:REF:2TRK_1PP,P-type PLYPLYPGD_SDR PLY length 2Diff tracks maximum density,10800,9.25926e-05,PGD ETE: 18 active gate (VG) columns/unit x 2 LO<->HI tip-to-tip pair(s) each (LO1 tracks 4;20 vs HI1 tracks 11;13) = 36 LKG paths/unit; x 5x60 unit cells = 10800; Scalar = 1/10800,,24,4,5,60,"0:24[3],2:5","1:3/5:7/9:11/13:15/17:19/21:23,2/4/6",,"vg,1:3/5:7/9:11/13:15/17:19/21:23,4/11/13/20",4;20,11;13,"0:r0,0:1/6:7,0.062,nhvt;0:r0,2:5,0.062,phvt;"
GATEGATE-A-13,GATEGATE132-NZ5-H-A_SDR_PGD_REF_OC1.png,GATEGATE,A,GATEGATE-<MOS>-A:SDR:PGD:REF:OC1,6,x81zs_gategate02,ch132,GATEGATE132-NZ5-H-A:SDR:PGD:REF:OC1,"N-type PLYPLYPGD_SDR PLY length 2Diff tracks maximum density, OC1 remove external Via-g",10800,9.25926e-05,PGD ETE: 18 active gate (VG) columns/unit x 2 LO<->HI tip-to-tip pair(s) each (LO1 tracks 4;16 vs HI1 tracks 9;11) = 36 LKG paths/unit; x 5x60 unit cells = 10800; Scalar = 1/10800,vias missing on some LO1/HI1 tracks (variant); SDR-equivalent track set used,24,4,5,60,"0:24[3],2:5","1:3/5:7/9:11/13:15/17:19/21:23,2/4/6",,"vg,1:3/5:7/9:11/13:15/17:19/21:23,9/11",4;16,9;11,"0:r0,0:1/6:7,0.046,phvt;0:r0,2:5,0.046,nhvt;"
GATEGATE-A-14,GATEGATE132-NPZ5-H-A_SDR_PGD_REF_OC1.png,GATEGATE,A,GATEGATE-<MOS>-A:SDR:PGD:REF:OC1,6,x81zs_gategate02,ch132,GATEGATE132-NPZ5-H-A:SDR:PGD:REF:OC1,"CMOS PLYPLYPGD_SDR PLY length 2Diff tracks maximum density, OC1 remove external Via-g",10800,9.25926e-05,PGD ETE: 18 active gate (VG) columns/unit x 2 LO<->HI tip-to-tip pair(s) each (LO1 tracks 4;16 vs HI1 tracks 9;11) = 36 LKG paths/unit; x 5x60 unit cells = 10800; Scalar = 1/10800,vias missing on some LO1/HI1 tracks (variant); SDR-equivalent track set used,24,4,5,60,"0:24[3],2:5","1:3/5:7/9:11/13:15/17:19/21:23,2/4/6",,"vg,1:3/5:7/9:11/13:15/17:19/21:23,9/11",4;16,9;11,"0:r0,0/3:4/7,0.046,phvt;0:r0,1:2/5:6,0.046,nhvt;"
GATEGATE-A-15,GATEGATE132-PZ5-H-A_SDR_PGD_REF_OC1.png,GATEGATE,A,GATEGATE-<MOS>-A:SDR:PGD:REF:OC1,6,x81zs_gategate02,ch132,GATEGATE132-PZ5-H-A:SDR:PGD:REF:OC1,"P-type PLYPLYPGD_SDR PLY length 2Diff tracks maximum density, OC1 remove external Via-g",10800,9.25926e-05,PGD ETE: 18 active gate (VG) columns/unit x 2 LO<->HI tip-to-tip pair(s) each (LO1 tracks 4;16 vs HI1 tracks 9;11) = 36 LKG paths/unit; x 5x60 unit cells = 10800; Scalar = 1/10800,vias missing on some LO1/HI1 tracks (variant); SDR-equivalent track set used,24,4,5,60,"0:24[3],2:5","1:3/5:7/9:11/13:15/17:19/21:23,2/4/6",,"vg,1:3/5:7/9:11/13:15/17:19/21:23,9/11",4;16,9;11,"0:r0,0:1/6:7,0.046,nhvt;0:r0,2:5,0.046,phvt;"
GATEGATE-A-16,GATEGATE165-NZ7-H-A_SDR_PGD_REF_OC1.png,GATEGATE,A,GATEGATE-<MOS>-A:SDR:PGD:REF:OC1,6,x81zs_gategate02,ch165,GATEGATE165-NZ7-H-A:SDR:PGD:REF:OC1,"N-type PLYPLYPGD_SDR PLY length 2Diff tracks maximum density, OC1 remove external Via-g",10800,9.25926e-05,PGD ETE: 18 active gate (VG) columns/unit x 2 LO<->HI tip-to-tip pair(s) each (LO1 tracks 4;20 vs HI1 tracks 11;13) = 36 LKG paths/unit; x 5x60 unit cells = 10800; Scalar = 1/10800,vias missing on some LO1/HI1 tracks (variant); SDR-equivalent track set used,24,4,5,60,"0:24[3],2:5","1:3/5:7/9:11/13:15/17:19/21:23,2/4/6",,"vg,1:3/5:7/9:11/13:15/17:19/21:23,11/13",4;20,11;13,"0:r0,0:1/6:7,0.062,phvt;0:r0,2:5,0.062,nhvt;"
GATEGATE-A-17,GATEGATE165-NPZ7-H-A_SDR_PGD_REF_OC1.png,GATEGATE,A,GATEGATE-<MOS>-A:SDR:PGD:REF:OC1,6,x81zs_gategate02,ch165,GATEGATE165-NPZ7-H-A:SDR:PGD:REF:OC1,"CMOS PLYPLYPGD_SDR PLY length 2Diff tracks maximum density, OC1 remove external Via-g",10800,9.25926e-05,PGD ETE: 18 active gate (VG) columns/unit x 2 LO<->HI tip-to-tip pair(s) each (LO1 tracks 4;20 vs HI1 tracks 11;13) = 36 LKG paths/unit; x 5x60 unit cells = 10800; Scalar = 1/10800,vias missing on some LO1/HI1 tracks (variant); SDR-equivalent track set used,24,4,5,60,"0:24[3],2:5","1:3/5:7/9:11/13:15/17:19/21:23,2/4/6",,"vg,1:3/5:7/9:11/13:15/17:19/21:23,11/13",4;20,11;13,"0:r0,0/3:4/7,0.062,phvt;0:r0,1:2/5:6,0.062,nhvt;"
GATEGATE-A-18,GATEGATE165-PZ7-H-A_SDR_PGD_REF_OC1.png,GATEGATE,A,GATEGATE-<MOS>-A:SDR:PGD:REF:OC1,6,x81zs_gategate02,ch165,GATEGATE165-PZ7-H-A:SDR:PGD:REF:OC1,"P-type PLYPLYPGD_SDR PLY length 2Diff tracks maximum density, OC1 remove external Via-g",10800,9.25926e-05,PGD ETE: 18 active gate (VG) columns/unit x 2 LO<->HI tip-to-tip pair(s) each (LO1 tracks 4;20 vs HI1 tracks 11;13) = 36 LKG paths/unit; x 5x60 unit cells = 10800; Scalar = 1/10800,vias missing on some LO1/HI1 tracks (variant); SDR-equivalent track set used,24,4,5,60,"0:24[3],2:5","1:3/5:7/9:11/13:15/17:19/21:23,2/4/6",,"vg,1:3/5:7/9:11/13:15/17:19/21:23,11/13",4;20,11;13,"0:r0,0:1/6:7,0.062,nhvt;0:r0,2:5,0.062,phvt;"
GATEGATE-A-19,GATEGATE110-NZ1-H-A_SDR_PGD_REF_OC2.png,GATEGATE,A,GATEGATE-<MOS>-A:SDR:PGD:REF:OC2,12,x81zs_gategate02,ch110 ch132,GATEGATE110-NZ1-H-A:SDR:PGD:REF:OC2,"N-type PLYPLYPGD_SDR PLY length 2Diff tracks maximum density, OC2 remove central Via-g",10800,9.25926e-05,PGD ETE: 18 active gate (VG) columns/unit x 2 LO<->HI tip-to-tip pair(s) each (LO1 tracks 4;16 vs HI1 tracks 9;11) = 36 LKG paths/unit; x 5x60 unit cells = 10800; Scalar = 1/10800,vias missing on some LO1/HI1 tracks (variant); SDR-equivalent track set used,24,4,5,60,"0:24[3],2:5","1:3/5:7/9:11/13:15/17:19/21:23,2/4/6",,"vg,1:3/5:7/9:11/13:15/17:19/21:23,4/16",4;16,9;11,"0:r0,0:1/6:7,0.027,phvt;0:r0,2:5,0.027,nhvt;"
GATEGATE-A-20,GATEGATE110-NPZ1-H-A_SDR_PGD_REF_OC2.png,GATEGATE,A,GATEGATE-<MOS>-A:SDR:PGD:REF:OC2,12,x81zs_gategate02,ch110 ch132,GATEGATE110-NPZ1-H-A:SDR:PGD:REF:OC2,"CMOS PLYPLYPGD_SDR PLY length 2Diff tracks maximum density, OC2 remove central Via-g",10800,9.25926e-05,PGD ETE: 18 active gate (VG) columns/unit x 2 LO<->HI tip-to-tip pair(s) each (LO1 tracks 4;16 vs HI1 tracks 9;11) = 36 LKG paths/unit; x 5x60 unit cells = 10800; Scalar = 1/10800,vias missing on some LO1/HI1 tracks (variant); SDR-equivalent track set used,24,4,5,60,"0:24[3],2:5","1:3/5:7/9:11/13:15/17:19/21:23,2/4/6",,"vg,1:3/5:7/9:11/13:15/17:19/21:23,4/16",4;16,9;11,"0:r0,0/3:4/7,0.027,phvt;0:r0,1:2/5:6,0.027,nhvt;"
GATEGATE-A-21,GATEGATE110-PZ1-H-A_SDR_PGD_REF_OC2.png,GATEGATE,A,GATEGATE-<MOS>-A:SDR:PGD:REF:OC2,12,x81zs_gategate02,ch110 ch132,GATEGATE110-PZ1-H-A:SDR:PGD:REF:OC2,"P-type PLYPLYPGD_SDR PLY length 2Diff tracks maximum density, OC2 remove central Via-g",10800,9.25926e-05,PGD ETE: 18 active gate (VG) columns/unit x 2 LO<->HI tip-to-tip pair(s) each (LO1 tracks 4;16 vs HI1 tracks 9;11) = 36 LKG paths/unit; x 5x60 unit cells = 10800; Scalar = 1/10800,vias missing on some LO1/HI1 tracks (variant); SDR-equivalent track set used,24,4,5,60,"0:24[3],2:5","1:3/5:7/9:11/13:15/17:19/21:23,2/4/6",,"vg,1:3/5:7/9:11/13:15/17:19/21:23,4/16",4;16,9;11,"0:r0,0:1/6:7,0.027,nhvt;0:r0,2:5,0.027,phvt;"
GATEGATE-A-22,GATEGATE165-NZ7-H-A_SDR_PGD_REF_OC2.png,GATEGATE,A,GATEGATE-<MOS>-A:SDR:PGD:REF:OC2,6,x81zs_gategate02,ch165,GATEGATE165-NZ7-H-A:SDR:PGD:REF:OC2,"N-type PLYPLYPGD_SDR PLY length 2Diff tracks maximum density, OC2 remove central Via-g",10800,9.25926e-05,PGD ETE: 18 active gate (VG) columns/unit x 2 LO<->HI tip-to-tip pair(s) each (LO1 tracks 4;20 vs HI1 tracks 11;13) = 36 LKG paths/unit; x 5x60 unit cells = 10800; Scalar = 1/10800,vias missing on some LO1/HI1 tracks (variant); SDR-equivalent track set used,24,4,5,60,"0:24[3],2:5","1:3/5:7/9:11/13:15/17:19/21:23,2/4/6",,"vg,1:3/5:7/9:11/13:15/17:19/21:23,4/20",4;20,11;13,"0:r0,0:1/6:7,0.062,phvt;0:r0,2:5,0.062,nhvt;"
GATEGATE-A-23,GATEGATE165-NPZ7-H-A_SDR_PGD_REF_OC2.png,GATEGATE,A,GATEGATE-<MOS>-A:SDR:PGD:REF:OC2,6,x81zs_gategate02,ch165,GATEGATE165-NPZ7-H-A:SDR:PGD:REF:OC2,"CMOS PLYPLYPGD_SDR PLY length 2Diff tracks maximum density, OC2 remove central Via-g",10800,9.25926e-05,PGD ETE: 18 active gate (VG) columns/unit x 2 LO<->HI tip-to-tip pair(s) each (LO1 tracks 4;20 vs HI1 tracks 11;13) = 36 LKG paths/unit; x 5x60 unit cells = 10800; Scalar = 1/10800,vias missing on some LO1/HI1 tracks (variant); SDR-equivalent track set used,24,4,5,60,"0:24[3],2:5","1:3/5:7/9:11/13:15/17:19/21:23,2/4/6",,"vg,1:3/5:7/9:11/13:15/17:19/21:23,4/20",4;20,11;13,"0:r0,0/3:4/7,0.062,phvt;0:r0,1:2/5:6,0.062,nhvt;"
GATEGATE-A-24,GATEGATE165-PZ7-H-A_SDR_PGD_REF_OC2.png,GATEGATE,A,GATEGATE-<MOS>-A:SDR:PGD:REF:OC2,6,x81zs_gategate02,ch165,GATEGATE165-PZ7-H-A:SDR:PGD:REF:OC2,"P-type PLYPLYPGD_SDR PLY length 2Diff tracks maximum density, OC2 remove central Via-g",10800,9.25926e-05,PGD ETE: 18 active gate (VG) columns/unit x 2 LO<->HI tip-to-tip pair(s) each (LO1 tracks 4;20 vs HI1 tracks 11;13) = 36 LKG paths/unit; x 5x60 unit cells = 10800; Scalar = 1/10800,vias missing on some LO1/HI1 tracks (variant); SDR-equivalent track set used,24,4,5,60,"0:24[3],2:5","1:3/5:7/9:11/13:15/17:19/21:23,2/4/6",,"vg,1:3/5:7/9:11/13:15/17:19/21:23,4/20",4;20,11;13,"0:r0,0:1/6:7,0.062,nhvt;0:r0,2:5,0.062,phvt;"
GATEGATE-SDR_PGD_REF-01,GATEGATE110-NZ1-H-SDR_PGD_REF-OC3.png,GATEGATE,SDR_PGD_REF,GATEGATE-<MOS>-SDR_PGD_REF-OC3,12,x81zs_gategate03,ch110 ch132,GATEGATE110-NZ1-H-SDR_PGD_REF-OC3,"N-type PLYPLYPGD_SDR PLY length 2Diff tracks maximum density, OC3 remove both Via-g",10800,9.25926e-05,PGD ETE: 18 active gate (VG) columns/unit x 2 LO<->HI tip-to-tip pair(s) each (LO1 tracks 4;16 vs HI1 tracks 9;11) = 36 LKG paths/unit; x 5x60 unit cells = 10800; Scalar = 1/10800,no vias in VcxPatternUnit; SDR-equivalent using plug/gate columns,24,4,5,60,"0:24[3],2:5","1:3/5:7/9:11/13:15/17:19/21:23,2/4/6",,,4;16,9;11,"0:r0,0:1/6:7,0.027,phvt;0:r0,2:5,0.027,nhvt;"
GATEGATE-SDR_PGD_REF-02,GATEGATE110-NPZ1-H-SDR_PGD_REF-OC3.png,GATEGATE,SDR_PGD_REF,GATEGATE-<MOS>-SDR_PGD_REF-OC3,12,x81zs_gategate03,ch110 ch132,GATEGATE110-NPZ1-H-SDR_PGD_REF-OC3,"CMOS PLYPLYPGD_SDR PLY length 2Diff tracks maximum density, OC3 remove both Via-g",10800,9.25926e-05,PGD ETE: 18 active gate (VG) columns/unit x 2 LO<->HI tip-to-tip pair(s) each (LO1 tracks 4;16 vs HI1 tracks 9;11) = 36 LKG paths/unit; x 5x60 unit cells = 10800; Scalar = 1/10800,no vias in VcxPatternUnit; SDR-equivalent using plug/gate columns,24,4,5,60,"0:24[3],2:5","1:3/5:7/9:11/13:15/17:19/21:23,2/4/6",,,4;16,9;11,"0:r0,0/3:4/7,0.027,phvt;0:r0,1:2/5:6,0.027,nhvt;"
GATEGATE-SDR_PGD_REF-03,GATEGATE110-PZ1-H-SDR_PGD_REF-OC3.png,GATEGATE,SDR_PGD_REF,GATEGATE-<MOS>-SDR_PGD_REF-OC3,12,x81zs_gategate03,ch110 ch132,GATEGATE110-PZ1-H-SDR_PGD_REF-OC3,"P-type PLYPLYPGD_SDR PLY length 2Diff tracks maximum density, OC3 remove both Via-g",10800,9.25926e-05,PGD ETE: 18 active gate (VG) columns/unit x 2 LO<->HI tip-to-tip pair(s) each (LO1 tracks 4;16 vs HI1 tracks 9;11) = 36 LKG paths/unit; x 5x60 unit cells = 10800; Scalar = 1/10800,no vias in VcxPatternUnit; SDR-equivalent using plug/gate columns,24,4,5,60,"0:24[3],2:5","1:3/5:7/9:11/13:15/17:19/21:23,2/4/6",,,4;16,9;11,"0:r0,0:1/6:7,0.027,nhvt;0:r0,2:5,0.027,phvt;"
GATEGATE-SDR_PGD_REF-04,GATEGATE165-NZ7-H-SDR_PGD_REF-OC3.png,GATEGATE,SDR_PGD_REF,GATEGATE-<MOS>-SDR_PGD_REF-OC3,6,x81zs_gategate03,ch165,GATEGATE165-NZ7-H-SDR_PGD_REF-OC3,"N-type PLYPLYPGD_SDR PLY length 2Diff tracks maximum density, OC3 remove both Via-g",10800,9.25926e-05,PGD ETE: 18 active gate (VG) columns/unit x 2 LO<->HI tip-to-tip pair(s) each (LO1 tracks 4;20 vs HI1 tracks 11;13) = 36 LKG paths/unit; x 5x60 unit cells = 10800; Scalar = 1/10800,no vias in VcxPatternUnit; SDR-equivalent using plug/gate columns,24,4,5,60,"0:24[3],2:5","1:3/5:7/9:11/13:15/17:19/21:23,2/4/6",,,4;20,11;13,"0:r0,0:1/6:7,0.062,phvt;0:r0,2:5,0.062,nhvt;"
GATEGATE-SDR_PGD_REF-05,GATEGATE165-NPZ7-H-SDR_PGD_REF-OC3.png,GATEGATE,SDR_PGD_REF,GATEGATE-<MOS>-SDR_PGD_REF-OC3,6,x81zs_gategate03,ch165,GATEGATE165-NPZ7-H-SDR_PGD_REF-OC3,"CMOS PLYPLYPGD_SDR PLY length 2Diff tracks maximum density, OC3 remove both Via-g",10800,9.25926e-05,PGD ETE: 18 active gate (VG) columns/unit x 2 LO<->HI tip-to-tip pair(s) each (LO1 tracks 4;20 vs HI1 tracks 11;13) = 36 LKG paths/unit; x 5x60 unit cells = 10800; Scalar = 1/10800,no vias in VcxPatternUnit; SDR-equivalent using plug/gate columns,24,4,5,60,"0:24[3],2:5","1:3/5:7/9:11/13:15/17:19/21:23,2/4/6",,,4;20,11;13,"0:r0,0/3:4/7,0.062,phvt;0:r0,1:2/5:6,0.062,nhvt;"
GATEGATE-SDR_PGD_REF-06,GATEGATE165-PZ7-H-SDR_PGD_REF-OC3.png,GATEGATE,SDR_PGD_REF,GATEGATE-<MOS>-SDR_PGD_REF-OC3,6,x81zs_gategate03,ch165,GATEGATE165-PZ7-H-SDR_PGD_REF-OC3,"P-type PLYPLYPGD_SDR PLY length 2Diff tracks maximum density, OC3 remove both Via-g",10800,9.25926e-05,PGD ETE: 18 active gate (VG) columns/unit x 2 LO<->HI tip-to-tip pair(s) each (LO1 tracks 4;20 vs HI1 tracks 11;13) = 36 LKG paths/unit; x 5x60 unit cells = 10800; Scalar = 1/10800,no vias in VcxPatternUnit; SDR-equivalent using plug/gate columns,24,4,5,60,"0:24[3],2:5","1:3/5:7/9:11/13:15/17:19/21:23,2/4/6",,,4;20,11;13,"0:r0,0:1/6:7,0.062,nhvt;0:r0,2:5,0.062,phvt;"
GATEGATE-SDR_PGD_REF-07,GATEGATE132-NZ5-H-SDR_PGD_REF-2TRK_4PP.png,GATEGATE,SDR_PGD_REF,GATEGATE-<MOS>-SDR_PGD_REF-2TRK_4PP,12,x81zs_gategate03 x81zs_gategate04,ch110 ch132,GATEGATE132-NZ5-H-SDR_PGD_REF-2TRK_4PP,N-type PLYPLYPGD_SDR PLY length 2Diff tracks isolated sub-unit density,3600,0.000277778,PGD ETE: 6 active gate (VG) columns/unit x 2 LO<->HI tip-to-tip pair(s) each (LO1 tracks 4;16 vs HI1 tracks 9;11) = 12 LKG paths/unit; x 5x60 unit cells = 3600; Scalar = 1/3600,,24,4,5,60,"0:24[3],2:5","2/6/10/14/18/22,2/4/6",,"vg,2/6/10/14/18/22,4/9/11/16",4;16,9;11,"0:r0,0:1/6:7,0.046,phvt;0:r0,2:5,0.046,nhvt;"
GATEGATE-SDR_PGD_REF-08,GATEGATE132-NPZ5-H-SDR_PGD_REF-2TRK_4PP.png,GATEGATE,SDR_PGD_REF,GATEGATE-<MOS>-SDR_PGD_REF-2TRK_4PP,12,x81zs_gategate03 x81zs_gategate04,ch110 ch132,GATEGATE132-NPZ5-H-SDR_PGD_REF-2TRK_4PP,CMOS PLYPLYPGD_SDR PLY length 2Diff tracks isolated sub-unit density,3600,0.000277778,PGD ETE: 6 active gate (VG) columns/unit x 2 LO<->HI tip-to-tip pair(s) each (LO1 tracks 4;16 vs HI1 tracks 9;11) = 12 LKG paths/unit; x 5x60 unit cells = 3600; Scalar = 1/3600,,24,4,5,60,"0:24[3],2:5","2/6/10/14/18/22,2/4/6",,"vg,2/6/10/14/18/22,4/9/11/16",4;16,9;11,"0:r0,0/3:4/7,0.046,phvt;0:r0,1:2/5:6,0.046,nhvt;"
GATEGATE-SDR_PGD_REF-09,GATEGATE132-PZ5-H-SDR_PGD_REF-2TRK_4PP.png,GATEGATE,SDR_PGD_REF,GATEGATE-<MOS>-SDR_PGD_REF-2TRK_4PP,12,x81zs_gategate03 x81zs_gategate04,ch110 ch132,GATEGATE132-PZ5-H-SDR_PGD_REF-2TRK_4PP,P-type PLYPLYPGD_SDR PLY length 2Diff tracks isolated sub-unit density,3600,0.000277778,PGD ETE: 6 active gate (VG) columns/unit x 2 LO<->HI tip-to-tip pair(s) each (LO1 tracks 4;16 vs HI1 tracks 9;11) = 12 LKG paths/unit; x 5x60 unit cells = 3600; Scalar = 1/3600,,24,4,5,60,"0:24[3],2:5","2/6/10/14/18/22,2/4/6",,"vg,2/6/10/14/18/22,4/9/11/16",4;16,9;11,"0:r0,0:1/6:7,0.046,nhvt;0:r0,2:5,0.046,phvt;"
GATEGATE-SDR_PGD_REF-10,GATEGATE165-NZ7-H-SDR_PGD_REF-2TRK_4PP.png,GATEGATE,SDR_PGD_REF,GATEGATE-<MOS>-SDR_PGD_REF-2TRK_4PP,6,x81zs_gategate03,ch165,GATEGATE165-NZ7-H-SDR_PGD_REF-2TRK_4PP,N-type PLYPLYPGD_SDR PLY length 2Diff tracks isolated sub-unit density,3600,0.000277778,PGD ETE: 6 active gate (VG) columns/unit x 2 LO<->HI tip-to-tip pair(s) each (LO1 tracks 4;20 vs HI1 tracks 11;13) = 12 LKG paths/unit; x 5x60 unit cells = 3600; Scalar = 1/3600,,24,4,5,60,"0:24[3],2:5","2/6/10/14/18/22,2/4/6",,"vg,2/6/10/14/18/22,4/11/13/20",4;20,11;13,"0:r0,0:1/6:7,0.062,phvt;0:r0,2:5,0.062,nhvt;"
GATEGATE-SDR_PGD_REF-11,GATEGATE165-NPZ7-H-SDR_PGD_REF-2TRK_4PP.png,GATEGATE,SDR_PGD_REF,GATEGATE-<MOS>-SDR_PGD_REF-2TRK_4PP,6,x81zs_gategate03,ch165,GATEGATE165-NPZ7-H-SDR_PGD_REF-2TRK_4PP,CMOS PLYPLYPGD_SDR PLY length 2Diff tracks isolated sub-unit density,3600,0.000277778,PGD ETE: 6 active gate (VG) columns/unit x 2 LO<->HI tip-to-tip pair(s) each (LO1 tracks 4;20 vs HI1 tracks 11;13) = 12 LKG paths/unit; x 5x60 unit cells = 3600; Scalar = 1/3600,,24,4,5,60,"0:24[3],2:5","2/6/10/14/18/22,2/4/6",,"vg,2/6/10/14/18/22,4/11/13/20",4;20,11;13,"0:r0,0/3:4/7,0.062,phvt;0:r0,1:2/5:6,0.062,nhvt;"
GATEGATE-SDR_PGD_REF-12,GATEGATE165-PZ7-H-SDR_PGD_REF-2TRK_4PP.png,GATEGATE,SDR_PGD_REF,GATEGATE-<MOS>-SDR_PGD_REF-2TRK_4PP,6,x81zs_gategate03,ch165,GATEGATE165-PZ7-H-SDR_PGD_REF-2TRK_4PP,P-type PLYPLYPGD_SDR PLY length 2Diff tracks isolated sub-unit density,3600,0.000277778,PGD ETE: 6 active gate (VG) columns/unit x 2 LO<->HI tip-to-tip pair(s) each (LO1 tracks 4;20 vs HI1 tracks 11;13) = 12 LKG paths/unit; x 5x60 unit cells = 3600; Scalar = 1/3600,,24,4,5,60,"0:24[3],2:5","2/6/10/14/18/22,2/4/6",,"vg,2/6/10/14/18/22,4/11/13/20",4;20,11;13,"0:r0,0:1/6:7,0.062,nhvt;0:r0,2:5,0.062,phvt;"
GATEGATE-SDR_PGD_REF-13,GATEGATE110-N27-H-SDR_PGD_REF-1TRK_1PP.png,GATEGATE,SDR_PGD_REF,GATEGATE-<MOS>-SDR_PGD_REF-1TRK_1PP,12,x81zs_gategate04,ch110,GATEGATE110-N27-H-SDR_PGD_REF-1TRK_1PP,N-type PLYPLYPGD_SDR PLY length 1Diff tracks maximum density,10800,9.25926e-05,PGD ETE: 18 active gate (VG) columns/unit x 2 LO<->HI tip-to-tip pair(s) each (LO1 tracks 6;14 vs HI1 tracks 9;11) = 36 LKG paths/unit; x 5x60 unit cells = 10800; Scalar = 1/10800,,24,4,5,60,"0:24[3],2:5",,,"vg,1:3/5:7/9:11/13:15/17:19/21:23,6/9/11/14",6;14,9;11,"0:r0,0:1/6:7,0.027,phvt;0:r0,2:5,0.027,nhvt;"
GATEGATE-SDR_PGD_REF-14,GATEGATE110-NP27-H-SDR_PGD_REF-1TRK_1PP.png,GATEGATE,SDR_PGD_REF,GATEGATE-<MOS>-SDR_PGD_REF-1TRK_1PP,12,x81zs_gategate04,ch110,GATEGATE110-NP27-H-SDR_PGD_REF-1TRK_1PP,CMOS PLYPLYPGD_SDR PLY length 1Diff tracks maximum density,10800,9.25926e-05,PGD ETE: 18 active gate (VG) columns/unit x 2 LO<->HI tip-to-tip pair(s) each (LO1 tracks 6;14 vs HI1 tracks 9;11) = 36 LKG paths/unit; x 5x60 unit cells = 10800; Scalar = 1/10800,,24,4,5,60,"0:24[3],2:5",,,"vg,1:3/5:7/9:11/13:15/17:19/21:23,6/9/11/14",6;14,9;11,"0:r0,0/3:4/7,0.027,phvt;0:r0,1:2/5:6,0.027,nhvt;"
GATEGATE-SDR_PGD_REF-15,GATEGATE110-P27-H-SDR_PGD_REF-1TRK_1PP.png,GATEGATE,SDR_PGD_REF,GATEGATE-<MOS>-SDR_PGD_REF-1TRK_1PP,12,x81zs_gategate04,ch110,GATEGATE110-P27-H-SDR_PGD_REF-1TRK_1PP,P-type PLYPLYPGD_SDR PLY length 1Diff tracks maximum density,10800,9.25926e-05,PGD ETE: 18 active gate (VG) columns/unit x 2 LO<->HI tip-to-tip pair(s) each (LO1 tracks 6;14 vs HI1 tracks 9;11) = 36 LKG paths/unit; x 5x60 unit cells = 10800; Scalar = 1/10800,,24,4,5,60,"0:24[3],2:5",,,"vg,1:3/5:7/9:11/13:15/17:19/21:23,6/9/11/14",6;14,9;11,"0:r0,0:1/6:7,0.027,nhvt;0:r0,2:5,0.027,phvt;"
GATEGATE-SDR_PGD_REF-16,GATEGATE110-N27-H-SDR_PGD_REF-OC1.png,GATEGATE,SDR_PGD_REF,GATEGATE-<MOS>-SDR_PGD_REF-OC1,12,x81zs_gategate04,ch110,GATEGATE110-N27-H-SDR_PGD_REF-OC1,"N-type PLYPLYPGD_SDR PLY length 2Diff tracks maximum density, OC1 remove external Via-g",10800,9.25926e-05,PGD ETE: 18 active gate (VG) columns/unit x 2 LO<->HI tip-to-tip pair(s) each (LO1 tracks 4;16 vs HI1 tracks 9;11) = 36 LKG paths/unit; x 5x60 unit cells = 10800; Scalar = 1/10800,vias missing on some LO1/HI1 tracks (variant); SDR-equivalent track set used,24,4,5,60,"0:24[3],2:5","1:3/5:7/9:11/13:15/17:19/21:23,2/4/6",,"vg,1:3/5:7/9:11/13:15/17:19/21:23,9/11",4;16,9;11,"0:r0,0:1/6:7,0.027,phvt;0:r0,2:5,0.027,nhvt;"
GATEGATE-SDR_PGD_REF-17,GATEGATE110-NP27-H-SDR_PGD_REF-OC1.png,GATEGATE,SDR_PGD_REF,GATEGATE-<MOS>-SDR_PGD_REF-OC1,12,x81zs_gategate04,ch110,GATEGATE110-NP27-H-SDR_PGD_REF-OC1,"CMOS PLYPLYPGD_SDR PLY length 2Diff tracks maximum density, OC1 remove external Via-g",10800,9.25926e-05,PGD ETE: 18 active gate (VG) columns/unit x 2 LO<->HI tip-to-tip pair(s) each (LO1 tracks 4;16 vs HI1 tracks 9;11) = 36 LKG paths/unit; x 5x60 unit cells = 10800; Scalar = 1/10800,vias missing on some LO1/HI1 tracks (variant); SDR-equivalent track set used,24,4,5,60,"0:24[3],2:5","1:3/5:7/9:11/13:15/17:19/21:23,2/4/6",,"vg,1:3/5:7/9:11/13:15/17:19/21:23,9/11",4;16,9;11,"0:r0,0/3:4/7,0.027,phvt;0:r0,1:2/5:6,0.027,nhvt;"
GATEGATE-SDR_PGD_REF-18,GATEGATE110-P27-H-SDR_PGD_REF-OC1.png,GATEGATE,SDR_PGD_REF,GATEGATE-<MOS>-SDR_PGD_REF-OC1,12,x81zs_gategate04,ch110,GATEGATE110-P27-H-SDR_PGD_REF-OC1,"P-type PLYPLYPGD_SDR PLY length 2Diff tracks maximum density, OC1 remove external Via-g",10800,9.25926e-05,PGD ETE: 18 active gate (VG) columns/unit x 2 LO<->HI tip-to-tip pair(s) each (LO1 tracks 4;16 vs HI1 tracks 9;11) = 36 LKG paths/unit; x 5x60 unit cells = 10800; Scalar = 1/10800,vias missing on some LO1/HI1 tracks (variant); SDR-equivalent track set used,24,4,5,60,"0:24[3],2:5","1:3/5:7/9:11/13:15/17:19/21:23,2/4/6",,"vg,1:3/5:7/9:11/13:15/17:19/21:23,9/11",4;16,9;11,"0:r0,0:1/6:7,0.027,nhvt;0:r0,2:5,0.027,phvt;"
GATEGATE-C-01,GATEGATE132-N46-L-C_FTIML_SDR.png,GATEGATE,C,GATEGATE-<MOS>-C:FTIML:SDR,3,x81zs_gategate05 x81zs_gategate07_b,ch110 ch132,GATEGATE132-N46-L-C:FTIML:SDR,"GATE ETE CH132, Z5 - 46nm, Ndiff, LVT, pp44, 1FC FTI, SDR Reference",3300,0.00030303,PGD ETE: 11 active gate (VG) columns/unit x 1 LO<->HI tip-to-tip pair(s) each (LO1 tracks 6 vs HI1 tracks 14) = 11 LKG paths/unit; x 5x60 unit cells = 3300; Scalar = 1/3300,,24,4,5,60,"0,0:7;2/4/6/8/10/12/14/16/18/20/22,3:4","2/4/6/8/10/12/14/16/18/20/22,3/4/5",,"vg,2/4/6/8/10/12/14/16/18/20/22,6/14",6,14,"0:23,0/1/6/7,0.046,plvt;0:23,2/3/4/5,0.046,nlvt;"
GATEGATE-C-02,GATEGATE132-N46-L-C_FTIML_OGD_CD_N5.png,GATEGATE,C,GATEGATE-<MOS>-C:FTIML:OGD:CD:<SKEW>,30,x81zs_gategate05 x81zs_gategate07_b,ch110 ch132,GATEGATE132-N46-L-C:FTIML:OGD:CD:N5,"GATE ETE CH132, Z5 - 46nm, Ndiff, LVT, pp44, 1FC FTI, CD skew -5 in OGD",3300,0.00030303,PGD ETE: 11 active gate (VG) columns/unit x 1 LO<->HI tip-to-tip pair(s) each (LO1 tracks 6 vs HI1 tracks 14) = 11 LKG paths/unit; x 5x60 unit cells = 3300; Scalar = 1/3300,,24,4,5,60,"0,0:7;2/4/6/8/10/12/14/16/18/20/22,3:4","2/4/6/8/10/12/14/16/18/20/22,3/4/5",,"vg,2/4/6/8/10/12/14/16/18/20/22,6/14",6,14,"0:23,0/1/6/7,0.046,plvt;0:23,2/3/4/5,0.046,nlvt;"
GATEGATE-C-03,GATEGATE132-N46-L-C_FTIML_PGD_CD_N5.png,GATEGATE,C,GATEGATE-<MOS>-C:FTIML:PGD:CD:<SKEW>,30,x81zs_gategate05 x81zs_gategate07_b,ch110 ch132,GATEGATE132-N46-L-C:FTIML:PGD:CD:N5,"GATE ETE CH132, Z5 - 46nm, Ndiff, LVT, pp44, 1FC FTI, CD skew -5 in PGD",3300,0.00030303,PGD ETE: 11 active gate (VG) columns/unit x 1 LO<->HI tip-to-tip pair(s) each (LO1 tracks 6 vs HI1 tracks 14) = 11 LKG paths/unit; x 5x60 unit cells = 3300; Scalar = 1/3300,,24,4,5,60,"0,0:7;2/4/6/8/10/12/14/16/18/20/22,3:4","2/4/6/8/10/12/14/16/18/20/22,3/4/5",,"vg,2/4/6/8/10/12/14/16/18/20/22,6/14",6,14,"0:23,0/1/6/7,0.046,plvt;0:23,2/3/4/5,0.046,nlvt;"
GATEGATE-C-04,GATEGATE132-N46-L-C_FTIML_OGD_REG_N6.png,GATEGATE,C,GATEGATE-<MOS>-C:FTIML:OGD:REG:<SKEW>,18,x81zs_gategate05 x81zs_gategate07_b,ch110 ch132,GATEGATE132-N46-L-C:FTIML:OGD:REG:N6,"GATE ETE CH132, Z5 - 46nm, Ndiff, LVT, pp44, 1FC FTI, REG skew -6 in OGD",3300,0.00030303,PGD ETE: 11 active gate (VG) columns/unit x 1 LO<->HI tip-to-tip pair(s) each (LO1 tracks 6 vs HI1 tracks 14) = 11 LKG paths/unit; x 5x60 unit cells = 3300; Scalar = 1/3300,,24,4,5,60,"0,0:7;2/4/6/8/10/12/14/16/18/20/22,3:4","2/4/6/8/10/12/14/16/18/20/22,3/4/5",,"vg,2/4/6/8/10/12/14/16/18/20/22,6/14",6,14,"0:23,0/1/6/7,0.046,plvt;0:23,2/3/4/5,0.046,nlvt;"
GATEGATE-C-05,GATEGATE132-N46-L-C_FTIML_PGD_REG_N6.png,GATEGATE,C,GATEGATE-<MOS>-C:FTIML:PGD:REG:<SKEW>,17,x81zs_gategate05 x81zs_gategate07_b,ch110 ch132,GATEGATE132-N46-L-C:FTIML:PGD:REG:N6,"GATE ETE CH132, Z5 - 46nm, Ndiff, LVT, pp44, 1FC FTI, REG skew -6 in PGD",3300,0.00030303,PGD ETE: 11 active gate (VG) columns/unit x 1 LO<->HI tip-to-tip pair(s) each (LO1 tracks 6 vs HI1 tracks 14) = 11 LKG paths/unit; x 5x60 unit cells = 3300; Scalar = 1/3300,,24,4,5,60,"0,0:7;2/4/6/8/10/12/14/16/18/20/22,3:4","2/4/6/8/10/12/14/16/18/20/22,3/4/5",,"vg,2/4/6/8/10/12/14/16/18/20/22,6/14",6,14,"0:23,0/1/6/7,0.046,plvt;0:23,2/3/4/5,0.046,nlvt;"
GATEGATE-C-06,GATEGATE132-P46-L-C_FTIML_SDR.png,GATEGATE,C,GATEGATE-<MOS>-C:FTIML:SDR,3,x81zs_gategate05 x81zs_gategate07_b,ch110 ch132,GATEGATE132-P46-L-C:FTIML:SDR,"GATE ETE CH132, Z5 - 46nm, Pdiff, LVT, pp44, 1FC FTI, SDR Reference",3300,0.00030303,PGD ETE: 11 active gate (VG) columns/unit x 1 LO<->HI tip-to-tip pair(s) each (LO1 tracks 6 vs HI1 tracks 14) = 11 LKG paths/unit; x 5x60 unit cells = 3300; Scalar = 1/3300,,24,4,5,60,"0,0:7;2/4/6/8/10/12/14/16/18/20/22,3:4","2/4/6/8/10/12/14/16/18/20/22,3/4/5",,"vg,2/4/6/8/10/12/14/16/18/20/22,6/14",6,14,"0:23,0/1/6/7,0.046,nlvt;0:23,2/3/4/5,0.046,plvt;"
GATEGATE-C-07,GATEGATE132-P46-L-C_FTIML_OGD_CD_N5.png,GATEGATE,C,GATEGATE-<MOS>-C:FTIML:OGD:CD:<SKEW>,30,x81zs_gategate05 x81zs_gategate07_b,ch110 ch132,GATEGATE132-P46-L-C:FTIML:OGD:CD:N5,"GATE ETE CH132, Z5 - 46nm, Pdiff, LVT, pp44, 1FC FTI, CD skew -5 in OGD",3300,0.00030303,PGD ETE: 11 active gate (VG) columns/unit x 1 LO<->HI tip-to-tip pair(s) each (LO1 tracks 6 vs HI1 tracks 14) = 11 LKG paths/unit; x 5x60 unit cells = 3300; Scalar = 1/3300,,24,4,5,60,"0,0:7;2/4/6/8/10/12/14/16/18/20/22,3:4","2/4/6/8/10/12/14/16/18/20/22,3/4/5",,"vg,2/4/6/8/10/12/14/16/18/20/22,6/14",6,14,"0:23,0/1/6/7,0.046,nlvt;0:23,2/3/4/5,0.046,plvt;"
GATEGATE-C-08,GATEGATE132-P46-L-C_FTIML_PGD_CD_N5.png,GATEGATE,C,GATEGATE-<MOS>-C:FTIML:PGD:CD:<SKEW>,30,x81zs_gategate05 x81zs_gategate07_b,ch110 ch132,GATEGATE132-P46-L-C:FTIML:PGD:CD:N5,"GATE ETE CH132, Z5 - 46nm, Pdiff, LVT, pp44, 1FC FTI, CD skew -5 in PGD",3300,0.00030303,PGD ETE: 11 active gate (VG) columns/unit x 1 LO<->HI tip-to-tip pair(s) each (LO1 tracks 6 vs HI1 tracks 14) = 11 LKG paths/unit; x 5x60 unit cells = 3300; Scalar = 1/3300,,24,4,5,60,"0,0:7;2/4/6/8/10/12/14/16/18/20/22,3:4","2/4/6/8/10/12/14/16/18/20/22,3/4/5",,"vg,2/4/6/8/10/12/14/16/18/20/22,6/14",6,14,"0:23,0/1/6/7,0.046,nlvt;0:23,2/3/4/5,0.046,plvt;"
GATEGATE-C-09,GATEGATE132-P46-L-C_FTIML_OGD_REG_N6.png,GATEGATE,C,GATEGATE-<MOS>-C:FTIML:OGD:REG:<SKEW>,18,x81zs_gategate05 x81zs_gategate07_b,ch110 ch132,GATEGATE132-P46-L-C:FTIML:OGD:REG:N6,"GATE ETE CH132, Z5 - 46nm, Pdiff, LVT, pp44, 1FC FTI, REG skew -6 in OGD",3300,0.00030303,PGD ETE: 11 active gate (VG) columns/unit x 1 LO<->HI tip-to-tip pair(s) each (LO1 tracks 6 vs HI1 tracks 14) = 11 LKG paths/unit; x 5x60 unit cells = 3300; Scalar = 1/3300,,24,4,5,60,"0,0:7;2/4/6/8/10/12/14/16/18/20/22,3:4","2/4/6/8/10/12/14/16/18/20/22,3/4/5",,"vg,2/4/6/8/10/12/14/16/18/20/22,6/14",6,14,"0:23,0/1/6/7,0.046,nlvt;0:23,2/3/4/5,0.046,plvt;"
GATEGATE-C-10,GATEGATE132-P46-L-C_FTIML_PGD_REG_N6.png,GATEGATE,C,GATEGATE-<MOS>-C:FTIML:PGD:REG:<SKEW>,17,x81zs_gategate05 x81zs_gategate07_b,ch110 ch132,GATEGATE132-P46-L-C:FTIML:PGD:REG:N6,"GATE ETE CH132, Z5 - 46nm, Pdiff, LVT, pp44, 1FC FTI, REG skew -6 in PGD",3300,0.00030303,PGD ETE: 11 active gate (VG) columns/unit x 1 LO<->HI tip-to-tip pair(s) each (LO1 tracks 6 vs HI1 tracks 14) = 11 LKG paths/unit; x 5x60 unit cells = 3300; Scalar = 1/3300,,24,4,5,60,"0,0:7;2/4/6/8/10/12/14/16/18/20/22,3:4","2/4/6/8/10/12/14/16/18/20/22,3/4/5",,"vg,2/4/6/8/10/12/14/16/18/20/22,6/14",6,14,"0:23,0/1/6/7,0.046,nlvt;0:23,2/3/4/5,0.046,plvt;"
GATEGATE-C-11,GATEGATE132-N46-L-C_FTISL_SDR.png,GATEGATE,C,GATEGATE-<MOS>-C:FTISL:SDR,2,x81zs_gategate06,ch110 ch132,GATEGATE132-N46-L-C:FTISL:SDR,"GATE ETE CH132, Z5 - 46nm, Ndiff, LVT, pp44, HC FTI, SDR Reference",3300,0.00030303,PGD ETE: 11 active gate (VG) columns/unit x 1 LO<->HI tip-to-tip pair(s) each (LO1 tracks 6 vs HI1 tracks 11) = 11 LKG paths/unit; x 5x60 unit cells = 3300; Scalar = 1/3300,,24,4,5,60,"0,0:7;2/4/6/8/10/12/14/16/18/20/22,3","2/4/6/8/10/12/14/16/18/20/22,3/4",,"vg,2/4/6/8/10/12/14/16/18/20/22,6/11",6,11,"0:23,0/1/6/7,0.046,plvt;0:23,2/3/4/5,0.046,nlvt;"
GATEGATE-C-12,GATEGATE132-N46-L-C_FTISL_OGD_CD_N5.png,GATEGATE,C,GATEGATE-<MOS>-C:FTISL:OGD:CD:<SKEW>,20,x81zs_gategate06,ch110 ch132,GATEGATE132-N46-L-C:FTISL:OGD:CD:N5,"GATE ETE CH132, Z5 - 46nm, Ndiff, LVT, pp44, HC FTI, CD skew -5 in OGD",3300,0.00030303,PGD ETE: 11 active gate (VG) columns/unit x 1 LO<->HI tip-to-tip pair(s) each (LO1 tracks 6 vs HI1 tracks 11) = 11 LKG paths/unit; x 5x60 unit cells = 3300; Scalar = 1/3300,,24,4,5,60,"0,0:7;2/4/6/8/10/12/14/16/18/20/22,3","2/4/6/8/10/12/14/16/18/20/22,3/4",,"vg,2/4/6/8/10/12/14/16/18/20/22,6/11",6,11,"0:23,0/1/6/7,0.046,plvt;0:23,2/3/4/5,0.046,nlvt;"
GATEGATE-C-13,GATEGATE132-N46-L-C_FTISL_PGD_CD_N5.png,GATEGATE,C,GATEGATE-<MOS>-C:FTISL:PGD:CD:<SKEW>,20,x81zs_gategate06,ch110 ch132,GATEGATE132-N46-L-C:FTISL:PGD:CD:N5,"GATE ETE CH132, Z5 - 46nm, Ndiff, LVT, pp44, HC FTI, CD skew -5 in PGD",3300,0.00030303,PGD ETE: 11 active gate (VG) columns/unit x 1 LO<->HI tip-to-tip pair(s) each (LO1 tracks 6 vs HI1 tracks 11) = 11 LKG paths/unit; x 5x60 unit cells = 3300; Scalar = 1/3300,,24,4,5,60,"0,0:7;2/4/6/8/10/12/14/16/18/20/22,3","2/4/6/8/10/12/14/16/18/20/22,3/4",,"vg,2/4/6/8/10/12/14/16/18/20/22,6/11",6,11,"0:23,0/1/6/7,0.046,plvt;0:23,2/3/4/5,0.046,nlvt;"
GATEGATE-C-14,GATEGATE132-N46-L-C_FTISL_OGD_REG_N6.png,GATEGATE,C,GATEGATE-<MOS>-C:FTISL:OGD:REG:<SKEW>,12,x81zs_gategate06,ch110 ch132,GATEGATE132-N46-L-C:FTISL:OGD:REG:N6,"GATE ETE CH132, Z5 - 46nm, Ndiff, LVT, pp44, HC FTI, REG skew -6 in OGD",3300,0.00030303,PGD ETE: 11 active gate (VG) columns/unit x 1 LO<->HI tip-to-tip pair(s) each (LO1 tracks 6 vs HI1 tracks 11) = 11 LKG paths/unit; x 5x60 unit cells = 3300; Scalar = 1/3300,,24,4,5,60,"0,0:7;2/4/6/8/10/12/14/16/18/20/22,3","2/4/6/8/10/12/14/16/18/20/22,3/4",,"vg,2/4/6/8/10/12/14/16/18/20/22,6/11",6,11,"0:23,0/1/6/7,0.046,plvt;0:23,2/3/4/5,0.046,nlvt;"
GATEGATE-C-15,GATEGATE132-N46-L-C_FTISL_PGD_REG_N6.png,GATEGATE,C,GATEGATE-<MOS>-C:FTISL:PGD:REG:<SKEW>,11,x81zs_gategate06,ch110 ch132,GATEGATE132-N46-L-C:FTISL:PGD:REG:N6,"GATE ETE CH132, Z5 - 46nm, Ndiff, LVT, pp44, HC FTI, REG skew -6 in PGD",3300,0.00030303,PGD ETE: 11 active gate (VG) columns/unit x 1 LO<->HI tip-to-tip pair(s) each (LO1 tracks 6 vs HI1 tracks 11) = 11 LKG paths/unit; x 5x60 unit cells = 3300; Scalar = 1/3300,,24,4,5,60,"0,0:7;2/4/6/8/10/12/14/16/18/20/22,3","2/4/6/8/10/12/14/16/18/20/22,3/4",,"vg,2/4/6/8/10/12/14/16/18/20/22,6/11",6,11,"0:23,0/1/6/7,0.046,plvt;0:23,2/3/4/5,0.046,nlvt;"
GATEGATE-C-16,GATEGATE132-P46-L-C_FTISL_SDR.png,GATEGATE,C,GATEGATE-<MOS>-C:FTISL:SDR,1,x81zs_gategate06,ch132,GATEGATE132-P46-L-C:FTISL:SDR,"GATE ETE CH132, Z5 - 46nm, Pdiff, LVT, pp44, HC FTI, SDR Reference",3300,0.00030303,PGD ETE: 11 active gate (VG) columns/unit x 1 LO<->HI tip-to-tip pair(s) each (LO1 tracks 6 vs HI1 tracks 11) = 11 LKG paths/unit; x 5x60 unit cells = 3300; Scalar = 1/3300,,24,4,5,60,"0,0:7;2/4/6/8/10/12/14/16/18/20/22,3","2/4/6/8/10/12/14/16/18/20/22,3/4",,"vg,2/4/6/8/10/12/14/16/18/20/22,6/11",6,11,"0:23,0/1/6/7,0.046,nlvt;0:23,2/3/4/5,0.046,plvt;"
GATEGATE-C-17,GATEGATE132-P46-L-C_FTISL_OGD_CD_N5.png,GATEGATE,C,GATEGATE-<MOS>-C:FTISL:OGD:CD:<SKEW>,10,x81zs_gategate06,ch132,GATEGATE132-P46-L-C:FTISL:OGD:CD:N5,"GATE ETE CH132, Z5 - 46nm, Pdiff, LVT, pp44, HC FTI, CD skew -5 in OGD",3300,0.00030303,PGD ETE: 11 active gate (VG) columns/unit x 1 LO<->HI tip-to-tip pair(s) each (LO1 tracks 6 vs HI1 tracks 11) = 11 LKG paths/unit; x 5x60 unit cells = 3300; Scalar = 1/3300,,24,4,5,60,"0,0:7;2/4/6/8/10/12/14/16/18/20/22,3","2/4/6/8/10/12/14/16/18/20/22,3/4",,"vg,2/4/6/8/10/12/14/16/18/20/22,6/11",6,11,"0:23,0/1/6/7,0.046,nlvt;0:23,2/3/4/5,0.046,plvt;"
GATEGATE-C-18,GATEGATE132-P46-L-C_FTISL_PGD_CD_N5.png,GATEGATE,C,GATEGATE-<MOS>-C:FTISL:PGD:CD:<SKEW>,10,x81zs_gategate06,ch132,GATEGATE132-P46-L-C:FTISL:PGD:CD:N5,"GATE ETE CH132, Z5 - 46nm, Pdiff, LVT, pp44, HC FTI, CD skew -5 in PGD",3300,0.00030303,PGD ETE: 11 active gate (VG) columns/unit x 1 LO<->HI tip-to-tip pair(s) each (LO1 tracks 6 vs HI1 tracks 11) = 11 LKG paths/unit; x 5x60 unit cells = 3300; Scalar = 1/3300,,24,4,5,60,"0,0:7;2/4/6/8/10/12/14/16/18/20/22,3","2/4/6/8/10/12/14/16/18/20/22,3/4",,"vg,2/4/6/8/10/12/14/16/18/20/22,6/11",6,11,"0:23,0/1/6/7,0.046,nlvt;0:23,2/3/4/5,0.046,plvt;"
GATEGATE-C-19,GATEGATE132-P46-L-C_FTISL_OGD_REG_N6.png,GATEGATE,C,GATEGATE-<MOS>-C:FTISL:OGD:REG:<SKEW>,6,x81zs_gategate06,ch132,GATEGATE132-P46-L-C:FTISL:OGD:REG:N6,"GATE ETE CH132, Z5 - 46nm, Pdiff, LVT, pp44, HC FTI, REG skew -6 in OGD",3300,0.00030303,PGD ETE: 11 active gate (VG) columns/unit x 1 LO<->HI tip-to-tip pair(s) each (LO1 tracks 6 vs HI1 tracks 11) = 11 LKG paths/unit; x 5x60 unit cells = 3300; Scalar = 1/3300,,24,4,5,60,"0,0:7;2/4/6/8/10/12/14/16/18/20/22,3","2/4/6/8/10/12/14/16/18/20/22,3/4",,"vg,2/4/6/8/10/12/14/16/18/20/22,6/11",6,11,"0:23,0/1/6/7,0.046,nlvt;0:23,2/3/4/5,0.046,plvt;"
GATEGATE-C-20,GATEGATE132-P46-L-C_FTISL_PGD_REG_N6.png,GATEGATE,C,GATEGATE-<MOS>-C:FTISL:PGD:REG:<SKEW>,6,x81zs_gategate06,ch132,GATEGATE132-P46-L-C:FTISL:PGD:REG:N6,"GATE ETE CH132, Z5 - 46nm, Pdiff, LVT, pp44, HC FTI, REG skew -6 in PGD",3300,0.00030303,PGD ETE: 11 active gate (VG) columns/unit x 1 LO<->HI tip-to-tip pair(s) each (LO1 tracks 6 vs HI1 tracks 11) = 11 LKG paths/unit; x 5x60 unit cells = 3300; Scalar = 1/3300,,24,4,5,60,"0,0:7;2/4/6/8/10/12/14/16/18/20/22,3","2/4/6/8/10/12/14/16/18/20/22,3/4",,"vg,2/4/6/8/10/12/14/16/18/20/22,6/11",6,11,"0:23,0/1/6/7,0.046,nlvt;0:23,2/3/4/5,0.046,plvt;"
VIA_CHAIN-x-01,,VIA_CHAIN,,VT_MV_TCN/M0C_12/32_15/9_12x15_VTM0B/P_10_P_132CH,1,x81zs_iso02_1,ch132,VT_MV_TCN/M0C_12/32_15/9_12x15_VTM0B/P_10_P_132CH,,,,,via chain -- out of scope,15,2,5,30,"0,-1:3;",,"0:15,2/6","vt,3:11[1],4|0,0,0,0.010",5;15,4;14,"0:14,0:1,0.046,plvt;0:14,2:3,0.046,nlvt;"
VIA_CHAIN-x-02,,VIA_CHAIN,,VT_MV_TCN/M0C_12/32_15/9_12x15_VTM0B/P_11_P_132CH,1,x81zs_iso02_1,ch132,VT_MV_TCN/M0C_12/32_15/9_12x15_VTM0B/P_11_P_132CH,,,,,via chain -- out of scope,15,2,5,30,"0,-1:3;",,"0:15,2/6","vt,3:11[1],4|0,0,0,0.011",5;15,4;14,"0:14,0:1,0.046,plvt;0:14,2:3,0.046,nlvt;"
VIA_CHAIN-x-03,,VIA_CHAIN,,VT_MV_TCN/M0C_12/32_15/9_12x15_VTM0B/P_12_P_132CH,1,x81zs_iso02_1,ch132,VT_MV_TCN/M0C_12/32_15/9_12x15_VTM0B/P_12_P_132CH,,,,,via chain -- out of scope,15,2,5,30,"0,-1:3;",,"0:15,2/6","vt,3:11[1],4|0,0,0,0.012",5;15,4;14,"0:14,0:1,0.046,plvt;0:14,2:3,0.046,nlvt;"
VIA_CHAIN-x-04,,VIA_CHAIN,,VT_MV_TCN/M0C_12/32_15/9_12x15_VTM0B/P_0_N_132CH,1,x81zs_iso02_1,ch132,VT_MV_TCN/M0C_12/32_15/9_12x15_VTM0B/P_0_N_132CH,,,,,via chain -- out of scope,15,2,5,30,"0,-1:3;",,"0:15,2/6","vt,3:11[1],6",5;15,6;16,"0:14,0:1,0.046,plvt;0:14,2:3,0.046,nlvt;"
VIA_CHAIN-x-05,,VIA_CHAIN,,VT_MV_TCN/M0C_12/32_15/9_12x15_VTM0B/P_-3_N_132CH,1,x81zs_iso02_1,ch132,VT_MV_TCN/M0C_12/32_15/9_12x15_VTM0B/P_-3_N_132CH,,,,,via chain -- out of scope,15,2,5,30,"0,-1:3;",,"0:15,2/6","vt,3:11[1],6|0,0,0,-0.003",5;15,6;16,"0:14,0:1,0.046,plvt;0:14,2:3,0.046,nlvt;"
VIA_CHAIN-x-06,,VIA_CHAIN,,VT_MV_TCN/M0C_12/32_15/9_12x15_VTM0B/P_-5_N_132CH,1,x81zs_iso02_1,ch132,VT_MV_TCN/M0C_12/32_15/9_12x15_VTM0B/P_-5_N_132CH,,,,,via chain -- out of scope,15,2,5,30,"0,-1:3;",,"0:15,2/6","vt,3:11[1],6|0,0,0,-0.005",5;15,6;16,"0:14,0:1,0.046,plvt;0:14,2:3,0.046,nlvt;"
VIA_CHAIN-x-07,,VIA_CHAIN,,VT_MV_TCN/M0C_12/32_15/9_12x15_VTM0B/P_-7_N_132CH,1,x81zs_iso02_1,ch132,VT_MV_TCN/M0C_12/32_15/9_12x15_VTM0B/P_-7_N_132CH,,,,,via chain -- out of scope,15,2,5,30,"0,-1:3;",,"0:15,2/6","vt,3:11[1],6|0,0,0,-0.007",5;15,6;16,"0:14,0:1,0.046,plvt;0:14,2:3,0.046,nlvt;"
VIA_CHAIN-x-08,,VIA_CHAIN,,VT_MV_TCN/M0C_12/32_15/9_12x15_VTM0B/P_-8_N_132CH,1,x81zs_iso02_1,ch132,VT_MV_TCN/M0C_12/32_15/9_12x15_VTM0B/P_-8_N_132CH,,,,,via chain -- out of scope,15,2,5,30,"0,-1:3;",,"0:15,2/6","vt,3:11[1],6|0,0,0,-0.008",5;15,6;16,"0:14,0:1,0.046,plvt;0:14,2:3,0.046,nlvt;"
VIA_CHAIN-x-09,,VIA_CHAIN,,VT_MV_TCN/M0C_12/32_15/9_12x15_VTM0B/P_-9_N_132CH,1,x81zs_iso02_1,ch132,VT_MV_TCN/M0C_12/32_15/9_12x15_VTM0B/P_-9_N_132CH,,,,,via chain -- out of scope,15,2,5,30,"0,-1:3;",,"0:15,2/6","vt,3:11[1],6|0,0,0,-0.009",5;15,6;16,"0:14,0:1,0.046,plvt;0:14,2:3,0.046,nlvt;"
VIA_CHAIN-x-10,,VIA_CHAIN,,VT_MV_TCN/M0C_12/32_15/9_12x15_VTM0B/P_-10_N_132CH,1,x81zs_iso02_1,ch132,VT_MV_TCN/M0C_12/32_15/9_12x15_VTM0B/P_-10_N_132CH,,,,,via chain -- out of scope,15,2,5,30,"0,-1:3;",,"0:15,2/6","vt,3:11[1],6|0,0,0,-0.010",5;15,6;16,"0:14,0:1,0.046,plvt;0:14,2:3,0.046,nlvt;"
VIA_CHAIN-x-11,,VIA_CHAIN,,VT_MV_TCN/M0C_12/32_15/9_12x15_VTM0B/P_-11_N_132CH,1,x81zs_iso02_1,ch132,VT_MV_TCN/M0C_12/32_15/9_12x15_VTM0B/P_-11_N_132CH,,,,,via chain -- out of scope,15,2,5,30,"0,-1:3;",,"0:15,2/6","vt,3:11[1],6|0,0,0,-0.011",5;15,6;16,"0:14,0:1,0.046,plvt;0:14,2:3,0.046,nlvt;"
VIA_CHAIN-x-12,,VIA_CHAIN,,VT_MV_TCN/M0C_12/32_15/9_12x15_VTM0B/P_-12_N_132CH,1,x81zs_iso02_1,ch132,VT_MV_TCN/M0C_12/32_15/9_12x15_VTM0B/P_-12_N_132CH,,,,,via chain -- out of scope,15,2,5,30,"0,-1:3;",,"0:15,2/6","vt,3:11[1],6|0,0,0,-0.012",5;15,6;16,"0:14,0:1,0.046,plvt;0:14,2:3,0.046,nlvt;"
VIA_CHAIN-x-13,,VIA_CHAIN,,VT_MV_TCN/M0B_12/32_15/9_12x15_VTM0C/P_0_P_132CH,1,x81zs_iso02_1,ch132,VT_MV_TCN/M0B_12/32_15/9_12x15_VTM0C/P_0_P_132CH,,,,,via chain -- out of scope,15,2,5,30,"0,-1:3;",,"0:15,2/6","vt,3:11[1],4",5;15,4;14,"0:14,0:1,0.046,plvt;0:14,2:3,0.046,nlvt;"
VIA_CHAIN-x-14,,VIA_CHAIN,,VT_MV_TCN/M0B_12/32_15/9_12x15_VTM0C/P_3_P_132CH,1,x81zs_iso02_1,ch132,VT_MV_TCN/M0B_12/32_15/9_12x15_VTM0C/P_3_P_132CH,,,,,via chain -- out of scope,15,2,5,30,"0,-1:3;",,"0:15,2/6","vt,3:11[1],4|0,0,0,0.003",5;15,4;14,"0:14,0:1,0.046,plvt;0:14,2:3,0.046,nlvt;"
VIA_CHAIN-x-15,,VIA_CHAIN,,VT_MV_TCN/M0B_12/32_15/9_12x15_VTM0C/P_5_P_132CH,1,x81zs_iso02_1,ch132,VT_MV_TCN/M0B_12/32_15/9_12x15_VTM0C/P_5_P_132CH,,,,,via chain -- out of scope,15,2,5,30,"0,-1:3;",,"0:15,2/6","vt,3:11[1],4|0,0,0,0.005",5;15,4;14,"0:14,0:1,0.046,plvt;0:14,2:3,0.046,nlvt;"
VIA_CHAIN-x-16,,VIA_CHAIN,,VT_MV_TCN/M0B_12/32_15/9_12x15_VTM0C/P_7_P_132CH,1,x81zs_iso02_1,ch132,VT_MV_TCN/M0B_12/32_15/9_12x15_VTM0C/P_7_P_132CH,,,,,via chain -- out of scope,15,2,5,30,"0,-1:3;",,"0:15,2/6","vt,3:11[1],4|0,0,0,0.007",5;15,4;14,"0:14,0:1,0.046,plvt;0:14,2:3,0.046,nlvt;"
VIA_CHAIN-x-17,,VIA_CHAIN,,VT_MV_TCN/M0B_12/32_15/9_12x15_VTM0C/P_8_P_132CH,1,x81zs_iso02_1,ch132,VT_MV_TCN/M0B_12/32_15/9_12x15_VTM0C/P_8_P_132CH,,,,,via chain -- out of scope,15,2,5,30,"0,-1:3;",,"0:15,2/6","vt,3:11[1],4|0,0,0,0.008",5;15,4;14,"0:14,0:1,0.046,plvt;0:14,2:3,0.046,nlvt;"
VIA_CHAIN-x-18,,VIA_CHAIN,,VT_MV_TCN/M0B_12/32_15/9_12x15_VTM0C/P_9_P_132CH,1,x81zs_iso02_1,ch132,VT_MV_TCN/M0B_12/32_15/9_12x15_VTM0C/P_9_P_132CH,,,,,via chain -- out of scope,15,2,5,30,"0,-1:3;",,"0:15,2/6","vt,3:11[1],4|0,0,0,0.009",5;15,4;14,"0:14,0:1,0.046,plvt;0:14,2:3,0.046,nlvt;"
VIA_CHAIN-x-19,,VIA_CHAIN,,VT_MV_TCN/M0B_12/32_15/9_12x15_VTM0C/P_10_P_132CH,1,x81zs_iso02_1,ch132,VT_MV_TCN/M0B_12/32_15/9_12x15_VTM0C/P_10_P_132CH,,,,,via chain -- out of scope,15,2,5,30,"0,-1:3;",,"0:15,2/6","vt,3:11[1],4|0,0,0,0.010",5;15,4;14,"0:14,0:1,0.046,plvt;0:14,2:3,0.046,nlvt;"
VIA_CHAIN-x-20,,VIA_CHAIN,,VT_MV_TCN/M0B_12/32_15/9_12x15_VTM0C/P_11_P_132CH,1,x81zs_iso02_1,ch132,VT_MV_TCN/M0B_12/32_15/9_12x15_VTM0C/P_11_P_132CH,,,,,via chain -- out of scope,15,2,5,30,"0,-1:3;",,"0:15,2/6","vt,3:11[1],4|0,0,0,0.011",5;15,4;14,"0:14,0:1,0.046,plvt;0:14,2:3,0.046,nlvt;"
VIA_CHAIN-x-21,,VIA_CHAIN,,VT_MV_TCN/M0B_12/32_15/9_12x15_VTM0C/P_12_P_132CH,1,x81zs_iso02_1,ch132,VT_MV_TCN/M0B_12/32_15/9_12x15_VTM0C/P_12_P_132CH,,,,,via chain -- out of scope,15,2,5,30,"0,-1:3;",,"0:15,2/6","vt,3:11[1],4|0,0,0,0.012",5;15,4;14,"0:14,0:1,0.046,plvt;0:14,2:3,0.046,nlvt;"
VIA_CHAIN-x-22,,VIA_CHAIN,,VT_MV_TCN/M0B_12/32_15/9_12x15_VTM0C/P_0_N_132CH,1,x81zs_iso02_1,ch132,VT_MV_TCN/M0B_12/32_15/9_12x15_VTM0C/P_0_N_132CH,,,,,via chain -- out of scope,15,2,5,30,"0,-1:3;",,"0:15,2/6","vt,3:11[1],6",5;15,6;16,"0:14,0:1,0.046,plvt;0:14,2:3,0.046,nlvt;"
VIA_CHAIN-x-23,,VIA_CHAIN,,VT_MV_TCN/M0B_12/32_15/9_12x15_VTM0C/P_-3_N_132CH,1,x81zs_iso02_1,ch132,VT_MV_TCN/M0B_12/32_15/9_12x15_VTM0C/P_-3_N_132CH,,,,,via chain -- out of scope,15,2,5,30,"0,-1:3;",,"0:15,2/6","vt,3:11[1],6|0,0,0,-0.003",5;15,6;16,"0:14,0:1,0.046,plvt;0:14,2:3,0.046,nlvt;"
VIA_CHAIN-x-24,,VIA_CHAIN,,VT_MV_TCN/M0B_12/32_15/9_12x15_VTM0C/P_-5_N_132CH,1,x81zs_iso02_1,ch132,VT_MV_TCN/M0B_12/32_15/9_12x15_VTM0C/P_-5_N_132CH,,,,,via chain -- out of scope,15,2,5,30,"0,-1:3;",,"0:15,2/6","vt,3:11[1],6|0,0,0,-0.005",5;15,6;16,"0:14,0:1,0.046,plvt;0:14,2:3,0.046,nlvt;"
VIA_CHAIN-x-25,,VIA_CHAIN,,VT_MV_TCN/M0B_12/32_15/9_12x15_VTM0C/P_-7_N_132CH,1,x81zs_iso02_1,ch132,VT_MV_TCN/M0B_12/32_15/9_12x15_VTM0C/P_-7_N_132CH,,,,,via chain -- out of scope,15,2,5,30,"0,-1:3;",,"0:15,2/6","vt,3:11[1],6|0,0,0,-0.007",5;15,6;16,"0:14,0:1,0.046,plvt;0:14,2:3,0.046,nlvt;"
VIA_CHAIN-x-26,,VIA_CHAIN,,VT_MV_TCN/M0B_12/32_15/9_12x15_VTM0C/P_-8_N_132CH,1,x81zs_iso02_1,ch132,VT_MV_TCN/M0B_12/32_15/9_12x15_VTM0C/P_-8_N_132CH,,,,,via chain -- out of scope,15,2,5,30,"0,-1:3;",,"0:15,2/6","vt,3:11[1],6|0,0,0,-0.008",5;15,6;16,"0:14,0:1,0.046,plvt;0:14,2:3,0.046,nlvt;"
VIA_CHAIN-x-27,,VIA_CHAIN,,VT_MV_TCN/M0B_12/32_15/9_12x15_VTM0C/P_-9_N_132CH,1,x81zs_iso02_1,ch132,VT_MV_TCN/M0B_12/32_15/9_12x15_VTM0C/P_-9_N_132CH,,,,,via chain -- out of scope,15,2,5,30,"0,-1:3;",,"0:15,2/6","vt,3:11[1],6|0,0,0,-0.009",5;15,6;16,"0:14,0:1,0.046,plvt;0:14,2:3,0.046,nlvt;"
VIA_CHAIN-x-28,,VIA_CHAIN,,VT_MV_TCN/M0B_12/32_15/9_12x15_VTM0C/P_-10_N_132CH,1,x81zs_iso02_1,ch132,VT_MV_TCN/M0B_12/32_15/9_12x15_VTM0C/P_-10_N_132CH,,,,,via chain -- out of scope,15,2,5,30,"0,-1:3;",,"0:15,2/6","vt,3:11[1],6|0,0,0,-0.010",5;15,6;16,"0:14,0:1,0.046,plvt;0:14,2:3,0.046,nlvt;"
VIA_CHAIN-x-29,,VIA_CHAIN,,VT_MV_TCN/M0B_12/32_15/9_12x15_VTM0C/P_-11_N_132CH,1,x81zs_iso02_1,ch132,VT_MV_TCN/M0B_12/32_15/9_12x15_VTM0C/P_-11_N_132CH,,,,,via chain -- out of scope,15,2,5,30,"0,-1:3;",,"0:15,2/6","vt,3:11[1],6|0,0,0,-0.011",5;15,6;16,"0:14,0:1,0.046,plvt;0:14,2:3,0.046,nlvt;"
VIA_CHAIN-x-30,,VIA_CHAIN,,VT_MV_TCN/M0B_12/32_15/9_12x15_VTM0C/P_-12_N_132CH,1,x81zs_iso02_1,ch132,VT_MV_TCN/M0B_12/32_15/9_12x15_VTM0C/P_-12_N_132CH,,,,,via chain -- out of scope,15,2,5,30,"0,-1:3;",,"0:15,2/6","vt,3:11[1],6|0,0,0,-0.012",5;15,6;16,"0:14,0:1,0.046,plvt;0:14,2:3,0.046,nlvt;"
VIA_CHAIN-x-31,,VIA_CHAIN,,VT_MV_TCN/M0B_12/32_14/9_12X14_VTM0C_0_165CH,1,x81zs_iso02_1,ch165,VT_MV_TCN/M0B_12/32_14/9_12X14_VTM0C_0_165CH,12X14 VT shorting to neighboring 15 M0,,,,via chain -- out of scope,15,2,5,30,"0,-1:3;",,"0:15,1/3/5/7","vt,3:11[1],7",1;3;7;9,2;8,"0:14,0:1,0.062,plvt;0:14,2:3,0.062,nlvt;"
VIA_CHAIN-x-32,,VIA_CHAIN,,VT_MV_TCN/M0B_12/32_14/9_12X14_VTM0C_3_165CH,1,x81zs_iso02_1,ch165,VT_MV_TCN/M0B_12/32_14/9_12X14_VTM0C_3_165CH,,,,,via chain -- out of scope,15,2,5,30,"0,-1:3;",,"0:15,1/3/5/7","vt,3:11[1],7|0,0,0,0.003",1;3;7;9,2;8,"0:14,0:1,0.062,plvt;0:14,2:3,0.062,nlvt;"
VIA_CHAIN-x-33,,VIA_CHAIN,,VT_MV_TCN/M0B_12/32_14/9_12X14_VTM0C_5_165CH,1,x81zs_iso02_1,ch165,VT_MV_TCN/M0B_12/32_14/9_12X14_VTM0C_5_165CH,,,,,via chain -- out of scope,15,2,5,30,"0,-1:3;",,"0:15,1/3/5/7","vt,3:11[1],7|0,0,0,0.005",1;3;7;9,2;8,"0:14,0:1,0.062,plvt;0:14,2:3,0.062,nlvt;"
VIA_CHAIN-x-34,,VIA_CHAIN,,VT_MV_TCN/M0B_12/32_14/9_12X14_VTM0C_7_165CH,1,x81zs_iso02_1,ch165,VT_MV_TCN/M0B_12/32_14/9_12X14_VTM0C_7_165CH,,,,,via chain -- out of scope,15,2,5,30,"0,-1:3;",,"0:15,1/3/5/7","vt,3:11[1],7|0,0,0,0.007",1;3;7;9,2;8,"0:14,0:1,0.062,plvt;0:14,2:3,0.062,nlvt;"
VIA_CHAIN-x-35,,VIA_CHAIN,,VT_MV_TCN/M0B_12/32_14/9_12X14_VTM0C_8_165CH,1,x81zs_iso02_1,ch165,VT_MV_TCN/M0B_12/32_14/9_12X14_VTM0C_8_165CH,,,,,via chain -- out of scope,15,2,5,30,"0,-1:3;",,"0:15,1/3/5/7","vt,3:11[1],7|0,0,0,0.008",1;3;7;9,2;8,"0:14,0:1,0.062,plvt;0:14,2:3,0.062,nlvt;"
VIA_CHAIN-x-36,,VIA_CHAIN,,VT_MV_TCN/M0B_12/32_14/9_12X14_VTM0C_9_165CH,1,x81zs_iso02_1,ch165,VT_MV_TCN/M0B_12/32_14/9_12X14_VTM0C_9_165CH,,,,,via chain -- out of scope,15,2,5,30,"0,-1:3;",,"0:15,1/3/5/7","vt,3:11[1],7|0,0,0,0.003",1;3;7;9,2;8,"0:14,0:1,0.062,plvt;0:14,2:3,0.062,nlvt;"
VIA_CHAIN-x-37,,VIA_CHAIN,,VT_MV_TCN/M0B_12/32_14/9_12X14_VTM0C_10_165CH,1,x81zs_iso02_1,ch165,VT_MV_TCN/M0B_12/32_14/9_12X14_VTM0C_10_165CH,,,,,via chain -- out of scope,15,2,5,30,"0,-1:3;",,"0:15,1/3/5/7","vt,3:11[1],7|0,0,0,0.010",1;3;7;9,2;8,"0:14,0:1,0.062,plvt;0:14,2:3,0.062,nlvt;"
VIA_CHAIN-x-38,,VIA_CHAIN,,VT_MV_TCN/M0B_12/32_14/9_12X14_VTM0C_11_165CH,1,x81zs_iso02_1,ch165,VT_MV_TCN/M0B_12/32_14/9_12X14_VTM0C_11_165CH,,,,,via chain -- out of scope,15,2,5,30,"0,-1:3;",,"0:15,1/3/5/7","vt,3:11[1],7|0,0,0,0.011",1;3;7;9,2;8,"0:14,0:1,0.062,plvt;0:14,2:3,0.062,nlvt;"
VIA_CHAIN-x-39,,VIA_CHAIN,,VT_MV_TCN/M0B_12/32_14/9_12X14_VTM0C_12_165CH,1,x81zs_iso02_1,ch165,VT_MV_TCN/M0B_12/32_14/9_12X14_VTM0C_12_165CH,,,,,via chain -- out of scope,15,2,5,30,"0,-1:3;",,"0:15,1/3/5/7","vt,3:11[1],7|0,0,0,0.012",1;3;7;9,2;8,"0:14,0:1,0.062,plvt;0:14,2:3,0.062,nlvt;"
VIA_CHAIN-x-40,,VIA_CHAIN,,VT_MV_TCN/M0B_12/32_14/9_12X14_VTM0C_-3_165CH,1,x81zs_iso02_1,ch165,VT_MV_TCN/M0B_12/32_14/9_12X14_VTM0C_-3_165CH,,,,,via chain -- out of scope,15,2,5,30,"0,-1:3;",,"0:15,1/3/5/7","vt,3:11[1],7|0,0,0,-0.003",1;3;7;9,2;8,"0:14,0:1,0.062,plvt;0:14,2:3,0.062,nlvt;"
VIA_CHAIN-x-41,,VIA_CHAIN,,VT_MV_TCN/M0B_12/32_14/9_12X14_VTM0C_-5_165CH,1,x81zs_iso02_1,ch165,VT_MV_TCN/M0B_12/32_14/9_12X14_VTM0C_-5_165CH,,,,,via chain -- out of scope,15,2,5,30,"0,-1:3;",,"0:15,1/3/5/7","vt,3:11[1],7|0,0,0,-0.005",1;3;7;9,2;8,"0:14,0:1,0.062,plvt;0:14,2:3,0.062,nlvt;"
VIA_CHAIN-x-42,,VIA_CHAIN,,VT_MV_TCN/M0B_12/32_14/9_12X14_VTM0C_-7_165CH,1,x81zs_iso02_1,ch165,VT_MV_TCN/M0B_12/32_14/9_12X14_VTM0C_-7_165CH,,,,,via chain -- out of scope,15,2,5,30,"0,-1:3;",,"0:15,1/3/5/7","vt,3:11[1],7|0,0,0,-0.007",1;3;7;9,2;8,"0:14,0:1,0.062,plvt;0:14,2:3,0.062,nlvt;"
VIA_CHAIN-x-43,,VIA_CHAIN,,VT_MV_TCN/M0B_12/32_14/9_12X14_VTM0C_-8_165CH,1,x81zs_iso02_1,ch165,VT_MV_TCN/M0B_12/32_14/9_12X14_VTM0C_-8_165CH,,,,,via chain -- out of scope,15,2,5,30,"0,-1:3;",,"0:15,1/3/5/7","vt,3:11[1],7|0,0,0,-0.008",1;3;7;9,2;8,"0:14,0:1,0.062,plvt;0:14,2:3,0.062,nlvt;"
VIA_CHAIN-x-44,,VIA_CHAIN,,VT_MV_TCN/M0B_12/32_14/9_12X14_VTM0C_-9_165CH,1,x81zs_iso02_1,ch165,VT_MV_TCN/M0B_12/32_14/9_12X14_VTM0C_-9_165CH,,,,,via chain -- out of scope,15,2,5,30,"0,-1:3;",,"0:15,1/3/5/7","vt,3:11[1],7|0,0,0,-0.003",1;3;7;9,2;8,"0:14,0:1,0.062,plvt;0:14,2:3,0.062,nlvt;"
VIA_CHAIN-x-45,,VIA_CHAIN,,VT_MV_TCN/M0B_12/32_14/9_12X14_VTM0C_-10_165CH,1,x81zs_iso02_1,ch165,VT_MV_TCN/M0B_12/32_14/9_12X14_VTM0C_-10_165CH,,,,,via chain -- out of scope,15,2,5,30,"0,-1:3;",,"0:15,1/3/5/7","vt,3:11[1],7|0,0,0,-0.010",1;3;7;9,2;8,"0:14,0:1,0.062,plvt;0:14,2:3,0.062,nlvt;"
VIA_CHAIN-x-46,,VIA_CHAIN,,VT_MV_TCN/M0B_12/32_14/9_12X14_VTM0C_-11_165CH,1,x81zs_iso02_1,ch165,VT_MV_TCN/M0B_12/32_14/9_12X14_VTM0C_-11_165CH,,,,,via chain -- out of scope,15,2,5,30,"0,-1:3;",,"0:15,1/3/5/7","vt,3:11[1],7|0,0,0,-0.011",1;3;7;9,2;8,"0:14,0:1,0.062,plvt;0:14,2:3,0.062,nlvt;"
VIA_CHAIN-x-47,,VIA_CHAIN,,VT_MV_TCN/M0B_12/32_14/9_12X14_VTM0C_-12_165CH,1,x81zs_iso02_1,ch165,VT_MV_TCN/M0B_12/32_14/9_12X14_VTM0C_-12_165CH,,,,,via chain -- out of scope,15,2,5,30,"0,-1:3;",,"0:15,1/3/5/7","vt,3:11[1],7|0,0,0,-0.012",1;3;7;9,2;8,"0:14,0:1,0.062,plvt;0:14,2:3,0.062,nlvt;"
VIA_CHAIN-x-48,,VIA_CHAIN,,VT_MV_TCN/M0B_12/32_14/9_12X14_VTM0C/P_0_P_165CH,1,x81zs_iso02_1,ch165,VT_MV_TCN/M0B_12/32_14/9_12X14_VTM0C/P_0_P_165CH,,,,,via chain -- out of scope,15,2,5,30,"0,-1:3;",,"0:15,2/6","vt,3:11[1],4",5;15,4;14,"0:14,0:1,0.062,plvt;0:14,2:3,0.062,nlvt;"
VIA_CHAIN-x-49,,VIA_CHAIN,,VT_MV_TCN/M0B_12/32_14/9_12X14_VTM0C/P_3_P_165CH,1,x81zs_iso02_1,ch165,VT_MV_TCN/M0B_12/32_14/9_12X14_VTM0C/P_3_P_165CH,,,,,via chain -- out of scope,15,2,5,30,"0,-1:3;",,"0:15,2/6","vt,3:11[1],4|0,0,0,0.003",5;15,4;14,"0:14,0:1,0.062,plvt;0:14,2:3,0.062,nlvt;"
VIA_CHAIN-x-50,,VIA_CHAIN,,VT_MV_TCN/M0B_12/32_14/9_12X14_VTM0C/P_5_P_165CH,1,x81zs_iso02_1,ch165,VT_MV_TCN/M0B_12/32_14/9_12X14_VTM0C/P_5_P_165CH,,,,,via chain -- out of scope,15,2,5,30,"0,-1:3;",,"0:15,2/6","vt,3:11[1],4|0,0,0,0.005",5;15,4;14,"0:14,0:1,0.062,plvt;0:14,2:3,0.062,nlvt;"
VIA_CHAIN-x-51,,VIA_CHAIN,,VT_MV_TCN/M0B_12/32_14/9_12X14_VTM0C/P_7_P_165CH,1,x81zs_iso02_1,ch165,VT_MV_TCN/M0B_12/32_14/9_12X14_VTM0C/P_7_P_165CH,,,,,via chain -- out of scope,15,2,5,30,"0,-1:3;",,"0:15,2/6","vt,3:11[1],4|0,0,0,0.007",5;15,4;14,"0:14,0:1,0.062,plvt;0:14,2:3,0.062,nlvt;"
VIA_CHAIN-x-52,,VIA_CHAIN,,VT_MV_TCN/M0B_12/32_14/9_12X14_VTM0C/P_8_P_165CH,1,x81zs_iso02_1,ch165,VT_MV_TCN/M0B_12/32_14/9_12X14_VTM0C/P_8_P_165CH,,,,,via chain -- out of scope,15,2,5,30,"0,-1:3;",,"0:15,2/6","vt,3:11[1],4|0,0,0,0.008",5;15,4;14,"0:14,0:1,0.062,plvt;0:14,2:3,0.062,nlvt;"
VIA_CHAIN-x-53,,VIA_CHAIN,,VT_MV_TCN/M0B_12/32_14/9_12X14_VTM0C/P_9_P_165CH,1,x81zs_iso02_1,ch165,VT_MV_TCN/M0B_12/32_14/9_12X14_VTM0C/P_9_P_165CH,,,,,via chain -- out of scope,15,2,5,30,"0,-1:3;",,"0:15,2/6","vt,3:11[1],4|0,0,0,0.009",5;15,4;14,"0:14,0:1,0.062,plvt;0:14,2:3,0.062,nlvt;"
VIA_CHAIN-x-54,,VIA_CHAIN,,VT_MV_TCN/M0B_12/32_14/9_12X14_VTM0C/P_10_P_165CH,1,x81zs_iso02_1,ch165,VT_MV_TCN/M0B_12/32_14/9_12X14_VTM0C/P_10_P_165CH,,,,,via chain -- out of scope,15,2,5,30,"0,-1:3;",,"0:15,2/6","vt,3:11[1],4|0,0,0,0.010",5;15,4;14,"0:14,0:1,0.062,plvt;0:14,2:3,0.062,nlvt;"
VIA_CHAIN-x-55,,VIA_CHAIN,,VT_MV_TCN/M0B_12/32_14/9_12X14_VTM0C/P_11_P_165CH,1,x81zs_iso02_1,ch165,VT_MV_TCN/M0B_12/32_14/9_12X14_VTM0C/P_11_P_165CH,,,,,via chain -- out of scope,15,2,5,30,"0,-1:3;",,"0:15,2/6","vt,3:11[1],4|0,0,0,0.011",5;15,4;14,"0:14,0:1,0.062,plvt;0:14,2:3,0.062,nlvt;"
VIA_CHAIN-x-56,,VIA_CHAIN,,VT_MV_TCN/M0B_12/32_14/9_12X14_VTM0C/P_12_P_165CH,1,x81zs_iso02_1,ch165,VT_MV_TCN/M0B_12/32_14/9_12X14_VTM0C/P_12_P_165CH,,,,,via chain -- out of scope,15,2,5,30,"0,-1:3;",,"0:15,2/6","vt,3:11[1],4|0,0,0,0.012",5;15,4;14,"0:14,0:1,0.062,plvt;0:14,2:3,0.062,nlvt;"
VIA_CHAIN-x-57,,VIA_CHAIN,,VT_MV_TCN/M0B_12/32_14/9_12X14_VTM0C/N_0_N_165CH,1,x81zs_iso02_1,ch165,VT_MV_TCN/M0B_12/32_14/9_12X14_VTM0C/N_0_N_165CH,,,,,via chain -- out of scope,15,2,5,30,"0,-1:3;",,"0:15,2/6","vt,3:11[1],6",5;15,6;16,"0:14,0:1,0.062,plvt;0:14,2:3,0.062,nlvt;"
VIA_CHAIN-x-58,,VIA_CHAIN,,VT_MV_TCN/M0B_12/32_14/9_12X14_VTM0C/N_-3_N_165CH,1,x81zs_iso02_1,ch165,VT_MV_TCN/M0B_12/32_14/9_12X14_VTM0C/N_-3_N_165CH,,,,,via chain -- out of scope,15,2,5,30,"0,-1:3;",,"0:15,2/6","vt,3:11[1],6|0,0,0,-0.003",5;15,6;16,"0:14,0:1,0.062,plvt;0:14,2:3,0.062,nlvt;"
VIA_CHAIN-x-59,,VIA_CHAIN,,VT_MV_TCN/M0B_12/32_14/9_12X14_VTM0C/N_-5_N_165CH,1,x81zs_iso02_1,ch165,VT_MV_TCN/M0B_12/32_14/9_12X14_VTM0C/N_-5_N_165CH,,,,,via chain -- out of scope,15,2,5,30,"0,-1:3;",,"0:15,2/6","vt,3:11[1],6|0,0,0,-0.005",5;15,6;16,"0:14,0:1,0.062,plvt;0:14,2:3,0.062,nlvt;"
VIA_CHAIN-x-60,,VIA_CHAIN,,VT_MV_TCN/M0B_12/32_14/9_12X14_VTM0C/N_-7_N_165CH,1,x81zs_iso02_1,ch165,VT_MV_TCN/M0B_12/32_14/9_12X14_VTM0C/N_-7_N_165CH,,,,,via chain -- out of scope,15,2,5,30,"0,-1:3;",,"0:15,2/6","vt,3:11[1],6|0,0,0,-0.007",5;15,6;16,"0:14,0:1,0.062,plvt;0:14,2:3,0.062,nlvt;"
VIA_CHAIN-x-61,,VIA_CHAIN,,VT_MV_TCN/M0B_12/32_14/9_12X14_VTM0C/N_-8_N_165CH,1,x81zs_iso02_1,ch165,VT_MV_TCN/M0B_12/32_14/9_12X14_VTM0C/N_-8_N_165CH,,,,,via chain -- out of scope,15,2,5,30,"0,-1:3;",,"0:15,2/6","vt,3:11[1],6|0,0,0,-0.008",5;15,6;16,"0:14,0:1,0.062,plvt;0:14,2:3,0.062,nlvt;"
VIA_CHAIN-x-62,,VIA_CHAIN,,VT_MV_TCN/M0B_12/32_14/9_12X14_VTM0C/N_-9_N_165CH,1,x81zs_iso02_1,ch165,VT_MV_TCN/M0B_12/32_14/9_12X14_VTM0C/N_-9_N_165CH,,,,,via chain -- out of scope,15,2,5,30,"0,-1:3;",,"0:15,2/6","vt,3:11[1],6|0,0,0,-0.009",5;15,6;16,"0:14,0:1,0.062,plvt;0:14,2:3,0.062,nlvt;"
VIA_CHAIN-x-63,,VIA_CHAIN,,VT_MV_TCN/M0B_12/32_14/9_12X14_VTM0C/N_-10_N_165CH,1,x81zs_iso02_1,ch165,VT_MV_TCN/M0B_12/32_14/9_12X14_VTM0C/N_-10_N_165CH,,,,,via chain -- out of scope,15,2,5,30,"0,-1:3;",,"0:15,2/6","vt,3:11[1],6|0,0,0,-0.010",5;15,6;16,"0:14,0:1,0.062,plvt;0:14,2:3,0.062,nlvt;"
VIA_CHAIN-x-64,,VIA_CHAIN,,VT_MV_TCN/M0B_12/32_14/9_12X14_VTM0C/N_-11_N_165CH,1,x81zs_iso02_1,ch165,VT_MV_TCN/M0B_12/32_14/9_12X14_VTM0C/N_-11_N_165CH,,,,,via chain -- out of scope,15,2,5,30,"0,-1:3;",,"0:15,2/6","vt,3:11[1],6|0,0,0,-0.011",5;15,6;16,"0:14,0:1,0.062,plvt;0:14,2:3,0.062,nlvt;"
VIA_CHAIN-x-65,,VIA_CHAIN,,VT_MV_TCN/M0B_12/32_14/9_12X14_VTM0C/N_-12_N_165CH,1,x81zs_iso02_1,ch165,VT_MV_TCN/M0B_12/32_14/9_12X14_VTM0C/N_-12_N_165CH,,,,,via chain -- out of scope,15,2,5,30,"0,-1:3;",,"0:15,2/6","vt,3:11[1],6|0,0,0,-0.012",5;15,6;16,"0:14,0:1,0.062,plvt;0:14,2:3,0.062,nlvt;"
VIA_CHAIN-x-66,,VIA_CHAIN,,VCR_MV_TCN/M0C_12/32_17/9_16.8X44_VCRM0B_0_110H,1,x81zs_iso02_1,ch110,VCR_MV_TCN/M0C_12/32_17/9_16.8X44_VCRM0B_0_110H,,,,,via chain -- out of scope,15,2,5,90,,,"4:10,-1:r0[1]",,4;6,5,
VIA_CHAIN-x-67,,VIA_CHAIN,,VCR_MV_TCN/M0C_12/32_17/9_16.8X44_VCRM0B_3_110H,1,x81zs_iso02_1,ch110,VCR_MV_TCN/M0C_12/32_17/9_16.8X44_VCRM0B_3_110H,,,,,via chain -- out of scope,15,2,5,90,,,"4:10,-1:r0[1]",,4;6,5,
VIA_CHAIN-x-68,,VIA_CHAIN,,VCR_MV_TCN/M0C_12/32_17/9_16.8X44_VCRM0B_5_110H,1,x81zs_iso02_1,ch110,VCR_MV_TCN/M0C_12/32_17/9_16.8X44_VCRM0B_5_110H,,,,,via chain -- out of scope,15,2,5,90,,,"4:10,-1:r0[1]",,4;6,5,
VIA_CHAIN-x-69,,VIA_CHAIN,,VCR_MV_TCN/M0C_12/32_17/9_16.8X44_VCRM0B_7_110H,1,x81zs_iso02_1,ch110,VCR_MV_TCN/M0C_12/32_17/9_16.8X44_VCRM0B_7_110H,,,,,via chain -- out of scope,15,2,5,90,,,"4:10,-1:r0[1]",,4;6,5,
VIA_CHAIN-x-70,,VIA_CHAIN,,VCR_MV_TCN/M0C_12/32_17/9_16.8X44_VCRM0B_9_110H,1,x81zs_iso02_1,ch110,VCR_MV_TCN/M0C_12/32_17/9_16.8X44_VCRM0B_9_110H,,,,,via chain -- out of scope,15,2,5,90,,,"4:10,-1:r0[1]",,4;6,5,
VIA_CHAIN-x-71,,VIA_CHAIN,,VCR_MV_TCN/M0C_12/32_17/9_16.8X44_VCRM0B_11_110H,1,x81zs_iso02_1,ch110,VCR_MV_TCN/M0C_12/32_17/9_16.8X44_VCRM0B_11_110H,,,,,via chain -- out of scope,15,2,5,90,,,"4:10,-1:r0[1]",,4;6,5,
VIA_CHAIN-x-72,,VIA_CHAIN,,VCR_MV_TCN/M0C_12/32_17/9_16.8X44_VCRM0B_12_110H,1,x81zs_iso02_1,ch110,VCR_MV_TCN/M0C_12/32_17/9_16.8X44_VCRM0B_12_110H,,,,,via chain -- out of scope,15,2,5,90,,,"4:10,-1:r0[1]",,4;6,5,
VIA_CHAIN-x-73,,VIA_CHAIN,,VCR_MV_TCN/M0C_12/32_17/9_16.8X44_VCRM0B_13_110H,1,x81zs_iso02_1,ch110,VCR_MV_TCN/M0C_12/32_17/9_16.8X44_VCRM0B_13_110H,,,,,via chain -- out of scope,15,2,5,90,,,"4:10,-1:r0[1]",,4;6,5,
VIA_CHAIN-x-74,,VIA_CHAIN,,VCR_MV_TCN/M0C_12/32_17/9_16.8X44_VCRM0B_14_110H,1,x81zs_iso02_1,ch110,VCR_MV_TCN/M0C_12/32_17/9_16.8X44_VCRM0B_14_110H,,,,,via chain -- out of scope,15,2,5,90,,,"4:10,-1:r0[1]",,4;6,5,
VIA_CHAIN-x-75,,VIA_CHAIN,,VCR_MV_TCN/M0C_12/32_17/9_16.8X44_VCRM0B_-3_110H,1,x81zs_iso02_1,ch110,VCR_MV_TCN/M0C_12/32_17/9_16.8X44_VCRM0B_-3_110H,,,,,via chain -- out of scope,15,2,5,90,,,"4:10,-1:r0[1]",,4;6,5,
VIA_CHAIN-x-76,,VIA_CHAIN,,VCR_MV_TCN/M0C_12/32_17/9_16.8X44_VCRM0B_-5_110H,1,x81zs_iso02_1,ch110,VCR_MV_TCN/M0C_12/32_17/9_16.8X44_VCRM0B_-5_110H,,,,,via chain -- out of scope,15,2,5,90,,,"4:10,-1:r0[1]",,4;6,5,
VIA_CHAIN-x-77,,VIA_CHAIN,,VCR_MV_TCN/M0C_12/32_17/9_16.8X44_VCRM0B_-7_110H,1,x81zs_iso02_1,ch110,VCR_MV_TCN/M0C_12/32_17/9_16.8X44_VCRM0B_-7_110H,,,,,via chain -- out of scope,15,2,5,90,,,"4:10,-1:r0[1]",,4;6,5,
VIA_CHAIN-x-78,,VIA_CHAIN,,VCR_MV_TCN/M0C_12/32_17/9_16.8X44_VCRM0B_-9_110H,1,x81zs_iso02_1,ch110,VCR_MV_TCN/M0C_12/32_17/9_16.8X44_VCRM0B_-9_110H,,,,,via chain -- out of scope,15,2,5,90,,,"4:10,-1:r0[1]",,4;6,5,
VIA_CHAIN-x-79,,VIA_CHAIN,,VCR_MV_TCN/M0C_12/32_17/9_16.8X44_VCRM0B_-11_110H,1,x81zs_iso02_1,ch110,VCR_MV_TCN/M0C_12/32_17/9_16.8X44_VCRM0B_-11_110H,,,,,via chain -- out of scope,15,2,5,90,,,"4:10,-1:r0[1]",,4;6,5,
VIA_CHAIN-x-80,,VIA_CHAIN,,VCR_MV_TCN/M0C_12/32_17/9_16.8X44_VCRM0B_-12_110H,1,x81zs_iso02_1,ch110,VCR_MV_TCN/M0C_12/32_17/9_16.8X44_VCRM0B_-12_110H,,,,,via chain -- out of scope,15,2,5,90,,,"4:10,-1:r0[1]",,4;6,5,
VIA_CHAIN-x-81,,VIA_CHAIN,,VCR_MV_TCN/M0C_12/32_17/9_16.8X44_VCRM0B_-13_110H,1,x81zs_iso02_1,ch110,VCR_MV_TCN/M0C_12/32_17/9_16.8X44_VCRM0B_-13_110H,,,,,via chain -- out of scope,15,2,5,90,,,"4:10,-1:r0[1]",,4;6,5,
VIA_CHAIN-x-82,,VIA_CHAIN,,VCR_MV_TCN/M0C_12/32_17/9_16.8X44_VCRM0B_-14_110H,1,x81zs_iso02_1,ch110,VCR_MV_TCN/M0C_12/32_17/9_16.8X44_VCRM0B_-14_110H,,,,,via chain -- out of scope,15,2,5,90,,,"4:10,-1:r0[1]",,4;6,5,
VIA_CHAIN-x-83,,VIA_CHAIN,,VCR_MV_TCN/M0C_12/32_17/9_20.8X44_VCRM0B_0_110H,1,x81zs_iso02_1,ch110,VCR_MV_TCN/M0C_12/32_17/9_20.8X44_VCRM0B_0_110H,,,,,via chain -- out of scope,15,2,5,90,,,"4:10,-1:r0[1]",,4;6,5,
VIA_CHAIN-x-84,,VIA_CHAIN,,VCR_MV_TCN/M0C_12/32_17/9_20.8X44_VCRM0B_3_110H,1,x81zs_iso02_1,ch110,VCR_MV_TCN/M0C_12/32_17/9_20.8X44_VCRM0B_3_110H,,,,,via chain -- out of scope,15,2,5,90,,,"4:10,-1:r0[1]",,4;6,5,
VIA_CHAIN-x-85,,VIA_CHAIN,,VCR_MV_TCN/M0C_12/32_17/9_20.8X44_VCRM0B_5_110H,1,x81zs_iso02_1,ch110,VCR_MV_TCN/M0C_12/32_17/9_20.8X44_VCRM0B_5_110H,,,,,via chain -- out of scope,15,2,5,90,,,"4:10,-1:r0[1]",,4;6,5,
VIA_CHAIN-x-86,,VIA_CHAIN,,VCR_MV_TCN/M0C_12/32_17/9_20.8X44_VCRM0B_7_110H,1,x81zs_iso02_1,ch110,VCR_MV_TCN/M0C_12/32_17/9_20.8X44_VCRM0B_7_110H,,,,,via chain -- out of scope,15,2,5,90,,,"4:10,-1:r0[1]",,4;6,5,
VIA_CHAIN-x-87,,VIA_CHAIN,,VCR_MV_TCN/M0C_12/32_17/9_20.8X44_VCRM0B_9_110H,1,x81zs_iso02_1,ch110,VCR_MV_TCN/M0C_12/32_17/9_20.8X44_VCRM0B_9_110H,,,,,via chain -- out of scope,15,2,5,90,,,"4:10,-1:r0[1]",,4;6,5,
VIA_CHAIN-x-88,,VIA_CHAIN,,VCR_MV_TCN/M0C_12/32_17/9_20.8X44_VCRM0B_11_110H,1,x81zs_iso02_1,ch110,VCR_MV_TCN/M0C_12/32_17/9_20.8X44_VCRM0B_11_110H,,,,,via chain -- out of scope,15,2,5,90,,,"4:10,-1:r0[1]",,4;6,5,
VIA_CHAIN-x-89,,VIA_CHAIN,,VCR_MV_TCN/M0C_12/32_17/9_20.8X44_VCRM0B_12_110H,1,x81zs_iso02_1,ch110,VCR_MV_TCN/M0C_12/32_17/9_20.8X44_VCRM0B_12_110H,,,,,via chain -- out of scope,15,2,5,90,,,"4:10,-1:r0[1]",,4;6,5,
VIA_CHAIN-x-90,,VIA_CHAIN,,VCR_MV_TCN/M0C_12/32_17/9_20.8X44_VCRM0B_13_110H,1,x81zs_iso02_1,ch110,VCR_MV_TCN/M0C_12/32_17/9_20.8X44_VCRM0B_13_110H,,,,,via chain -- out of scope,15,2,5,90,,,"4:10,-1:r0[1]",,4;6,5,
VIA_CHAIN-x-91,,VIA_CHAIN,,VCR_MV_TCN/M0C_12/32_17/9_20.8X44_VCRM0B_14_110H,1,x81zs_iso02_1,ch110,VCR_MV_TCN/M0C_12/32_17/9_20.8X44_VCRM0B_14_110H,,,,,via chain -- out of scope,15,2,5,90,,,"4:10,-1:r0[1]",,4;6,5,
VIA_CHAIN-x-92,,VIA_CHAIN,,VCR_MV_TCN/M0C_12/32_17/9_20.8X44_VCRM0B_-3_110H,1,x81zs_iso02_1,ch110,VCR_MV_TCN/M0C_12/32_17/9_20.8X44_VCRM0B_-3_110H,,,,,via chain -- out of scope,15,2,5,90,,,"4:10,-1:r0[1]",,4;6,5,
VIA_CHAIN-x-93,,VIA_CHAIN,,VCR_MV_TCN/M0C_12/32_17/9_20.8X44_VCRM0B_-5_110H,1,x81zs_iso02_1,ch110,VCR_MV_TCN/M0C_12/32_17/9_20.8X44_VCRM0B_-5_110H,,,,,via chain -- out of scope,15,2,5,90,,,"4:10,-1:r0[1]",,4;6,5,
VIA_CHAIN-x-94,,VIA_CHAIN,,VCR_MV_TCN/M0C_12/32_17/9_20.8X44_VCRM0B_-7_110H,1,x81zs_iso02_1,ch110,VCR_MV_TCN/M0C_12/32_17/9_20.8X44_VCRM0B_-7_110H,,,,,via chain -- out of scope,15,2,5,90,,,"4:10,-1:r0[1]",,4;6,5,
VIA_CHAIN-x-95,,VIA_CHAIN,,VCR_MV_TCN/M0C_12/32_17/9_20.8X44_VCRM0B_-9_110H,1,x81zs_iso02_1,ch110,VCR_MV_TCN/M0C_12/32_17/9_20.8X44_VCRM0B_-9_110H,,,,,via chain -- out of scope,15,2,5,90,,,"4:10,-1:r0[1]",,4;6,5,
VIA_CHAIN-x-96,,VIA_CHAIN,,VCR_MV_TCN/M0C_12/32_17/9_20.8X44_VCRM0B_-11_110H,1,x81zs_iso02_1,ch110,VCR_MV_TCN/M0C_12/32_17/9_20.8X44_VCRM0B_-11_110H,,,,,via chain -- out of scope,15,2,5,90,,,"4:10,-1:r0[1]",,4;6,5,
VIA_CHAIN-x-97,,VIA_CHAIN,,VCR_MV_TCN/M0C_12/32_17/9_20.8X44_VCRM0B_-12_110H,1,x81zs_iso02_1,ch110,VCR_MV_TCN/M0C_12/32_17/9_20.8X44_VCRM0B_-12_110H,,,,,via chain -- out of scope,15,2,5,90,,,"4:10,-1:r0[1]",,4;6,5,
VIA_CHAIN-x-98,,VIA_CHAIN,,VCR_MV_TCN/M0C_12/32_17/9_20.8X44_VCRM0B_-13_110H,1,x81zs_iso02_1,ch110,VCR_MV_TCN/M0C_12/32_17/9_20.8X44_VCRM0B_-13_110H,,,,,via chain -- out of scope,15,2,5,90,,,"4:10,-1:r0[1]",,4;6,5,
VIA_CHAIN-x-99,,VIA_CHAIN,,VCR_MV_TCN/M0C_12/32_17/9_20.8X44_VCRM0B_-14_110H,1,x81zs_iso02_1,ch110,VCR_MV_TCN/M0C_12/32_17/9_20.8X44_VCRM0B_-14_110H,,,,,via chain -- out of scope,15,2,5,90,,,"4:10,-1:r0[1]",,4;6,5,
VIA_CHAIN-x-100,,VIA_CHAIN,,VCR_MV_TCN/M0C_12/32_17/9_12X44_VCRM0B_0_110H_NOVCRNUB,1,x81zs_iso02_1,ch110,VCR_MV_TCN/M0C_12/32_17/9_12X44_VCRM0B_0_110H_NOVCRNUB,,,,,via chain -- out of scope,15,2,5,90,,,"4:10,-1:r0[1]",,4;6,5,
VIA_CHAIN-x-101,,VIA_CHAIN,,VCR_MV_TCN/M0C_12/32_17/9_12X44_VCRM0B_3_110H_NOVCRNUB,1,x81zs_iso02_1,ch110,VCR_MV_TCN/M0C_12/32_17/9_12X44_VCRM0B_3_110H_NOVCRNUB,,,,,via chain -- out of scope,15,2,5,90,,,"4:10,-1:r0[1]",,4;6,5,
VIA_CHAIN-x-102,,VIA_CHAIN,,VCR_MV_TCN/M0C_12/32_17/9_12X44_VCRM0B_5_110H_NOVCRNUB,1,x81zs_iso02_1,ch110,VCR_MV_TCN/M0C_12/32_17/9_12X44_VCRM0B_5_110H_NOVCRNUB,,,,,via chain -- out of scope,15,2,5,90,,,"4:10,-1:r0[1]",,4;6,5,
VIA_CHAIN-x-103,,VIA_CHAIN,,VCR_MV_TCN/M0C_12/32_17/9_12X44_VCRM0B_7_110H_NOVCRNUB,1,x81zs_iso02_1,ch110,VCR_MV_TCN/M0C_12/32_17/9_12X44_VCRM0B_7_110H_NOVCRNUB,,,,,via chain -- out of scope,15,2,5,90,,,"4:10,-1:r0[1]",,4;6,5,
VIA_CHAIN-x-104,,VIA_CHAIN,,VCR_MV_TCN/M0C_12/32_17/9_12X44_VCRM0B_9_110H_NOVCRNUB,1,x81zs_iso02_1,ch110,VCR_MV_TCN/M0C_12/32_17/9_12X44_VCRM0B_9_110H_NOVCRNUB,,,,,via chain -- out of scope,15,2,5,90,,,"4:10,-1:r0[1]",,4;6,5,
VIA_CHAIN-x-105,,VIA_CHAIN,,VCR_MV_TCN/M0C_12/32_17/9_12X44_VCRM0B_11_110H_NOVCRNUB,1,x81zs_iso02_1,ch110,VCR_MV_TCN/M0C_12/32_17/9_12X44_VCRM0B_11_110H_NOVCRNUB,,,,,via chain -- out of scope,15,2,5,90,,,"4:10,-1:r0[1]",,4;6,5,
VIA_CHAIN-x-106,,VIA_CHAIN,,VCR_MV_TCN/M0C_12/32_17/9_12X44_VCRM0B_12_110H_NOVCRNUB,1,x81zs_iso02_1,ch110,VCR_MV_TCN/M0C_12/32_17/9_12X44_VCRM0B_12_110H_NOVCRNUB,,,,,via chain -- out of scope,15,2,5,90,,,"4:10,-1:r0[1]",,4;6,5,
VIA_CHAIN-x-107,,VIA_CHAIN,,VCR_MV_TCN/M0C_12/32_17/9_12X44_VCRM0B_13_110H_NOVCRNUB,1,x81zs_iso02_1,ch110,VCR_MV_TCN/M0C_12/32_17/9_12X44_VCRM0B_13_110H_NOVCRNUB,,,,,via chain -- out of scope,15,2,5,90,,,"4:10,-1:r0[1]",,4;6,5,
VIA_CHAIN-x-108,,VIA_CHAIN,,VCR_MV_TCN/M0C_12/32_17/9_12X44_VCRM0B_14_110H_NOVCRNUB,1,x81zs_iso02_1,ch110,VCR_MV_TCN/M0C_12/32_17/9_12X44_VCRM0B_14_110H_NOVCRNUB,,,,,via chain -- out of scope,15,2,5,90,,,"4:10,-1:r0[1]",,4;6,5,
VIA_CHAIN-x-109,,VIA_CHAIN,,VCR_MV_TCN/M0C_12/32_17/9_12X44_VCRM0B_-3_110H_NOVCRNUB,1,x81zs_iso02_1,ch110,VCR_MV_TCN/M0C_12/32_17/9_12X44_VCRM0B_-3_110H_NOVCRNUB,,,,,via chain -- out of scope,15,2,5,90,,,"4:10,-1:r0[1]",,4;6,5,
VIA_CHAIN-x-110,,VIA_CHAIN,,VCR_MV_TCN/M0C_12/32_17/9_12X44_VCRM0B_-5_110H_NOVCRNUB,1,x81zs_iso02_1,ch110,VCR_MV_TCN/M0C_12/32_17/9_12X44_VCRM0B_-5_110H_NOVCRNUB,,,,,via chain -- out of scope,15,2,5,90,,,"4:10,-1:r0[1]",,4;6,5,
VIA_CHAIN-x-111,,VIA_CHAIN,,VCR_MV_TCN/M0C_12/32_17/9_12X44_VCRM0B_-7_110H_NOVCRNUB,1,x81zs_iso03_vcr1,ch110,VCR_MV_TCN/M0C_12/32_17/9_12X44_VCRM0B_-7_110H_NOVCRNUB,,,,,via chain -- out of scope,15,2,5,90,,,"4:10,-1:r0[1]",,4;6,5,
VIA_CHAIN-x-112,,VIA_CHAIN,,VCR_MV_TCN/M0C_12/32_17/9_12X44_VCRM0B_-9_110H_NOVCRNUB,1,x81zs_iso03_vcr1,ch110,VCR_MV_TCN/M0C_12/32_17/9_12X44_VCRM0B_-9_110H_NOVCRNUB,,,,,via chain -- out of scope,15,2,5,90,,,"4:10,-1:r0[1]",,4;6,5,
VIA_CHAIN-x-113,,VIA_CHAIN,,VCR_MV_TCN/M0C_12/32_17/9_12X44_VCRM0B_-11_110H_NOVCRNUB,1,x81zs_iso03_vcr1,ch110,VCR_MV_TCN/M0C_12/32_17/9_12X44_VCRM0B_-11_110H_NOVCRNUB,,,,,via chain -- out of scope,15,2,5,90,,,"4:10,-1:r0[1]",,4;6,5,
VIA_CHAIN-x-114,,VIA_CHAIN,,VCR_MV_TCN/M0C_12/32_17/9_12X44_VCRM0B_-12_110H_NOVCRNUB,1,x81zs_iso03_vcr1,ch110,VCR_MV_TCN/M0C_12/32_17/9_12X44_VCRM0B_-12_110H_NOVCRNUB,,,,,via chain -- out of scope,15,2,5,90,,,"4:10,-1:r0[1]",,4;6,5,
VIA_CHAIN-x-115,,VIA_CHAIN,,VCR_MV_TCN/M0C_12/32_17/9_12X44_VCRM0B_-13_110H_NOVCRNUB,1,x81zs_iso03_vcr1,ch110,VCR_MV_TCN/M0C_12/32_17/9_12X44_VCRM0B_-13_110H_NOVCRNUB,,,,,via chain -- out of scope,15,2,5,90,,,"4:10,-1:r0[1]",,4;6,5,
VIA_CHAIN-x-116,,VIA_CHAIN,,VCR_MV_TCN/M0C_12/32_17/9_12X44_VCRM0B_-14_110H_NOVCRNUB,1,x81zs_iso03_vcr1,ch110,VCR_MV_TCN/M0C_12/32_17/9_12X44_VCRM0B_-14_110H_NOVCRNUB,,,,,via chain -- out of scope,15,2,5,90,,,"4:10,-1:r0[1]",,4;6,5,
VIA_CHAIN-x-117,,VIA_CHAIN,,VCR_MV_TCN/M0B_12/32_17/9_16.8X44_VCRM0C_0_110H,1,x81zs_iso03_vcr1,ch110,VCR_MV_TCN/M0B_12/32_17/9_16.8X44_VCRM0C_0_110H,,,,,via chain -- out of scope,15,2,5,90,,,"4:10,-1:r0[1]",,4;6,5,
VIA_CHAIN-x-118,,VIA_CHAIN,,VCR_MV_TCN/M0B_12/32_17/9_16.8X44_VCRM0C_3_110H,1,x81zs_iso03_vcr1,ch110,VCR_MV_TCN/M0B_12/32_17/9_16.8X44_VCRM0C_3_110H,,,,,via chain -- out of scope,15,2,5,90,,,"4:10,-1:r0[1]",,4;6,5,
VIA_CHAIN-x-119,,VIA_CHAIN,,VCR_MV_TCN/M0B_12/32_17/9_16.8X44_VCRM0C_5_110H,1,x81zs_iso03_vcr1,ch110,VCR_MV_TCN/M0B_12/32_17/9_16.8X44_VCRM0C_5_110H,,,,,via chain -- out of scope,15,2,5,90,,,"4:10,-1:r0[1]",,4;6,5,
VIA_CHAIN-x-120,,VIA_CHAIN,,VCR_MV_TCN/M0B_12/32_17/9_16.8X44_VCRM0C_7_110H,1,x81zs_iso03_vcr1,ch110,VCR_MV_TCN/M0B_12/32_17/9_16.8X44_VCRM0C_7_110H,,,,,via chain -- out of scope,15,2,5,90,,,"4:10,-1:r0[1]",,4;6,5,
VIA_CHAIN-x-121,,VIA_CHAIN,,VCR_MV_TCN/M0B_12/32_17/9_16.8X44_VCRM0C_9_110H,1,x81zs_iso03_vcr1,ch110,VCR_MV_TCN/M0B_12/32_17/9_16.8X44_VCRM0C_9_110H,,,,,via chain -- out of scope,15,2,5,90,,,"4:10,-1:r0[1]",,4;6,5,
VIA_CHAIN-x-122,,VIA_CHAIN,,VCR_MV_TCN/M0B_12/32_17/9_16.8X44_VCRM0C_11_110H,1,x81zs_iso03_vcr1,ch110,VCR_MV_TCN/M0B_12/32_17/9_16.8X44_VCRM0C_11_110H,,,,,via chain -- out of scope,15,2,5,90,,,"4:10,-1:r0[1]",,4;6,5,
VIA_CHAIN-x-123,,VIA_CHAIN,,VCR_MV_TCN/M0B_12/32_17/9_16.8X44_VCRM0C_12_110H,1,x81zs_iso03_vcr1,ch110,VCR_MV_TCN/M0B_12/32_17/9_16.8X44_VCRM0C_12_110H,,,,,via chain -- out of scope,15,2,5,90,,,"4:10,-1:r0[1]",,4;6,5,
VIA_CHAIN-x-124,,VIA_CHAIN,,VCR_MV_TCN/M0B_12/32_17/9_16.8X44_VCRM0C_13_110H,1,x81zs_iso03_vcr1,ch110,VCR_MV_TCN/M0B_12/32_17/9_16.8X44_VCRM0C_13_110H,,,,,via chain -- out of scope,15,2,5,90,,,"4:10,-1:r0[1]",,4;6,5,
VIA_CHAIN-x-125,,VIA_CHAIN,,VCR_MV_TCN/M0B_12/32_17/9_16.8X44_VCRM0C_14_110H,1,x81zs_iso03_vcr1,ch110,VCR_MV_TCN/M0B_12/32_17/9_16.8X44_VCRM0C_14_110H,,,,,via chain -- out of scope,15,2,5,90,,,"4:10,-1:r0[1]",,4;6,5,
VIA_CHAIN-x-126,,VIA_CHAIN,,VCR_MV_TCN/M0B_12/32_17/9_16.8X44_VCRM0C_-3_110H,1,x81zs_iso03_vcr1,ch110,VCR_MV_TCN/M0B_12/32_17/9_16.8X44_VCRM0C_-3_110H,,,,,via chain -- out of scope,15,2,5,90,,,"4:10,-1:r0[1]",,4;6,5,
VIA_CHAIN-x-127,,VIA_CHAIN,,VCR_MV_TCN/M0B_12/32_17/9_16.8X44_VCRM0C_-5_110H,1,x81zs_iso03_vcr1,ch110,VCR_MV_TCN/M0B_12/32_17/9_16.8X44_VCRM0C_-5_110H,,,,,via chain -- out of scope,15,2,5,90,,,"4:10,-1:r0[1]",,4;6,5,
VIA_CHAIN-x-128,,VIA_CHAIN,,VCR_MV_TCN/M0B_12/32_17/9_16.8X44_VCRM0C_-7_110H,1,x81zs_iso03_vcr1,ch110,VCR_MV_TCN/M0B_12/32_17/9_16.8X44_VCRM0C_-7_110H,,,,,via chain -- out of scope,15,2,5,90,,,"4:10,-1:r0[1]",,4;6,5,
VIA_CHAIN-x-129,,VIA_CHAIN,,VCR_MV_TCN/M0B_12/32_17/9_16.8X44_VCRM0C_-9_110H,1,x81zs_iso03_vcr1,ch110,VCR_MV_TCN/M0B_12/32_17/9_16.8X44_VCRM0C_-9_110H,,,,,via chain -- out of scope,15,2,5,90,,,"4:10,-1:r0[1]",,4;6,5,
VIA_CHAIN-x-130,,VIA_CHAIN,,VCR_MV_TCN/M0B_12/32_17/9_16.8X44_VCRM0C_-11_110H,1,x81zs_iso03_vcr1,ch110,VCR_MV_TCN/M0B_12/32_17/9_16.8X44_VCRM0C_-11_110H,,,,,via chain -- out of scope,15,2,5,90,,,"4:10,-1:r0[1]",,4;6,5,
VIA_CHAIN-x-131,,VIA_CHAIN,,VCR_MV_TCN/M0B_12/32_17/9_16.8X44_VCRM0C_-12_110H,1,x81zs_iso03_vcr1,ch110,VCR_MV_TCN/M0B_12/32_17/9_16.8X44_VCRM0C_-12_110H,,,,,via chain -- out of scope,15,2,5,90,,,"4:10,-1:r0[1]",,4;6,5,
VIA_CHAIN-x-132,,VIA_CHAIN,,VCR_MV_TCN/M0B_12/32_17/9_16.8X44_VCRM0C_-13_110H,1,x81zs_iso03_vcr1,ch110,VCR_MV_TCN/M0B_12/32_17/9_16.8X44_VCRM0C_-13_110H,,,,,via chain -- out of scope,15,2,5,90,,,"4:10,-1:r0[1]",,4;6,5,
VIA_CHAIN-x-133,,VIA_CHAIN,,VCR_MV_TCN/M0B_12/32_17/9_16.8X44_VCRM0C_-14_110H,1,x81zs_iso03_vcr1,ch110,VCR_MV_TCN/M0B_12/32_17/9_16.8X44_VCRM0C_-14_110H,,,,,via chain -- out of scope,15,2,5,90,,,"4:10,-1:r0[1]",,4;6,5,
VIA_CHAIN-x-134,,VIA_CHAIN,,VCR_MV_TCN/M0B_12/32_17/9_20.8X44_VCRM0C_0_110H,1,x81zs_iso03_vcr1,ch110,VCR_MV_TCN/M0B_12/32_17/9_20.8X44_VCRM0C_0_110H,,,,,via chain -- out of scope,15,2,5,90,,,"4:10,-1:r0[1]",,4;6,5,
VIA_CHAIN-x-135,,VIA_CHAIN,,VCR_MV_TCN/M0B_12/32_17/9_20.8X44_VCRM0C_3_110H,1,x81zs_iso03_vcr1,ch110,VCR_MV_TCN/M0B_12/32_17/9_20.8X44_VCRM0C_3_110H,,,,,via chain -- out of scope,15,2,5,90,,,"4:10,-1:r0[1]",,4;6,5,
VIA_CHAIN-x-136,,VIA_CHAIN,,VCR_MV_TCN/M0B_12/32_17/9_20.8X44_VCRM0C_5_110H,1,x81zs_iso03_vcr1,ch110,VCR_MV_TCN/M0B_12/32_17/9_20.8X44_VCRM0C_5_110H,,,,,via chain -- out of scope,15,2,5,90,,,"4:10,-1:r0[1]",,4;6,5,
VIA_CHAIN-x-137,,VIA_CHAIN,,VCR_MV_TCN/M0B_12/32_17/9_20.8X44_VCRM0C_7_110H,1,x81zs_iso03_vcr1,ch110,VCR_MV_TCN/M0B_12/32_17/9_20.8X44_VCRM0C_7_110H,,,,,via chain -- out of scope,15,2,5,90,,,"4:10,-1:r0[1]",,4;6,5,
VIA_CHAIN-x-138,,VIA_CHAIN,,VCR_MV_TCN/M0B_12/32_17/9_20.8X44_VCRM0C_9_110H,1,x81zs_iso03_vcr1,ch110,VCR_MV_TCN/M0B_12/32_17/9_20.8X44_VCRM0C_9_110H,,,,,via chain -- out of scope,15,2,5,90,,,"4:10,-1:r0[1]",,4;6,5,
VIA_CHAIN-x-139,,VIA_CHAIN,,VCR_MV_TCN/M0B_12/32_17/9_20.8X44_VCRM0C_11_110H,1,x81zs_iso03_vcr1,ch110,VCR_MV_TCN/M0B_12/32_17/9_20.8X44_VCRM0C_11_110H,,,,,via chain -- out of scope,15,2,5,90,,,"4:10,-1:r0[1]",,4;6,5,
VIA_CHAIN-x-140,,VIA_CHAIN,,VCR_MV_TCN/M0B_12/32_17/9_20.8X44_VCRM0C_12_110H,1,x81zs_iso03_vcr1,ch110,VCR_MV_TCN/M0B_12/32_17/9_20.8X44_VCRM0C_12_110H,,,,,via chain -- out of scope,15,2,5,90,,,"4:10,-1:r0[1]",,4;6,5,
VIA_CHAIN-x-141,,VIA_CHAIN,,VCR_MV_TCN/M0B_12/32_17/9_20.8X44_VCRM0C_13_110H,1,x81zs_iso03_vcr1,ch110,VCR_MV_TCN/M0B_12/32_17/9_20.8X44_VCRM0C_13_110H,,,,,via chain -- out of scope,15,2,5,90,,,"4:10,-1:r0[1]",,4;6,5,
VIA_CHAIN-x-142,,VIA_CHAIN,,VCR_MV_TCN/M0B_12/32_17/9_20.8X44_VCRM0C_14_110H,1,x81zs_iso03_vcr1,ch110,VCR_MV_TCN/M0B_12/32_17/9_20.8X44_VCRM0C_14_110H,,,,,via chain -- out of scope,15,2,5,90,,,"4:10,-1:r0[1]",,4;6,5,
VIA_CHAIN-x-143,,VIA_CHAIN,,VCR_MV_TCN/M0B_12/32_17/9_20.8X44_VCRM0C_-3_110H,1,x81zs_iso03_vcr1,ch110,VCR_MV_TCN/M0B_12/32_17/9_20.8X44_VCRM0C_-3_110H,,,,,via chain -- out of scope,15,2,5,90,,,"4:10,-1:r0[1]",,4;6,5,
VIA_CHAIN-x-144,,VIA_CHAIN,,VCR_MV_TCN/M0B_12/32_17/9_20.8X44_VCRM0C_-5_110H,1,x81zs_iso03_vcr1,ch110,VCR_MV_TCN/M0B_12/32_17/9_20.8X44_VCRM0C_-5_110H,,,,,via chain -- out of scope,15,2,5,90,,,"4:10,-1:r0[1]",,4;6,5,
VIA_CHAIN-x-145,,VIA_CHAIN,,VCR_MV_TCN/M0B_12/32_17/9_20.8X44_VCRM0C_-7_110H,1,x81zs_iso03_vcr1,ch110,VCR_MV_TCN/M0B_12/32_17/9_20.8X44_VCRM0C_-7_110H,,,,,via chain -- out of scope,15,2,5,90,,,"4:10,-1:r0[1]",,4;6,5,
VIA_CHAIN-x-146,,VIA_CHAIN,,VCR_MV_TCN/M0B_12/32_17/9_20.8X44_VCRM0C_-9_110H,1,x81zs_iso03_vcr1,ch110,VCR_MV_TCN/M0B_12/32_17/9_20.8X44_VCRM0C_-9_110H,,,,,via chain -- out of scope,15,2,5,90,,,"4:10,-1:r0[1]",,4;6,5,
VIA_CHAIN-x-147,,VIA_CHAIN,,VCR_MV_TCN/M0B_12/32_17/9_20.8X44_VCRM0C_-11_110H,1,x81zs_iso03_vcr1,ch110,VCR_MV_TCN/M0B_12/32_17/9_20.8X44_VCRM0C_-11_110H,,,,,via chain -- out of scope,15,2,5,90,,,"4:10,-1:r0[1]",,4;6,5,
VIA_CHAIN-x-148,,VIA_CHAIN,,VCR_MV_TCN/M0B_12/32_17/9_20.8X44_VCRM0C_-12_110H,1,x81zs_iso03_vcr1,ch110,VCR_MV_TCN/M0B_12/32_17/9_20.8X44_VCRM0C_-12_110H,,,,,via chain -- out of scope,15,2,5,90,,,"4:10,-1:r0[1]",,4;6,5,
VIA_CHAIN-x-149,,VIA_CHAIN,,VCR_MV_TCN/M0B_12/32_17/9_20.8X44_VCRM0C_-13_110H,1,x81zs_iso03_vcr1,ch110,VCR_MV_TCN/M0B_12/32_17/9_20.8X44_VCRM0C_-13_110H,,,,,via chain -- out of scope,15,2,5,90,,,"4:10,-1:r0[1]",,4;6,5,
VIA_CHAIN-x-150,,VIA_CHAIN,,VCR_MV_TCN/M0B_12/32_17/9_20.8X44_VCRM0C_-14_110H,1,x81zs_iso03_vcr1,ch110,VCR_MV_TCN/M0B_12/32_17/9_20.8X44_VCRM0C_-14_110H,,,,,via chain -- out of scope,15,2,5,90,,,"4:10,-1:r0[1]",,4;6,5,
VIA_CHAIN-x-151,,VIA_CHAIN,,VCR_MV_TCN/M0B_12/32_17/9_12X44_VCRM0C_0_110H_NOVCRNUB,1,x81zs_iso03_vcr1,ch110,VCR_MV_TCN/M0B_12/32_17/9_12X44_VCRM0C_0_110H_NOVCRNUB,,,,,via chain -- out of scope,15,2,5,90,,,"4:10,-1:r0[1]",,4;6,5,
VIA_CHAIN-x-152,,VIA_CHAIN,,VCR_MV_TCN/M0B_12/32_17/9_12X44_VCRM0C_3_110H_NOVCRNUB,1,x81zs_iso03_vcr1,ch110,VCR_MV_TCN/M0B_12/32_17/9_12X44_VCRM0C_3_110H_NOVCRNUB,,,,,via chain -- out of scope,15,2,5,90,,,"4:10,-1:r0[1]",,4;6,5,
VIA_CHAIN-x-153,,VIA_CHAIN,,VCR_MV_TCN/M0B_12/32_17/9_12X44_VCRM0C_5_110H_NOVCRNUB,1,x81zs_iso03_vcr1,ch110,VCR_MV_TCN/M0B_12/32_17/9_12X44_VCRM0C_5_110H_NOVCRNUB,,,,,via chain -- out of scope,15,2,5,90,,,"4:10,-1:r0[1]",,4;6,5,
VIA_CHAIN-x-154,,VIA_CHAIN,,VCR_MV_TCN/M0B_12/32_17/9_12X44_VCRM0C_7_110H_NOVCRNUB,1,x81zs_iso03_vcr1,ch110,VCR_MV_TCN/M0B_12/32_17/9_12X44_VCRM0C_7_110H_NOVCRNUB,,,,,via chain -- out of scope,15,2,5,90,,,"4:10,-1:r0[1]",,4;6,5,
VIA_CHAIN-x-155,,VIA_CHAIN,,VCR_MV_TCN/M0B_12/32_17/9_12X44_VCRM0C_9_110H_NOVCRNUB,1,x81zs_iso03_vcr1,ch110,VCR_MV_TCN/M0B_12/32_17/9_12X44_VCRM0C_9_110H_NOVCRNUB,,,,,via chain -- out of scope,15,2,5,90,,,"4:10,-1:r0[1]",,4;6,5,
VIA_CHAIN-x-156,,VIA_CHAIN,,VCR_MV_TCN/M0B_12/32_17/9_12X44_VCRM0C_11_110H_NOVCRNUB,1,x81zs_iso03_vcr1,ch110,VCR_MV_TCN/M0B_12/32_17/9_12X44_VCRM0C_11_110H_NOVCRNUB,,,,,via chain -- out of scope,15,2,5,90,,,"4:10,-1:r0[1]",,4;6,5,
VIA_CHAIN-x-157,,VIA_CHAIN,,VCR_MV_TCN/M0B_12/32_17/9_12X44_VCRM0C_12_110H_NOVCRNUB,1,x81zs_iso03_vcr1,ch110,VCR_MV_TCN/M0B_12/32_17/9_12X44_VCRM0C_12_110H_NOVCRNUB,,,,,via chain -- out of scope,15,2,5,90,,,"4:10,-1:r0[1]",,4;6,5,
VIA_CHAIN-x-158,,VIA_CHAIN,,VCR_MV_TCN/M0B_12/32_17/9_12X44_VCRM0C_13_110H_NOVCRNUB,1,x81zs_iso03_vcr1,ch110,VCR_MV_TCN/M0B_12/32_17/9_12X44_VCRM0C_13_110H_NOVCRNUB,,,,,via chain -- out of scope,15,2,5,90,,,"4:10,-1:r0[1]",,4;6,5,
VIA_CHAIN-x-159,,VIA_CHAIN,,VCR_MV_TCN/M0B_12/32_17/9_12X44_VCRM0C_14_110H_NOVCRNUB,1,x81zs_iso03_vcr1,ch110,VCR_MV_TCN/M0B_12/32_17/9_12X44_VCRM0C_14_110H_NOVCRNUB,,,,,via chain -- out of scope,15,2,5,90,,,"4:10,-1:r0[1]",,4;6,5,
VIA_CHAIN-x-160,,VIA_CHAIN,,VCR_MV_TCN/M0B_12/32_17/9_12X44_VCRM0C_-3_110H_NOVCRNUB,1,x81zs_iso03_vcr1,ch110,VCR_MV_TCN/M0B_12/32_17/9_12X44_VCRM0C_-3_110H_NOVCRNUB,,,,,via chain -- out of scope,15,2,5,90,,,"4:10,-1:r0[1]",,4;6,5,
VIA_CHAIN-x-161,,VIA_CHAIN,,VCR_MV_TCN/M0B_12/32_17/9_12X44_VCRM0C_-5_110H_NOVCRNUB,1,x81zs_iso03_vcr1,ch110,VCR_MV_TCN/M0B_12/32_17/9_12X44_VCRM0C_-5_110H_NOVCRNUB,,,,,via chain -- out of scope,15,2,5,90,,,"4:10,-1:r0[1]",,4;6,5,
VIA_CHAIN-x-162,,VIA_CHAIN,,VCR_MV_TCN/M0B_12/32_17/9_12X44_VCRM0C_-7_110H_NOVCRNUB,1,x81zs_iso03_vcr1,ch110,VCR_MV_TCN/M0B_12/32_17/9_12X44_VCRM0C_-7_110H_NOVCRNUB,,,,,via chain -- out of scope,15,2,5,90,,,"4:10,-1:r0[1]",,4;6,5,
VIA_CHAIN-x-163,,VIA_CHAIN,,VCR_MV_TCN/M0B_12/32_17/9_12X44_VCRM0C_-9_110H_NOVCRNUB,1,x81zs_iso03_vcr1,ch110,VCR_MV_TCN/M0B_12/32_17/9_12X44_VCRM0C_-9_110H_NOVCRNUB,,,,,via chain -- out of scope,15,2,5,90,,,"4:10,-1:r0[1]",,4;6,5,
VIA_CHAIN-x-164,,VIA_CHAIN,,VCR_MV_TCN/M0B_12/32_17/9_12X44_VCRM0C_-11_110H_NOVCRNUB,1,x81zs_iso03_vcr1,ch110,VCR_MV_TCN/M0B_12/32_17/9_12X44_VCRM0C_-11_110H_NOVCRNUB,,,,,via chain -- out of scope,15,2,5,90,,,"4:10,-1:r0[1]",,4;6,5,
VIA_CHAIN-x-165,,VIA_CHAIN,,VCR_MV_TCN/M0B_12/32_17/9_12X44_VCRM0C_-12_110H_NOVCRNUB,1,x81zs_iso03_vcr1,ch110,VCR_MV_TCN/M0B_12/32_17/9_12X44_VCRM0C_-12_110H_NOVCRNUB,,,,,via chain -- out of scope,15,2,5,90,,,"4:10,-1:r0[1]",,4;6,5,
VIA_CHAIN-x-166,,VIA_CHAIN,,VCR_MV_TCN/M0B_12/32_17/9_12X44_VCRM0C_-13_110H_NOVCRNUB,1,x81zs_iso03_vcr1,ch110,VCR_MV_TCN/M0B_12/32_17/9_12X44_VCRM0C_-13_110H_NOVCRNUB,,,,,via chain -- out of scope,15,2,5,90,,,"4:10,-1:r0[1]",,4;6,5,
VIA_CHAIN-x-167,,VIA_CHAIN,,VCR_MV_TCN/M0B_12/32_17/9_12X44_VCRM0C_-14_110H_NOVCRNUB,1,x81zs_iso03_vcr1,ch110,VCR_MV_TCN/M0B_12/32_17/9_12X44_VCRM0C_-14_110H_NOVCRNUB,,,,,via chain -- out of scope,15,2,5,90,,,"4:10,-1:r0[1]",,4;6,5,
VIA_CHAIN-x-168,,VIA_CHAIN,,VCR_MV_TCN/M0C_12/32_27/9_20.4X44_VCRM0B_0_132H,1,x81zs_iso03_vcr1,ch132,VCR_MV_TCN/M0C_12/32_27/9_20.4X44_VCRM0B_0_132H,,,,,via chain -- out of scope,15,2,5,90,,,"4:10,-1:r0[1]",,4;6,5,
VIA_CHAIN-x-169,,VIA_CHAIN,,VCR_MV_TCN/M0C_12/32_27/9_20.4X44_VCRM0B_3_132H,1,x81zs_iso03_vcr1,ch132,VCR_MV_TCN/M0C_12/32_27/9_20.4X44_VCRM0B_3_132H,,,,,via chain -- out of scope,15,2,5,90,,,"4:10,-1:r0[1]",,4;6,5,
VIA_CHAIN-x-170,,VIA_CHAIN,,VCR_MV_TCN/M0C_12/32_27/9_20.4X44_VCRM0B_5_132H,1,x81zs_iso03_vcr1,ch132,VCR_MV_TCN/M0C_12/32_27/9_20.4X44_VCRM0B_5_132H,,,,,via chain -- out of scope,15,2,5,90,,,"4:10,-1:r0[1]",,4;6,5,
VIA_CHAIN-x-171,,VIA_CHAIN,,VCR_MV_TCN/M0C_12/32_27/9_20.4X44_VCRM0B_7_132H,1,x81zs_iso03_vcr1,ch132,VCR_MV_TCN/M0C_12/32_27/9_20.4X44_VCRM0B_7_132H,,,,,via chain -- out of scope,15,2,5,90,,,"4:10,-1:r0[1]",,4;6,5,
VIA_CHAIN-x-172,,VIA_CHAIN,,VCR_MV_TCN/M0C_12/32_27/9_20.4X44_VCRM0B_9_132H,1,x81zs_iso03_vcr1,ch132,VCR_MV_TCN/M0C_12/32_27/9_20.4X44_VCRM0B_9_132H,,,,,via chain -- out of scope,15,2,5,90,,,"4:10,-1:r0[1]",,4;6,5,
VIA_CHAIN-x-173,,VIA_CHAIN,,VCR_MV_TCN/M0C_12/32_27/9_20.4X44_VCRM0B_11_132H,1,x81zs_iso03_vcr1,ch132,VCR_MV_TCN/M0C_12/32_27/9_20.4X44_VCRM0B_11_132H,,,,,via chain -- out of scope,15,2,5,90,,,"4:10,-1:r0[1]",,4;6,5,
VIA_CHAIN-x-174,,VIA_CHAIN,,VCR_MV_TCN/M0C_12/32_27/9_20.4X44_VCRM0B_12_132H,1,x81zs_iso03_vcr1,ch132,VCR_MV_TCN/M0C_12/32_27/9_20.4X44_VCRM0B_12_132H,,,,,via chain -- out of scope,15,2,5,90,,,"4:10,-1:r0[1]",,4;6,5,
VIA_CHAIN-x-175,,VIA_CHAIN,,VCR_MV_TCN/M0C_12/32_27/9_20.4X44_VCRM0B_13_132H,1,x81zs_iso03_vcr1,ch132,VCR_MV_TCN/M0C_12/32_27/9_20.4X44_VCRM0B_13_132H,,,,,via chain -- out of scope,15,2,5,90,,,"4:10,-1:r0[1]",,4;6,5,
VIA_CHAIN-x-176,,VIA_CHAIN,,VCR_MV_TCN/M0C_12/32_27/9_20.4X44_VCRM0B_14_132H,1,x81zs_iso03_vcr1,ch132,VCR_MV_TCN/M0C_12/32_27/9_20.4X44_VCRM0B_14_132H,,,,,via chain -- out of scope,15,2,5,90,,,"4:10,-1:r0[1]",,4;6,5,
VIA_CHAIN-x-177,,VIA_CHAIN,,VCR_MV_TCN/M0C_12/32_27/9_20.4X44_VCRM0B_-3_132H,1,x81zs_iso03_vcr1,ch132,VCR_MV_TCN/M0C_12/32_27/9_20.4X44_VCRM0B_-3_132H,,,,,via chain -- out of scope,15,2,5,90,,,"4:10,-1:r0[1]",,4;6,5,
VIA_CHAIN-x-178,,VIA_CHAIN,,VCR_MV_TCN/M0C_12/32_27/9_20.4X44_VCRM0B_-5_132H,1,x81zs_iso03_vcr1,ch132,VCR_MV_TCN/M0C_12/32_27/9_20.4X44_VCRM0B_-5_132H,,,,,via chain -- out of scope,15,2,5,90,,,"4:10,-1:r0[1]",,4;6,5,
VIA_CHAIN-x-179,,VIA_CHAIN,,VCR_MV_TCN/M0C_12/32_27/9_20.4X44_VCRM0B_-7_132H,1,x81zs_iso03_vcr1,ch132,VCR_MV_TCN/M0C_12/32_27/9_20.4X44_VCRM0B_-7_132H,,,,,via chain -- out of scope,15,2,5,90,,,"4:10,-1:r0[1]",,4;6,5,
VIA_CHAIN-x-180,,VIA_CHAIN,,VCR_MV_TCN/M0C_12/32_27/9_20.4X44_VCRM0B_-9_132H,1,x81zs_iso03_vcr1,ch132,VCR_MV_TCN/M0C_12/32_27/9_20.4X44_VCRM0B_-9_132H,,,,,via chain -- out of scope,15,2,5,90,,,"4:10,-1:r0[1]",,4;6,5,
VIA_CHAIN-x-181,,VIA_CHAIN,,VCR_MV_TCN/M0C_12/32_27/9_20.4X44_VCRM0B_-11_132H,1,x81zs_iso03_vcr1,ch132,VCR_MV_TCN/M0C_12/32_27/9_20.4X44_VCRM0B_-11_132H,,,,,via chain -- out of scope,15,2,5,90,,,"4:10,-1:r0[1]",,4;6,5,
VIA_CHAIN-x-182,,VIA_CHAIN,,VCR_MV_TCN/M0C_12/32_27/9_20.4X44_VCRM0B_-12_132H,1,x81zs_iso03_vcr1,ch132,VCR_MV_TCN/M0C_12/32_27/9_20.4X44_VCRM0B_-12_132H,,,,,via chain -- out of scope,15,2,5,90,,,"4:10,-1:r0[1]",,4;6,5,
VIA_CHAIN-x-183,,VIA_CHAIN,,VCR_MV_TCN/M0C_12/32_27/9_20.4X44_VCRM0B_-13_132H,1,x81zs_iso03_vcr1,ch132,VCR_MV_TCN/M0C_12/32_27/9_20.4X44_VCRM0B_-13_132H,,,,,via chain -- out of scope,15,2,5,90,,,"4:10,-1:r0[1]",,4;6,5,
VIA_CHAIN-x-184,,VIA_CHAIN,,VCR_MV_TCN/M0C_12/32_27/9_20.4X44_VCRM0B_-14_132H,1,x81zs_iso03_vcr1,ch132,VCR_MV_TCN/M0C_12/32_27/9_20.4X44_VCRM0B_-14_132H,,,,,via chain -- out of scope,15,2,5,90,,,"4:10,-1:r0[1]",,4;6,5,
VIA_CHAIN-x-185,,VIA_CHAIN,,VCR_MV_TCN/M0C_12/32_27/9_26.8X44_VCRM0B_0_132H,1,x81zs_iso03_vcr1,ch132,VCR_MV_TCN/M0C_12/32_27/9_26.8X44_VCRM0B_0_132H,,,,,via chain -- out of scope,15,2,5,90,,,"4:10,-1:r0[1]",,4;6,5,
VIA_CHAIN-x-186,,VIA_CHAIN,,VCR_MV_TCN/M0C_12/32_27/9_26.8X44_VCRM0B_3_132H,1,x81zs_iso03_vcr1,ch132,VCR_MV_TCN/M0C_12/32_27/9_26.8X44_VCRM0B_3_132H,,,,,via chain -- out of scope,15,2,5,90,,,"4:10,-1:r0[1]",,4;6,5,
VIA_CHAIN-x-187,,VIA_CHAIN,,VCR_MV_TCN/M0C_12/32_27/9_26.8X44_VCRM0B_5_132H,1,x81zs_iso03_vcr1,ch132,VCR_MV_TCN/M0C_12/32_27/9_26.8X44_VCRM0B_5_132H,,,,,via chain -- out of scope,15,2,5,90,,,"4:10,-1:r0[1]",,4;6,5,
VIA_CHAIN-x-188,,VIA_CHAIN,,VCR_MV_TCN/M0C_12/32_27/9_26.8X44_VCRM0B_7_132H,1,x81zs_iso03_vcr1,ch132,VCR_MV_TCN/M0C_12/32_27/9_26.8X44_VCRM0B_7_132H,,,,,via chain -- out of scope,15,2,5,90,,,"4:10,-1:r0[1]",,4;6,5,
VIA_CHAIN-x-189,,VIA_CHAIN,,VCR_MV_TCN/M0C_12/32_27/9_26.8X44_VCRM0B_9_132H,1,x81zs_iso03_vcr1,ch132,VCR_MV_TCN/M0C_12/32_27/9_26.8X44_VCRM0B_9_132H,,,,,via chain -- out of scope,15,2,5,90,,,"4:10,-1:r0[1]",,4;6,5,
VIA_CHAIN-x-190,,VIA_CHAIN,,VCR_MV_TCN/M0C_12/32_27/9_26.8X44_VCRM0B_11_132H,1,x81zs_iso03_vcr1,ch132,VCR_MV_TCN/M0C_12/32_27/9_26.8X44_VCRM0B_11_132H,,,,,via chain -- out of scope,15,2,5,90,,,"4:10,-1:r0[1]",,4;6,5,
VIA_CHAIN-x-191,,VIA_CHAIN,,VCR_MV_TCN/M0C_12/32_27/9_26.8X44_VCRM0B_12_132H,1,x81zs_iso03_vcr1,ch132,VCR_MV_TCN/M0C_12/32_27/9_26.8X44_VCRM0B_12_132H,,,,,via chain -- out of scope,15,2,5,90,,,"4:10,-1:r0[1]",,4;6,5,
VIA_CHAIN-x-192,,VIA_CHAIN,,VCR_MV_TCN/M0C_12/32_27/9_26.8X44_VCRM0B_13_132H,1,x81zs_iso03_vcr1,ch132,VCR_MV_TCN/M0C_12/32_27/9_26.8X44_VCRM0B_13_132H,,,,,via chain -- out of scope,15,2,5,90,,,"4:10,-1:r0[1]",,4;6,5,
VIA_CHAIN-x-193,,VIA_CHAIN,,VCR_MV_TCN/M0C_12/32_27/9_26.8X44_VCRM0B_14_132H,1,x81zs_iso03_vcr1,ch132,VCR_MV_TCN/M0C_12/32_27/9_26.8X44_VCRM0B_14_132H,,,,,via chain -- out of scope,15,2,5,90,,,"4:10,-1:r0[1]",,4;6,5,
VIA_CHAIN-x-194,,VIA_CHAIN,,VCR_MV_TCN/M0C_12/32_27/9_26.8X44_VCRM0B_-3_132H,1,x81zs_iso03_vcr1,ch132,VCR_MV_TCN/M0C_12/32_27/9_26.8X44_VCRM0B_-3_132H,,,,,via chain -- out of scope,15,2,5,90,,,"4:10,-1:r0[1]",,4;6,5,
VIA_CHAIN-x-195,,VIA_CHAIN,,VCR_MV_TCN/M0C_12/32_27/9_26.8X44_VCRM0B_-5_132H,1,x81zs_iso03_vcr1,ch132,VCR_MV_TCN/M0C_12/32_27/9_26.8X44_VCRM0B_-5_132H,,,,,via chain -- out of scope,15,2,5,90,,,"4:10,-1:r0[1]",,4;6,5,
VIA_CHAIN-x-196,,VIA_CHAIN,,VCR_MV_TCN/M0C_12/32_27/9_26.8X44_VCRM0B_-7_132H,1,x81zs_iso03_vcr1,ch132,VCR_MV_TCN/M0C_12/32_27/9_26.8X44_VCRM0B_-7_132H,,,,,via chain -- out of scope,15,2,5,90,,,"4:10,-1:r0[1]",,4;6,5,
VIA_CHAIN-x-197,,VIA_CHAIN,,VCR_MV_TCN/M0C_12/32_27/9_26.8X44_VCRM0B_-9_132H,1,x81zs_iso03_vcr1,ch132,VCR_MV_TCN/M0C_12/32_27/9_26.8X44_VCRM0B_-9_132H,,,,,via chain -- out of scope,15,2,5,90,,,"4:10,-1:r0[1]",,4;6,5,
VIA_CHAIN-x-198,,VIA_CHAIN,,VCR_MV_TCN/M0C_12/32_27/9_26.8X44_VCRM0B_-11_132H,1,x81zs_iso03_vcr1,ch132,VCR_MV_TCN/M0C_12/32_27/9_26.8X44_VCRM0B_-11_132H,,,,,via chain -- out of scope,15,2,5,90,,,"4:10,-1:r0[1]",,4;6,5,
VIA_CHAIN-x-199,,VIA_CHAIN,,VCR_MV_TCN/M0C_12/32_27/9_26.8X44_VCRM0B_-12_132H,1,x81zs_iso03_vcr1,ch132,VCR_MV_TCN/M0C_12/32_27/9_26.8X44_VCRM0B_-12_132H,,,,,via chain -- out of scope,15,2,5,90,,,"4:10,-1:r0[1]",,4;6,5,
VIA_CHAIN-x-200,,VIA_CHAIN,,VCR_MV_TCN/M0C_12/32_27/9_26.8X44_VCRM0B_-13_132H,1,x81zs_iso03_vcr1,ch132,VCR_MV_TCN/M0C_12/32_27/9_26.8X44_VCRM0B_-13_132H,,,,,via chain -- out of scope,15,2,5,90,,,"4:10,-1:r0[1]",,4;6,5,
VIA_CHAIN-x-201,,VIA_CHAIN,,VCR_MV_TCN/M0C_12/32_27/9_26.8X44_VCRM0B_-14_132H,1,x81zs_iso03_vcr1,ch132,VCR_MV_TCN/M0C_12/32_27/9_26.8X44_VCRM0B_-14_132H,,,,,via chain -- out of scope,15,2,5,90,,,"4:10,-1:r0[1]",,4;6,5,
VIA_CHAIN-x-202,,VIA_CHAIN,,VCR_MV_TCN/M0C_12/32_27/9_30.4X44_VCRM0B_0_132H,1,x81zs_iso03_vcr1,ch132,VCR_MV_TCN/M0C_12/32_27/9_30.4X44_VCRM0B_0_132H,,,,,via chain -- out of scope,15,2,5,90,,,"4:10,-1:r0[1]",,4;6,5,
VIA_CHAIN-x-203,,VIA_CHAIN,,VCR_MV_TCN/M0C_12/32_27/9_30.4X44_VCRM0B_3_132H,1,x81zs_iso03_vcr1,ch132,VCR_MV_TCN/M0C_12/32_27/9_30.4X44_VCRM0B_3_132H,,,,,via chain -- out of scope,15,2,5,90,,,"4:10,-1:r0[1]",,4;6,5,
VIA_CHAIN-x-204,,VIA_CHAIN,,VCR_MV_TCN/M0C_12/32_27/9_30.4X44_VCRM0B_5_132H,1,x81zs_iso03_vcr1,ch132,VCR_MV_TCN/M0C_12/32_27/9_30.4X44_VCRM0B_5_132H,,,,,via chain -- out of scope,15,2,5,90,,,"4:10,-1:r0[1]",,4;6,5,
VIA_CHAIN-x-205,,VIA_CHAIN,,VCR_MV_TCN/M0C_12/32_27/9_30.4X44_VCRM0B_7_132H,1,x81zs_iso03_vcr1,ch132,VCR_MV_TCN/M0C_12/32_27/9_30.4X44_VCRM0B_7_132H,,,,,via chain -- out of scope,15,2,5,90,,,"4:10,-1:r0[1]",,4;6,5,
VIA_CHAIN-x-206,,VIA_CHAIN,,VCR_MV_TCN/M0C_12/32_27/9_30.4X44_VCRM0B_9_132H,1,x81zs_iso03_vcr1,ch132,VCR_MV_TCN/M0C_12/32_27/9_30.4X44_VCRM0B_9_132H,,,,,via chain -- out of scope,15,2,5,90,,,"4:10,-1:r0[1]",,4;6,5,
VIA_CHAIN-x-207,,VIA_CHAIN,,VCR_MV_TCN/M0C_12/32_27/9_30.4X44_VCRM0B_11_132H,1,x81zs_iso03_vcr1,ch132,VCR_MV_TCN/M0C_12/32_27/9_30.4X44_VCRM0B_11_132H,,,,,via chain -- out of scope,15,2,5,90,,,"4:10,-1:r0[1]",,4;6,5,
VIA_CHAIN-x-208,,VIA_CHAIN,,VCR_MV_TCN/M0C_12/32_27/9_30.4X44_VCRM0B_12_132H,1,x81zs_iso03_vcr1,ch132,VCR_MV_TCN/M0C_12/32_27/9_30.4X44_VCRM0B_12_132H,,,,,via chain -- out of scope,15,2,5,90,,,"4:10,-1:r0[1]",,4;6,5,
VIA_CHAIN-x-209,,VIA_CHAIN,,VCR_MV_TCN/M0C_12/32_27/9_30.4X44_VCRM0B_13_132H,1,x81zs_iso03_vcr1,ch132,VCR_MV_TCN/M0C_12/32_27/9_30.4X44_VCRM0B_13_132H,,,,,via chain -- out of scope,15,2,5,90,,,"4:10,-1:r0[1]",,4;6,5,
VIA_CHAIN-x-210,,VIA_CHAIN,,VCR_MV_TCN/M0C_12/32_27/9_30.4X44_VCRM0B_14_132H,1,x81zs_iso03_vcr1,ch132,VCR_MV_TCN/M0C_12/32_27/9_30.4X44_VCRM0B_14_132H,,,,,via chain -- out of scope,15,2,5,90,,,"4:10,-1:r0[1]",,4;6,5,
VIA_CHAIN-x-211,,VIA_CHAIN,,VCR_MV_TCN/M0C_12/32_27/9_30.4X44_VCRM0B_-3_132H,1,x81zs_iso03_vcr1,ch132,VCR_MV_TCN/M0C_12/32_27/9_30.4X44_VCRM0B_-3_132H,,,,,via chain -- out of scope,15,2,5,90,,,"4:10,-1:r0[1]",,4;6,5,
VIA_CHAIN-x-212,,VIA_CHAIN,,VCR_MV_TCN/M0C_12/32_27/9_30.4X44_VCRM0B_-5_132H,1,x81zs_iso03_vcr1,ch132,VCR_MV_TCN/M0C_12/32_27/9_30.4X44_VCRM0B_-5_132H,,,,,via chain -- out of scope,15,2,5,90,,,"4:10,-1:r0[1]",,4;6,5,
VIA_CHAIN-x-213,,VIA_CHAIN,,VCR_MV_TCN/M0C_12/32_27/9_30.4X44_VCRM0B_-7_132H,1,x81zs_iso03_vcr1,ch132,VCR_MV_TCN/M0C_12/32_27/9_30.4X44_VCRM0B_-7_132H,,,,,via chain -- out of scope,15,2,5,90,,,"4:10,-1:r0[1]",,4;6,5,
VIA_CHAIN-x-214,,VIA_CHAIN,,VCR_MV_TCN/M0C_12/32_27/9_30.4X44_VCRM0B_-9_132H,1,x81zs_iso03_vcr1,ch132,VCR_MV_TCN/M0C_12/32_27/9_30.4X44_VCRM0B_-9_132H,,,,,via chain -- out of scope,15,2,5,90,,,"4:10,-1:r0[1]",,4;6,5,
VIA_CHAIN-x-215,,VIA_CHAIN,,VCR_MV_TCN/M0C_12/32_27/9_30.4X44_VCRM0B_-11_132H,1,x81zs_iso03_vcr1,ch132,VCR_MV_TCN/M0C_12/32_27/9_30.4X44_VCRM0B_-11_132H,,,,,via chain -- out of scope,15,2,5,90,,,"4:10,-1:r0[1]",,4;6,5,
VIA_CHAIN-x-216,,VIA_CHAIN,,VCR_MV_TCN/M0C_12/32_27/9_30.4X44_VCRM0B_-12_132H,1,x81zs_iso03_vcr1,ch132,VCR_MV_TCN/M0C_12/32_27/9_30.4X44_VCRM0B_-12_132H,,,,,via chain -- out of scope,15,2,5,90,,,"4:10,-1:r0[1]",,4;6,5,
VIA_CHAIN-x-217,,VIA_CHAIN,,VCR_MV_TCN/M0C_12/32_27/9_30.4X44_VCRM0B_-13_132H,1,x81zs_iso03_vcr1,ch132,VCR_MV_TCN/M0C_12/32_27/9_30.4X44_VCRM0B_-13_132H,,,,,via chain -- out of scope,15,2,5,90,,,"4:10,-1:r0[1]",,4;6,5,
VIA_CHAIN-x-218,,VIA_CHAIN,,VCR_MV_TCN/M0C_12/32_27/9_30.4X44_VCRM0B_-14_132H,1,x81zs_iso03_vcr1,ch132,VCR_MV_TCN/M0C_12/32_27/9_30.4X44_VCRM0B_-14_132H,,,,,via chain -- out of scope,15,2,5,90,,,"4:10,-1:r0[1]",,4;6,5,
VIA_CHAIN-x-219,,VIA_CHAIN,,VCR_MV_TCN/M0B_12/32_27/9_20.4X44_VCRM0C_0_132H,1,x81zs_iso03_vcr1,ch132,VCR_MV_TCN/M0B_12/32_27/9_20.4X44_VCRM0C_0_132H,,,,,via chain -- out of scope,15,2,5,90,,,"4:10,-1:r0[1]",,4;6,5,
VIA_CHAIN-x-220,,VIA_CHAIN,,VCR_MV_TCN/M0B_12/32_27/9_20.4X44_VCRM0C_3_132H,1,x81zs_iso03_vcr1,ch132,VCR_MV_TCN/M0B_12/32_27/9_20.4X44_VCRM0C_3_132H,,,,,via chain -- out of scope,15,2,5,90,,,"4:10,-1:r0[1]",,4;6,5,
VIA_CHAIN-x-221,,VIA_CHAIN,,VCR_MV_TCN/M0B_12/32_27/9_20.4X44_VCRM0C_5_132H,1,x81zs_iso04_vcr1,ch132,VCR_MV_TCN/M0B_12/32_27/9_20.4X44_VCRM0C_5_132H,,,,,via chain -- out of scope,15,2,5,90,,,"4:10,-1:r0[1]",,4;6,5,
VIA_CHAIN-x-222,,VIA_CHAIN,,VCR_MV_TCN/M0B_12/32_27/9_20.4X44_VCRM0C_7_132H,1,x81zs_iso04_vcr1,ch132,VCR_MV_TCN/M0B_12/32_27/9_20.4X44_VCRM0C_7_132H,,,,,via chain -- out of scope,15,2,5,90,,,"4:10,-1:r0[1]",,4;6,5,
VIA_CHAIN-x-223,,VIA_CHAIN,,VCR_MV_TCN/M0B_12/32_27/9_20.4X44_VCRM0C_9_132H,1,x81zs_iso04_vcr1,ch132,VCR_MV_TCN/M0B_12/32_27/9_20.4X44_VCRM0C_9_132H,,,,,via chain -- out of scope,15,2,5,90,,,"4:10,-1:r0[1]",,4;6,5,
VIA_CHAIN-x-224,,VIA_CHAIN,,VCR_MV_TCN/M0B_12/32_27/9_20.4X44_VCRM0C_11_132H,1,x81zs_iso04_vcr1,ch132,VCR_MV_TCN/M0B_12/32_27/9_20.4X44_VCRM0C_11_132H,,,,,via chain -- out of scope,15,2,5,90,,,"4:10,-1:r0[1]",,4;6,5,
VIA_CHAIN-x-225,,VIA_CHAIN,,VCR_MV_TCN/M0B_12/32_27/9_20.4X44_VCRM0C_12_132H,1,x81zs_iso04_vcr1,ch132,VCR_MV_TCN/M0B_12/32_27/9_20.4X44_VCRM0C_12_132H,,,,,via chain -- out of scope,15,2,5,90,,,"4:10,-1:r0[1]",,4;6,5,
VIA_CHAIN-x-226,,VIA_CHAIN,,VCR_MV_TCN/M0B_12/32_27/9_20.4X44_VCRM0C_13_132H,1,x81zs_iso04_vcr1,ch132,VCR_MV_TCN/M0B_12/32_27/9_20.4X44_VCRM0C_13_132H,,,,,via chain -- out of scope,15,2,5,90,,,"4:10,-1:r0[1]",,4;6,5,
VIA_CHAIN-x-227,,VIA_CHAIN,,VCR_MV_TCN/M0B_12/32_27/9_20.4X44_VCRM0C_14_132H,1,x81zs_iso04_vcr1,ch132,VCR_MV_TCN/M0B_12/32_27/9_20.4X44_VCRM0C_14_132H,,,,,via chain -- out of scope,15,2,5,90,,,"4:10,-1:r0[1]",,4;6,5,
VIA_CHAIN-x-228,,VIA_CHAIN,,VCR_MV_TCN/M0B_12/32_27/9_20.4X44_VCRM0C_-3_132H,1,x81zs_iso04_vcr1,ch132,VCR_MV_TCN/M0B_12/32_27/9_20.4X44_VCRM0C_-3_132H,,,,,via chain -- out of scope,15,2,5,90,,,"4:10,-1:r0[1]",,4;6,5,
VIA_CHAIN-x-229,,VIA_CHAIN,,VCR_MV_TCN/M0B_12/32_27/9_20.4X44_VCRM0C_-5_132H,1,x81zs_iso04_vcr1,ch132,VCR_MV_TCN/M0B_12/32_27/9_20.4X44_VCRM0C_-5_132H,,,,,via chain -- out of scope,15,2,5,90,,,"4:10,-1:r0[1]",,4;6,5,
VIA_CHAIN-x-230,,VIA_CHAIN,,VCR_MV_TCN/M0B_12/32_27/9_20.4X44_VCRM0C_-7_132H,1,x81zs_iso04_vcr1,ch132,VCR_MV_TCN/M0B_12/32_27/9_20.4X44_VCRM0C_-7_132H,,,,,via chain -- out of scope,15,2,5,90,,,"4:10,-1:r0[1]",,4;6,5,
VIA_CHAIN-x-231,,VIA_CHAIN,,VCR_MV_TCN/M0B_12/32_27/9_20.4X44_VCRM0C_-9_132H,1,x81zs_iso04_vcr1,ch132,VCR_MV_TCN/M0B_12/32_27/9_20.4X44_VCRM0C_-9_132H,,,,,via chain -- out of scope,15,2,5,90,,,"4:10,-1:r0[1]",,4;6,5,
VIA_CHAIN-x-232,,VIA_CHAIN,,VCR_MV_TCN/M0B_12/32_27/9_20.4X44_VCRM0C_-11_132H,1,x81zs_iso04_vcr1,ch132,VCR_MV_TCN/M0B_12/32_27/9_20.4X44_VCRM0C_-11_132H,,,,,via chain -- out of scope,15,2,5,90,,,"4:10,-1:r0[1]",,4;6,5,
VIA_CHAIN-x-233,,VIA_CHAIN,,VCR_MV_TCN/M0B_12/32_27/9_20.4X44_VCRM0C_-12_132H,1,x81zs_iso04_vcr1,ch132,VCR_MV_TCN/M0B_12/32_27/9_20.4X44_VCRM0C_-12_132H,,,,,via chain -- out of scope,15,2,5,90,,,"4:10,-1:r0[1]",,4;6,5,
VIA_CHAIN-x-234,,VIA_CHAIN,,VCR_MV_TCN/M0B_12/32_27/9_20.4X44_VCRM0C_-13_132H,1,x81zs_iso04_vcr1,ch132,VCR_MV_TCN/M0B_12/32_27/9_20.4X44_VCRM0C_-13_132H,,,,,via chain -- out of scope,15,2,5,90,,,"4:10,-1:r0[1]",,4;6,5,
VIA_CHAIN-x-235,,VIA_CHAIN,,VCR_MV_TCN/M0B_12/32_27/9_20.4X44_VCRM0C_-14_132H,1,x81zs_iso04_vcr1,ch132,VCR_MV_TCN/M0B_12/32_27/9_20.4X44_VCRM0C_-14_132H,,,,,via chain -- out of scope,15,2,5,90,,,"4:10,-1:r0[1]",,4;6,5,
VIA_CHAIN-x-236,,VIA_CHAIN,,VCR_MV_TCN/M0B_12/32_27/9_26.8X44_VCRM0C_0_132H,1,x81zs_iso04_vcr1,ch132,VCR_MV_TCN/M0B_12/32_27/9_26.8X44_VCRM0C_0_132H,,,,,via chain -- out of scope,15,2,5,90,,,"4:10,-1:r0[1]",,4;6,5,
VIA_CHAIN-x-237,,VIA_CHAIN,,VCR_MV_TCN/M0B_12/32_27/9_26.8X44_VCRM0C_3_132H,1,x81zs_iso04_vcr1,ch132,VCR_MV_TCN/M0B_12/32_27/9_26.8X44_VCRM0C_3_132H,,,,,via chain -- out of scope,15,2,5,90,,,"4:10,-1:r0[1]",,4;6,5,
VIA_CHAIN-x-238,,VIA_CHAIN,,VCR_MV_TCN/M0B_12/32_27/9_26.8X44_VCRM0C_5_132H,1,x81zs_iso04_vcr1,ch132,VCR_MV_TCN/M0B_12/32_27/9_26.8X44_VCRM0C_5_132H,,,,,via chain -- out of scope,15,2,5,90,,,"4:10,-1:r0[1]",,4;6,5,
VIA_CHAIN-x-239,,VIA_CHAIN,,VCR_MV_TCN/M0B_12/32_27/9_26.8X44_VCRM0C_7_132H,1,x81zs_iso04_vcr1,ch132,VCR_MV_TCN/M0B_12/32_27/9_26.8X44_VCRM0C_7_132H,,,,,via chain -- out of scope,15,2,5,90,,,"4:10,-1:r0[1]",,4;6,5,
VIA_CHAIN-x-240,,VIA_CHAIN,,VCR_MV_TCN/M0B_12/32_27/9_26.8X44_VCRM0C_9_132H,1,x81zs_iso04_vcr1,ch132,VCR_MV_TCN/M0B_12/32_27/9_26.8X44_VCRM0C_9_132H,,,,,via chain -- out of scope,15,2,5,90,,,"4:10,-1:r0[1]",,4;6,5,
VIA_CHAIN-x-241,,VIA_CHAIN,,VCR_MV_TCN/M0B_12/32_27/9_26.8X44_VCRM0C_11_132H,1,x81zs_iso04_vcr1,ch132,VCR_MV_TCN/M0B_12/32_27/9_26.8X44_VCRM0C_11_132H,,,,,via chain -- out of scope,15,2,5,90,,,"4:10,-1:r0[1]",,4;6,5,
VIA_CHAIN-x-242,,VIA_CHAIN,,VCR_MV_TCN/M0B_12/32_27/9_26.8X44_VCRM0C_12_132H,1,x81zs_iso04_vcr1,ch132,VCR_MV_TCN/M0B_12/32_27/9_26.8X44_VCRM0C_12_132H,,,,,via chain -- out of scope,15,2,5,90,,,"4:10,-1:r0[1]",,4;6,5,
VIA_CHAIN-x-243,,VIA_CHAIN,,VCR_MV_TCN/M0B_12/32_27/9_26.8X44_VCRM0C_13_132H,1,x81zs_iso04_vcr1,ch132,VCR_MV_TCN/M0B_12/32_27/9_26.8X44_VCRM0C_13_132H,,,,,via chain -- out of scope,15,2,5,90,,,"4:10,-1:r0[1]",,4;6,5,
VIA_CHAIN-x-244,,VIA_CHAIN,,VCR_MV_TCN/M0B_12/32_27/9_26.8X44_VCRM0C_14_132H,1,x81zs_iso04_vcr1,ch132,VCR_MV_TCN/M0B_12/32_27/9_26.8X44_VCRM0C_14_132H,,,,,via chain -- out of scope,15,2,5,90,,,"4:10,-1:r0[1]",,4;6,5,
VIA_CHAIN-x-245,,VIA_CHAIN,,VCR_MV_TCN/M0B_12/32_27/9_26.8X44_VCRM0C_-3_132H,1,x81zs_iso04_vcr1,ch132,VCR_MV_TCN/M0B_12/32_27/9_26.8X44_VCRM0C_-3_132H,,,,,via chain -- out of scope,15,2,5,90,,,"4:10,-1:r0[1]",,4;6,5,
VIA_CHAIN-x-246,,VIA_CHAIN,,VCR_MV_TCN/M0B_12/32_27/9_26.8X44_VCRM0C_-5_132H,1,x81zs_iso04_vcr1,ch132,VCR_MV_TCN/M0B_12/32_27/9_26.8X44_VCRM0C_-5_132H,,,,,via chain -- out of scope,15,2,5,90,,,"4:10,-1:r0[1]",,4;6,5,
VIA_CHAIN-x-247,,VIA_CHAIN,,VCR_MV_TCN/M0B_12/32_27/9_26.8X44_VCRM0C_-7_132H,1,x81zs_iso04_vcr1,ch132,VCR_MV_TCN/M0B_12/32_27/9_26.8X44_VCRM0C_-7_132H,,,,,via chain -- out of scope,15,2,5,90,,,"4:10,-1:r0[1]",,4;6,5,
VIA_CHAIN-x-248,,VIA_CHAIN,,VCR_MV_TCN/M0B_12/32_27/9_26.8X44_VCRM0C_-9_132H,1,x81zs_iso04_vcr1,ch132,VCR_MV_TCN/M0B_12/32_27/9_26.8X44_VCRM0C_-9_132H,,,,,via chain -- out of scope,15,2,5,90,,,"4:10,-1:r0[1]",,4;6,5,
VIA_CHAIN-x-249,,VIA_CHAIN,,VCR_MV_TCN/M0B_12/32_27/9_26.8X44_VCRM0C_-11_132H,1,x81zs_iso04_vcr1,ch132,VCR_MV_TCN/M0B_12/32_27/9_26.8X44_VCRM0C_-11_132H,,,,,via chain -- out of scope,15,2,5,90,,,"4:10,-1:r0[1]",,4;6,5,
VIA_CHAIN-x-250,,VIA_CHAIN,,VCR_MV_TCN/M0B_12/32_27/9_26.8X44_VCRM0C_-12_132H,1,x81zs_iso04_vcr1,ch132,VCR_MV_TCN/M0B_12/32_27/9_26.8X44_VCRM0C_-12_132H,,,,,via chain -- out of scope,15,2,5,90,,,"4:10,-1:r0[1]",,4;6,5,
VIA_CHAIN-x-251,,VIA_CHAIN,,VCR_MV_TCN/M0B_12/32_27/9_26.8X44_VCRM0C_-13_132H,1,x81zs_iso04_vcr1,ch132,VCR_MV_TCN/M0B_12/32_27/9_26.8X44_VCRM0C_-13_132H,,,,,via chain -- out of scope,15,2,5,90,,,"4:10,-1:r0[1]",,4;6,5,
VIA_CHAIN-x-252,,VIA_CHAIN,,VCR_MV_TCN/M0B_12/32_27/9_26.8X44_VCRM0C_-14_132H,1,x81zs_iso04_vcr1,ch132,VCR_MV_TCN/M0B_12/32_27/9_26.8X44_VCRM0C_-14_132H,,,,,via chain -- out of scope,15,2,5,90,,,"4:10,-1:r0[1]",,4;6,5,
VIA_CHAIN-x-253,,VIA_CHAIN,,VCR_MV_TCN/M0B_12/32_27/9_30.4X44_VCRM0C_0_132H,1,x81zs_iso04_vcr1,ch132,VCR_MV_TCN/M0B_12/32_27/9_30.4X44_VCRM0C_0_132H,,,,,via chain -- out of scope,15,2,5,90,,,"4:10,-1:r0[1]",,4;6,5,
VIA_CHAIN-x-254,,VIA_CHAIN,,VCR_MV_TCN/M0B_12/32_27/9_30.4X44_VCRM0C_3_132H,1,x81zs_iso04_vcr1,ch132,VCR_MV_TCN/M0B_12/32_27/9_30.4X44_VCRM0C_3_132H,,,,,via chain -- out of scope,15,2,5,90,,,"4:10,-1:r0[1]",,4;6,5,
VIA_CHAIN-x-255,,VIA_CHAIN,,VCR_MV_TCN/M0B_12/32_27/9_30.4X44_VCRM0C_5_132H,1,x81zs_iso04_vcr1,ch132,VCR_MV_TCN/M0B_12/32_27/9_30.4X44_VCRM0C_5_132H,,,,,via chain -- out of scope,15,2,5,90,,,"4:10,-1:r0[1]",,4;6,5,
VIA_CHAIN-x-256,,VIA_CHAIN,,VCR_MV_TCN/M0B_12/32_27/9_30.4X44_VCRM0C_7_132H,1,x81zs_iso04_vcr1,ch132,VCR_MV_TCN/M0B_12/32_27/9_30.4X44_VCRM0C_7_132H,,,,,via chain -- out of scope,15,2,5,90,,,"4:10,-1:r0[1]",,4;6,5,
VIA_CHAIN-x-257,,VIA_CHAIN,,VCR_MV_TCN/M0B_12/32_27/9_30.4X44_VCRM0C_9_132H,1,x81zs_iso04_vcr1,ch132,VCR_MV_TCN/M0B_12/32_27/9_30.4X44_VCRM0C_9_132H,,,,,via chain -- out of scope,15,2,5,90,,,"4:10,-1:r0[1]",,4;6,5,
VIA_CHAIN-x-258,,VIA_CHAIN,,VCR_MV_TCN/M0B_12/32_27/9_30.4X44_VCRM0C_11_132H,1,x81zs_iso04_vcr1,ch132,VCR_MV_TCN/M0B_12/32_27/9_30.4X44_VCRM0C_11_132H,,,,,via chain -- out of scope,15,2,5,90,,,"4:10,-1:r0[1]",,4;6,5,
VIA_CHAIN-x-259,,VIA_CHAIN,,VCR_MV_TCN/M0B_12/32_27/9_30.4X44_VCRM0C_12_132H,1,x81zs_iso04_vcr1,ch132,VCR_MV_TCN/M0B_12/32_27/9_30.4X44_VCRM0C_12_132H,,,,,via chain -- out of scope,15,2,5,90,,,"4:10,-1:r0[1]",,4;6,5,
VIA_CHAIN-x-260,,VIA_CHAIN,,VCR_MV_TCN/M0B_12/32_27/9_30.4X44_VCRM0C_13_132H,1,x81zs_iso04_vcr1,ch132,VCR_MV_TCN/M0B_12/32_27/9_30.4X44_VCRM0C_13_132H,,,,,via chain -- out of scope,15,2,5,90,,,"4:10,-1:r0[1]",,4;6,5,
VIA_CHAIN-x-261,,VIA_CHAIN,,VCR_MV_TCN/M0B_12/32_27/9_30.4X44_VCRM0C_14_132H,1,x81zs_iso04_vcr1,ch132,VCR_MV_TCN/M0B_12/32_27/9_30.4X44_VCRM0C_14_132H,,,,,via chain -- out of scope,15,2,5,90,,,"4:10,-1:r0[1]",,4;6,5,
VIA_CHAIN-x-262,,VIA_CHAIN,,VCR_MV_TCN/M0B_12/32_27/9_30.4X44_VCRM0C_-3_132H,1,x81zs_iso04_vcr1,ch132,VCR_MV_TCN/M0B_12/32_27/9_30.4X44_VCRM0C_-3_132H,,,,,via chain -- out of scope,15,2,5,90,,,"4:10,-1:r0[1]",,4;6,5,
VIA_CHAIN-x-263,,VIA_CHAIN,,VCR_MV_TCN/M0B_12/32_27/9_30.4X44_VCRM0C_-5_132H,1,x81zs_iso04_vcr1,ch132,VCR_MV_TCN/M0B_12/32_27/9_30.4X44_VCRM0C_-5_132H,,,,,via chain -- out of scope,15,2,5,90,,,"4:10,-1:r0[1]",,4;6,5,
VIA_CHAIN-x-264,,VIA_CHAIN,,VCR_MV_TCN/M0B_12/32_27/9_30.4X44_VCRM0C_-7_132H,1,x81zs_iso04_vcr1,ch132,VCR_MV_TCN/M0B_12/32_27/9_30.4X44_VCRM0C_-7_132H,,,,,via chain -- out of scope,15,2,5,90,,,"4:10,-1:r0[1]",,4;6,5,
VIA_CHAIN-x-265,,VIA_CHAIN,,VCR_MV_TCN/M0B_12/32_27/9_30.4X44_VCRM0C_-9_132H,1,x81zs_iso04_vcr1,ch132,VCR_MV_TCN/M0B_12/32_27/9_30.4X44_VCRM0C_-9_132H,,,,,via chain -- out of scope,15,2,5,90,,,"4:10,-1:r0[1]",,4;6,5,
VIA_CHAIN-x-266,,VIA_CHAIN,,VCR_MV_TCN/M0B_12/32_27/9_30.4X44_VCRM0C_-11_132H,1,x81zs_iso04_vcr1,ch132,VCR_MV_TCN/M0B_12/32_27/9_30.4X44_VCRM0C_-11_132H,,,,,via chain -- out of scope,15,2,5,90,,,"4:10,-1:r0[1]",,4;6,5,
VIA_CHAIN-x-267,,VIA_CHAIN,,VCR_MV_TCN/M0B_12/32_27/9_30.4X44_VCRM0C_-12_132H,1,x81zs_iso04_vcr1,ch132,VCR_MV_TCN/M0B_12/32_27/9_30.4X44_VCRM0C_-12_132H,,,,,via chain -- out of scope,15,2,5,90,,,"4:10,-1:r0[1]",,4;6,5,
VIA_CHAIN-x-268,,VIA_CHAIN,,VCR_MV_TCN/M0B_12/32_27/9_30.4X44_VCRM0C_-13_132H,1,x81zs_iso04_vcr1,ch132,VCR_MV_TCN/M0B_12/32_27/9_30.4X44_VCRM0C_-13_132H,,,,,via chain -- out of scope,15,2,5,90,,,"4:10,-1:r0[1]",,4;6,5,
VIA_CHAIN-x-269,,VIA_CHAIN,,VCR_MV_TCN/M0B_12/32_27/9_30.4X44_VCRM0C_-14_132H,1,x81zs_iso04_vcr1,ch132,VCR_MV_TCN/M0B_12/32_27/9_30.4X44_VCRM0C_-14_132H,,,,,via chain -- out of scope,15,2,5,90,,,"4:10,-1:r0[1]",,4;6,5,
VIA_CHAIN-x-270,,VIA_CHAIN,,VCR_MV_TCN/M0C_12/32_37/9_26.8X44_VCRM0B_0_165H,1,x81zs_iso04_vcr1,ch165,VCR_MV_TCN/M0C_12/32_37/9_26.8X44_VCRM0B_0_165H,,,,,via chain -- out of scope,15,2,5,90,,,"4:10,-1:r0[1]",,4;6,5,
VIA_CHAIN-x-271,,VIA_CHAIN,,VCR_MV_TCN/M0C_12/32_37/9_26.8X44_VCRM0B_3_165H,1,x81zs_iso04_vcr1,ch165,VCR_MV_TCN/M0C_12/32_37/9_26.8X44_VCRM0B_3_165H,,,,,via chain -- out of scope,15,2,5,90,,,"4:10,-1:r0[1]",,4;6,5,
VIA_CHAIN-x-272,,VIA_CHAIN,,VCR_MV_TCN/M0C_12/32_37/9_26.8X44_VCRM0B_5_165H,1,x81zs_iso04_vcr1,ch165,VCR_MV_TCN/M0C_12/32_37/9_26.8X44_VCRM0B_5_165H,,,,,via chain -- out of scope,15,2,5,90,,,"4:10,-1:r0[1]",,4;6,5,
VIA_CHAIN-x-273,,VIA_CHAIN,,VCR_MV_TCN/M0C_12/32_37/9_26.8X44_VCRM0B_7_165H,1,x81zs_iso04_vcr1,ch165,VCR_MV_TCN/M0C_12/32_37/9_26.8X44_VCRM0B_7_165H,,,,,via chain -- out of scope,15,2,5,90,,,"4:10,-1:r0[1]",,4;6,5,
VIA_CHAIN-x-274,,VIA_CHAIN,,VCR_MV_TCN/M0C_12/32_37/9_26.8X44_VCRM0B_9_165H,1,x81zs_iso04_vcr1,ch165,VCR_MV_TCN/M0C_12/32_37/9_26.8X44_VCRM0B_9_165H,,,,,via chain -- out of scope,15,2,5,90,,,"4:10,-1:r0[1]",,4;6,5,
VIA_CHAIN-x-275,,VIA_CHAIN,,VCR_MV_TCN/M0C_12/32_37/9_26.8X44_VCRM0B_11_165H,1,x81zs_iso04_vcr1,ch165,VCR_MV_TCN/M0C_12/32_37/9_26.8X44_VCRM0B_11_165H,,,,,via chain -- out of scope,15,2,5,90,,,"4:10,-1:r0[1]",,4;6,5,
VIA_CHAIN-x-276,,VIA_CHAIN,,VCR_MV_TCN/M0C_12/32_37/9_26.8X44_VCRM0B_12_165H,1,x81zs_iso04_vcr1,ch165,VCR_MV_TCN/M0C_12/32_37/9_26.8X44_VCRM0B_12_165H,,,,,via chain -- out of scope,15,2,5,90,,,"4:10,-1:r0[1]",,4;6,5,
VIA_CHAIN-x-277,,VIA_CHAIN,,VCR_MV_TCN/M0C_12/32_37/9_26.8X44_VCRM0B_13_165H,1,x81zs_iso04_vcr1,ch165,VCR_MV_TCN/M0C_12/32_37/9_26.8X44_VCRM0B_13_165H,,,,,via chain -- out of scope,15,2,5,90,,,"4:10,-1:r0[1]",,4;6,5,
VIA_CHAIN-x-278,,VIA_CHAIN,,VCR_MV_TCN/M0C_12/32_37/9_26.8X44_VCRM0B_14_165H,1,x81zs_iso04_vcr1,ch165,VCR_MV_TCN/M0C_12/32_37/9_26.8X44_VCRM0B_14_165H,,,,,via chain -- out of scope,15,2,5,90,,,"4:10,-1:r0[1]",,4;6,5,
VIA_CHAIN-x-279,,VIA_CHAIN,,VCR_MV_TCN/M0C_12/32_37/9_26.8X44_VCRM0B_-3_165H,1,x81zs_iso04_vcr1,ch165,VCR_MV_TCN/M0C_12/32_37/9_26.8X44_VCRM0B_-3_165H,,,,,via chain -- out of scope,15,2,5,90,,,"4:10,-1:r0[1]",,4;6,5,
VIA_CHAIN-x-280,,VIA_CHAIN,,VCR_MV_TCN/M0C_12/32_37/9_26.8X44_VCRM0B_-5_165H,1,x81zs_iso04_vcr1,ch165,VCR_MV_TCN/M0C_12/32_37/9_26.8X44_VCRM0B_-5_165H,,,,,via chain -- out of scope,15,2,5,90,,,"4:10,-1:r0[1]",,4;6,5,
VIA_CHAIN-x-281,,VIA_CHAIN,,VCR_MV_TCN/M0C_12/32_37/9_26.8X44_VCRM0B_-7_165H,1,x81zs_iso04_vcr1,ch165,VCR_MV_TCN/M0C_12/32_37/9_26.8X44_VCRM0B_-7_165H,,,,,via chain -- out of scope,15,2,5,90,,,"4:10,-1:r0[1]",,4;6,5,
VIA_CHAIN-x-282,,VIA_CHAIN,,VCR_MV_TCN/M0C_12/32_37/9_26.8X44_VCRM0B_-9_165H,1,x81zs_iso04_vcr1,ch165,VCR_MV_TCN/M0C_12/32_37/9_26.8X44_VCRM0B_-9_165H,,,,,via chain -- out of scope,15,2,5,90,,,"4:10,-1:r0[1]",,4;6,5,
VIA_CHAIN-x-283,,VIA_CHAIN,,VCR_MV_TCN/M0C_12/32_37/9_26.8X44_VCRM0B_-11_165H,1,x81zs_iso04_vcr1,ch165,VCR_MV_TCN/M0C_12/32_37/9_26.8X44_VCRM0B_-11_165H,,,,,via chain -- out of scope,15,2,5,90,,,"4:10,-1:r0[1]",,4;6,5,
VIA_CHAIN-x-284,,VIA_CHAIN,,VCR_MV_TCN/M0C_12/32_37/9_26.8X44_VCRM0B_-12_165H,1,x81zs_iso04_vcr1,ch165,VCR_MV_TCN/M0C_12/32_37/9_26.8X44_VCRM0B_-12_165H,,,,,via chain -- out of scope,15,2,5,90,,,"4:10,-1:r0[1]",,4;6,5,
VIA_CHAIN-x-285,,VIA_CHAIN,,VCR_MV_TCN/M0C_12/32_37/9_26.8X44_VCRM0B_-13_165H,1,x81zs_iso04_vcr1,ch165,VCR_MV_TCN/M0C_12/32_37/9_26.8X44_VCRM0B_-13_165H,,,,,via chain -- out of scope,15,2,5,90,,,"4:10,-1:r0[1]",,4;6,5,
VIA_CHAIN-x-286,,VIA_CHAIN,,VCR_MV_TCN/M0C_12/32_37/9_26.8X44_VCRM0B_-14_165H,1,x81zs_iso04_vcr1,ch165,VCR_MV_TCN/M0C_12/32_37/9_26.8X44_VCRM0B_-14_165H,,,,,via chain -- out of scope,15,2,5,90,,,"4:10,-1:r0[1]",,4;6,5,
VIA_CHAIN-x-287,,VIA_CHAIN,,VCR_MV_TCN/M0C_12/32_37/9_30.8X44_VCRM0B_0_165H,1,x81zs_iso04_vcr1,ch165,VCR_MV_TCN/M0C_12/32_37/9_30.8X44_VCRM0B_0_165H,,,,,via chain -- out of scope,15,2,5,90,,,"4:10,-1:r0[1]",,4;6,5,
VIA_CHAIN-x-288,,VIA_CHAIN,,VCR_MV_TCN/M0C_12/32_37/9_30.8X44_VCRM0B_3_165H,1,x81zs_iso04_vcr1,ch165,VCR_MV_TCN/M0C_12/32_37/9_30.8X44_VCRM0B_3_165H,,,,,via chain -- out of scope,15,2,5,90,,,"4:10,-1:r0[1]",,4;6,5,
VIA_CHAIN-x-289,,VIA_CHAIN,,VCR_MV_TCN/M0C_12/32_37/9_30.8X44_VCRM0B_5_165H,1,x81zs_iso04_vcr1,ch165,VCR_MV_TCN/M0C_12/32_37/9_30.8X44_VCRM0B_5_165H,,,,,via chain -- out of scope,15,2,5,90,,,"4:10,-1:r0[1]",,4;6,5,
VIA_CHAIN-x-290,,VIA_CHAIN,,VCR_MV_TCN/M0C_12/32_37/9_30.8X44_VCRM0B_7_165H,1,x81zs_iso04_vcr1,ch165,VCR_MV_TCN/M0C_12/32_37/9_30.8X44_VCRM0B_7_165H,,,,,via chain -- out of scope,15,2,5,90,,,"4:10,-1:r0[1]",,4;6,5,
VIA_CHAIN-x-291,,VIA_CHAIN,,VCR_MV_TCN/M0C_12/32_37/9_30.8X44_VCRM0B_9_165H,1,x81zs_iso04_vcr1,ch165,VCR_MV_TCN/M0C_12/32_37/9_30.8X44_VCRM0B_9_165H,,,,,via chain -- out of scope,15,2,5,90,,,"4:10,-1:r0[1]",,4;6,5,
VIA_CHAIN-x-292,,VIA_CHAIN,,VCR_MV_TCN/M0C_12/32_37/9_30.8X44_VCRM0B_11_165H,1,x81zs_iso04_vcr1,ch165,VCR_MV_TCN/M0C_12/32_37/9_30.8X44_VCRM0B_11_165H,,,,,via chain -- out of scope,15,2,5,90,,,"4:10,-1:r0[1]",,4;6,5,
VIA_CHAIN-x-293,,VIA_CHAIN,,VCR_MV_TCN/M0C_12/32_37/9_30.8X44_VCRM0B_12_165H,1,x81zs_iso04_vcr1,ch165,VCR_MV_TCN/M0C_12/32_37/9_30.8X44_VCRM0B_12_165H,,,,,via chain -- out of scope,15,2,5,90,,,"4:10,-1:r0[1]",,4;6,5,
VIA_CHAIN-x-294,,VIA_CHAIN,,VCR_MV_TCN/M0C_12/32_37/9_30.8X44_VCRM0B_13_165H,1,x81zs_iso04_vcr1,ch165,VCR_MV_TCN/M0C_12/32_37/9_30.8X44_VCRM0B_13_165H,,,,,via chain -- out of scope,15,2,5,90,,,"4:10,-1:r0[1]",,4;6,5,
VIA_CHAIN-x-295,,VIA_CHAIN,,VCR_MV_TCN/M0C_12/32_37/9_30.8X44_VCRM0B_14_165H,1,x81zs_iso04_vcr1,ch165,VCR_MV_TCN/M0C_12/32_37/9_30.8X44_VCRM0B_14_165H,,,,,via chain -- out of scope,15,2,5,90,,,"4:10,-1:r0[1]",,4;6,5,
VIA_CHAIN-x-296,,VIA_CHAIN,,VCR_MV_TCN/M0C_12/32_37/9_30.8X44_VCRM0B_-3_165H,1,x81zs_iso04_vcr1,ch165,VCR_MV_TCN/M0C_12/32_37/9_30.8X44_VCRM0B_-3_165H,,,,,via chain -- out of scope,15,2,5,90,,,"4:10,-1:r0[1]",,4;6,5,
VIA_CHAIN-x-297,,VIA_CHAIN,,VCR_MV_TCN/M0C_12/32_37/9_30.8X44_VCRM0B_-5_165H,1,x81zs_iso04_vcr1,ch165,VCR_MV_TCN/M0C_12/32_37/9_30.8X44_VCRM0B_-5_165H,,,,,via chain -- out of scope,15,2,5,90,,,"4:10,-1:r0[1]",,4;6,5,
VIA_CHAIN-x-298,,VIA_CHAIN,,VCR_MV_TCN/M0C_12/32_37/9_30.8X44_VCRM0B_-7_165H,1,x81zs_iso04_vcr1,ch165,VCR_MV_TCN/M0C_12/32_37/9_30.8X44_VCRM0B_-7_165H,,,,,via chain -- out of scope,15,2,5,90,,,"4:10,-1:r0[1]",,4;6,5,
VIA_CHAIN-x-299,,VIA_CHAIN,,VCR_MV_TCN/M0C_12/32_37/9_30.8X44_VCRM0B_-9_165H,1,x81zs_iso04_vcr1,ch165,VCR_MV_TCN/M0C_12/32_37/9_30.8X44_VCRM0B_-9_165H,,,,,via chain -- out of scope,15,2,5,90,,,"4:10,-1:r0[1]",,4;6,5,
VIA_CHAIN-x-300,,VIA_CHAIN,,VCR_MV_TCN/M0C_12/32_37/9_30.8X44_VCRM0B_-11_165H,1,x81zs_iso04_vcr1,ch165,VCR_MV_TCN/M0C_12/32_37/9_30.8X44_VCRM0B_-11_165H,,,,,via chain -- out of scope,15,2,5,90,,,"4:10,-1:r0[1]",,4;6,5,
VIA_CHAIN-x-301,,VIA_CHAIN,,VCR_MV_TCN/M0C_12/32_37/9_30.8X44_VCRM0B_-12_165H,1,x81zs_iso04_vcr1,ch165,VCR_MV_TCN/M0C_12/32_37/9_30.8X44_VCRM0B_-12_165H,,,,,via chain -- out of scope,15,2,5,90,,,"4:10,-1:r0[1]",,4;6,5,
VIA_CHAIN-x-302,,VIA_CHAIN,,VCR_MV_TCN/M0C_12/32_37/9_30.8X44_VCRM0B_-13_165H,1,x81zs_iso04_vcr1,ch165,VCR_MV_TCN/M0C_12/32_37/9_30.8X44_VCRM0B_-13_165H,,,,,via chain -- out of scope,15,2,5,90,,,"4:10,-1:r0[1]",,4;6,5,
VIA_CHAIN-x-303,,VIA_CHAIN,,VCR_MV_TCN/M0C_12/32_37/9_30.8X44_VCRM0B_-14_165H,1,x81zs_iso04_vcr1,ch165,VCR_MV_TCN/M0C_12/32_37/9_30.8X44_VCRM0B_-14_165H,,,,,via chain -- out of scope,15,2,5,90,,,"4:10,-1:r0[1]",,4;6,5,
VIA_CHAIN-x-304,,VIA_CHAIN,,VCR_MV_TCN/M0C_12/32_37/9_36.8X44_VCRM0B_0_165H,1,x81zs_iso04_vcr1,ch165,VCR_MV_TCN/M0C_12/32_37/9_36.8X44_VCRM0B_0_165H,,,,,via chain -- out of scope,15,2,5,90,,,"4:10,-1:r0[1]",,4;6,5,
VIA_CHAIN-x-305,,VIA_CHAIN,,VCR_MV_TCN/M0C_12/32_37/9_36.8X44_VCRM0B_3_165H,1,x81zs_iso04_vcr1,ch165,VCR_MV_TCN/M0C_12/32_37/9_36.8X44_VCRM0B_3_165H,,,,,via chain -- out of scope,15,2,5,90,,,"4:10,-1:r0[1]",,4;6,5,
VIA_CHAIN-x-306,,VIA_CHAIN,,VCR_MV_TCN/M0C_12/32_37/9_36.8X44_VCRM0B_5_165H,1,x81zs_iso04_vcr1,ch165,VCR_MV_TCN/M0C_12/32_37/9_36.8X44_VCRM0B_5_165H,,,,,via chain -- out of scope,15,2,5,90,,,"4:10,-1:r0[1]",,4;6,5,
VIA_CHAIN-x-307,,VIA_CHAIN,,VCR_MV_TCN/M0C_12/32_37/9_36.8X44_VCRM0B_7_165H,1,x81zs_iso04_vcr1,ch165,VCR_MV_TCN/M0C_12/32_37/9_36.8X44_VCRM0B_7_165H,,,,,via chain -- out of scope,15,2,5,90,,,"4:10,-1:r0[1]",,4;6,5,
VIA_CHAIN-x-308,,VIA_CHAIN,,VCR_MV_TCN/M0C_12/32_37/9_36.8X44_VCRM0B_9_165H,1,x81zs_iso04_vcr1,ch165,VCR_MV_TCN/M0C_12/32_37/9_36.8X44_VCRM0B_9_165H,,,,,via chain -- out of scope,15,2,5,90,,,"4:10,-1:r0[1]",,4;6,5,
VIA_CHAIN-x-309,,VIA_CHAIN,,VCR_MV_TCN/M0C_12/32_37/9_36.8X44_VCRM0B_11_165H,1,x81zs_iso04_vcr1,ch165,VCR_MV_TCN/M0C_12/32_37/9_36.8X44_VCRM0B_11_165H,,,,,via chain -- out of scope,15,2,5,90,,,"4:10,-1:r0[1]",,4;6,5,
VIA_CHAIN-x-310,,VIA_CHAIN,,VCR_MV_TCN/M0C_12/32_37/9_36.8X44_VCRM0B_12_165H,1,x81zs_iso04_vcr1,ch165,VCR_MV_TCN/M0C_12/32_37/9_36.8X44_VCRM0B_12_165H,,,,,via chain -- out of scope,15,2,5,90,,,"4:10,-1:r0[1]",,4;6,5,
VIA_CHAIN-x-311,,VIA_CHAIN,,VCR_MV_TCN/M0C_12/32_37/9_36.8X44_VCRM0B_13_165H,1,x81zs_iso04_vcr1,ch165,VCR_MV_TCN/M0C_12/32_37/9_36.8X44_VCRM0B_13_165H,,,,,via chain -- out of scope,15,2,5,90,,,"4:10,-1:r0[1]",,4;6,5,
VIA_CHAIN-x-312,,VIA_CHAIN,,VCR_MV_TCN/M0C_12/32_37/9_36.8X44_VCRM0B_14_165H,1,x81zs_iso04_vcr1,ch165,VCR_MV_TCN/M0C_12/32_37/9_36.8X44_VCRM0B_14_165H,,,,,via chain -- out of scope,15,2,5,90,,,"4:10,-1:r0[1]",,4;6,5,
VIA_CHAIN-x-313,,VIA_CHAIN,,VCR_MV_TCN/M0C_12/32_37/9_36.8X44_VCRM0B_-3_165H,1,x81zs_iso04_vcr1,ch165,VCR_MV_TCN/M0C_12/32_37/9_36.8X44_VCRM0B_-3_165H,,,,,via chain -- out of scope,15,2,5,90,,,"4:10,-1:r0[1]",,4;6,5,
VIA_CHAIN-x-314,,VIA_CHAIN,,VCR_MV_TCN/M0C_12/32_37/9_36.8X44_VCRM0B_-5_165H,1,x81zs_iso04_vcr1,ch165,VCR_MV_TCN/M0C_12/32_37/9_36.8X44_VCRM0B_-5_165H,,,,,via chain -- out of scope,15,2,5,90,,,"4:10,-1:r0[1]",,4;6,5,
VIA_CHAIN-x-315,,VIA_CHAIN,,VCR_MV_TCN/M0C_12/32_37/9_36.8X44_VCRM0B_-7_165H,1,x81zs_iso04_vcr1,ch165,VCR_MV_TCN/M0C_12/32_37/9_36.8X44_VCRM0B_-7_165H,,,,,via chain -- out of scope,15,2,5,90,,,"4:10,-1:r0[1]",,4;6,5,
VIA_CHAIN-x-316,,VIA_CHAIN,,VCR_MV_TCN/M0C_12/32_37/9_36.8X44_VCRM0B_-9_165H,1,x81zs_iso04_vcr1,ch165,VCR_MV_TCN/M0C_12/32_37/9_36.8X44_VCRM0B_-9_165H,,,,,via chain -- out of scope,15,2,5,90,,,"4:10,-1:r0[1]",,4;6,5,
VIA_CHAIN-x-317,,VIA_CHAIN,,VCR_MV_TCN/M0C_12/32_37/9_36.8X44_VCRM0B_-11_165H,1,x81zs_iso04_vcr1,ch165,VCR_MV_TCN/M0C_12/32_37/9_36.8X44_VCRM0B_-11_165H,,,,,via chain -- out of scope,15,2,5,90,,,"4:10,-1:r0[1]",,4;6,5,
VIA_CHAIN-x-318,,VIA_CHAIN,,VCR_MV_TCN/M0C_12/32_37/9_36.8X44_VCRM0B_-12_165H,1,x81zs_iso04_vcr1,ch165,VCR_MV_TCN/M0C_12/32_37/9_36.8X44_VCRM0B_-12_165H,,,,,via chain -- out of scope,15,2,5,90,,,"4:10,-1:r0[1]",,4;6,5,
VIA_CHAIN-x-319,,VIA_CHAIN,,VCR_MV_TCN/M0C_12/32_37/9_36.8X44_VCRM0B_-13_165H,1,x81zs_iso04_vcr1,ch165,VCR_MV_TCN/M0C_12/32_37/9_36.8X44_VCRM0B_-13_165H,,,,,via chain -- out of scope,15,2,5,90,,,"4:10,-1:r0[1]",,4;6,5,
VIA_CHAIN-x-320,,VIA_CHAIN,,VCR_MV_TCN/M0C_12/32_37/9_36.8X44_VCRM0B_-14_165H,1,x81zs_iso04_vcr1,ch165,VCR_MV_TCN/M0C_12/32_37/9_36.8X44_VCRM0B_-14_165H,,,,,via chain -- out of scope,15,2,5,90,,,"4:10,-1:r0[1]",,4;6,5,
VIA_CHAIN-x-321,,VIA_CHAIN,,VCR_MV_TCN/M0C_12/32_37/9_40.8X44_VCRM0B_0_165H,1,x81zs_iso04_vcr1,ch165,VCR_MV_TCN/M0C_12/32_37/9_40.8X44_VCRM0B_0_165H,,,,,via chain -- out of scope,15,2,5,90,,,"4:10,-1:r0[1]",,4;6,5,
VIA_CHAIN-x-322,,VIA_CHAIN,,VCR_MV_TCN/M0C_12/32_37/9_40.8X44_VCRM0B_3_165H,1,x81zs_iso04_vcr1,ch165,VCR_MV_TCN/M0C_12/32_37/9_40.8X44_VCRM0B_3_165H,,,,,via chain -- out of scope,15,2,5,90,,,"4:10,-1:r0[1]",,4;6,5,
VIA_CHAIN-x-323,,VIA_CHAIN,,VCR_MV_TCN/M0C_12/32_37/9_40.8X44_VCRM0B_5_165H,1,x81zs_iso04_vcr1,ch165,VCR_MV_TCN/M0C_12/32_37/9_40.8X44_VCRM0B_5_165H,,,,,via chain -- out of scope,15,2,5,90,,,"4:10,-1:r0[1]",,4;6,5,
VIA_CHAIN-x-324,,VIA_CHAIN,,VCR_MV_TCN/M0C_12/32_37/9_40.8X44_VCRM0B_7_165H,1,x81zs_iso04_vcr1,ch165,VCR_MV_TCN/M0C_12/32_37/9_40.8X44_VCRM0B_7_165H,,,,,via chain -- out of scope,15,2,5,90,,,"4:10,-1:r0[1]",,4;6,5,
VIA_CHAIN-x-325,,VIA_CHAIN,,VCR_MV_TCN/M0C_12/32_37/9_40.8X44_VCRM0B_9_165H,1,x81zs_iso04_vcr1,ch165,VCR_MV_TCN/M0C_12/32_37/9_40.8X44_VCRM0B_9_165H,,,,,via chain -- out of scope,15,2,5,90,,,"4:10,-1:r0[1]",,4;6,5,
VIA_CHAIN-x-326,,VIA_CHAIN,,VCR_MV_TCN/M0C_12/32_37/9_40.8X44_VCRM0B_11_165H,1,x81zs_iso04_vcr1,ch165,VCR_MV_TCN/M0C_12/32_37/9_40.8X44_VCRM0B_11_165H,,,,,via chain -- out of scope,15,2,5,90,,,"4:10,-1:r0[1]",,4;6,5,
VIA_CHAIN-x-327,,VIA_CHAIN,,VCR_MV_TCN/M0C_12/32_37/9_40.8X44_VCRM0B_12_165H,1,x81zs_iso04_vcr1,ch165,VCR_MV_TCN/M0C_12/32_37/9_40.8X44_VCRM0B_12_165H,,,,,via chain -- out of scope,15,2,5,90,,,"4:10,-1:r0[1]",,4;6,5,
VIA_CHAIN-x-328,,VIA_CHAIN,,VCR_MV_TCN/M0C_12/32_37/9_40.8X44_VCRM0B_13_165H,1,x81zs_iso04_vcr1,ch165,VCR_MV_TCN/M0C_12/32_37/9_40.8X44_VCRM0B_13_165H,,,,,via chain -- out of scope,15,2,5,90,,,"4:10,-1:r0[1]",,4;6,5,
VIA_CHAIN-x-329,,VIA_CHAIN,,VCR_MV_TCN/M0C_12/32_37/9_40.8X44_VCRM0B_14_165H,1,x81zs_iso04_vcr1,ch165,VCR_MV_TCN/M0C_12/32_37/9_40.8X44_VCRM0B_14_165H,,,,,via chain -- out of scope,15,2,5,90,,,"4:10,-1:r0[1]",,4;6,5,
VIA_CHAIN-x-330,,VIA_CHAIN,,VCR_MV_TCN/M0C_12/32_37/9_40.8X44_VCRM0B_-3_165H,1,x81zs_iso04_vcr1,ch165,VCR_MV_TCN/M0C_12/32_37/9_40.8X44_VCRM0B_-3_165H,,,,,via chain -- out of scope,15,2,5,90,,,"4:10,-1:r0[1]",,4;6,5,
VIA_CHAIN-x-331,,VIA_CHAIN,,VG_MV_Poly/M0C_12/32_15/9_12x15_VGM0B/P_10_P_132CH,1,x81zs_iso06_1,ch132,VG_MV_Poly/M0C_12/32_15/9_12x15_VGM0B/P_10_P_132CH,,,,,via chain -- out of scope,15,2,5,30,"0,-1:3;",,"2:5,1;8:11,4","vg,3:11[1],4|0,0,0,0.010",5;15,4;14,"0:14,0:1,0.046,plvt;0:14,2:3,0.046,nlvt;"
VIA_CHAIN-x-332,,VIA_CHAIN,,VG_MV_Poly/M0C_12/32_15/9_12x15_VGM0B/P_11_P_132CH,1,x81zs_iso06_1,ch132,VG_MV_Poly/M0C_12/32_15/9_12x15_VGM0B/P_11_P_132CH,,,,,via chain -- out of scope,15,2,5,30,"0,-1:3;",,"2:5,1;8:11,4","vg,3:11[1],4|0,0,0,0.011",5;15,4;14,"0:14,0:1,0.046,plvt;0:14,2:3,0.046,nlvt;"
VIA_CHAIN-x-333,,VIA_CHAIN,,VG_MV_Poly/M0C_12/32_15/9_12x15_VGM0B/P_12_P_132CH,1,x81zs_iso06_1,ch132,VG_MV_Poly/M0C_12/32_15/9_12x15_VGM0B/P_12_P_132CH,,,,,via chain -- out of scope,15,2,5,30,"0,-1:3;",,"2:5,1;8:11,4","vg,3:11[1],4|0,0,0,0.012",5;15,4;14,"0:14,0:1,0.046,plvt;0:14,2:3,0.046,nlvt;"
VIA_CHAIN-x-334,,VIA_CHAIN,,VG_MV_Poly/M0C_12/32_15/9_12x15_VGM0B/P_0_N_132CH,1,x81zs_iso06_1,ch132,VG_MV_Poly/M0C_12/32_15/9_12x15_VGM0B/P_0_N_132CH,,,,,via chain -- out of scope,15,2,5,30,"0,-1:3;",,"2:5,1;8:11,4","vg,3:11[1],6",5;15,6;16,"0:14,0:1,0.046,plvt;0:14,2:3,0.046,nlvt;"
VIA_CHAIN-x-335,,VIA_CHAIN,,VG_MV_Poly/M0C_12/32_15/9_12x15_VGM0B/P_-3_N_132CH,1,x81zs_iso06_1,ch132,VG_MV_Poly/M0C_12/32_15/9_12x15_VGM0B/P_-3_N_132CH,,,,,via chain -- out of scope,15,2,5,30,"0,-1:3;",,"2:5,1;8:11,4","vg,3:11[1],6|0,0,0,-0.003",5;15,6;16,"0:14,0:1,0.046,plvt;0:14,2:3,0.046,nlvt;"
VIA_CHAIN-x-336,,VIA_CHAIN,,VG_MV_Poly/M0C_12/32_15/9_12x15_VGM0B/P_-5_N_132CH,1,x81zs_iso06_1,ch132,VG_MV_Poly/M0C_12/32_15/9_12x15_VGM0B/P_-5_N_132CH,,,,,via chain -- out of scope,15,2,5,30,"0,-1:3;",,"2:5,1;8:11,4","vg,3:11[1],6|0,0,0,-0.005",5;15,6;16,"0:14,0:1,0.046,plvt;0:14,2:3,0.046,nlvt;"
VIA_CHAIN-x-337,,VIA_CHAIN,,VG_MV_Poly/M0C_12/32_15/9_12x15_VGM0B/P_-7_N_132CH,1,x81zs_iso06_1,ch132,VG_MV_Poly/M0C_12/32_15/9_12x15_VGM0B/P_-7_N_132CH,,,,,via chain -- out of scope,15,2,5,30,"0,-1:3;",,"2:5,1;8:11,4","vg,3:11[1],6|0,0,0,-0.007",5;15,6;16,"0:14,0:1,0.046,plvt;0:14,2:3,0.046,nlvt;"
VIA_CHAIN-x-338,,VIA_CHAIN,,VG_MV_Poly/M0C_12/32_15/9_12x15_VGM0B/P_-8_N_132CH,1,x81zs_iso06_1,ch132,VG_MV_Poly/M0C_12/32_15/9_12x15_VGM0B/P_-8_N_132CH,,,,,via chain -- out of scope,15,2,5,30,"0,-1:3;",,"2:5,1;8:11,4","vg,3:11[1],6|0,0,0,-0.008",5;15,6;16,"0:14,0:1,0.046,plvt;0:14,2:3,0.046,nlvt;"
VIA_CHAIN-x-339,,VIA_CHAIN,,VG_MV_Poly/M0C_12/32_15/9_12x15_VGM0B/P_-9_N_132CH,1,x81zs_iso06_1,ch132,VG_MV_Poly/M0C_12/32_15/9_12x15_VGM0B/P_-9_N_132CH,,,,,via chain -- out of scope,15,2,5,30,"0,-1:3;",,"2:5,1;8:11,4","vg,3:11[1],6|0,0,0,-0.009",5;15,6;16,"0:14,0:1,0.046,plvt;0:14,2:3,0.046,nlvt;"
VIA_CHAIN-x-340,,VIA_CHAIN,,VG_MV_Poly/M0C_12/32_15/9_12x15_VGM0B/P_-10_N_132CH,1,x81zs_iso06_1,ch132,VG_MV_Poly/M0C_12/32_15/9_12x15_VGM0B/P_-10_N_132CH,,,,,via chain -- out of scope,15,2,5,30,"0,-1:3;",,"2:5,1;8:11,4","vg,3:11[1],6|0,0,0,-0.010",5;15,6;16,"0:14,0:1,0.046,plvt;0:14,2:3,0.046,nlvt;"
VIA_CHAIN-x-341,,VIA_CHAIN,,VG_MV_Poly/M0C_12/32_15/9_12x15_VGM0B/P_-11_N_132CH,1,x81zs_iso06_1,ch132,VG_MV_Poly/M0C_12/32_15/9_12x15_VGM0B/P_-11_N_132CH,,,,,via chain -- out of scope,15,2,5,30,"0,-1:3;",,"2:5,1;8:11,4","vg,3:11[1],6|0,0,0,-0.011",5;15,6;16,"0:14,0:1,0.046,plvt;0:14,2:3,0.046,nlvt;"
VIA_CHAIN-x-342,,VIA_CHAIN,,VG_MV_Poly/M0C_12/32_15/9_12x15_VGM0B/P_-12_N_132CH,1,x81zs_iso06_1,ch132,VG_MV_Poly/M0C_12/32_15/9_12x15_VGM0B/P_-12_N_132CH,,,,,via chain -- out of scope,15,2,5,30,"0,-1:3;",,"2:5,1;8:11,4","vg,3:11[1],6|0,0,0,-0.012",5;15,6;16,"0:14,0:1,0.046,plvt;0:14,2:3,0.046,nlvt;"
VIA_CHAIN-x-343,,VIA_CHAIN,,VG_MV_Poly/M0B_12/32_15/9_12x15_VGM0C/P_0_P_132CH,1,x81zs_iso06_1,ch132,VG_MV_Poly/M0B_12/32_15/9_12x15_VGM0C/P_0_P_132CH,,,,,via chain -- out of scope,15,2,5,30,"0,-1:3;",,"2:5,1;8:11,4","vg,3:11[1],4",5;15,4;14,"0:14,0:1,0.046,plvt;0:14,2:3,0.046,nlvt;"
VIA_CHAIN-x-344,,VIA_CHAIN,,VG_MV_Poly/M0B_12/32_15/9_12x15_VGM0C/P_3_P_132CH,1,x81zs_iso06_1,ch132,VG_MV_Poly/M0B_12/32_15/9_12x15_VGM0C/P_3_P_132CH,,,,,via chain -- out of scope,15,2,5,30,"0,-1:3;",,"2:5,1;8:11,4","vg,3:11[1],4|0,0,0,0.003",5;15,4;14,"0:14,0:1,0.046,plvt;0:14,2:3,0.046,nlvt;"
VIA_CHAIN-x-345,,VIA_CHAIN,,VG_MV_Poly/M0B_12/32_15/9_12x15_VGM0C/P_5_P_132CH,1,x81zs_iso06_1,ch132,VG_MV_Poly/M0B_12/32_15/9_12x15_VGM0C/P_5_P_132CH,,,,,via chain -- out of scope,15,2,5,30,"0,-1:3;",,"2:5,1;8:11,4","vg,3:11[1],4|0,0,0,0.005",5;15,4;14,"0:14,0:1,0.046,plvt;0:14,2:3,0.046,nlvt;"
VIA_CHAIN-x-346,,VIA_CHAIN,,VG_MV_Poly/M0B_12/32_15/9_12x15_VGM0C/P_7_P_132CH,1,x81zs_iso06_1,ch132,VG_MV_Poly/M0B_12/32_15/9_12x15_VGM0C/P_7_P_132CH,,,,,via chain -- out of scope,15,2,5,30,"0,-1:3;",,"2:5,1;8:11,4","vg,3:11[1],4|0,0,0,0.007",5;15,4;14,"0:14,0:1,0.046,plvt;0:14,2:3,0.046,nlvt;"
VIA_CHAIN-x-347,,VIA_CHAIN,,VG_MV_Poly/M0B_12/32_15/9_12x15_VGM0C/P_8_P_132CH,1,x81zs_iso06_1,ch132,VG_MV_Poly/M0B_12/32_15/9_12x15_VGM0C/P_8_P_132CH,,,,,via chain -- out of scope,15,2,5,30,"0,-1:3;",,"2:5,1;8:11,4","vg,3:11[1],4|0,0,0,0.008",5;15,4;14,"0:14,0:1,0.046,plvt;0:14,2:3,0.046,nlvt;"
VIA_CHAIN-x-348,,VIA_CHAIN,,VG_MV_Poly/M0B_12/32_15/9_12x15_VGM0C/P_9_P_132CH,1,x81zs_iso06_1,ch132,VG_MV_Poly/M0B_12/32_15/9_12x15_VGM0C/P_9_P_132CH,,,,,via chain -- out of scope,15,2,5,30,"0,-1:3;",,"2:5,1;8:11,4","vg,3:11[1],4|0,0,0,0.009",5;15,4;14,"0:14,0:1,0.046,plvt;0:14,2:3,0.046,nlvt;"
VIA_CHAIN-x-349,,VIA_CHAIN,,VG_MV_Poly/M0B_12/32_15/9_12x15_VGM0C/P_10_P_132CH,1,x81zs_iso06_1,ch132,VG_MV_Poly/M0B_12/32_15/9_12x15_VGM0C/P_10_P_132CH,,,,,via chain -- out of scope,15,2,5,30,"0,-1:3;",,"2:5,1;8:11,4","vg,3:11[1],4|0,0,0,0.010",5;15,4;14,"0:14,0:1,0.046,plvt;0:14,2:3,0.046,nlvt;"
VIA_CHAIN-x-350,,VIA_CHAIN,,VG_MV_Poly/M0B_12/32_15/9_12x15_VGM0C/P_11_P_132CH,1,x81zs_iso06_1,ch132,VG_MV_Poly/M0B_12/32_15/9_12x15_VGM0C/P_11_P_132CH,,,,,via chain -- out of scope,15,2,5,30,"0,-1:3;",,"2:5,1;8:11,4","vg,3:11[1],4|0,0,0,0.011",5;15,4;14,"0:14,0:1,0.046,plvt;0:14,2:3,0.046,nlvt;"
VIA_CHAIN-x-351,,VIA_CHAIN,,VG_MV_Poly/M0B_12/32_15/9_12x15_VGM0C/P_12_P_132CH,1,x81zs_iso06_1,ch132,VG_MV_Poly/M0B_12/32_15/9_12x15_VGM0C/P_12_P_132CH,,,,,via chain -- out of scope,15,2,5,30,"0,-1:3;",,"2:5,1;8:11,4","vg,3:11[1],4|0,0,0,0.012",5;15,4;14,"0:14,0:1,0.046,plvt;0:14,2:3,0.046,nlvt;"
VIA_CHAIN-x-352,,VIA_CHAIN,,VG_MV_Poly/M0B_12/32_15/9_12x15_VGM0C/P_0_N_132CH,1,x81zs_iso06_1,ch132,VG_MV_Poly/M0B_12/32_15/9_12x15_VGM0C/P_0_N_132CH,,,,,via chain -- out of scope,15,2,5,30,"0,-1:3;",,"2:5,1;8:11,4","vg,3:11[1],6",5;15,6;16,"0:14,0:1,0.046,plvt;0:14,2:3,0.046,nlvt;"
VIA_CHAIN-x-353,,VIA_CHAIN,,VG_MV_Poly/M0B_12/32_15/9_12x15_VGM0C/P_-3_N_132CH,1,x81zs_iso06_1,ch132,VG_MV_Poly/M0B_12/32_15/9_12x15_VGM0C/P_-3_N_132CH,,,,,via chain -- out of scope,15,2,5,30,"0,-1:3;",,"2:5,1;8:11,4","vg,3:11[1],6|0,0,0,-0.003",5;15,6;16,"0:14,0:1,0.046,plvt;0:14,2:3,0.046,nlvt;"
VIA_CHAIN-x-354,,VIA_CHAIN,,VG_MV_Poly/M0B_12/32_15/9_12x15_VGM0C/P_-5_N_132CH,1,x81zs_iso06_1,ch132,VG_MV_Poly/M0B_12/32_15/9_12x15_VGM0C/P_-5_N_132CH,,,,,via chain -- out of scope,15,2,5,30,"0,-1:3;",,"2:5,1;8:11,4","vg,3:11[1],6|0,0,0,-0.005",5;15,6;16,"0:14,0:1,0.046,plvt;0:14,2:3,0.046,nlvt;"
VIA_CHAIN-x-355,,VIA_CHAIN,,VG_MV_Poly/M0B_12/32_15/9_12x15_VGM0C/P_-7_N_132CH,1,x81zs_iso06_1,ch132,VG_MV_Poly/M0B_12/32_15/9_12x15_VGM0C/P_-7_N_132CH,,,,,via chain -- out of scope,15,2,5,30,"0,-1:3;",,"2:5,1;8:11,4","vg,3:11[1],6|0,0,0,-0.007",5;15,6;16,"0:14,0:1,0.046,plvt;0:14,2:3,0.046,nlvt;"
VIA_CHAIN-x-356,,VIA_CHAIN,,VG_MV_Poly/M0B_12/32_15/9_12x15_VGM0C/P_-8_N_132CH,1,x81zs_iso06_1,ch132,VG_MV_Poly/M0B_12/32_15/9_12x15_VGM0C/P_-8_N_132CH,,,,,via chain -- out of scope,15,2,5,30,"0,-1:3;",,"2:5,1;8:11,4","vg,3:11[1],6|0,0,0,-0.008",5;15,6;16,"0:14,0:1,0.046,plvt;0:14,2:3,0.046,nlvt;"
VIA_CHAIN-x-357,,VIA_CHAIN,,VG_MV_Poly/M0B_12/32_15/9_12x15_VGM0C/P_-9_N_132CH,1,x81zs_iso06_1,ch132,VG_MV_Poly/M0B_12/32_15/9_12x15_VGM0C/P_-9_N_132CH,,,,,via chain -- out of scope,15,2,5,30,"0,-1:3;",,"2:5,1;8:11,4","vg,3:11[1],6|0,0,0,-0.009",5;15,6;16,"0:14,0:1,0.046,plvt;0:14,2:3,0.046,nlvt;"
VIA_CHAIN-x-358,,VIA_CHAIN,,VG_MV_Poly/M0B_12/32_15/9_12x15_VGM0C/P_-10_N_132CH,1,x81zs_iso06_1,ch132,VG_MV_Poly/M0B_12/32_15/9_12x15_VGM0C/P_-10_N_132CH,,,,,via chain -- out of scope,15,2,5,30,"0,-1:3;",,"2:5,1;8:11,4","vg,3:11[1],6|0,0,0,-0.010",5;15,6;16,"0:14,0:1,0.046,plvt;0:14,2:3,0.046,nlvt;"
VIA_CHAIN-x-359,,VIA_CHAIN,,VG_MV_Poly/M0B_12/32_15/9_12x15_VGM0C/P_-11_N_132CH,1,x81zs_iso06_1,ch132,VG_MV_Poly/M0B_12/32_15/9_12x15_VGM0C/P_-11_N_132CH,,,,,via chain -- out of scope,15,2,5,30,"0,-1:3;",,"2:5,1;8:11,4","vg,3:11[1],6|0,0,0,-0.011",5;15,6;16,"0:14,0:1,0.046,plvt;0:14,2:3,0.046,nlvt;"
VIA_CHAIN-x-360,,VIA_CHAIN,,VG_MV_Poly/M0B_12/32_15/9_12x15_VGM0C/P_-12_N_132CH,1,x81zs_iso06_1,ch132,VG_MV_Poly/M0B_12/32_15/9_12x15_VGM0C/P_-12_N_132CH,,,,,via chain -- out of scope,15,2,5,30,"0,-1:3;",,"2:5,1;8:11,4","vg,3:11[1],6|0,0,0,-0.012",5;15,6;16,"0:14,0:1,0.046,plvt;0:14,2:3,0.046,nlvt;"
VIA_CHAIN-x-361,,VIA_CHAIN,,VG_MV_Poly/M0B_12/32_14/9_12X14_VGM0C_0_165CH,1,x81zs_iso06_1,ch165,VG_MV_Poly/M0B_12/32_14/9_12X14_VGM0C_0_165CH,12X14 VT shorting to neighboring 15 M0,,,,via chain -- out of scope,15,2,5,30,"0,-1:3;",,"2:5,1;8:11,4","vg,3:11[1],7",2;4;6;8,3;7,"0:14,0:1,0.062,plvt;0:14,2:3,0.062,nlvt;"
VIA_CHAIN-x-362,,VIA_CHAIN,,VG_MV_Poly/M0B_12/32_14/9_12X14_VGM0C_3_165CH,1,x81zs_iso06_1,ch165,VG_MV_Poly/M0B_12/32_14/9_12X14_VGM0C_3_165CH,,,,,via chain -- out of scope,15,2,5,30,"0,-1:3;",,"2:5,1;8:11,4","vg,3:11[1],7|0,0,0,0.003",2;4;6;8,3;7,"0:14,0:1,0.062,plvt;0:14,2:3,0.062,nlvt;"
VIA_CHAIN-x-363,,VIA_CHAIN,,VG_MV_Poly/M0B_12/32_14/9_12X14_VGM0C_5_165CH,1,x81zs_iso06_1,ch165,VG_MV_Poly/M0B_12/32_14/9_12X14_VGM0C_5_165CH,,,,,via chain -- out of scope,15,2,5,30,"0,-1:3;",,"2:5,1;8:11,4","vg,3:11[1],7|0,0,0,0.005",2;4;6;8,3;7,"0:14,0:1,0.062,plvt;0:14,2:3,0.062,nlvt;"
VIA_CHAIN-x-364,,VIA_CHAIN,,VG_MV_Poly/M0B_12/32_14/9_12X14_VGM0C_7_165CH,1,x81zs_iso06_1,ch165,VG_MV_Poly/M0B_12/32_14/9_12X14_VGM0C_7_165CH,,,,,via chain -- out of scope,15,2,5,30,"0,-1:3;",,"2:5,1;8:11,4","vg,3:11[1],7|0,0,0,0.007",2;4;6;8,3;7,"0:14,0:1,0.062,plvt;0:14,2:3,0.062,nlvt;"
VIA_CHAIN-x-365,,VIA_CHAIN,,VG_MV_Poly/M0B_12/32_14/9_12X14_VGM0C_8_165CH,1,x81zs_iso06_1,ch165,VG_MV_Poly/M0B_12/32_14/9_12X14_VGM0C_8_165CH,,,,,via chain -- out of scope,15,2,5,30,"0,-1:3;",,"2:5,1;8:11,4","vg,3:11[1],7|0,0,0,0.008",2;4;6;8,3;7,"0:14,0:1,0.062,plvt;0:14,2:3,0.062,nlvt;"
VIA_CHAIN-x-366,,VIA_CHAIN,,VG_MV_Poly/M0B_12/32_14/9_12X14_VGM0C_9_165CH,1,x81zs_iso06_1,ch165,VG_MV_Poly/M0B_12/32_14/9_12X14_VGM0C_9_165CH,,,,,via chain -- out of scope,15,2,5,30,"0,-1:3;",,"2:5,1;8:11,4","vg,3:11[1],7|0,0,0,0.003",2;4;6;8,3;7,"0:14,0:1,0.062,plvt;0:14,2:3,0.062,nlvt;"
VIA_CHAIN-x-367,,VIA_CHAIN,,VG_MV_Poly/M0B_12/32_14/9_12X14_VGM0C_10_165CH,1,x81zs_iso06_1,ch165,VG_MV_Poly/M0B_12/32_14/9_12X14_VGM0C_10_165CH,,,,,via chain -- out of scope,15,2,5,30,"0,-1:3;",,"2:5,1;8:11,4","vg,3:11[1],7|0,0,0,0.010",2;4;6;8,3;7,"0:14,0:1,0.062,plvt;0:14,2:3,0.062,nlvt;"
VIA_CHAIN-x-368,,VIA_CHAIN,,VG_MV_Poly/M0B_12/32_14/9_12X14_VGM0C_11_165CH,1,x81zs_iso06_1,ch165,VG_MV_Poly/M0B_12/32_14/9_12X14_VGM0C_11_165CH,,,,,via chain -- out of scope,15,2,5,30,"0,-1:3;",,"2:5,1;8:11,4","vg,3:11[1],7|0,0,0,0.011",2;4;6;8,3;7,"0:14,0:1,0.062,plvt;0:14,2:3,0.062,nlvt;"
VIA_CHAIN-x-369,,VIA_CHAIN,,VG_MV_Poly/M0B_12/32_14/9_12X14_VGM0C_12_165CH,1,x81zs_iso06_1,ch165,VG_MV_Poly/M0B_12/32_14/9_12X14_VGM0C_12_165CH,,,,,via chain -- out of scope,15,2,5,30,"0,-1:3;",,"2:5,1;8:11,4","vg,3:11[1],7|0,0,0,0.012",2;4;6;8,3;7,"0:14,0:1,0.062,plvt;0:14,2:3,0.062,nlvt;"
VIA_CHAIN-x-370,,VIA_CHAIN,,VG_MV_Poly/M0B_12/32_14/9_12X14_VGM0C_-3_165CH,1,x81zs_iso06_1,ch165,VG_MV_Poly/M0B_12/32_14/9_12X14_VGM0C_-3_165CH,,,,,via chain -- out of scope,15,2,5,30,"0,-1:3;",,"2:5,1;8:11,4","vg,3:11[1],7|0,0,0,-0.003",2;4;6;8,3;7,"0:14,0:1,0.062,plvt;0:14,2:3,0.062,nlvt;"
VIA_CHAIN-x-371,,VIA_CHAIN,,VG_MV_Poly/M0B_12/32_14/9_12X14_VGM0C_-5_165CH,1,x81zs_iso06_1,ch165,VG_MV_Poly/M0B_12/32_14/9_12X14_VGM0C_-5_165CH,,,,,via chain -- out of scope,15,2,5,30,"0,-1:3;",,"2:5,1;8:11,4","vg,3:11[1],7|0,0,0,-0.005",2;4;6;8,3;7,"0:14,0:1,0.062,plvt;0:14,2:3,0.062,nlvt;"
VIA_CHAIN-x-372,,VIA_CHAIN,,VG_MV_Poly/M0B_12/32_14/9_12X14_VGM0C_-7_165CH,1,x81zs_iso06_1,ch165,VG_MV_Poly/M0B_12/32_14/9_12X14_VGM0C_-7_165CH,,,,,via chain -- out of scope,15,2,5,30,"0,-1:3;",,"2:5,1;8:11,4","vg,3:11[1],7|0,0,0,-0.007",2;4;6;8,3;7,"0:14,0:1,0.062,plvt;0:14,2:3,0.062,nlvt;"
VIA_CHAIN-x-373,,VIA_CHAIN,,VG_MV_Poly/M0B_12/32_14/9_12X14_VGM0C_-8_165CH,1,x81zs_iso06_1,ch165,VG_MV_Poly/M0B_12/32_14/9_12X14_VGM0C_-8_165CH,,,,,via chain -- out of scope,15,2,5,30,"0,-1:3;",,"2:5,1;8:11,4","vg,3:11[1],7|0,0,0,-0.008",2;4;6;8,3;7,"0:14,0:1,0.062,plvt;0:14,2:3,0.062,nlvt;"
VIA_CHAIN-x-374,,VIA_CHAIN,,VG_MV_Poly/M0B_12/32_14/9_12X14_VGM0C_-9_165CH,1,x81zs_iso06_1,ch165,VG_MV_Poly/M0B_12/32_14/9_12X14_VGM0C_-9_165CH,,,,,via chain -- out of scope,15,2,5,30,"0,-1:3;",,"2:5,1;8:11,4","vg,3:11[1],7|0,0,0,-0.003",2;4;6;8,3;7,"0:14,0:1,0.062,plvt;0:14,2:3,0.062,nlvt;"
VIA_CHAIN-x-375,,VIA_CHAIN,,VG_MV_Poly/M0B_12/32_14/9_12X14_VGM0C_-10_165CH,1,x81zs_iso06_1,ch165,VG_MV_Poly/M0B_12/32_14/9_12X14_VGM0C_-10_165CH,,,,,via chain -- out of scope,15,2,5,30,"0,-1:3;",,"2:5,1;8:11,4","vg,3:11[1],7|0,0,0,-0.010",2;4;6;8,3;7,"0:14,0:1,0.062,plvt;0:14,2:3,0.062,nlvt;"
VIA_CHAIN-x-376,,VIA_CHAIN,,VG_MV_Poly/M0B_12/32_14/9_12X14_VGM0C_-11_165CH,1,x81zs_iso06_1,ch165,VG_MV_Poly/M0B_12/32_14/9_12X14_VGM0C_-11_165CH,,,,,via chain -- out of scope,15,2,5,30,"0,-1:3;",,"2:5,1;8:11,4","vg,3:11[1],7|0,0,0,-0.011",2;4;6;8,3;7,"0:14,0:1,0.062,plvt;0:14,2:3,0.062,nlvt;"
VIA_CHAIN-x-377,,VIA_CHAIN,,VG_MV_Poly/M0B_12/32_14/9_12X14_VGM0C_-12_165CH,1,x81zs_iso06_1,ch165,VG_MV_Poly/M0B_12/32_14/9_12X14_VGM0C_-12_165CH,,,,,via chain -- out of scope,15,2,5,30,"0,-1:3;",,"2:5,1;8:11,4","vg,3:11[1],7|0,0,0,-0.012",2;4;6;8,3;7,"0:14,0:1,0.062,plvt;0:14,2:3,0.062,nlvt;"
VIA_CHAIN-x-378,,VIA_CHAIN,,VG_MV_Poly/M0B_12/32_14/9_12X14_VGM0C/P_0_P_165CH,1,x81zs_iso06_1,ch165,VG_MV_Poly/M0B_12/32_14/9_12X14_VGM0C/P_0_P_165CH,,,,,via chain -- out of scope,15,2,5,30,"0,-1:3;",,"2:5,1;8:11,4","vg,3:11[1],4",5;15,4;14,"0:14,0:1,0.062,plvt;0:14,2:3,0.062,nlvt;"
VIA_CHAIN-x-379,,VIA_CHAIN,,VG_MV_Poly/M0B_12/32_14/9_12X14_VGM0C/P_3_P_165CH,1,x81zs_iso06_1,ch165,VG_MV_Poly/M0B_12/32_14/9_12X14_VGM0C/P_3_P_165CH,,,,,via chain -- out of scope,15,2,5,30,"0,-1:3;",,"2:5,1;8:11,4","vg,3:11[1],4|0,0,0,0.003",5;15,4;14,"0:14,0:1,0.062,plvt;0:14,2:3,0.062,nlvt;"
VIA_CHAIN-x-380,,VIA_CHAIN,,VG_MV_Poly/M0B_12/32_14/9_12X14_VGM0C/P_5_P_165CH,1,x81zs_iso06_1,ch165,VG_MV_Poly/M0B_12/32_14/9_12X14_VGM0C/P_5_P_165CH,,,,,via chain -- out of scope,15,2,5,30,"0,-1:3;",,"2:5,1;8:11,4","vg,3:11[1],4|0,0,0,0.005",5;15,4;14,"0:14,0:1,0.062,plvt;0:14,2:3,0.062,nlvt;"
VIA_CHAIN-x-381,,VIA_CHAIN,,VG_MV_Poly/M0B_12/32_14/9_12X14_VGM0C/P_7_P_165CH,1,x81zs_iso06_1,ch165,VG_MV_Poly/M0B_12/32_14/9_12X14_VGM0C/P_7_P_165CH,,,,,via chain -- out of scope,15,2,5,30,"0,-1:3;",,"2:5,1;8:11,4","vg,3:11[1],4|0,0,0,0.007",5;15,4;14,"0:14,0:1,0.062,plvt;0:14,2:3,0.062,nlvt;"
VIA_CHAIN-x-382,,VIA_CHAIN,,VG_MV_Poly/M0B_12/32_14/9_12X14_VGM0C/P_8_P_165CH,1,x81zs_iso06_1,ch165,VG_MV_Poly/M0B_12/32_14/9_12X14_VGM0C/P_8_P_165CH,,,,,via chain -- out of scope,15,2,5,30,"0,-1:3;",,"2:5,1;8:11,4","vg,3:11[1],4|0,0,0,0.008",5;15,4;14,"0:14,0:1,0.062,plvt;0:14,2:3,0.062,nlvt;"
VIA_CHAIN-x-383,,VIA_CHAIN,,VG_MV_Poly/M0B_12/32_14/9_12X14_VGM0C/P_9_P_165CH,1,x81zs_iso06_1,ch165,VG_MV_Poly/M0B_12/32_14/9_12X14_VGM0C/P_9_P_165CH,,,,,via chain -- out of scope,15,2,5,30,"0,-1:3;",,"2:5,1;8:11,4","vg,3:11[1],4|0,0,0,0.009",5;15,4;14,"0:14,0:1,0.062,plvt;0:14,2:3,0.062,nlvt;"
VIA_CHAIN-x-384,,VIA_CHAIN,,VG_MV_Poly/M0B_12/32_14/9_12X14_VGM0C/P_10_P_165CH,1,x81zs_iso06_1,ch165,VG_MV_Poly/M0B_12/32_14/9_12X14_VGM0C/P_10_P_165CH,,,,,via chain -- out of scope,15,2,5,30,"0,-1:3;",,"2:5,1;8:11,4","vg,3:11[1],4|0,0,0,0.010",5;15,4;14,"0:14,0:1,0.062,plvt;0:14,2:3,0.062,nlvt;"
VIA_CHAIN-x-385,,VIA_CHAIN,,VG_MV_Poly/M0B_12/32_14/9_12X14_VGM0C/P_11_P_165CH,1,x81zs_iso06_1,ch165,VG_MV_Poly/M0B_12/32_14/9_12X14_VGM0C/P_11_P_165CH,,,,,via chain -- out of scope,15,2,5,30,"0,-1:3;",,"2:5,1;8:11,4","vg,3:11[1],4|0,0,0,0.011",5;15,4;14,"0:14,0:1,0.062,plvt;0:14,2:3,0.062,nlvt;"
VIA_CHAIN-x-386,,VIA_CHAIN,,VG_MV_Poly/M0B_12/32_14/9_12X14_VGM0C/P_12_P_165CH,1,x81zs_iso06_1,ch165,VG_MV_Poly/M0B_12/32_14/9_12X14_VGM0C/P_12_P_165CH,,,,,via chain -- out of scope,15,2,5,30,"0,-1:3;",,"2:5,1;8:11,4","vg,3:11[1],4|0,0,0,0.012",5;15,4;14,"0:14,0:1,0.062,plvt;0:14,2:3,0.062,nlvt;"
VIA_CHAIN-x-387,,VIA_CHAIN,,VG_MV_Poly/M0B_12/32_14/9_12X14_VGM0C/N_-3_N_165CH,1,x81zs_iso06_1,ch165,VG_MV_Poly/M0B_12/32_14/9_12X14_VGM0C/N_-3_N_165CH,,,,,via chain -- out of scope,15,2,5,30,"0,-1:3;",,"2:5,1;8:11,4","vg,3:11[1],6|0,0,0,-0.003",5;15,6;16,"0:14,0:1,0.062,plvt;0:14,2:3,0.062,nlvt;"
VIA_CHAIN-x-388,,VIA_CHAIN,,VG_MV_Poly/M0B_12/32_14/9_12X14_VGM0C/N_-5_N_165CH,1,x81zs_iso06_1,ch165,VG_MV_Poly/M0B_12/32_14/9_12X14_VGM0C/N_-5_N_165CH,,,,,via chain -- out of scope,15,2,5,30,"0,-1:3;",,"2:5,1;8:11,4","vg,3:11[1],6|0,0,0,-0.005",5;15,6;16,"0:14,0:1,0.062,plvt;0:14,2:3,0.062,nlvt;"
VIA_CHAIN-x-389,,VIA_CHAIN,,VG_MV_Poly/M0B_12/32_14/9_12X14_VGM0C/N_-7_N_165CH,1,x81zs_iso06_1,ch165,VG_MV_Poly/M0B_12/32_14/9_12X14_VGM0C/N_-7_N_165CH,,,,,via chain -- out of scope,15,2,5,30,"0,-1:3;",,"2:5,1;8:11,4","vg,3:11[1],6|0,0,0,-0.007",5;15,6;16,"0:14,0:1,0.062,plvt;0:14,2:3,0.062,nlvt;"
VIA_CHAIN-x-390,,VIA_CHAIN,,VG_MV_Poly/M0B_12/32_14/9_12X14_VGM0C/N_-8_N_165CH,1,x81zs_iso06_1,ch165,VG_MV_Poly/M0B_12/32_14/9_12X14_VGM0C/N_-8_N_165CH,,,,,via chain -- out of scope,15,2,5,30,"0,-1:3;",,"2:5,1;8:11,4","vg,3:11[1],6|0,0,0,-0.008",5;15,6;16,"0:14,0:1,0.062,plvt;0:14,2:3,0.062,nlvt;"
VIA_CHAIN-x-391,,VIA_CHAIN,,VG_MV_Poly/M0B_12/32_14/9_12X14_VGM0C/N_-9_N_165CH,1,x81zs_iso06_1,ch165,VG_MV_Poly/M0B_12/32_14/9_12X14_VGM0C/N_-9_N_165CH,,,,,via chain -- out of scope,15,2,5,30,"0,-1:3;",,"2:5,1;8:11,4","vg,3:11[1],6|0,0,0,-0.009",5;15,6;16,"0:14,0:1,0.062,plvt;0:14,2:3,0.062,nlvt;"
VIA_CHAIN-x-392,,VIA_CHAIN,,VG_MV_Poly/M0B_12/32_14/9_12X14_VGM0C/N_-10_N_165CH,1,x81zs_iso06_1,ch165,VG_MV_Poly/M0B_12/32_14/9_12X14_VGM0C/N_-10_N_165CH,,,,,via chain -- out of scope,15,2,5,30,"0,-1:3;",,"2:5,1;8:11,4","vg,3:11[1],6|0,0,0,-0.010",5;15,6;16,"0:14,0:1,0.062,plvt;0:14,2:3,0.062,nlvt;"
VIA_CHAIN-x-393,,VIA_CHAIN,,VG_MV_Poly/M0B_12/32_14/9_12X14_VGM0C/N_-11_N_165CH,1,x81zs_iso06_1,ch165,VG_MV_Poly/M0B_12/32_14/9_12X14_VGM0C/N_-11_N_165CH,,,,,via chain -- out of scope,15,2,5,30,"0,-1:3;",,"2:5,1;8:11,4","vg,3:11[1],6|0,0,0,-0.011",5;15,6;16,"0:14,0:1,0.062,plvt;0:14,2:3,0.062,nlvt;"
VIA_CHAIN-x-394,,VIA_CHAIN,,VG_MV_Poly/M0B_12/32_14/9_12X14_VGM0C/N_-12_N_165CH,1,x81zs_iso06_1,ch165,VG_MV_Poly/M0B_12/32_14/9_12X14_VGM0C/N_-12_N_165CH,,,,,via chain -- out of scope,15,2,5,30,"0,-1:3;",,"2:5,1;8:11,4","vg,3:11[1],6|0,0,0,-0.012",5;15,6;16,"0:14,0:1,0.062,plvt;0:14,2:3,0.062,nlvt;"
VIA_CHAIN-x-395,,VIA_CHAIN,,VCR_MV_TCN/M0C_12/32_37/9_40.8X44_VCRM0B_-5_165H,1,x81zs_iso06_1,ch165,VCR_MV_TCN/M0C_12/32_37/9_40.8X44_VCRM0B_-5_165H,,,,,via chain -- out of scope,15,2,5,90,,,"4:10,-1:r0[1]",,4;6,5,
VIA_CHAIN-x-396,,VIA_CHAIN,,VCR_MV_TCN/M0C_12/32_37/9_40.8X44_VCRM0B_-7_165H,1,x81zs_iso06_1,ch165,VCR_MV_TCN/M0C_12/32_37/9_40.8X44_VCRM0B_-7_165H,,,,,via chain -- out of scope,15,2,5,90,,,"4:10,-1:r0[1]",,4;6,5,
VIA_CHAIN-x-397,,VIA_CHAIN,,VCR_MV_TCN/M0C_12/32_37/9_40.8X44_VCRM0B_-9_165H,1,x81zs_iso06_1,ch165,VCR_MV_TCN/M0C_12/32_37/9_40.8X44_VCRM0B_-9_165H,,,,,via chain -- out of scope,15,2,5,90,,,"4:10,-1:r0[1]",,4;6,5,
VIA_CHAIN-x-398,,VIA_CHAIN,,VCR_MV_TCN/M0C_12/32_37/9_40.8X44_VCRM0B_-11_165H,1,x81zs_iso06_1,ch165,VCR_MV_TCN/M0C_12/32_37/9_40.8X44_VCRM0B_-11_165H,,,,,via chain -- out of scope,15,2,5,90,,,"4:10,-1:r0[1]",,4;6,5,
VIA_CHAIN-x-399,,VIA_CHAIN,,VCR_MV_TCN/M0C_12/32_37/9_40.8X44_VCRM0B_-12_165H,1,x81zs_iso06_1,ch165,VCR_MV_TCN/M0C_12/32_37/9_40.8X44_VCRM0B_-12_165H,,,,,via chain -- out of scope,15,2,5,90,,,"4:10,-1:r0[1]",,4;6,5,
VIA_CHAIN-x-400,,VIA_CHAIN,,VCR_MV_TCN/M0C_12/32_37/9_40.8X44_VCRM0B_-13_165H,1,x81zs_iso06_1,ch165,VCR_MV_TCN/M0C_12/32_37/9_40.8X44_VCRM0B_-13_165H,,,,,via chain -- out of scope,15,2,5,90,,,"4:10,-1:r0[1]",,4;6,5,
VIA_CHAIN-x-401,,VIA_CHAIN,,VCR_MV_TCN/M0C_12/32_37/9_40.8X44_VCRM0B_-14_165H,1,x81zs_iso06_1,ch165,VCR_MV_TCN/M0C_12/32_37/9_40.8X44_VCRM0B_-14_165H,,,,,via chain -- out of scope,15,2,5,90,,,"4:10,-1:r0[1]",,4;6,5,
TCNTCN-A-20,TCNTCN132-NPZ5-L-A_TCN_OGD_CD_N2.png,TCNTCN,A,TCNTCN-<MOS>-A:TCN:OGD:CD:<SKEW>,4,x81zs_tcntcn01,ch132,TCNTCN132-NPZ5-L-A:TCN:OGD:CD:N2,CMOS TCNTCNPGD_SDR PLY length 2Diff tracks maximum density,5760,0.000173611,PGD ETE: 12 active TCN (VT) columns/unit x 2 LO<->HI tip-to-tip pair(s) each (LO1 tracks 4;16 vs HI1 tracks 9;11) = 24 LKG paths/unit; x 4x60 unit cells = 5760; Scalar = 1/5760,,24,4,4,60,"0:24[3],2:5",,"1:2/5:6/9:10/13:14/17:18/21:22,2/4/6","vt,1:2/5:6/9:10/13:14/17:18/21:22,4/9/11/16",4;16,9;11,"0:r0,0/3:4/7,0.046,plvt;0:r0,1:2/5:6,0.046,nlvt;"
TCNTCN-A-21,TCNTCN132-NPZ5-L-A_TCN_OGD_CD_NOM.png,TCNTCN,A,TCNTCN-<MOS>-A:TCN:OGD:CD:NOM,1,x81zs_tcntcn01,ch132,TCNTCN132-NPZ5-L-A:TCN:OGD:CD:NOM,CMOS TCNTCNPGD_SDR PLY length 2Diff tracks maximum density,5760,0.000173611,PGD ETE: 12 active TCN (VT) columns/unit x 2 LO<->HI tip-to-tip pair(s) each (LO1 tracks 4;16 vs HI1 tracks 9;11) = 24 LKG paths/unit; x 4x60 unit cells = 5760; Scalar = 1/5760,,24,4,4,60,"0:24[3],2:5",,"1:2/5:6/9:10/13:14/17:18/21:22,2/4/6","vt,1:2/5:6/9:10/13:14/17:18/21:22,4/9/11/16",4;16,9;11,"0:r0,0/3:4/7,0.046,plvt;0:r0,1:2/5:6,0.046,nlvt;"
TCNTCN-A-22,TCNTCN132-NPZ5-L-A_TCN_OGD_REG_N5.png,TCNTCN,A,TCNTCN-<MOS>-A:TCN:OGD:REG:<SKEW>,6,x81zs_tcntcn01,ch132,TCNTCN132-NPZ5-L-A:TCN:OGD:REG:N5,CMOS TCNTCNPGD_SDR PLY length 2Diff tracks maximum density,5760,0.000173611,PGD ETE: 12 active TCN (VT) columns/unit x 2 LO<->HI tip-to-tip pair(s) each (LO1 tracks 4;16 vs HI1 tracks 9;11) = 24 LKG paths/unit; x 4x60 unit cells = 5760; Scalar = 1/5760,,24,4,4,60,"0:24[3],2:5",,"1:2/5:6/9:10/13:14/17:18/21:22,2/4/6","vt,1:2/5:6/9:10/13:14/17:18/21:22,4/9/11/16",4;16,9;11,"0:r0,0/3:4/7,0.046,plvt;0:r0,1:2/5:6,0.046,nlvt;"
TCNTCN-A-23,TCNTCN132-NPZ5-L-A_TCN_OGD_REG_NOM.png,TCNTCN,A,TCNTCN-<MOS>-A:TCN:OGD:REG:NOM,1,x81zs_tcntcn01,ch132,TCNTCN132-NPZ5-L-A:TCN:OGD:REG:NOM,CMOS TCNTCNPGD_SDR PLY length 2Diff tracks maximum density,5760,0.000173611,PGD ETE: 12 active TCN (VT) columns/unit x 2 LO<->HI tip-to-tip pair(s) each (LO1 tracks 4;16 vs HI1 tracks 9;11) = 24 LKG paths/unit; x 4x60 unit cells = 5760; Scalar = 1/5760,,24,4,4,60,"0:24[3],2:5",,"1:2/5:6/9:10/13:14/17:18/21:22,2/4/6","vt,1:2/5:6/9:10/13:14/17:18/21:22,4/9/11/16",4;16,9;11,"0:r0,0/3:4/7,0.046,plvt;0:r0,1:2/5:6,0.046,nlvt;"
TCNTCN-A-24,TCNTCN132-NPZ5-L-A_NESTCP_PGD_CD_N2.png,TCNTCN,A,TCNTCN-<MOS>-A:NESTCP:PGD:CD:<SKEW>,7,x81zs_tcntcn01,ch132,TCNTCN132-NPZ5-L-A:NESTCP:PGD:CD:N2,CMOS TCNTCNPGD_SDR PLY length 2Diff tracks maximum density,5760,0.000173611,PGD ETE: 12 active TCN (VT) columns/unit x 2 LO<->HI tip-to-tip pair(s) each (LO1 tracks 4;16 vs HI1 tracks 9;11) = 24 LKG paths/unit; x 4x60 unit cells = 5760; Scalar = 1/5760,,24,4,4,60,"4:20[3],2:5;0/24,0:r0",,"1:2/5:6/9:10/13:14/17:18/21:22,2/4/6","vt,1:2/5:6/9:10/13:14/17:18/21:22,4/9/11/16",4;16,9;11,"0:r0,0/3:4/7,0.046,plvt;0:r0,1:2/5:6,0.046,nlvt;"
TCNTCN-A-25,TCNTCN132-NPZ5-L-A_NESTCP_PGD_CD_NOM.png,TCNTCN,A,TCNTCN-<MOS>-A:NESTCP:PGD:CD:NOM,1,x81zs_tcntcn01,ch132,TCNTCN132-NPZ5-L-A:NESTCP:PGD:CD:NOM,CMOS TCNTCNPGD_SDR PLY length 2Diff tracks maximum density,5760,0.000173611,PGD ETE: 12 active TCN (VT) columns/unit x 2 LO<->HI tip-to-tip pair(s) each (LO1 tracks 4;16 vs HI1 tracks 9;11) = 24 LKG paths/unit; x 4x60 unit cells = 5760; Scalar = 1/5760,,24,4,4,60,"4:20[3],2:5;0/24,0:r0",,"1:2/5:6/9:10/13:14/17:18/21:22,2/4/6","vt,1:2/5:6/9:10/13:14/17:18/21:22,4/9/11/16",4;16,9;11,"0:r0,0/3:4/7,0.046,plvt;0:r0,1:2/5:6,0.046,nlvt;"
TCNTCN-A-26,TCNTCN132-NPZ5-L-A_ESDTCP_PGD_CD_N2.png,TCNTCN,A,TCNTCN-<MOS>-A:ESDTCP:PGD:CD:<SKEW>,7,x81zs_tcntcn01,ch132,TCNTCN132-NPZ5-L-A:ESDTCP:PGD:CD:N2,CMOS TCNTCNPGD_SDR PLY length 2Diff tracks maximum density,5760,0.000173611,PGD ETE: 12 active TCN (VT) columns/unit x 2 LO<->HI tip-to-tip pair(s) each (LO1 tracks 4;16 vs HI1 tracks 9;11) = 24 LKG paths/unit; x 4x60 unit cells = 5760; Scalar = 1/5760,,24,4,4,60,"4:20[3],2:5;0/24,0:r0",,"1:2/5:6/9:10/13:14/17:18/21:22,2/4/6","vt,1:2/5:6/9:10/13:14/17:18/21:22,4/9/11/16",4;16,9;11,"0:r0,0/3:4/7,0.046,plvt;0:r0,1:2/5:6,0.046,nlvt;"
TCNTCN-A-27,TCNTCN132-NPZ5-L-A_ESDTCP_PGD_CD_NOM.png,TCNTCN,A,TCNTCN-<MOS>-A:ESDTCP:PGD:CD:NOM,1,x81zs_tcntcn01,ch132,TCNTCN132-NPZ5-L-A:ESDTCP:PGD:CD:NOM,CMOS TCNTCNPGD_SDR PLY length 2Diff tracks maximum density,5760,0.000173611,PGD ETE: 12 active TCN (VT) columns/unit x 2 LO<->HI tip-to-tip pair(s) each (LO1 tracks 4;16 vs HI1 tracks 9;11) = 24 LKG paths/unit; x 4x60 unit cells = 5760; Scalar = 1/5760,,24,4,4,60,"4:20[3],2:5;0/24,0:r0",,"1:2/5:6/9:10/13:14/17:18/21:22,2/4/6","vt,1:2/5:6/9:10/13:14/17:18/21:22,4/9/11/16",4;16,9;11,"0:r0,0/3:4/7,0.046,plvt;0:r0,1:2/5:6,0.046,nlvt;"
TCNTCN-A-28,TCNTCN132-NPZ5-L-A_NESESDTCP_PGD_CD_N2.png,TCNTCN,A,TCNTCN-<MOS>-A:NESESDTCP:PGD:CD:<SKEW>,7,x81zs_tcntcn01,ch132,TCNTCN132-NPZ5-L-A:NESESDTCP:PGD:CD:N2,CMOS TCNTCNPGD_SDR PLY length 2Diff tracks maximum density,5760,0.000173611,PGD ETE: 12 active TCN (VT) columns/unit x 2 LO<->HI tip-to-tip pair(s) each (LO1 tracks 4;16 vs HI1 tracks 9;11) = 24 LKG paths/unit; x 4x60 unit cells = 5760; Scalar = 1/5760,,24,4,4,60,"4:20[3],2:5;0/24,0:r0",,"1:2/5:6/9:10/13:14/17:18/21:22,2/4/6","vt,1:2/5:6/9:10/13:14/17:18/21:22,4/9/11/16",4;16,9;11,"0:r0,0/3:4/7,0.046,plvt;0:r0,1:2/5:6,0.046,nlvt;"
TCNTCN-A-29,TCNTCN132-NPZ5-L-A_NESESDTCP_PGD_CD_NOM.png,TCNTCN,A,TCNTCN-<MOS>-A:NESESDTCP:PGD:CD:NOM,1,x81zs_tcntcn01,ch132,TCNTCN132-NPZ5-L-A:NESESDTCP:PGD:CD:NOM,CMOS TCNTCNPGD_SDR PLY length 2Diff tracks maximum density,5760,0.000173611,PGD ETE: 12 active TCN (VT) columns/unit x 2 LO<->HI tip-to-tip pair(s) each (LO1 tracks 4;16 vs HI1 tracks 9;11) = 24 LKG paths/unit; x 4x60 unit cells = 5760; Scalar = 1/5760,,24,4,4,60,"4:20[3],2:5;0/24,0:r0",,"1:2/5:6/9:10/13:14/17:18/21:22,2/4/6","vt,1:2/5:6/9:10/13:14/17:18/21:22,4/9/11/16",4;16,9;11,"0:r0,0/3:4/7,0.046,plvt;0:r0,1:2/5:6,0.046,nlvt;"
TCNTCN-B-05,TCNTCN132-NPZ5-L-B_VCRNUB_PGD_CD_N5.png,TCNTCN,B,TCNTCN-<MOS>-B:VCRNUB:PGD:CD:<SKEW>,3,x81zs_tcntcn01,ch132,TCNTCN132-NPZ5-L-B:VCRNUB:PGD:CD:N5,CMOS TCNTCNPGD_SDR PLY length 1Diff tracks VCR CD skews without VCR Nub,5760,0.000173611,PGD ETE: 12 active TCN (VT) columns/unit x 2 LO<->HI tip-to-tip pair(s) each (LO1 tracks 6;14 vs HI1 tracks 4;16) = 24 LKG paths/unit; x 4x60 unit cells = 5760; Scalar = 1/5760,,24,4,4,60,"0:24[3],1:2/5:6",,,"vt,1:2/5:6/9:10/13:14/17:18/21:22,4/6/14/16",6;14,4;16,"0:r0,0:1/6:7,0.046,plvt;0:r0,2:5,0.046,nlvt;"
TCNTCN-B-06,TCNTCN132-NPZ5-L-B_VCRNUB_PGD_CD_NOM.png,TCNTCN,B,TCNTCN-<MOS>-B:VCRNUB:PGD:CD:NOM,1,x81zs_tcntcn01,ch132,TCNTCN132-NPZ5-L-B:VCRNUB:PGD:CD:NOM,CMOS TCNTCNPGD_SDR PLY length 1Diff tracks VCR CD skews without VCR Nub,5760,0.000173611,PGD ETE: 12 active TCN (VT) columns/unit x 2 LO<->HI tip-to-tip pair(s) each (LO1 tracks 6;14 vs HI1 tracks 4;16) = 24 LKG paths/unit; x 4x60 unit cells = 5760; Scalar = 1/5760,,24,4,4,60,"0:24[3],1:2/5:6",,,"vt,1:2/5:6/9:10/13:14/17:18/21:22,4/6/14/16",6;14,4;16,"0:r0,0:1/6:7,0.046,plvt;0:r0,2:5,0.046,nlvt;"
TCNTCN-B-07,TCNTCN165-NPZ7-L-B_VCR_PGD_DEN_1TRK_1PP.png,TCNTCN,B,TCNTCN-<MOS>-B:VCR:PGD:DEN:1TRK_1PP,1,x81zs_tcntcn01,ch165,TCNTCN165-NPZ7-L-B:VCR:PGD:DEN:1TRK_1PP,CMOS TCNTCNPGD_SDR PLY length 1Diff tracks VCR CD skews without VCR Nub,11520,8.68056e-05,PGD ETE: 24 active TCN (VT) columns/unit x 2 LO<->HI tip-to-tip pair(s) each (LO1 tracks 4;5;16;17 vs HI1 tracks 7;8;19;20) = 48 LKG paths/unit; x 4x60 unit cells = 11520; Scalar = 1/11520,,24,4,4,60,"0:24[3],1:2/5:6",,,"vt,1:2/5:6/9:10/13:14/17:18/21:22,4/8/16/20;vt,0:r0[3],5/7/17/19;vt,3:r0[3],5/7/17/19",4;5;16;17,7;8;19;20,"0:r0,0/3:4/7,0.062,plvt;0:r0,1:2/5:6,0.062,nlvt;"
TCNTCN-C-01,TCNTCN165-NPZ7-L-C_SDR_PGD_DEN_2TRK_1PP.png,TCNTCN,C,TCNTCN-<MOS>-C:SDR:PGD:DEN:2TRK_1PP,1,x81zs_tcntcn01,ch165,TCNTCN165-NPZ7-L-C:SDR:PGD:DEN:2TRK_1PP,CMOS TCNTCNPGD_SDR PLY length 2Diff tracks maximum density 4 TCN,11520,8.68056e-05,PGD ETE: 24 active TCN (VT) columns/unit x 2 LO<->HI tip-to-tip pair(s) each (LO1 tracks 4;7;17;20 vs HI1 tracks 11;12;13) = 48 LKG paths/unit; x 4x60 unit cells = 11520; Scalar = 1/11520,,24,4,4,60,"0:24[3],2:5",,"0:r0,2/4/6","vt,1:2/5:6/9:10/13:14/17:18/21:22,4/11/13/20;vt,0:r0[3],7/12/17;vt,3:r0[3],7/12/17",4;7;17;20,11;12;13,"0:r0,0/3:4/7,0.062,plvt;0:r0,1:2/5:6,0.062,nlvt;"
TCNTCN-C-02,TCNTCN132-NPZ5-L-C_TCP_PGD_CD_N2.png,TCNTCN,C,TCNTCN-<MOS>-C:TCP:PGD:CD:<SKEW>,4,x81zs_tcntcn01,ch132,TCNTCN132-NPZ5-L-C:TCP:PGD:CD:N2,CMOS TCNTCNPGD_SDR PLY length 2Diff tracks maximum density 4 TCN,11520,8.68056e-05,PGD ETE: 24 active TCN (VT) columns/unit x 2 LO<->HI tip-to-tip pair(s) each (LO1 tracks 4;6;14;16 vs HI1 tracks 9;10;11) = 48 LKG paths/unit; x 4x60 unit cells = 11520; Scalar = 1/11520,,24,4,4,60,"0:24[3],2:5",,"0:r0,2/4/6","vt,1:2/5:6/9:10/13:14/17:18/21:22,6/9/11/14;vt,0:r0[3],4/10/16;vt,3:r0[3],4/10/16",4;6;14;16,9;10;11,"0:r0,0/3:4/7,0.046,plvt;0:r0,1:2/5:6,0.046,nlvt;"
TCNTCN-C-03,TCNTCN132-NPZ5-L-C_TCP_PGD_CD_NOM.png,TCNTCN,C,TCNTCN-<MOS>-C:TCP:PGD:CD:NOM,1,x81zs_tcntcn01,ch132,TCNTCN132-NPZ5-L-C:TCP:PGD:CD:NOM,CMOS TCNTCNPGD_SDR PLY length 2Diff tracks maximum density 4 TCN,11520,8.68056e-05,PGD ETE: 24 active TCN (VT) columns/unit x 2 LO<->HI tip-to-tip pair(s) each (LO1 tracks 4;6;14;16 vs HI1 tracks 9;10;11) = 48 LKG paths/unit; x 4x60 unit cells = 11520; Scalar = 1/11520,,24,4,4,60,"0:24[3],2:5",,"0:r0,2/4/6","vt,1:2/5:6/9:10/13:14/17:18/21:22,6/9/11/14;vt,0:r0[3],4/10/16;vt,3:r0[3],4/10/16",4;6;14;16,9;10;11,"0:r0,0/3:4/7,0.046,plvt;0:r0,1:2/5:6,0.046,nlvt;"
TCNTCN-D-01,TCNTCN132-NPZ5-L-D_SDR_PGD_DEN_2TRK_1PP.png,TCNTCN,D,TCNTCN-<MOS>-D:SDR:PGD:DEN:2TRK_1PP,1,x81zs_tcntcn01,ch132,TCNTCN132-NPZ5-L-D:SDR:PGD:DEN:2TRK_1PP,CMOS TCNTCNPGD_SDR PLY length 2Diff tracks maximum density VT closer to fail area,5760,0.000173611,PGD ETE: 12 active TCN (VT) columns/unit x 2 LO<->HI tip-to-tip pair(s) each (LO1 tracks 6;14 vs HI1 tracks 9;11) = 24 LKG paths/unit; x 4x60 unit cells = 5760; Scalar = 1/5760,,24,4,4,60,"0:24[3],2:5",,"1:2/5:6/9:10/13:14/17:18/21:22,2/4/6","vt,1:2/5:6/9:10/13:14/17:18/21:22,6/9/11/14",6;14,9;11,"0:r0,0/3:4/7,0.046,plvt;0:r0,1:2/5:6,0.046,nlvt;"
TCNTCN-C-04,TCNTCN165-NPZ7-L-C_DENTCP_PGD_CD_N2.png,TCNTCN,C,TCNTCN-<MOS>-C:DENTCP:PGD:CD:<SKEW>,4,x81zs_tcntcn01,ch165,TCNTCN165-NPZ7-L-C:DENTCP:PGD:CD:N2,CMOS TCNTCNPGD_SDR PLY length 2Diff tracks maximum density 4 TCN,11520,8.68056e-05,PGD ETE: 24 active TCN (VT) columns/unit x 2 LO<->HI tip-to-tip pair(s) each (LO1 tracks 4;7;17;20 vs HI1 tracks 11;12;13) = 48 LKG paths/unit; x 4x60 unit cells = 11520; Scalar = 1/11520,,24,4,4,60,"0:24[3],2:5",,"0:r0,2/4/6","vt,1:2/5:6/9:10/13:14/17:18/21:22,4/11/13/20;vt,0:r0[3],7/12/17;vt,3:r0[3],7/12/17",4;7;17;20,11;12;13,"0:r0,0/3:4/7,0.062,plvt;0:r0,1:2/5:6,0.062,nlvt;"
TCNTCN-C-05,TCNTCN165-NPZ7-L-C_DENTCP_PGD_CD_NOM.png,TCNTCN,C,TCNTCN-<MOS>-C:DENTCP:PGD:CD:NOM,1,x81zs_tcntcn01,ch165,TCNTCN165-NPZ7-L-C:DENTCP:PGD:CD:NOM,CMOS TCNTCNPGD_SDR PLY length 2Diff tracks maximum density 4 TCN,11520,8.68056e-05,PGD ETE: 24 active TCN (VT) columns/unit x 2 LO<->HI tip-to-tip pair(s) each (LO1 tracks 4;7;17;20 vs HI1 tracks 11;12;13) = 48 LKG paths/unit; x 4x60 unit cells = 11520; Scalar = 1/11520,,24,4,4,60,"0:24[3],2:5",,"0:r0,2/4/6","vt,1:2/5:6/9:10/13:14/17:18/21:22,4/11/13/20;vt,0:r0[3],7/12/17;vt,3:r0[3],7/12/17",4;7;17;20,11;12;13,"0:r0,0/3:4/7,0.062,plvt;0:r0,1:2/5:6,0.062,nlvt;"
TCNTCN-C-06,TCNTCN165-NPZ7-L-C_DENTCP_OGD_CD_N2.png,TCNTCN,C,TCNTCN-<MOS>-C:DENTCP:OGD:CD:<SKEW>,4,x81zs_tcntcn01,ch165,TCNTCN165-NPZ7-L-C:DENTCP:OGD:CD:N2,CMOS TCNTCNPGD_SDR PLY length 2Diff tracks maximum density 4 TCN,11520,8.68056e-05,PGD ETE: 24 active TCN (VT) columns/unit x 2 LO<->HI tip-to-tip pair(s) each (LO1 tracks 4;7;17;20 vs HI1 tracks 11;12;13) = 48 LKG paths/unit; x 4x60 unit cells = 11520; Scalar = 1/11520,,24,4,4,60,"0:24[3],2:5",,"0:r0,2/4/6","vt,1:2/5:6/9:10/13:14/17:18/21:22,4/11/13/20;vt,0:r0[3],7/12/17;vt,3:r0[3],7/12/17",4;7;17;20,11;12;13,"0:r0,0/3:4/7,0.062,plvt;0:r0,1:2/5:6,0.062,nlvt;"
TCNTCN-C-07,TCNTCN165-NPZ7-L-C_DENTCP_OGD_CD_NOM.png,TCNTCN,C,TCNTCN-<MOS>-C:DENTCP:OGD:CD:NOM,1,x81zs_tcntcn01,ch165,TCNTCN165-NPZ7-L-C:DENTCP:OGD:CD:NOM,CMOS TCNTCNPGD_SDR PLY length 2Diff tracks maximum density 4 TCN,11520,8.68056e-05,PGD ETE: 24 active TCN (VT) columns/unit x 2 LO<->HI tip-to-tip pair(s) each (LO1 tracks 4;7;17;20 vs HI1 tracks 11;12;13) = 48 LKG paths/unit; x 4x60 unit cells = 11520; Scalar = 1/11520,,24,4,4,60,"0:24[3],2:5",,"0:r0,2/4/6","vt,1:2/5:6/9:10/13:14/17:18/21:22,4/11/13/20;vt,0:r0[3],7/12/17;vt,3:r0[3],7/12/17",4;7;17;20,11;12;13,"0:r0,0/3:4/7,0.062,plvt;0:r0,1:2/5:6,0.062,nlvt;"
