TestRow,StructureName,Family,Type,Variant,FailModes,Scalar,Formula,Notes,fti_intervals_per_unit,gate_cols_per_unit,gates_per_unit,overlap_tracks_per_gate,sdr_ref_per_unit,fail_modes_per_unit,chain_len,active_vg_gates,stacked_groups,vg_cols,interior_fti_cols_per_unit,device_cells,fti_track_cuts_per_unit,active_cols_per_unit,ete_pairs_per_unit,pairs_per_col,lo_tracks,hi_tracks
x81zs_ctg01,CTG110-NZ1-H-A:SDR:OGD:REF:2TRK,CTG,A,CTG-<MOS>-A:SDR:OGD:REF:2TRK,10800,9.25926e-05,"OGD CTG: 18 active VG gates/unit on 18 columns (6 FTI intervals) x 2 diff tracks on which an active (VT) TCN flanks the gate = 36 fail modes/unit (one per gate per track, either side); x 5x60 unit cells = 10800; Scalar = 1/10800",,6,18,18,2,36,36,,,,,,,,,,,,
x81zs_ctg01,CTG110-NPZ1-H-A:SDR:OGD:REF:2TRK,CTG,A,CTG-<MOS>-A:SDR:OGD:REF:2TRK,10800,9.25926e-05,"OGD CTG: 18 active VG gates/unit on 18 columns (6 FTI intervals) x 2 diff tracks on which an active (VT) TCN flanks the gate = 36 fail modes/unit (one per gate per track, either side); x 5x60 unit cells = 10800; Scalar = 1/10800",,6,18,18,2,36,36,,,,,,,,,,,,
x81zs_ctg01,CTG110-PZ1-H-A:SDR:OGD:REF:2TRK,CTG,A,CTG-<MOS>-A:SDR:OGD:REF:2TRK,10800,9.25926e-05,"OGD CTG: 18 active VG gates/unit on 18 columns (6 FTI intervals) x 2 diff tracks on which an active (VT) TCN flanks the gate = 36 fail modes/unit (one per gate per track, either side); x 5x60 unit cells = 10800; Scalar = 1/10800",,6,18,18,2,36,36,,,,,,,,,,,,
x81zs_ctg01,CTG110-NZ1-S-A:SDR:OGD:REF:2TRK,CTG,A,CTG-<MOS>-A:SDR:OGD:REF:2TRK,10800,9.25926e-05,"OGD CTG: 18 active VG gates/unit on 18 columns (6 FTI intervals) x 2 diff tracks on which an active (VT) TCN flanks the gate = 36 fail modes/unit (one per gate per track, either side); x 5x60 unit cells = 10800; Scalar = 1/10800",,6,18,18,2,36,36,,,,,,,,,,,,
x81zs_ctg01,CTG110-NPZ1-S-A:SDR:OGD:REF:2TRK,CTG,A,CTG-<MOS>-A:SDR:OGD:REF:2TRK,10800,9.25926e-05,"OGD CTG: 18 active VG gates/unit on 18 columns (6 FTI intervals) x 2 diff tracks on which an active (VT) TCN flanks the gate = 36 fail modes/unit (one per gate per track, either side); x 5x60 unit cells = 10800; Scalar = 1/10800",,6,18,18,2,36,36,,,,,,,,,,,,
x81zs_ctg01,CTG110-PZ1-S-A:SDR:OGD:REF:2TRK,CTG,A,CTG-<MOS>-A:SDR:OGD:REF:2TRK,10800,9.25926e-05,"OGD CTG: 18 active VG gates/unit on 18 columns (6 FTI intervals) x 2 diff tracks on which an active (VT) TCN flanks the gate = 36 fail modes/unit (one per gate per track, either side); x 5x60 unit cells = 10800; Scalar = 1/10800",,6,18,18,2,36,36,,,,,,,,,,,,
x81zs_ctg01,CTG110-NZ1-L-A:SDR:OGD:REF:2TRK,CTG,A,CTG-<MOS>-A:SDR:OGD:REF:2TRK,10800,9.25926e-05,"OGD CTG: 18 active VG gates/unit on 18 columns (6 FTI intervals) x 2 diff tracks on which an active (VT) TCN flanks the gate = 36 fail modes/unit (one per gate per track, either side); x 5x60 unit cells = 10800; Scalar = 1/10800",,6,18,18,2,36,36,,,,,,,,,,,,
x81zs_ctg01,CTG110-NPZ1-L-A:SDR:OGD:REF:2TRK,CTG,A,CTG-<MOS>-A:SDR:OGD:REF:2TRK,10800,9.25926e-05,"OGD CTG: 18 active VG gates/unit on 18 columns (6 FTI intervals) x 2 diff tracks on which an active (VT) TCN flanks the gate = 36 fail modes/unit (one per gate per track, either side); x 5x60 unit cells = 10800; Scalar = 1/10800",,6,18,18,2,36,36,,,,,,,,,,,,
x81zs_ctg01,CTG110-PZ1-L-A:SDR:OGD:REF:2TRK,CTG,A,CTG-<MOS>-A:SDR:OGD:REF:2TRK,10800,9.25926e-05,"OGD CTG: 18 active VG gates/unit on 18 columns (6 FTI intervals) x 2 diff tracks on which an active (VT) TCN flanks the gate = 36 fail modes/unit (one per gate per track, either side); x 5x60 unit cells = 10800; Scalar = 1/10800",,6,18,18,2,36,36,,,,,,,,,,,,
x81zs_ctg01,CTG110-NZ1-UL-A:SDR:OGD:REF:2TRK,CTG,A,CTG-<MOS>-A:SDR:OGD:REF:2TRK,10800,9.25926e-05,"OGD CTG: 18 active VG gates/unit on 18 columns (6 FTI intervals) x 2 diff tracks on which an active (VT) TCN flanks the gate = 36 fail modes/unit (one per gate per track, either side); x 5x60 unit cells = 10800; Scalar = 1/10800",,6,18,18,2,36,36,,,,,,,,,,,,
x81zs_ctg01,CTG110-NPZ1-UL-A:SDR:OGD:REF:2TRK,CTG,A,CTG-<MOS>-A:SDR:OGD:REF:2TRK,10800,9.25926e-05,"OGD CTG: 18 active VG gates/unit on 18 columns (6 FTI intervals) x 2 diff tracks on which an active (VT) TCN flanks the gate = 36 fail modes/unit (one per gate per track, either side); x 5x60 unit cells = 10800; Scalar = 1/10800",,6,18,18,2,36,36,,,,,,,,,,,,
x81zs_ctg01,CTG110-PZ1-UL-A:SDR:OGD:REF:2TRK,CTG,A,CTG-<MOS>-A:SDR:OGD:REF:2TRK,10800,9.25926e-05,"OGD CTG: 18 active VG gates/unit on 18 columns (6 FTI intervals) x 2 diff tracks on which an active (VT) TCN flanks the gate = 36 fail modes/unit (one per gate per track, either side); x 5x60 unit cells = 10800; Scalar = 1/10800",,6,18,18,2,36,36,,,,,,,,,,,,
x81zs_ctg01,CTG110-NZ1-U-A:SDR:OGD:REF:2TRK,CTG,A,CTG-<MOS>-A:SDR:OGD:REF:2TRK,10800,9.25926e-05,"OGD CTG: 18 active VG gates/unit on 18 columns (6 FTI intervals) x 2 diff tracks on which an active (VT) TCN flanks the gate = 36 fail modes/unit (one per gate per track, either side); x 5x60 unit cells = 10800; Scalar = 1/10800",,6,18,18,2,36,36,,,,,,,,,,,,
x81zs_ctg01,CTG110-NPZ1-U-A:SDR:OGD:REF:2TRK,CTG,A,CTG-<MOS>-A:SDR:OGD:REF:2TRK,10800,9.25926e-05,"OGD CTG: 18 active VG gates/unit on 18 columns (6 FTI intervals) x 2 diff tracks on which an active (VT) TCN flanks the gate = 36 fail modes/unit (one per gate per track, either side); x 5x60 unit cells = 10800; Scalar = 1/10800",,6,18,18,2,36,36,,,,,,,,,,,,
x81zs_ctg01,CTG110-PZ1-U-A:SDR:OGD:REF:2TRK,CTG,A,CTG-<MOS>-A:SDR:OGD:REF:2TRK,10800,9.25926e-05,"OGD CTG: 18 active VG gates/unit on 18 columns (6 FTI intervals) x 2 diff tracks on which an active (VT) TCN flanks the gate = 36 fail modes/unit (one per gate per track, either side); x 5x60 unit cells = 10800; Scalar = 1/10800",,6,18,18,2,36,36,,,,,,,,,,,,
x81zs_ctg01,CTG110-NZ1-E-A:SDR:OGD:REF:2TRK,CTG,A,CTG-<MOS>-A:SDR:OGD:REF:2TRK,10800,9.25926e-05,"OGD CTG: 18 active VG gates/unit on 18 columns (6 FTI intervals) x 2 diff tracks on which an active (VT) TCN flanks the gate = 36 fail modes/unit (one per gate per track, either side); x 5x60 unit cells = 10800; Scalar = 1/10800",,6,18,18,2,36,36,,,,,,,,,,,,
x81zs_ctg01,CTG110-NPZ1-E-A:SDR:OGD:REF:2TRK,CTG,A,CTG-<MOS>-A:SDR:OGD:REF:2TRK,10800,9.25926e-05,"OGD CTG: 18 active VG gates/unit on 18 columns (6 FTI intervals) x 2 diff tracks on which an active (VT) TCN flanks the gate = 36 fail modes/unit (one per gate per track, either side); x 5x60 unit cells = 10800; Scalar = 1/10800",,6,18,18,2,36,36,,,,,,,,,,,,
x81zs_ctg01,CTG110-PZ1-E-A:SDR:OGD:REF:2TRK,CTG,A,CTG-<MOS>-A:SDR:OGD:REF:2TRK,10800,9.25926e-05,"OGD CTG: 18 active VG gates/unit on 18 columns (6 FTI intervals) x 2 diff tracks on which an active (VT) TCN flanks the gate = 36 fail modes/unit (one per gate per track, either side); x 5x60 unit cells = 10800; Scalar = 1/10800",,6,18,18,2,36,36,,,,,,,,,,,,
x81zs_ctg01,CTG110-NZ3-H-A:SDR:OGD:REF:2TRK,CTG,A,CTG-<MOS>-A:SDR:OGD:REF:2TRK,10800,9.25926e-05,"OGD CTG: 18 active VG gates/unit on 18 columns (6 FTI intervals) x 2 diff tracks on which an active (VT) TCN flanks the gate = 36 fail modes/unit (one per gate per track, either side); x 5x60 unit cells = 10800; Scalar = 1/10800",,6,18,18,2,36,36,,,,,,,,,,,,
x81zs_ctg01,CTG110-NPZ3-H-A:SDR:OGD:REF:2TRK,CTG,A,CTG-<MOS>-A:SDR:OGD:REF:2TRK,10800,9.25926e-05,"OGD CTG: 18 active VG gates/unit on 18 columns (6 FTI intervals) x 2 diff tracks on which an active (VT) TCN flanks the gate = 36 fail modes/unit (one per gate per track, either side); x 5x60 unit cells = 10800; Scalar = 1/10800",,6,18,18,2,36,36,,,,,,,,,,,,
x81zs_ctg01,CTG110-PZ3-H-A:SDR:OGD:REF:2TRK,CTG,A,CTG-<MOS>-A:SDR:OGD:REF:2TRK,10800,9.25926e-05,"OGD CTG: 18 active VG gates/unit on 18 columns (6 FTI intervals) x 2 diff tracks on which an active (VT) TCN flanks the gate = 36 fail modes/unit (one per gate per track, either side); x 5x60 unit cells = 10800; Scalar = 1/10800",,6,18,18,2,36,36,,,,,,,,,,,,
x81zs_ctg01,CTG110-NZ3-S-A:SDR:OGD:REF:2TRK,CTG,A,CTG-<MOS>-A:SDR:OGD:REF:2TRK,10800,9.25926e-05,"OGD CTG: 18 active VG gates/unit on 18 columns (6 FTI intervals) x 2 diff tracks on which an active (VT) TCN flanks the gate = 36 fail modes/unit (one per gate per track, either side); x 5x60 unit cells = 10800; Scalar = 1/10800",,6,18,18,2,36,36,,,,,,,,,,,,
x81zs_ctg01,CTG110-NPZ3-S-A:SDR:OGD:REF:2TRK,CTG,A,CTG-<MOS>-A:SDR:OGD:REF:2TRK,10800,9.25926e-05,"OGD CTG: 18 active VG gates/unit on 18 columns (6 FTI intervals) x 2 diff tracks on which an active (VT) TCN flanks the gate = 36 fail modes/unit (one per gate per track, either side); x 5x60 unit cells = 10800; Scalar = 1/10800",,6,18,18,2,36,36,,,,,,,,,,,,
x81zs_ctg01,CTG110-PZ3-S-A:SDR:OGD:REF:2TRK,CTG,A,CTG-<MOS>-A:SDR:OGD:REF:2TRK,10800,9.25926e-05,"OGD CTG: 18 active VG gates/unit on 18 columns (6 FTI intervals) x 2 diff tracks on which an active (VT) TCN flanks the gate = 36 fail modes/unit (one per gate per track, either side); x 5x60 unit cells = 10800; Scalar = 1/10800",,6,18,18,2,36,36,,,,,,,,,,,,
x81zs_ctg01,CTG110-NZ3-L-A:SDR:OGD:REF:2TRK,CTG,A,CTG-<MOS>-A:SDR:OGD:REF:2TRK,10800,9.25926e-05,"OGD CTG: 18 active VG gates/unit on 18 columns (6 FTI intervals) x 2 diff tracks on which an active (VT) TCN flanks the gate = 36 fail modes/unit (one per gate per track, either side); x 5x60 unit cells = 10800; Scalar = 1/10800",,6,18,18,2,36,36,,,,,,,,,,,,
x81zs_ctg01,CTG110-NPZ3-L-A:SDR:OGD:REF:2TRK,CTG,A,CTG-<MOS>-A:SDR:OGD:REF:2TRK,10800,9.25926e-05,"OGD CTG: 18 active VG gates/unit on 18 columns (6 FTI intervals) x 2 diff tracks on which an active (VT) TCN flanks the gate = 36 fail modes/unit (one per gate per track, either side); x 5x60 unit cells = 10800; Scalar = 1/10800",,6,18,18,2,36,36,,,,,,,,,,,,
x81zs_ctg01,CTG110-PZ3-L-A:SDR:OGD:REF:2TRK,CTG,A,CTG-<MOS>-A:SDR:OGD:REF:2TRK,10800,9.25926e-05,"OGD CTG: 18 active VG gates/unit on 18 columns (6 FTI intervals) x 2 diff tracks on which an active (VT) TCN flanks the gate = 36 fail modes/unit (one per gate per track, either side); x 5x60 unit cells = 10800; Scalar = 1/10800",,6,18,18,2,36,36,,,,,,,,,,,,
x81zs_ctg01,CTG110-NZ3-UL-A:SDR:OGD:REF:2TRK,CTG,A,CTG-<MOS>-A:SDR:OGD:REF:2TRK,10800,9.25926e-05,"OGD CTG: 18 active VG gates/unit on 18 columns (6 FTI intervals) x 2 diff tracks on which an active (VT) TCN flanks the gate = 36 fail modes/unit (one per gate per track, either side); x 5x60 unit cells = 10800; Scalar = 1/10800",,6,18,18,2,36,36,,,,,,,,,,,,
x81zs_ctg01,CTG110-NPZ3-UL-A:SDR:OGD:REF:2TRK,CTG,A,CTG-<MOS>-A:SDR:OGD:REF:2TRK,10800,9.25926e-05,"OGD CTG: 18 active VG gates/unit on 18 columns (6 FTI intervals) x 2 diff tracks on which an active (VT) TCN flanks the gate = 36 fail modes/unit (one per gate per track, either side); x 5x60 unit cells = 10800; Scalar = 1/10800",,6,18,18,2,36,36,,,,,,,,,,,,
x81zs_ctg01,CTG110-PZ3-UL-A:SDR:OGD:REF:2TRK,CTG,A,CTG-<MOS>-A:SDR:OGD:REF:2TRK,10800,9.25926e-05,"OGD CTG: 18 active VG gates/unit on 18 columns (6 FTI intervals) x 2 diff tracks on which an active (VT) TCN flanks the gate = 36 fail modes/unit (one per gate per track, either side); x 5x60 unit cells = 10800; Scalar = 1/10800",,6,18,18,2,36,36,,,,,,,,,,,,
x81zs_ctg01,CTG110-NZ3-U-A:SDR:OGD:REF:2TRK,CTG,A,CTG-<MOS>-A:SDR:OGD:REF:2TRK,10800,9.25926e-05,"OGD CTG: 18 active VG gates/unit on 18 columns (6 FTI intervals) x 2 diff tracks on which an active (VT) TCN flanks the gate = 36 fail modes/unit (one per gate per track, either side); x 5x60 unit cells = 10800; Scalar = 1/10800",,6,18,18,2,36,36,,,,,,,,,,,,
x81zs_ctg01,CTG110-NPZ3-U-A:SDR:OGD:REF:2TRK,CTG,A,CTG-<MOS>-A:SDR:OGD:REF:2TRK,10800,9.25926e-05,"OGD CTG: 18 active VG gates/unit on 18 columns (6 FTI intervals) x 2 diff tracks on which an active (VT) TCN flanks the gate = 36 fail modes/unit (one per gate per track, either side); x 5x60 unit cells = 10800; Scalar = 1/10800",,6,18,18,2,36,36,,,,,,,,,,,,
x81zs_ctg01,CTG110-PZ3-U-A:SDR:OGD:REF:2TRK,CTG,A,CTG-<MOS>-A:SDR:OGD:REF:2TRK,10800,9.25926e-05,"OGD CTG: 18 active VG gates/unit on 18 columns (6 FTI intervals) x 2 diff tracks on which an active (VT) TCN flanks the gate = 36 fail modes/unit (one per gate per track, either side); x 5x60 unit cells = 10800; Scalar = 1/10800",,6,18,18,2,36,36,,,,,,,,,,,,
x81zs_ctg01,CTG110-NZ3-E-A:SDR:OGD:REF:2TRK,CTG,A,CTG-<MOS>-A:SDR:OGD:REF:2TRK,10800,9.25926e-05,"OGD CTG: 18 active VG gates/unit on 18 columns (6 FTI intervals) x 2 diff tracks on which an active (VT) TCN flanks the gate = 36 fail modes/unit (one per gate per track, either side); x 5x60 unit cells = 10800; Scalar = 1/10800",,6,18,18,2,36,36,,,,,,,,,,,,
x81zs_ctg01,CTG110-NPZ3-E-A:SDR:OGD:REF:2TRK,CTG,A,CTG-<MOS>-A:SDR:OGD:REF:2TRK,10800,9.25926e-05,"OGD CTG: 18 active VG gates/unit on 18 columns (6 FTI intervals) x 2 diff tracks on which an active (VT) TCN flanks the gate = 36 fail modes/unit (one per gate per track, either side); x 5x60 unit cells = 10800; Scalar = 1/10800",,6,18,18,2,36,36,,,,,,,,,,,,
x81zs_ctg01,CTG110-PZ3-E-A:SDR:OGD:REF:2TRK,CTG,A,CTG-<MOS>-A:SDR:OGD:REF:2TRK,10800,9.25926e-05,"OGD CTG: 18 active VG gates/unit on 18 columns (6 FTI intervals) x 2 diff tracks on which an active (VT) TCN flanks the gate = 36 fail modes/unit (one per gate per track, either side); x 5x60 unit cells = 10800; Scalar = 1/10800",,6,18,18,2,36,36,,,,,,,,,,,,
x81zs_ctg01,CTG132-NZ5-H-A:SDR:OGD:REF:2TRK,CTG,A,CTG-<MOS>-A:SDR:OGD:REF:2TRK,10800,9.25926e-05,"OGD CTG: 18 active VG gates/unit on 18 columns (6 FTI intervals) x 2 diff tracks on which an active (VT) TCN flanks the gate = 36 fail modes/unit (one per gate per track, either side); x 5x60 unit cells = 10800; Scalar = 1/10800",,6,18,18,2,36,36,,,,,,,,,,,,
x81zs_ctg01,CTG132-NPZ5-H-A:SDR:OGD:REF:2TRK,CTG,A,CTG-<MOS>-A:SDR:OGD:REF:2TRK,10800,9.25926e-05,"OGD CTG: 18 active VG gates/unit on 18 columns (6 FTI intervals) x 2 diff tracks on which an active (VT) TCN flanks the gate = 36 fail modes/unit (one per gate per track, either side); x 5x60 unit cells = 10800; Scalar = 1/10800",,6,18,18,2,36,36,,,,,,,,,,,,
x81zs_ctg01,CTG132-PZ5-H-A:SDR:OGD:REF:2TRK,CTG,A,CTG-<MOS>-A:SDR:OGD:REF:2TRK,10800,9.25926e-05,"OGD CTG: 18 active VG gates/unit on 18 columns (6 FTI intervals) x 2 diff tracks on which an active (VT) TCN flanks the gate = 36 fail modes/unit (one per gate per track, either side); x 5x60 unit cells = 10800; Scalar = 1/10800",,6,18,18,2,36,36,,,,,,,,,,,,
x81zs_ctg01,CTG132-NZ5-S-A:SDR:OGD:REF:2TRK,CTG,A,CTG-<MOS>-A:SDR:OGD:REF:2TRK,10800,9.25926e-05,"OGD CTG: 18 active VG gates/unit on 18 columns (6 FTI intervals) x 2 diff tracks on which an active (VT) TCN flanks the gate = 36 fail modes/unit (one per gate per track, either side); x 5x60 unit cells = 10800; Scalar = 1/10800",,6,18,18,2,36,36,,,,,,,,,,,,
x81zs_ctg01,CTG132-NPZ5-S-A:SDR:OGD:REF:2TRK,CTG,A,CTG-<MOS>-A:SDR:OGD:REF:2TRK,10800,9.25926e-05,"OGD CTG: 18 active VG gates/unit on 18 columns (6 FTI intervals) x 2 diff tracks on which an active (VT) TCN flanks the gate = 36 fail modes/unit (one per gate per track, either side); x 5x60 unit cells = 10800; Scalar = 1/10800",,6,18,18,2,36,36,,,,,,,,,,,,
x81zs_ctg01,CTG132-PZ5-S-A:SDR:OGD:REF:2TRK,CTG,A,CTG-<MOS>-A:SDR:OGD:REF:2TRK,10800,9.25926e-05,"OGD CTG: 18 active VG gates/unit on 18 columns (6 FTI intervals) x 2 diff tracks on which an active (VT) TCN flanks the gate = 36 fail modes/unit (one per gate per track, either side); x 5x60 unit cells = 10800; Scalar = 1/10800",,6,18,18,2,36,36,,,,,,,,,,,,
x81zs_ctg01,CTG132-NZ5-L-A:SDR:OGD:REF:2TRK,CTG,A,CTG-<MOS>-A:SDR:OGD:REF:2TRK,10800,9.25926e-05,"OGD CTG: 18 active VG gates/unit on 18 columns (6 FTI intervals) x 2 diff tracks on which an active (VT) TCN flanks the gate = 36 fail modes/unit (one per gate per track, either side); x 5x60 unit cells = 10800; Scalar = 1/10800",,6,18,18,2,36,36,,,,,,,,,,,,
x81zs_ctg01,CTG132-NPZ5-L-A:SDR:OGD:REF:2TRK,CTG,A,CTG-<MOS>-A:SDR:OGD:REF:2TRK,10800,9.25926e-05,"OGD CTG: 18 active VG gates/unit on 18 columns (6 FTI intervals) x 2 diff tracks on which an active (VT) TCN flanks the gate = 36 fail modes/unit (one per gate per track, either side); x 5x60 unit cells = 10800; Scalar = 1/10800",,6,18,18,2,36,36,,,,,,,,,,,,
x81zs_ctg01,CTG132-PZ5-L-A:SDR:OGD:REF:2TRK,CTG,A,CTG-<MOS>-A:SDR:OGD:REF:2TRK,10800,9.25926e-05,"OGD CTG: 18 active VG gates/unit on 18 columns (6 FTI intervals) x 2 diff tracks on which an active (VT) TCN flanks the gate = 36 fail modes/unit (one per gate per track, either side); x 5x60 unit cells = 10800; Scalar = 1/10800",,6,18,18,2,36,36,,,,,,,,,,,,
x81zs_ctg01,CTG132-NZ5-UL-A:SDR:OGD:REF:2TRK,CTG,A,CTG-<MOS>-A:SDR:OGD:REF:2TRK,10800,9.25926e-05,"OGD CTG: 18 active VG gates/unit on 18 columns (6 FTI intervals) x 2 diff tracks on which an active (VT) TCN flanks the gate = 36 fail modes/unit (one per gate per track, either side); x 5x60 unit cells = 10800; Scalar = 1/10800",,6,18,18,2,36,36,,,,,,,,,,,,
x81zs_ctg01,CTG132-NPZ5-UL-A:SDR:OGD:REF:2TRK,CTG,A,CTG-<MOS>-A:SDR:OGD:REF:2TRK,10800,9.25926e-05,"OGD CTG: 18 active VG gates/unit on 18 columns (6 FTI intervals) x 2 diff tracks on which an active (VT) TCN flanks the gate = 36 fail modes/unit (one per gate per track, either side); x 5x60 unit cells = 10800; Scalar = 1/10800",,6,18,18,2,36,36,,,,,,,,,,,,
x81zs_ctg01,CTG132-PZ5-UL-A:SDR:OGD:REF:2TRK,CTG,A,CTG-<MOS>-A:SDR:OGD:REF:2TRK,10800,9.25926e-05,"OGD CTG: 18 active VG gates/unit on 18 columns (6 FTI intervals) x 2 diff tracks on which an active (VT) TCN flanks the gate = 36 fail modes/unit (one per gate per track, either side); x 5x60 unit cells = 10800; Scalar = 1/10800",,6,18,18,2,36,36,,,,,,,,,,,,
x81zs_ctg01,CTG132-NZ5-U-A:SDR:OGD:REF:2TRK,CTG,A,CTG-<MOS>-A:SDR:OGD:REF:2TRK,10800,9.25926e-05,"OGD CTG: 18 active VG gates/unit on 18 columns (6 FTI intervals) x 2 diff tracks on which an active (VT) TCN flanks the gate = 36 fail modes/unit (one per gate per track, either side); x 5x60 unit cells = 10800; Scalar = 1/10800",,6,18,18,2,36,36,,,,,,,,,,,,
x81zs_ctg01,CTG132-NPZ5-U-A:SDR:OGD:REF:2TRK,CTG,A,CTG-<MOS>-A:SDR:OGD:REF:2TRK,10800,9.25926e-05,"OGD CTG: 18 active VG gates/unit on 18 columns (6 FTI intervals) x 2 diff tracks on which an active (VT) TCN flanks the gate = 36 fail modes/unit (one per gate per track, either side); x 5x60 unit cells = 10800; Scalar = 1/10800",,6,18,18,2,36,36,,,,,,,,,,,,
x81zs_ctg01,CTG132-PZ5-U-A:SDR:OGD:REF:2TRK,CTG,A,CTG-<MOS>-A:SDR:OGD:REF:2TRK,10800,9.25926e-05,"OGD CTG: 18 active VG gates/unit on 18 columns (6 FTI intervals) x 2 diff tracks on which an active (VT) TCN flanks the gate = 36 fail modes/unit (one per gate per track, either side); x 5x60 unit cells = 10800; Scalar = 1/10800",,6,18,18,2,36,36,,,,,,,,,,,,
x81zs_ctg01,CTG132-NZ5-E-A:SDR:OGD:REF:2TRK,CTG,A,CTG-<MOS>-A:SDR:OGD:REF:2TRK,10800,9.25926e-05,"OGD CTG: 18 active VG gates/unit on 18 columns (6 FTI intervals) x 2 diff tracks on which an active (VT) TCN flanks the gate = 36 fail modes/unit (one per gate per track, either side); x 5x60 unit cells = 10800; Scalar = 1/10800",,6,18,18,2,36,36,,,,,,,,,,,,
x81zs_ctg01,CTG132-NPZ5-E-A:SDR:OGD:REF:2TRK,CTG,A,CTG-<MOS>-A:SDR:OGD:REF:2TRK,10800,9.25926e-05,"OGD CTG: 18 active VG gates/unit on 18 columns (6 FTI intervals) x 2 diff tracks on which an active (VT) TCN flanks the gate = 36 fail modes/unit (one per gate per track, either side); x 5x60 unit cells = 10800; Scalar = 1/10800",,6,18,18,2,36,36,,,,,,,,,,,,
x81zs_ctg01,CTG132-PZ5-E-A:SDR:OGD:REF:2TRK,CTG,A,CTG-<MOS>-A:SDR:OGD:REF:2TRK,10800,9.25926e-05,"OGD CTG: 18 active VG gates/unit on 18 columns (6 FTI intervals) x 2 diff tracks on which an active (VT) TCN flanks the gate = 36 fail modes/unit (one per gate per track, either side); x 5x60 unit cells = 10800; Scalar = 1/10800",,6,18,18,2,36,36,,,,,,,,,,,,
x81zs_ctg01,CTG165-NZ7-H-A:SDR:OGD:REF:2TRK,CTG,A,CTG-<MOS>-A:SDR:OGD:REF:2TRK,10800,9.25926e-05,"OGD CTG: 18 active VG gates/unit on 18 columns (6 FTI intervals) x 2 diff tracks on which an active (VT) TCN flanks the gate = 36 fail modes/unit (one per gate per track, either side); x 5x60 unit cells = 10800; Scalar = 1/10800",VT tracks [17] are not in LO1ActiveTracks [15]; all VT treated as LO | VG tracks [7] are not in HI1ActiveTracks [6],6,18,18,2,36,36,,,,,,,,,,,,
x81zs_ctg01,CTG165-NPZ7-H-A:SDR:OGD:REF:2TRK,CTG,A,CTG-<MOS>-A:SDR:OGD:REF:2TRK,10800,9.25926e-05,"OGD CTG: 18 active VG gates/unit on 18 columns (6 FTI intervals) x 2 diff tracks on which an active (VT) TCN flanks the gate = 36 fail modes/unit (one per gate per track, either side); x 5x60 unit cells = 10800; Scalar = 1/10800",,6,18,18,2,36,36,,,,,,,,,,,,
x81zs_ctg01,CTG165-PZ7-H-A:SDR:OGD:REF:2TRK,CTG,A,CTG-<MOS>-A:SDR:OGD:REF:2TRK,10800,9.25926e-05,"OGD CTG: 18 active VG gates/unit on 18 columns (6 FTI intervals) x 2 diff tracks on which an active (VT) TCN flanks the gate = 36 fail modes/unit (one per gate per track, either side); x 5x60 unit cells = 10800; Scalar = 1/10800",VT tracks [17] are not in LO1ActiveTracks [15]; all VT treated as LO | VG tracks [7] are not in HI1ActiveTracks [6],6,18,18,2,36,36,,,,,,,,,,,,
x81zs_ctg01,CTG165-NZ7-S-A:SDR:OGD:REF:2TRK,CTG,A,CTG-<MOS>-A:SDR:OGD:REF:2TRK,10800,9.25926e-05,"OGD CTG: 18 active VG gates/unit on 18 columns (6 FTI intervals) x 2 diff tracks on which an active (VT) TCN flanks the gate = 36 fail modes/unit (one per gate per track, either side); x 5x60 unit cells = 10800; Scalar = 1/10800",VT tracks [17] are not in LO1ActiveTracks [15]; all VT treated as LO | VG tracks [7] are not in HI1ActiveTracks [6],6,18,18,2,36,36,,,,,,,,,,,,
x81zs_ctg01,CTG165-NPZ7-S-A:SDR:OGD:REF:2TRK,CTG,A,CTG-<MOS>-A:SDR:OGD:REF:2TRK,10800,9.25926e-05,"OGD CTG: 18 active VG gates/unit on 18 columns (6 FTI intervals) x 2 diff tracks on which an active (VT) TCN flanks the gate = 36 fail modes/unit (one per gate per track, either side); x 5x60 unit cells = 10800; Scalar = 1/10800",,6,18,18,2,36,36,,,,,,,,,,,,
x81zs_ctg01,CTG165-PZ7-S-A:SDR:OGD:REF:2TRK,CTG,A,CTG-<MOS>-A:SDR:OGD:REF:2TRK,10800,9.25926e-05,"OGD CTG: 18 active VG gates/unit on 18 columns (6 FTI intervals) x 2 diff tracks on which an active (VT) TCN flanks the gate = 36 fail modes/unit (one per gate per track, either side); x 5x60 unit cells = 10800; Scalar = 1/10800",VT tracks [17] are not in LO1ActiveTracks [15]; all VT treated as LO | VG tracks [7] are not in HI1ActiveTracks [6],6,18,18,2,36,36,,,,,,,,,,,,
x81zs_ctg01,CTG165-NZ7-L-A:SDR:OGD:REF:2TRK,CTG,A,CTG-<MOS>-A:SDR:OGD:REF:2TRK,10800,9.25926e-05,"OGD CTG: 18 active VG gates/unit on 18 columns (6 FTI intervals) x 2 diff tracks on which an active (VT) TCN flanks the gate = 36 fail modes/unit (one per gate per track, either side); x 5x60 unit cells = 10800; Scalar = 1/10800",VT tracks [17] are not in LO1ActiveTracks [15]; all VT treated as LO | VG tracks [7] are not in HI1ActiveTracks [6],6,18,18,2,36,36,,,,,,,,,,,,
x81zs_ctg01,CTG165-NPZ7-L-A:SDR:OGD:REF:2TRK,CTG,A,CTG-<MOS>-A:SDR:OGD:REF:2TRK,10800,9.25926e-05,"OGD CTG: 18 active VG gates/unit on 18 columns (6 FTI intervals) x 2 diff tracks on which an active (VT) TCN flanks the gate = 36 fail modes/unit (one per gate per track, either side); x 5x60 unit cells = 10800; Scalar = 1/10800",,6,18,18,2,36,36,,,,,,,,,,,,
x81zs_ctg01,CTG165-PZ7-L-A:SDR:OGD:REF:2TRK,CTG,A,CTG-<MOS>-A:SDR:OGD:REF:2TRK,10800,9.25926e-05,"OGD CTG: 18 active VG gates/unit on 18 columns (6 FTI intervals) x 2 diff tracks on which an active (VT) TCN flanks the gate = 36 fail modes/unit (one per gate per track, either side); x 5x60 unit cells = 10800; Scalar = 1/10800",VT tracks [17] are not in LO1ActiveTracks [15]; all VT treated as LO | VG tracks [7] are not in HI1ActiveTracks [6],6,18,18,2,36,36,,,,,,,,,,,,
x81zs_ctg01,CTG165-NZ7-UL-A:SDR:OGD:REF:2TRK,CTG,A,CTG-<MOS>-A:SDR:OGD:REF:2TRK,10800,9.25926e-05,"OGD CTG: 18 active VG gates/unit on 18 columns (6 FTI intervals) x 2 diff tracks on which an active (VT) TCN flanks the gate = 36 fail modes/unit (one per gate per track, either side); x 5x60 unit cells = 10800; Scalar = 1/10800",VT tracks [17] are not in LO1ActiveTracks [15]; all VT treated as LO | VG tracks [7] are not in HI1ActiveTracks [6],6,18,18,2,36,36,,,,,,,,,,,,
x81zs_ctg01,CTG165-NPZ7-UL-A:SDR:OGD:REF:2TRK,CTG,A,CTG-<MOS>-A:SDR:OGD:REF:2TRK,10800,9.25926e-05,"OGD CTG: 18 active VG gates/unit on 18 columns (6 FTI intervals) x 2 diff tracks on which an active (VT) TCN flanks the gate = 36 fail modes/unit (one per gate per track, either side); x 5x60 unit cells = 10800; Scalar = 1/10800",,6,18,18,2,36,36,,,,,,,,,,,,
x81zs_ctg01,CTG165-PZ7-UL-A:SDR:OGD:REF:2TRK,CTG,A,CTG-<MOS>-A:SDR:OGD:REF:2TRK,10800,9.25926e-05,"OGD CTG: 18 active VG gates/unit on 18 columns (6 FTI intervals) x 2 diff tracks on which an active (VT) TCN flanks the gate = 36 fail modes/unit (one per gate per track, either side); x 5x60 unit cells = 10800; Scalar = 1/10800",VT tracks [17] are not in LO1ActiveTracks [15]; all VT treated as LO | VG tracks [7] are not in HI1ActiveTracks [6],6,18,18,2,36,36,,,,,,,,,,,,
x81zs_ctg01,CTG165-NZ7-U-A:SDR:OGD:REF:2TRK,CTG,A,CTG-<MOS>-A:SDR:OGD:REF:2TRK,10800,9.25926e-05,"OGD CTG: 18 active VG gates/unit on 18 columns (6 FTI intervals) x 2 diff tracks on which an active (VT) TCN flanks the gate = 36 fail modes/unit (one per gate per track, either side); x 5x60 unit cells = 10800; Scalar = 1/10800",VT tracks [17] are not in LO1ActiveTracks [15]; all VT treated as LO | VG tracks [7] are not in HI1ActiveTracks [6],6,18,18,2,36,36,,,,,,,,,,,,
x81zs_ctg01,CTG165-NPZ7-U-A:SDR:OGD:REF:2TRK,CTG,A,CTG-<MOS>-A:SDR:OGD:REF:2TRK,10800,9.25926e-05,"OGD CTG: 18 active VG gates/unit on 18 columns (6 FTI intervals) x 2 diff tracks on which an active (VT) TCN flanks the gate = 36 fail modes/unit (one per gate per track, either side); x 5x60 unit cells = 10800; Scalar = 1/10800",,6,18,18,2,36,36,,,,,,,,,,,,
x81zs_ctg01,CTG165-PZ7-U-A:SDR:OGD:REF:2TRK,CTG,A,CTG-<MOS>-A:SDR:OGD:REF:2TRK,10800,9.25926e-05,"OGD CTG: 18 active VG gates/unit on 18 columns (6 FTI intervals) x 2 diff tracks on which an active (VT) TCN flanks the gate = 36 fail modes/unit (one per gate per track, either side); x 5x60 unit cells = 10800; Scalar = 1/10800",VT tracks [17] are not in LO1ActiveTracks [15]; all VT treated as LO | VG tracks [7] are not in HI1ActiveTracks [6],6,18,18,2,36,36,,,,,,,,,,,,
x81zs_ctg01,CTG165-NZ7-E-A:SDR:OGD:REF:2TRK,CTG,A,CTG-<MOS>-A:SDR:OGD:REF:2TRK,10800,9.25926e-05,"OGD CTG: 18 active VG gates/unit on 18 columns (6 FTI intervals) x 2 diff tracks on which an active (VT) TCN flanks the gate = 36 fail modes/unit (one per gate per track, either side); x 5x60 unit cells = 10800; Scalar = 1/10800",VT tracks [17] are not in LO1ActiveTracks [15]; all VT treated as LO | VG tracks [7] are not in HI1ActiveTracks [6],6,18,18,2,36,36,,,,,,,,,,,,
x81zs_ctg01,CTG165-NPZ7-E-A:SDR:OGD:REF:2TRK,CTG,A,CTG-<MOS>-A:SDR:OGD:REF:2TRK,10800,9.25926e-05,"OGD CTG: 18 active VG gates/unit on 18 columns (6 FTI intervals) x 2 diff tracks on which an active (VT) TCN flanks the gate = 36 fail modes/unit (one per gate per track, either side); x 5x60 unit cells = 10800; Scalar = 1/10800",,6,18,18,2,36,36,,,,,,,,,,,,
x81zs_ctg01,CTG165-PZ7-E-A:SDR:OGD:REF:2TRK,CTG,A,CTG-<MOS>-A:SDR:OGD:REF:2TRK,10800,9.25926e-05,"OGD CTG: 18 active VG gates/unit on 18 columns (6 FTI intervals) x 2 diff tracks on which an active (VT) TCN flanks the gate = 36 fail modes/unit (one per gate per track, either side); x 5x60 unit cells = 10800; Scalar = 1/10800",VT tracks [17] are not in LO1ActiveTracks [15]; all VT treated as LO | VG tracks [7] are not in HI1ActiveTracks [6],6,18,18,2,36,36,,,,,,,,,,,,
x81zs_ctg01,CTG132-NZ5-L-B:NGLK:OGD:REF:2TRK,CTG,B,CTG-<MOS>-B:NGLK:OGD:REF:2TRK,10800,9.25926e-05,"OGD CTG: 36 active VG gates/unit on 18 columns (6 FTI intervals) x 1 diff tracks on which an active (VT) TCN flanks the gate = 36 fail modes/unit (one per gate per track, either side); x 5x60 unit cells = 10800; Scalar = 1/10800",,6,18,36,1,36,36,,,,,,,,,,,,
x81zs_ctg01,CTG132-NPZ5-L-B:NGLK:OGD:REF:2TRK,CTG,B,CTG-<MOS>-B:NGLK:OGD:REF:2TRK,10800,9.25926e-05,"OGD CTG: 36 active VG gates/unit on 18 columns (6 FTI intervals) x 1 diff tracks on which an active (VT) TCN flanks the gate = 36 fail modes/unit (one per gate per track, either side); x 5x60 unit cells = 10800; Scalar = 1/10800",,6,18,36,1,36,36,,,,,,,,,,,,
x81zs_ctg01,CTG132-PZ5-L-B:NGLK:OGD:REF:2TRK,CTG,B,CTG-<MOS>-B:NGLK:OGD:REF:2TRK,10800,9.25926e-05,"OGD CTG: 36 active VG gates/unit on 18 columns (6 FTI intervals) x 1 diff tracks on which an active (VT) TCN flanks the gate = 36 fail modes/unit (one per gate per track, either side); x 5x60 unit cells = 10800; Scalar = 1/10800",,6,18,36,1,36,36,,,,,,,,,,,,
x81zs_ctg01,CTG165-NZ7-L-B:NGLK:OGD:REF:2TRK,CTG,B,CTG-<MOS>-B:NGLK:OGD:REF:2TRK,10800,9.25926e-05,"OGD CTG: 36 active VG gates/unit on 18 columns (6 FTI intervals) x 1 diff tracks on which an active (VT) TCN flanks the gate = 36 fail modes/unit (one per gate per track, either side); x 5x60 unit cells = 10800; Scalar = 1/10800",,6,18,36,1,36,36,,,,,,,,,,,,
x81zs_ctg01,CTG165-NPZ7-L-B:NGLK:OGD:REF:2TRK,CTG,B,CTG-<MOS>-B:NGLK:OGD:REF:2TRK,10800,9.25926e-05,"OGD CTG: 36 active VG gates/unit on 18 columns (6 FTI intervals) x 1 diff tracks on which an active (VT) TCN flanks the gate = 36 fail modes/unit (one per gate per track, either side); x 5x60 unit cells = 10800; Scalar = 1/10800",,6,18,36,1,36,36,,,,,,,,,,,,
x81zs_ctg01,CTG165-PZ7-L-B:NGLK:OGD:REF:2TRK,CTG,B,CTG-<MOS>-B:NGLK:OGD:REF:2TRK,10800,9.25926e-05,"OGD CTG: 36 active VG gates/unit on 18 columns (6 FTI intervals) x 1 diff tracks on which an active (VT) TCN flanks the gate = 36 fail modes/unit (one per gate per track, either side); x 5x60 unit cells = 10800; Scalar = 1/10800",,6,18,36,1,36,36,,,,,,,,,,,,
x81zs_ctg01,CTG132-NZ5-L-C:NTLK:OGD:REF:2TRK,CTG,C,CTG-<MOS>-C:NTLK:OGD:REF:2TRK,10800,9.25926e-05,"OGD CTG: 36 active VG gates/unit on 18 columns (6 FTI intervals) x 1 diff tracks on which an active (VT) TCN flanks the gate = 36 fail modes/unit (one per gate per track, either side); x 5x60 unit cells = 10800; Scalar = 1/10800",,6,18,36,1,36,36,,,,,,,,,,,,
x81zs_ctg01,CTG132-NPZ5-L-C:NTLK:OGD:REF:2TRK,CTG,C,CTG-<MOS>-C:NTLK:OGD:REF:2TRK,10800,9.25926e-05,"OGD CTG: 36 active VG gates/unit on 18 columns (6 FTI intervals) x 1 diff tracks on which an active (VT) TCN flanks the gate = 36 fail modes/unit (one per gate per track, either side); x 5x60 unit cells = 10800; Scalar = 1/10800",,6,18,36,1,36,36,,,,,,,,,,,,
x81zs_ctg01,CTG132-PZ5-L-C:NTLK:OGD:REF:2TRK,CTG,C,CTG-<MOS>-C:NTLK:OGD:REF:2TRK,10800,9.25926e-05,"OGD CTG: 36 active VG gates/unit on 18 columns (6 FTI intervals) x 1 diff tracks on which an active (VT) TCN flanks the gate = 36 fail modes/unit (one per gate per track, either side); x 5x60 unit cells = 10800; Scalar = 1/10800",,6,18,36,1,36,36,,,,,,,,,,,,
x81zs_ctg01,CTG165-NZ7-L-C:NTLK:OGD:REF:2TRK,CTG,C,CTG-<MOS>-C:NTLK:OGD:REF:2TRK,10800,9.25926e-05,"OGD CTG: 36 active VG gates/unit on 18 columns (6 FTI intervals) x 1 diff tracks on which an active (VT) TCN flanks the gate = 36 fail modes/unit (one per gate per track, either side); x 5x60 unit cells = 10800; Scalar = 1/10800",,6,18,36,1,36,36,,,,,,,,,,,,
x81zs_ctg01,CTG165-NPZ7-L-C:NTLK:OGD:REF:2TRK,CTG,C,CTG-<MOS>-C:NTLK:OGD:REF:2TRK,10800,9.25926e-05,"OGD CTG: 36 active VG gates/unit on 18 columns (6 FTI intervals) x 1 diff tracks on which an active (VT) TCN flanks the gate = 36 fail modes/unit (one per gate per track, either side); x 5x60 unit cells = 10800; Scalar = 1/10800",,6,18,36,1,36,36,,,,,,,,,,,,
x81zs_ctg01,CTG165-PZ7-L-C:NTLK:OGD:REF:2TRK,CTG,C,CTG-<MOS>-C:NTLK:OGD:REF:2TRK,10800,9.25926e-05,"OGD CTG: 36 active VG gates/unit on 18 columns (6 FTI intervals) x 1 diff tracks on which an active (VT) TCN flanks the gate = 36 fail modes/unit (one per gate per track, either side); x 5x60 unit cells = 10800; Scalar = 1/10800",,6,18,36,1,36,36,,,,,,,,,,,,
x81zs_ctg01,CTG132-NZ5-L-D:NLNK:OGD:REF:1TRK,CTG,D,CTG-<MOS>-D:NLNK:OGD:REF:1TRK,21600,4.62963e-05,"OGD CTG: 72 active VG gates/unit on 18 columns (6 FTI intervals) x 1 diff tracks on which an active (VT) TCN flanks the gate = 72 fail modes/unit (one per gate per track, either side); x 5x60 unit cells = 21600; Scalar = 1/21600",geometric count 72/unit differs from type-A SDR reference 36/unit,6,18,72,1,36,72,,,,,,,,,,,,
x81zs_ctg01,CTG132-NPZ5-L-D:NLNK:OGD:REF:1TRK,CTG,D,CTG-<MOS>-D:NLNK:OGD:REF:1TRK,21600,4.62963e-05,"OGD CTG: 72 active VG gates/unit on 18 columns (6 FTI intervals) x 1 diff tracks on which an active (VT) TCN flanks the gate = 72 fail modes/unit (one per gate per track, either side); x 5x60 unit cells = 21600; Scalar = 1/21600",geometric count 72/unit differs from type-A SDR reference 36/unit,6,18,72,1,36,72,,,,,,,,,,,,
x81zs_ctg01,CTG132-PZ5-L-D:NLNK:OGD:REF:1TRK,CTG,D,CTG-<MOS>-D:NLNK:OGD:REF:1TRK,21600,4.62963e-05,"OGD CTG: 72 active VG gates/unit on 18 columns (6 FTI intervals) x 1 diff tracks on which an active (VT) TCN flanks the gate = 72 fail modes/unit (one per gate per track, either side); x 5x60 unit cells = 21600; Scalar = 1/21600",geometric count 72/unit differs from type-A SDR reference 36/unit,6,18,72,1,36,72,,,,,,,,,,,,
x81zs_ctg01,CTG165-NZ7-L-D:NLNK:OGD:REF:1TRK,CTG,D,CTG-<MOS>-D:NLNK:OGD:REF:1TRK,21600,4.62963e-05,"OGD CTG: 72 active VG gates/unit on 18 columns (6 FTI intervals) x 1 diff tracks on which an active (VT) TCN flanks the gate = 72 fail modes/unit (one per gate per track, either side); x 5x60 unit cells = 21600; Scalar = 1/21600",geometric count 72/unit differs from type-A SDR reference 36/unit,6,18,72,1,36,72,,,,,,,,,,,,
x81zs_ctg01,CTG165-NPZ7-L-D:NLNK:OGD:REF:1TRK,CTG,D,CTG-<MOS>-D:NLNK:OGD:REF:1TRK,21600,4.62963e-05,"OGD CTG: 72 active VG gates/unit on 18 columns (6 FTI intervals) x 1 diff tracks on which an active (VT) TCN flanks the gate = 72 fail modes/unit (one per gate per track, either side); x 5x60 unit cells = 21600; Scalar = 1/21600",geometric count 72/unit differs from type-A SDR reference 36/unit,6,18,72,1,36,72,,,,,,,,,,,,
x81zs_ctg01,CTG165-PZ7-L-D:NLNK:OGD:REF:1TRK,CTG,D,CTG-<MOS>-D:NLNK:OGD:REF:1TRK,21600,4.62963e-05,"OGD CTG: 72 active VG gates/unit on 18 columns (6 FTI intervals) x 1 diff tracks on which an active (VT) TCN flanks the gate = 72 fail modes/unit (one per gate per track, either side); x 5x60 unit cells = 21600; Scalar = 1/21600",geometric count 72/unit differs from type-A SDR reference 36/unit,6,18,72,1,36,72,,,,,,,,,,,,
x81zs_ctg02,CTG110-NZ1-L-E:VCR:PGD:CD:N4,CTG,E,CTG-<MOS>-E:VCR:PGD:CD:<SKEW>,21600,4.62963e-05,"OGD CTG: 36 active VG gates/unit on 18 columns (6 FTI intervals) x 2 diff tracks on which an active (VT) TCN flanks the gate = 72 fail modes/unit (one per gate per track, either side); x 5x60 unit cells = 21600; Scalar = 1/21600",geometric count 72/unit differs from type-A SDR reference 36/unit,6,18,36,2,36,72,,,,,,,,,,,,
x81zs_ctg02,CTG110-NPZ1-L-E:VCR:PGD:CD:N4,CTG,E,CTG-<MOS>-E:VCR:PGD:CD:<SKEW>,21600,4.62963e-05,"OGD CTG: 36 active VG gates/unit on 18 columns (6 FTI intervals) x 2 diff tracks on which an active (VT) TCN flanks the gate = 72 fail modes/unit (one per gate per track, either side); x 5x60 unit cells = 21600; Scalar = 1/21600",geometric count 72/unit differs from type-A SDR reference 36/unit,6,18,36,2,36,72,,,,,,,,,,,,
x81zs_ctg02,CTG110-PZ1-L-E:VCR:PGD:CD:N4,CTG,E,CTG-<MOS>-E:VCR:PGD:CD:<SKEW>,21600,4.62963e-05,"OGD CTG: 36 active VG gates/unit on 18 columns (6 FTI intervals) x 2 diff tracks on which an active (VT) TCN flanks the gate = 72 fail modes/unit (one per gate per track, either side); x 5x60 unit cells = 21600; Scalar = 1/21600",geometric count 72/unit differs from type-A SDR reference 36/unit,6,18,36,2,36,72,,,,,,,,,,,,
x81zs_ctg02,CTG110-NZ1-L-E:VCR:PGD:CD:N2,CTG,E,CTG-<MOS>-E:VCR:PGD:CD:<SKEW>,21600,4.62963e-05,"OGD CTG: 36 active VG gates/unit on 18 columns (6 FTI intervals) x 2 diff tracks on which an active (VT) TCN flanks the gate = 72 fail modes/unit (one per gate per track, either side); x 5x60 unit cells = 21600; Scalar = 1/21600",geometric count 72/unit differs from type-A SDR reference 36/unit,6,18,36,2,36,72,,,,,,,,,,,,
x81zs_ctg02,CTG110-NPZ1-L-E:VCR:PGD:CD:N2,CTG,E,CTG-<MOS>-E:VCR:PGD:CD:<SKEW>,21600,4.62963e-05,"OGD CTG: 36 active VG gates/unit on 18 columns (6 FTI intervals) x 2 diff tracks on which an active (VT) TCN flanks the gate = 72 fail modes/unit (one per gate per track, either side); x 5x60 unit cells = 21600; Scalar = 1/21600",geometric count 72/unit differs from type-A SDR reference 36/unit,6,18,36,2,36,72,,,,,,,,,,,,
x81zs_ctg02,CTG110-PZ1-L-E:VCR:PGD:CD:N2,CTG,E,CTG-<MOS>-E:VCR:PGD:CD:<SKEW>,21600,4.62963e-05,"OGD CTG: 36 active VG gates/unit on 18 columns (6 FTI intervals) x 2 diff tracks on which an active (VT) TCN flanks the gate = 72 fail modes/unit (one per gate per track, either side); x 5x60 unit cells = 21600; Scalar = 1/21600",geometric count 72/unit differs from type-A SDR reference 36/unit,6,18,36,2,36,72,,,,,,,,,,,,
x81zs_ctg02,CTG110-NZ1-L-E:VCR:PGD:CD:0,CTG,E,CTG-<MOS>-E:VCR:PGD:CD:0,21600,4.62963e-05,"OGD CTG: 36 active VG gates/unit on 18 columns (6 FTI intervals) x 2 diff tracks on which an active (VT) TCN flanks the gate = 72 fail modes/unit (one per gate per track, either side); x 5x60 unit cells = 21600; Scalar = 1/21600",geometric count 72/unit differs from type-A SDR reference 36/unit,6,18,36,2,36,72,,,,,,,,,,,,
x81zs_ctg02,CTG110-NPZ1-L-E:VCR:PGD:CD:0,CTG,E,CTG-<MOS>-E:VCR:PGD:CD:0,21600,4.62963e-05,"OGD CTG: 36 active VG gates/unit on 18 columns (6 FTI intervals) x 2 diff tracks on which an active (VT) TCN flanks the gate = 72 fail modes/unit (one per gate per track, either side); x 5x60 unit cells = 21600; Scalar = 1/21600",geometric count 72/unit differs from type-A SDR reference 36/unit,6,18,36,2,36,72,,,,,,,,,,,,
x81zs_ctg02,CTG110-PZ1-L-E:VCR:PGD:CD:0,CTG,E,CTG-<MOS>-E:VCR:PGD:CD:0,21600,4.62963e-05,"OGD CTG: 36 active VG gates/unit on 18 columns (6 FTI intervals) x 2 diff tracks on which an active (VT) TCN flanks the gate = 72 fail modes/unit (one per gate per track, either side); x 5x60 unit cells = 21600; Scalar = 1/21600",geometric count 72/unit differs from type-A SDR reference 36/unit,6,18,36,2,36,72,,,,,,,,,,,,
x81zs_ctg02,CTG110-NZ1-L-E:VCR:PGD:CD:P2,CTG,E,CTG-<MOS>-E:VCR:PGD:CD:<SKEW>,21600,4.62963e-05,"OGD CTG: 36 active VG gates/unit on 18 columns (6 FTI intervals) x 2 diff tracks on which an active (VT) TCN flanks the gate = 72 fail modes/unit (one per gate per track, either side); x 5x60 unit cells = 21600; Scalar = 1/21600",geometric count 72/unit differs from type-A SDR reference 36/unit,6,18,36,2,36,72,,,,,,,,,,,,
x81zs_ctg02,CTG110-NPZ1-L-E:VCR:PGD:CD:P2,CTG,E,CTG-<MOS>-E:VCR:PGD:CD:<SKEW>,21600,4.62963e-05,"OGD CTG: 36 active VG gates/unit on 18 columns (6 FTI intervals) x 2 diff tracks on which an active (VT) TCN flanks the gate = 72 fail modes/unit (one per gate per track, either side); x 5x60 unit cells = 21600; Scalar = 1/21600",geometric count 72/unit differs from type-A SDR reference 36/unit,6,18,36,2,36,72,,,,,,,,,,,,
x81zs_ctg02,CTG110-PZ1-L-E:VCR:PGD:CD:P2,CTG,E,CTG-<MOS>-E:VCR:PGD:CD:<SKEW>,21600,4.62963e-05,"OGD CTG: 36 active VG gates/unit on 18 columns (6 FTI intervals) x 2 diff tracks on which an active (VT) TCN flanks the gate = 72 fail modes/unit (one per gate per track, either side); x 5x60 unit cells = 21600; Scalar = 1/21600",geometric count 72/unit differs from type-A SDR reference 36/unit,6,18,36,2,36,72,,,,,,,,,,,,
x81zs_ctg02,CTG110-NZ1-L-E:VCR:PGD:CD:P4,CTG,E,CTG-<MOS>-E:VCR:PGD:CD:<SKEW>,21600,4.62963e-05,"OGD CTG: 36 active VG gates/unit on 18 columns (6 FTI intervals) x 2 diff tracks on which an active (VT) TCN flanks the gate = 72 fail modes/unit (one per gate per track, either side); x 5x60 unit cells = 21600; Scalar = 1/21600",geometric count 72/unit differs from type-A SDR reference 36/unit,6,18,36,2,36,72,,,,,,,,,,,,
x81zs_ctg02,CTG110-NPZ1-L-E:VCR:PGD:CD:P4,CTG,E,CTG-<MOS>-E:VCR:PGD:CD:<SKEW>,21600,4.62963e-05,"OGD CTG: 36 active VG gates/unit on 18 columns (6 FTI intervals) x 2 diff tracks on which an active (VT) TCN flanks the gate = 72 fail modes/unit (one per gate per track, either side); x 5x60 unit cells = 21600; Scalar = 1/21600",geometric count 72/unit differs from type-A SDR reference 36/unit,6,18,36,2,36,72,,,,,,,,,,,,
x81zs_ctg02,CTG110-PZ1-L-E:VCR:PGD:CD:P4,CTG,E,CTG-<MOS>-E:VCR:PGD:CD:<SKEW>,21600,4.62963e-05,"OGD CTG: 36 active VG gates/unit on 18 columns (6 FTI intervals) x 2 diff tracks on which an active (VT) TCN flanks the gate = 72 fail modes/unit (one per gate per track, either side); x 5x60 unit cells = 21600; Scalar = 1/21600",geometric count 72/unit differs from type-A SDR reference 36/unit,6,18,36,2,36,72,,,,,,,,,,,,
x81zs_ctg02,CTG110-NZ1-L-E:VCR:PGD:CD:P6,CTG,E,CTG-<MOS>-E:VCR:PGD:CD:<SKEW>,21600,4.62963e-05,"OGD CTG: 36 active VG gates/unit on 18 columns (6 FTI intervals) x 2 diff tracks on which an active (VT) TCN flanks the gate = 72 fail modes/unit (one per gate per track, either side); x 5x60 unit cells = 21600; Scalar = 1/21600",geometric count 72/unit differs from type-A SDR reference 36/unit,6,18,36,2,36,72,,,,,,,,,,,,
x81zs_ctg02,CTG110-NPZ1-L-E:VCR:PGD:CD:P6,CTG,E,CTG-<MOS>-E:VCR:PGD:CD:<SKEW>,21600,4.62963e-05,"OGD CTG: 36 active VG gates/unit on 18 columns (6 FTI intervals) x 2 diff tracks on which an active (VT) TCN flanks the gate = 72 fail modes/unit (one per gate per track, either side); x 5x60 unit cells = 21600; Scalar = 1/21600",geometric count 72/unit differs from type-A SDR reference 36/unit,6,18,36,2,36,72,,,,,,,,,,,,
x81zs_ctg02,CTG110-PZ1-L-E:VCR:PGD:CD:P6,CTG,E,CTG-<MOS>-E:VCR:PGD:CD:<SKEW>,21600,4.62963e-05,"OGD CTG: 36 active VG gates/unit on 18 columns (6 FTI intervals) x 2 diff tracks on which an active (VT) TCN flanks the gate = 72 fail modes/unit (one per gate per track, either side); x 5x60 unit cells = 21600; Scalar = 1/21600",geometric count 72/unit differs from type-A SDR reference 36/unit,6,18,36,2,36,72,,,,,,,,,,,,
x81zs_ctg02,CTG132-NZ5-L-H:SDR:OGD:DEN:1VG_PLY,CTG,H,CTG-<MOS>-H:SDR:OGD:DEN:1VG_PLY,10800,9.25926e-05,"OGD CTG: 18 active VG gates/unit on 18 columns (6 FTI intervals) x 2 diff tracks on which an active (VT) TCN flanks the gate = 36 fail modes/unit (one per gate per track, either side); x 5x60 unit cells = 10800; Scalar = 1/10800",,6,18,18,2,36,36,,,,,,,,,,,,
x81zs_ctg02,CTG132-NPZ5-L-H:SDR:OGD:DEN:1VG_PLY,CTG,H,CTG-<MOS>-H:SDR:OGD:DEN:1VG_PLY,10800,9.25926e-05,"OGD CTG: 18 active VG gates/unit on 18 columns (6 FTI intervals) x 2 diff tracks on which an active (VT) TCN flanks the gate = 36 fail modes/unit (one per gate per track, either side); x 5x60 unit cells = 10800; Scalar = 1/10800",,6,18,18,2,36,36,,,,,,,,,,,,
x81zs_ctg02,CTG132-PZ5-L-H:SDR:OGD:DEN:1VG_PLY,CTG,H,CTG-<MOS>-H:SDR:OGD:DEN:1VG_PLY,10800,9.25926e-05,"OGD CTG: 18 active VG gates/unit on 18 columns (6 FTI intervals) x 2 diff tracks on which an active (VT) TCN flanks the gate = 36 fail modes/unit (one per gate per track, either side); x 5x60 unit cells = 10800; Scalar = 1/10800",,6,18,18,2,36,36,,,,,,,,,,,,
x81zs_ctg02,CTG132-NZ5-L-H:SDR:OGD:DEN:2VG_PLY,CTG,H,CTG-<MOS>-H:SDR:OGD:DEN:2VG_PLY,10800,9.25926e-05,"OGD CTG: 18 active VG gates/unit on 18 columns (6 FTI intervals) x 2 diff tracks on which an active (VT) TCN flanks the gate = 36 fail modes/unit (one per gate per track, either side); x 5x60 unit cells = 10800; Scalar = 1/10800",,6,18,18,2,36,36,,,,,,,,,,,,
x81zs_ctg02,CTG132-NPZ5-L-H:SDR:OGD:DEN:2VG_PLY,CTG,H,CTG-<MOS>-H:SDR:OGD:DEN:2VG_PLY,10800,9.25926e-05,"OGD CTG: 18 active VG gates/unit on 18 columns (6 FTI intervals) x 2 diff tracks on which an active (VT) TCN flanks the gate = 36 fail modes/unit (one per gate per track, either side); x 5x60 unit cells = 10800; Scalar = 1/10800",,6,18,18,2,36,36,,,,,,,,,,,,
x81zs_ctg02,CTG132-PZ5-L-H:SDR:OGD:DEN:2VG_PLY,CTG,H,CTG-<MOS>-H:SDR:OGD:DEN:2VG_PLY,10800,9.25926e-05,"OGD CTG: 18 active VG gates/unit on 18 columns (6 FTI intervals) x 2 diff tracks on which an active (VT) TCN flanks the gate = 36 fail modes/unit (one per gate per track, either side); x 5x60 unit cells = 10800; Scalar = 1/10800",,6,18,18,2,36,36,,,,,,,,,,,,
x81zs_ctg02,CTG165-NZ7-L-H:SDR:OGD:DEN:1VG_PLY,CTG,H,CTG-<MOS>-H:SDR:OGD:DEN:1VG_PLY,10800,9.25926e-05,"OGD CTG: 18 active VG gates/unit on 18 columns (6 FTI intervals) x 2 diff tracks on which an active (VT) TCN flanks the gate = 36 fail modes/unit (one per gate per track, either side); x 5x60 unit cells = 10800; Scalar = 1/10800",,6,18,18,2,36,36,,,,,,,,,,,,
x81zs_ctg02,CTG165-NPZ7-L-H:SDR:OGD:DEN:1VG_PLY,CTG,H,CTG-<MOS>-H:SDR:OGD:DEN:1VG_PLY,10800,9.25926e-05,"OGD CTG: 18 active VG gates/unit on 18 columns (6 FTI intervals) x 2 diff tracks on which an active (VT) TCN flanks the gate = 36 fail modes/unit (one per gate per track, either side); x 5x60 unit cells = 10800; Scalar = 1/10800",,6,18,18,2,36,36,,,,,,,,,,,,
x81zs_ctg02,CTG165-PZ7-L-H:SDR:OGD:DEN:1VG_PLY,CTG,H,CTG-<MOS>-H:SDR:OGD:DEN:1VG_PLY,10800,9.25926e-05,"OGD CTG: 18 active VG gates/unit on 18 columns (6 FTI intervals) x 2 diff tracks on which an active (VT) TCN flanks the gate = 36 fail modes/unit (one per gate per track, either side); x 5x60 unit cells = 10800; Scalar = 1/10800",,6,18,18,2,36,36,,,,,,,,,,,,
x81zs_ctg02,CTG165-NZ7-L-H:SDR:OGD:DEN:2VG_PLY,CTG,H,CTG-<MOS>-H:SDR:OGD:DEN:2VG_PLY,10800,9.25926e-05,"OGD CTG: 18 active VG gates/unit on 18 columns (6 FTI intervals) x 2 diff tracks on which an active (VT) TCN flanks the gate = 36 fail modes/unit (one per gate per track, either side); x 5x60 unit cells = 10800; Scalar = 1/10800",,6,18,18,2,36,36,,,,,,,,,,,,
x81zs_ctg02,CTG165-NPZ7-L-H:SDR:OGD:DEN:2VG_PLY,CTG,H,CTG-<MOS>-H:SDR:OGD:DEN:2VG_PLY,10800,9.25926e-05,"OGD CTG: 18 active VG gates/unit on 18 columns (6 FTI intervals) x 2 diff tracks on which an active (VT) TCN flanks the gate = 36 fail modes/unit (one per gate per track, either side); x 5x60 unit cells = 10800; Scalar = 1/10800",,6,18,18,2,36,36,,,,,,,,,,,,
x81zs_ctg02,CTG165-PZ7-L-H:SDR:OGD:DEN:2VG_PLY,CTG,H,CTG-<MOS>-H:SDR:OGD:DEN:2VG_PLY,10800,9.25926e-05,"OGD CTG: 18 active VG gates/unit on 18 columns (6 FTI intervals) x 2 diff tracks on which an active (VT) TCN flanks the gate = 36 fail modes/unit (one per gate per track, either side); x 5x60 unit cells = 10800; Scalar = 1/10800",,6,18,18,2,36,36,,,,,,,,,,,,
x81zs_ctg02,CTG132-NZ5-L-I:SDR:OGD:DEN:1VT_TCN,CTG,I,CTG-<MOS>-I:SDR:OGD:DEN:1VT_TCN,10800,9.25926e-05,"OGD CTG: 18 active VG gates/unit on 18 columns (6 FTI intervals) x 2 diff tracks on which an active (VT) TCN flanks the gate = 36 fail modes/unit (one per gate per track, either side); x 5x60 unit cells = 10800; Scalar = 1/10800",,6,18,18,2,36,36,,,,,,,,,,,,
x81zs_ctg02,CTG132-NPZ5-L-I:SDR:OGD:DEN:1VT_TCN,CTG,I,CTG-<MOS>-I:SDR:OGD:DEN:1VT_TCN,10800,9.25926e-05,"OGD CTG: 18 active VG gates/unit on 18 columns (6 FTI intervals) x 2 diff tracks on which an active (VT) TCN flanks the gate = 36 fail modes/unit (one per gate per track, either side); x 5x60 unit cells = 10800; Scalar = 1/10800",,6,18,18,2,36,36,,,,,,,,,,,,
x81zs_ctg02,CTG132-PZ5-L-I:SDR:OGD:DEN:1VT_TCN,CTG,I,CTG-<MOS>-I:SDR:OGD:DEN:1VT_TCN,10800,9.25926e-05,"OGD CTG: 18 active VG gates/unit on 18 columns (6 FTI intervals) x 2 diff tracks on which an active (VT) TCN flanks the gate = 36 fail modes/unit (one per gate per track, either side); x 5x60 unit cells = 10800; Scalar = 1/10800",,6,18,18,2,36,36,,,,,,,,,,,,
x81zs_ctg02,CTG132-NZ5-L-I:SDR:OGD:DEN:2VT_TCN,CTG,I,CTG-<MOS>-I:SDR:OGD:DEN:2VT_TCN,10800,9.25926e-05,"OGD CTG: 18 active VG gates/unit on 18 columns (6 FTI intervals) x 2 diff tracks on which an active (VT) TCN flanks the gate = 36 fail modes/unit (one per gate per track, either side); x 5x60 unit cells = 10800; Scalar = 1/10800",,6,18,18,2,36,36,,,,,,,,,,,,
x81zs_ctg02,CTG132-NPZ5-L-I:SDR:OGD:DEN:2VT_TCN,CTG,I,CTG-<MOS>-I:SDR:OGD:DEN:2VT_TCN,10800,9.25926e-05,"OGD CTG: 18 active VG gates/unit on 18 columns (6 FTI intervals) x 2 diff tracks on which an active (VT) TCN flanks the gate = 36 fail modes/unit (one per gate per track, either side); x 5x60 unit cells = 10800; Scalar = 1/10800",,6,18,18,2,36,36,,,,,,,,,,,,
x81zs_ctg02,CTG132-PZ5-L-I:SDR:OGD:DEN:2VT_TCN,CTG,I,CTG-<MOS>-I:SDR:OGD:DEN:2VT_TCN,10800,9.25926e-05,"OGD CTG: 18 active VG gates/unit on 18 columns (6 FTI intervals) x 2 diff tracks on which an active (VT) TCN flanks the gate = 36 fail modes/unit (one per gate per track, either side); x 5x60 unit cells = 10800; Scalar = 1/10800",,6,18,18,2,36,36,,,,,,,,,,,,
x81zs_ctg02,CTG165-NZ7-L-I:SDR:OGD:DEN:1VT_TCN,CTG,I,CTG-<MOS>-I:SDR:OGD:DEN:1VT_TCN,10800,9.25926e-05,"OGD CTG: 18 active VG gates/unit on 18 columns (6 FTI intervals) x 2 diff tracks on which an active (VT) TCN flanks the gate = 36 fail modes/unit (one per gate per track, either side); x 5x60 unit cells = 10800; Scalar = 1/10800",,6,18,18,2,36,36,,,,,,,,,,,,
x81zs_ctg02,CTG165-NPZ7-L-I:SDR:OGD:DEN:1VT_TCN,CTG,I,CTG-<MOS>-I:SDR:OGD:DEN:1VT_TCN,10800,9.25926e-05,"OGD CTG: 18 active VG gates/unit on 18 columns (6 FTI intervals) x 2 diff tracks on which an active (VT) TCN flanks the gate = 36 fail modes/unit (one per gate per track, either side); x 5x60 unit cells = 10800; Scalar = 1/10800",,6,18,18,2,36,36,,,,,,,,,,,,
x81zs_ctg02,CTG165-PZ7-L-I:SDR:OGD:DEN:1VT_TCN,CTG,I,CTG-<MOS>-I:SDR:OGD:DEN:1VT_TCN,10800,9.25926e-05,"OGD CTG: 18 active VG gates/unit on 18 columns (6 FTI intervals) x 2 diff tracks on which an active (VT) TCN flanks the gate = 36 fail modes/unit (one per gate per track, either side); x 5x60 unit cells = 10800; Scalar = 1/10800",,6,18,18,2,36,36,,,,,,,,,,,,
x81zs_ctg02,CTG165-NZ7-L-I:SDR:OGD:DEN:2VT_TCN,CTG,I,CTG-<MOS>-I:SDR:OGD:DEN:2VT_TCN,10800,9.25926e-05,"OGD CTG: 18 active VG gates/unit on 18 columns (6 FTI intervals) x 2 diff tracks on which an active (VT) TCN flanks the gate = 36 fail modes/unit (one per gate per track, either side); x 5x60 unit cells = 10800; Scalar = 1/10800",,6,18,18,2,36,36,,,,,,,,,,,,
x81zs_ctg02,CTG165-NPZ7-L-I:SDR:OGD:DEN:2VT_TCN,CTG,I,CTG-<MOS>-I:SDR:OGD:DEN:2VT_TCN,10800,9.25926e-05,"OGD CTG: 18 active VG gates/unit on 18 columns (6 FTI intervals) x 2 diff tracks on which an active (VT) TCN flanks the gate = 36 fail modes/unit (one per gate per track, either side); x 5x60 unit cells = 10800; Scalar = 1/10800",,6,18,18,2,36,36,,,,,,,,,,,,
x81zs_ctg02,CTG165-PZ7-L-I:SDR:OGD:DEN:2VT_TCN,CTG,I,CTG-<MOS>-I:SDR:OGD:DEN:2VT_TCN,10800,9.25926e-05,"OGD CTG: 18 active VG gates/unit on 18 columns (6 FTI intervals) x 2 diff tracks on which an active (VT) TCN flanks the gate = 36 fail modes/unit (one per gate per track, either side); x 5x60 unit cells = 10800; Scalar = 1/10800",,6,18,18,2,36,36,,,,,,,,,,,,
x81zs_ctg02,CTG110-NZ1-L-A:SDR:OGD:REF:2TRK,CTG,A,CTG-<MOS>-A:SDR:OGD:REF:2TRK,10800,9.25926e-05,"OGD CTG: 18 active VG gates/unit on 18 columns (6 FTI intervals) x 2 diff tracks on which an active (VT) TCN flanks the gate = 36 fail modes/unit (one per gate per track, either side); x 5x60 unit cells = 10800; Scalar = 1/10800",,6,18,18,2,36,36,,,,,,,,,,,,
x81zs_ctg02,CTG110-NPZ1-L-A:SDR:OGD:REF:2TRK,CTG,A,CTG-<MOS>-A:SDR:OGD:REF:2TRK,10800,9.25926e-05,"OGD CTG: 18 active VG gates/unit on 18 columns (6 FTI intervals) x 2 diff tracks on which an active (VT) TCN flanks the gate = 36 fail modes/unit (one per gate per track, either side); x 5x60 unit cells = 10800; Scalar = 1/10800",,6,18,18,2,36,36,,,,,,,,,,,,
x81zs_ctg02,CTG110-PZ1-L-A:SDR:OGD:REF:2TRK,CTG,A,CTG-<MOS>-A:SDR:OGD:REF:2TRK,10800,9.25926e-05,"OGD CTG: 18 active VG gates/unit on 18 columns (6 FTI intervals) x 2 diff tracks on which an active (VT) TCN flanks the gate = 36 fail modes/unit (one per gate per track, either side); x 5x60 unit cells = 10800; Scalar = 1/10800",,6,18,18,2,36,36,,,,,,,,,,,,
x81zs_ctg02,CTG110-NZ1-L-K:SDR:OGD:DEN:NTLK,CTG,K,CTG-<MOS>-K:SDR:OGD:DEN:NTLK,5400,0.000185185,"OGD CTG: 18 active VG gates/unit on 18 columns (6 FTI intervals) x 1 diff tracks on which an active (VT) TCN flanks the gate = 18 fail modes/unit (one per gate per track, either side); x 5x60 unit cells = 5400; Scalar = 1/5400",geometric count 18/unit differs from type-A SDR reference 36/unit,6,18,18,1,36,18,,,,,,,,,,,,
x81zs_ctg02,CTG110-NPZ1-L-K:SDR:OGD:DEN:NTLK,CTG,K,CTG-<MOS>-K:SDR:OGD:DEN:NTLK,5400,0.000185185,"OGD CTG: 18 active VG gates/unit on 18 columns (6 FTI intervals) x 1 diff tracks on which an active (VT) TCN flanks the gate = 18 fail modes/unit (one per gate per track, either side); x 5x60 unit cells = 5400; Scalar = 1/5400",geometric count 18/unit differs from type-A SDR reference 36/unit,6,18,18,1,36,18,,,,,,,,,,,,
x81zs_ctg02,CTG110-PZ1-L-K:SDR:OGD:DEN:NTLK,CTG,K,CTG-<MOS>-K:SDR:OGD:DEN:NTLK,5400,0.000185185,"OGD CTG: 18 active VG gates/unit on 18 columns (6 FTI intervals) x 1 diff tracks on which an active (VT) TCN flanks the gate = 18 fail modes/unit (one per gate per track, either side); x 5x60 unit cells = 5400; Scalar = 1/5400",geometric count 18/unit differs from type-A SDR reference 36/unit,6,18,18,1,36,18,,,,,,,,,,,,
x81zs_ctg02,CTG110-NZ1-L-K:SDR:OGD:DEN:NGLK,CTG,K,CTG-<MOS>-K:SDR:OGD:DEN:NGLK,5400,0.000185185,"OGD CTG: 18 active VG gates/unit on 18 columns (6 FTI intervals) x 1 diff tracks on which an active (VT) TCN flanks the gate = 18 fail modes/unit (one per gate per track, either side); x 5x60 unit cells = 5400; Scalar = 1/5400",geometric count 18/unit differs from type-A SDR reference 36/unit,6,18,18,1,36,18,,,,,,,,,,,,
x81zs_ctg02,CTG110-NPZ1-L-K:SDR:OGD:DEN:NGLK,CTG,K,CTG-<MOS>-K:SDR:OGD:DEN:NGLK,5400,0.000185185,"OGD CTG: 18 active VG gates/unit on 18 columns (6 FTI intervals) x 1 diff tracks on which an active (VT) TCN flanks the gate = 18 fail modes/unit (one per gate per track, either side); x 5x60 unit cells = 5400; Scalar = 1/5400",geometric count 18/unit differs from type-A SDR reference 36/unit,6,18,18,1,36,18,,,,,,,,,,,,
x81zs_ctg02,CTG110-PZ1-L-K:SDR:OGD:DEN:NGLK,CTG,K,CTG-<MOS>-K:SDR:OGD:DEN:NGLK,5400,0.000185185,"OGD CTG: 18 active VG gates/unit on 18 columns (6 FTI intervals) x 1 diff tracks on which an active (VT) TCN flanks the gate = 18 fail modes/unit (one per gate per track, either side); x 5x60 unit cells = 5400; Scalar = 1/5400",geometric count 18/unit differs from type-A SDR reference 36/unit,6,18,18,1,36,18,,,,,,,,,,,,
x81zs_ctg02,CTG132-NZ5-L-A:SDR:OGD:REF:2TRK,CTG,A,CTG-<MOS>-A:SDR:OGD:REF:2TRK,10800,9.25926e-05,"OGD CTG: 18 active VG gates/unit on 18 columns (6 FTI intervals) x 2 diff tracks on which an active (VT) TCN flanks the gate = 36 fail modes/unit (one per gate per track, either side); x 5x60 unit cells = 10800; Scalar = 1/10800",,6,18,18,2,36,36,,,,,,,,,,,,
x81zs_ctg02,CTG132-NPZ5-L-A:SDR:OGD:REF:2TRK,CTG,A,CTG-<MOS>-A:SDR:OGD:REF:2TRK,10800,9.25926e-05,"OGD CTG: 18 active VG gates/unit on 18 columns (6 FTI intervals) x 2 diff tracks on which an active (VT) TCN flanks the gate = 36 fail modes/unit (one per gate per track, either side); x 5x60 unit cells = 10800; Scalar = 1/10800",,6,18,18,2,36,36,,,,,,,,,,,,
x81zs_ctg02,CTG132-PZ5-L-A:SDR:OGD:REF:2TRK,CTG,A,CTG-<MOS>-A:SDR:OGD:REF:2TRK,10800,9.25926e-05,"OGD CTG: 18 active VG gates/unit on 18 columns (6 FTI intervals) x 2 diff tracks on which an active (VT) TCN flanks the gate = 36 fail modes/unit (one per gate per track, either side); x 5x60 unit cells = 10800; Scalar = 1/10800",,6,18,18,2,36,36,,,,,,,,,,,,
x81zs_ctg02,CTG132-NZ5-L-K:SDR:OGD:DEN:NTLK,CTG,K,CTG-<MOS>-K:SDR:OGD:DEN:NTLK,5400,0.000185185,"OGD CTG: 18 active VG gates/unit on 18 columns (6 FTI intervals) x 1 diff tracks on which an active (VT) TCN flanks the gate = 18 fail modes/unit (one per gate per track, either side); x 5x60 unit cells = 5400; Scalar = 1/5400",geometric count 18/unit differs from type-A SDR reference 36/unit,6,18,18,1,36,18,,,,,,,,,,,,
x81zs_ctg02,CTG132-NPZ5-L-K:SDR:OGD:DEN:NTLK,CTG,K,CTG-<MOS>-K:SDR:OGD:DEN:NTLK,5400,0.000185185,"OGD CTG: 18 active VG gates/unit on 18 columns (6 FTI intervals) x 1 diff tracks on which an active (VT) TCN flanks the gate = 18 fail modes/unit (one per gate per track, either side); x 5x60 unit cells = 5400; Scalar = 1/5400",geometric count 18/unit differs from type-A SDR reference 36/unit,6,18,18,1,36,18,,,,,,,,,,,,
x81zs_ctg02,CTG132-PZ5-L-K:SDR:OGD:DEN:NTLK,CTG,K,CTG-<MOS>-K:SDR:OGD:DEN:NTLK,5400,0.000185185,"OGD CTG: 18 active VG gates/unit on 18 columns (6 FTI intervals) x 1 diff tracks on which an active (VT) TCN flanks the gate = 18 fail modes/unit (one per gate per track, either side); x 5x60 unit cells = 5400; Scalar = 1/5400",geometric count 18/unit differs from type-A SDR reference 36/unit,6,18,18,1,36,18,,,,,,,,,,,,
x81zs_ctg02,CTG132-NZ5-L-K:SDR:OGD:DEN:NGLK,CTG,K,CTG-<MOS>-K:SDR:OGD:DEN:NGLK,5400,0.000185185,"OGD CTG: 18 active VG gates/unit on 18 columns (6 FTI intervals) x 1 diff tracks on which an active (VT) TCN flanks the gate = 18 fail modes/unit (one per gate per track, either side); x 5x60 unit cells = 5400; Scalar = 1/5400",geometric count 18/unit differs from type-A SDR reference 36/unit,6,18,18,1,36,18,,,,,,,,,,,,
x81zs_ctg02,CTG132-NPZ5-L-K:SDR:OGD:DEN:NGLK,CTG,K,CTG-<MOS>-K:SDR:OGD:DEN:NGLK,5400,0.000185185,"OGD CTG: 18 active VG gates/unit on 18 columns (6 FTI intervals) x 1 diff tracks on which an active (VT) TCN flanks the gate = 18 fail modes/unit (one per gate per track, either side); x 5x60 unit cells = 5400; Scalar = 1/5400",geometric count 18/unit differs from type-A SDR reference 36/unit,6,18,18,1,36,18,,,,,,,,,,,,
x81zs_ctg02,CTG132-PZ5-L-K:SDR:OGD:DEN:NGLK,CTG,K,CTG-<MOS>-K:SDR:OGD:DEN:NGLK,5400,0.000185185,"OGD CTG: 18 active VG gates/unit on 18 columns (6 FTI intervals) x 1 diff tracks on which an active (VT) TCN flanks the gate = 18 fail modes/unit (one per gate per track, either side); x 5x60 unit cells = 5400; Scalar = 1/5400",geometric count 18/unit differs from type-A SDR reference 36/unit,6,18,18,1,36,18,,,,,,,,,,,,
x81zs_ctg02,CTG165-NZ7-L-A:SDR:OGD:REF:2TRK,CTG,A,CTG-<MOS>-A:SDR:OGD:REF:2TRK,10800,9.25926e-05,"OGD CTG: 18 active VG gates/unit on 18 columns (6 FTI intervals) x 2 diff tracks on which an active (VT) TCN flanks the gate = 36 fail modes/unit (one per gate per track, either side); x 5x60 unit cells = 10800; Scalar = 1/10800",,6,18,18,2,36,36,,,,,,,,,,,,
x81zs_ctg02,CTG165-NPZ7-L-A:SDR:OGD:REF:2TRK,CTG,A,CTG-<MOS>-A:SDR:OGD:REF:2TRK,10800,9.25926e-05,"OGD CTG: 18 active VG gates/unit on 18 columns (6 FTI intervals) x 2 diff tracks on which an active (VT) TCN flanks the gate = 36 fail modes/unit (one per gate per track, either side); x 5x60 unit cells = 10800; Scalar = 1/10800",,6,18,18,2,36,36,,,,,,,,,,,,
x81zs_ctg02,CTG165-PZ7-L-A:SDR:OGD:REF:2TRK,CTG,A,CTG-<MOS>-A:SDR:OGD:REF:2TRK,10800,9.25926e-05,"OGD CTG: 18 active VG gates/unit on 18 columns (6 FTI intervals) x 2 diff tracks on which an active (VT) TCN flanks the gate = 36 fail modes/unit (one per gate per track, either side); x 5x60 unit cells = 10800; Scalar = 1/10800",,6,18,18,2,36,36,,,,,,,,,,,,
x81zs_ctg02,CTG165-NZ7-L-K:SDR:OGD:DEN:NTLK,CTG,K,CTG-<MOS>-K:SDR:OGD:DEN:NTLK,5400,0.000185185,"OGD CTG: 18 active VG gates/unit on 18 columns (6 FTI intervals) x 1 diff tracks on which an active (VT) TCN flanks the gate = 18 fail modes/unit (one per gate per track, either side); x 5x60 unit cells = 5400; Scalar = 1/5400",geometric count 18/unit differs from type-A SDR reference 36/unit,6,18,18,1,36,18,,,,,,,,,,,,
x81zs_ctg02,CTG165-NPZ7-L-K:SDR:OGD:DEN:NTLK,CTG,K,CTG-<MOS>-K:SDR:OGD:DEN:NTLK,5400,0.000185185,"OGD CTG: 18 active VG gates/unit on 18 columns (6 FTI intervals) x 1 diff tracks on which an active (VT) TCN flanks the gate = 18 fail modes/unit (one per gate per track, either side); x 5x60 unit cells = 5400; Scalar = 1/5400",geometric count 18/unit differs from type-A SDR reference 36/unit,6,18,18,1,36,18,,,,,,,,,,,,
x81zs_ctg02,CTG165-PZ7-L-K:SDR:OGD:DEN:NTLK,CTG,K,CTG-<MOS>-K:SDR:OGD:DEN:NTLK,5400,0.000185185,"OGD CTG: 18 active VG gates/unit on 18 columns (6 FTI intervals) x 1 diff tracks on which an active (VT) TCN flanks the gate = 18 fail modes/unit (one per gate per track, either side); x 5x60 unit cells = 5400; Scalar = 1/5400",geometric count 18/unit differs from type-A SDR reference 36/unit,6,18,18,1,36,18,,,,,,,,,,,,
x81zs_ctg02,CTG165-NZ7-L-K:SDR:OGD:DEN:NGLK,CTG,K,CTG-<MOS>-K:SDR:OGD:DEN:NGLK,5400,0.000185185,"OGD CTG: 18 active VG gates/unit on 18 columns (6 FTI intervals) x 1 diff tracks on which an active (VT) TCN flanks the gate = 18 fail modes/unit (one per gate per track, either side); x 5x60 unit cells = 5400; Scalar = 1/5400",geometric count 18/unit differs from type-A SDR reference 36/unit,6,18,18,1,36,18,,,,,,,,,,,,
x81zs_ctg02,CTG165-NPZ7-L-K:SDR:OGD:DEN:NGLK,CTG,K,CTG-<MOS>-K:SDR:OGD:DEN:NGLK,5400,0.000185185,"OGD CTG: 18 active VG gates/unit on 18 columns (6 FTI intervals) x 1 diff tracks on which an active (VT) TCN flanks the gate = 18 fail modes/unit (one per gate per track, either side); x 5x60 unit cells = 5400; Scalar = 1/5400",geometric count 18/unit differs from type-A SDR reference 36/unit,6,18,18,1,36,18,,,,,,,,,,,,
x81zs_ctg02,CTG165-PZ7-L-K:SDR:OGD:DEN:NGLK,CTG,K,CTG-<MOS>-K:SDR:OGD:DEN:NGLK,5400,0.000185185,"OGD CTG: 18 active VG gates/unit on 18 columns (6 FTI intervals) x 1 diff tracks on which an active (VT) TCN flanks the gate = 18 fail modes/unit (one per gate per track, either side); x 5x60 unit cells = 5400; Scalar = 1/5400",geometric count 18/unit differs from type-A SDR reference 36/unit,6,18,18,1,36,18,,,,,,,,,,,,
x81zs_ctg02,CTG110-NZ1-L-L:SDR:OGD:DEN:NGLK,CTG,L,CTG-<MOS>-L:SDR:OGD:DEN:NGLK,10800,9.25926e-05,"OGD CTG: 36 active VG gates/unit on 18 columns (6 FTI intervals) x 1 diff tracks on which an active (VT) TCN flanks the gate = 36 fail modes/unit (one per gate per track, either side); x 5x60 unit cells = 10800; Scalar = 1/10800",,6,18,36,1,36,36,,,,,,,,,,,,
x81zs_ctg02,CTG110-NPZ1-L-L:SDR:OGD:DEN:NGLK,CTG,L,CTG-<MOS>-L:SDR:OGD:DEN:NGLK,10800,9.25926e-05,"OGD CTG: 36 active VG gates/unit on 18 columns (6 FTI intervals) x 1 diff tracks on which an active (VT) TCN flanks the gate = 36 fail modes/unit (one per gate per track, either side); x 5x60 unit cells = 10800; Scalar = 1/10800",,6,18,36,1,36,36,,,,,,,,,,,,
x81zs_ctg02,CTG110-PZ1-L-L:SDR:OGD:DEN:NGLK,CTG,L,CTG-<MOS>-L:SDR:OGD:DEN:NGLK,10800,9.25926e-05,"OGD CTG: 36 active VG gates/unit on 18 columns (6 FTI intervals) x 1 diff tracks on which an active (VT) TCN flanks the gate = 36 fail modes/unit (one per gate per track, either side); x 5x60 unit cells = 10800; Scalar = 1/10800",,6,18,36,1,36,36,,,,,,,,,,,,
x81zs_ctg02,CTG110-NZ1-L-L:SDR:OGD:DEN:NTLK,CTG,L,CTG-<MOS>-L:SDR:OGD:DEN:NTLK,10800,9.25926e-05,"OGD CTG: 18 active VG gates/unit on 18 columns (6 FTI intervals) x 2 diff tracks on which an active (VT) TCN flanks the gate = 36 fail modes/unit (one per gate per track, either side); x 5x60 unit cells = 10800; Scalar = 1/10800",,6,18,18,2,36,36,,,,,,,,,,,,
x81zs_ctg02,CTG110-NPZ1-L-L:SDR:OGD:DEN:NTLK,CTG,L,CTG-<MOS>-L:SDR:OGD:DEN:NTLK,10800,9.25926e-05,"OGD CTG: 18 active VG gates/unit on 18 columns (6 FTI intervals) x 2 diff tracks on which an active (VT) TCN flanks the gate = 36 fail modes/unit (one per gate per track, either side); x 5x60 unit cells = 10800; Scalar = 1/10800",,6,18,18,2,36,36,,,,,,,,,,,,
x81zs_ctg02,CTG110-PZ1-L-L:SDR:OGD:DEN:NTLK,CTG,L,CTG-<MOS>-L:SDR:OGD:DEN:NTLK,10800,9.25926e-05,"OGD CTG: 18 active VG gates/unit on 18 columns (6 FTI intervals) x 2 diff tracks on which an active (VT) TCN flanks the gate = 36 fail modes/unit (one per gate per track, either side); x 5x60 unit cells = 10800; Scalar = 1/10800",,6,18,18,2,36,36,,,,,,,,,,,,
x81zs_ctg02,CTG132-NZ5-L-L:SDR:OGD:DEN:NGLK,CTG,L,CTG-<MOS>-L:SDR:OGD:DEN:NGLK,10800,9.25926e-05,"OGD CTG: 36 active VG gates/unit on 18 columns (6 FTI intervals) x 1 diff tracks on which an active (VT) TCN flanks the gate = 36 fail modes/unit (one per gate per track, either side); x 5x60 unit cells = 10800; Scalar = 1/10800",,6,18,36,1,36,36,,,,,,,,,,,,
x81zs_ctg02,CTG132-NPZ5-L-L:SDR:OGD:DEN:NGLK,CTG,L,CTG-<MOS>-L:SDR:OGD:DEN:NGLK,10800,9.25926e-05,"OGD CTG: 36 active VG gates/unit on 18 columns (6 FTI intervals) x 1 diff tracks on which an active (VT) TCN flanks the gate = 36 fail modes/unit (one per gate per track, either side); x 5x60 unit cells = 10800; Scalar = 1/10800",,6,18,36,1,36,36,,,,,,,,,,,,
x81zs_ctg02,CTG132-PZ5-L-L:SDR:OGD:DEN:NGLK,CTG,L,CTG-<MOS>-L:SDR:OGD:DEN:NGLK,10800,9.25926e-05,"OGD CTG: 36 active VG gates/unit on 18 columns (6 FTI intervals) x 1 diff tracks on which an active (VT) TCN flanks the gate = 36 fail modes/unit (one per gate per track, either side); x 5x60 unit cells = 10800; Scalar = 1/10800",,6,18,36,1,36,36,,,,,,,,,,,,
x81zs_ctg02,CTG132-NZ5-L-L:SDR:OGD:DEN:NTLK,CTG,L,CTG-<MOS>-L:SDR:OGD:DEN:NTLK,10800,9.25926e-05,"OGD CTG: 18 active VG gates/unit on 18 columns (6 FTI intervals) x 2 diff tracks on which an active (VT) TCN flanks the gate = 36 fail modes/unit (one per gate per track, either side); x 5x60 unit cells = 10800; Scalar = 1/10800",,6,18,18,2,36,36,,,,,,,,,,,,
x81zs_ctg02,CTG132-NPZ5-L-L:SDR:OGD:DEN:NTLK,CTG,L,CTG-<MOS>-L:SDR:OGD:DEN:NTLK,10800,9.25926e-05,"OGD CTG: 18 active VG gates/unit on 18 columns (6 FTI intervals) x 2 diff tracks on which an active (VT) TCN flanks the gate = 36 fail modes/unit (one per gate per track, either side); x 5x60 unit cells = 10800; Scalar = 1/10800",,6,18,18,2,36,36,,,,,,,,,,,,
x81zs_ctg02,CTG132-PZ5-L-L:SDR:OGD:DEN:NTLK,CTG,L,CTG-<MOS>-L:SDR:OGD:DEN:NTLK,10800,9.25926e-05,"OGD CTG: 18 active VG gates/unit on 18 columns (6 FTI intervals) x 2 diff tracks on which an active (VT) TCN flanks the gate = 36 fail modes/unit (one per gate per track, either side); x 5x60 unit cells = 10800; Scalar = 1/10800",,6,18,18,2,36,36,,,,,,,,,,,,
x81zs_ctg02,CTG165-NZ7-L-L:SDR:OGD:DEN:NGLK,CTG,L,CTG-<MOS>-L:SDR:OGD:DEN:NGLK,10800,9.25926e-05,"OGD CTG: 36 active VG gates/unit on 18 columns (6 FTI intervals) x 1 diff tracks on which an active (VT) TCN flanks the gate = 36 fail modes/unit (one per gate per track, either side); x 5x60 unit cells = 10800; Scalar = 1/10800",,6,18,36,1,36,36,,,,,,,,,,,,
x81zs_ctg02,CTG165-NPZ7-L-L:SDR:OGD:DEN:NGLK,CTG,L,CTG-<MOS>-L:SDR:OGD:DEN:NGLK,10800,9.25926e-05,"OGD CTG: 36 active VG gates/unit on 18 columns (6 FTI intervals) x 1 diff tracks on which an active (VT) TCN flanks the gate = 36 fail modes/unit (one per gate per track, either side); x 5x60 unit cells = 10800; Scalar = 1/10800",,6,18,36,1,36,36,,,,,,,,,,,,
x81zs_ctg02,CTG165-PZ7-L-L:SDR:OGD:DEN:NGLK,CTG,L,CTG-<MOS>-L:SDR:OGD:DEN:NGLK,10800,9.25926e-05,"OGD CTG: 36 active VG gates/unit on 18 columns (6 FTI intervals) x 1 diff tracks on which an active (VT) TCN flanks the gate = 36 fail modes/unit (one per gate per track, either side); x 5x60 unit cells = 10800; Scalar = 1/10800",,6,18,36,1,36,36,,,,,,,,,,,,
x81zs_ctg02,CTG165-NZ7-L-L:SDR:OGD:DEN:NTLK,CTG,L,CTG-<MOS>-L:SDR:OGD:DEN:NTLK,10800,9.25926e-05,"OGD CTG: 18 active VG gates/unit on 18 columns (6 FTI intervals) x 2 diff tracks on which an active (VT) TCN flanks the gate = 36 fail modes/unit (one per gate per track, either side); x 5x60 unit cells = 10800; Scalar = 1/10800",,6,18,18,2,36,36,,,,,,,,,,,,
x81zs_ctg02,CTG165-NPZ7-L-L:SDR:OGD:DEN:NTLK,CTG,L,CTG-<MOS>-L:SDR:OGD:DEN:NTLK,10800,9.25926e-05,"OGD CTG: 18 active VG gates/unit on 18 columns (6 FTI intervals) x 2 diff tracks on which an active (VT) TCN flanks the gate = 36 fail modes/unit (one per gate per track, either side); x 5x60 unit cells = 10800; Scalar = 1/10800",,6,18,18,2,36,36,,,,,,,,,,,,
x81zs_ctg02,CTG165-PZ7-L-L:SDR:OGD:DEN:NTLK,CTG,L,CTG-<MOS>-L:SDR:OGD:DEN:NTLK,10800,9.25926e-05,"OGD CTG: 18 active VG gates/unit on 18 columns (6 FTI intervals) x 2 diff tracks on which an active (VT) TCN flanks the gate = 36 fail modes/unit (one per gate per track, either side); x 5x60 unit cells = 10800; Scalar = 1/10800",,6,18,18,2,36,36,,,,,,,,,,,,
x81zs_ctg02,CTG165-NZ7-L-G:DNU:OGD:REF:NDPI_2TRK,CTG,G,CTG-<MOS>-G:DNU:OGD:REF:NDPI_2TRK,10800,9.25926e-05,"OGD CTG: 18 active VG gates/unit on 18 columns (6 FTI intervals) x 2 diff tracks on which an active (VT) TCN flanks the gate = 36 fail modes/unit (one per gate per track, either side); x 5x60 unit cells = 10800; Scalar = 1/10800",,6,18,18,2,36,36,,,,,,,,,,,,
x81zs_ctg02,CTG165-PZ7-L-G:DNU:OGD:REF:NDPI_2TRK,CTG,G,CTG-<MOS>-G:DNU:OGD:REF:NDPI_2TRK,10800,9.25926e-05,"OGD CTG: 18 active VG gates/unit on 18 columns (6 FTI intervals) x 2 diff tracks on which an active (VT) TCN flanks the gate = 36 fail modes/unit (one per gate per track, either side); x 5x60 unit cells = 10800; Scalar = 1/10800",,6,18,18,2,36,36,,,,,,,,,,,,
x81zs_ctg02,CTG165-NZ7-L-G:DNU:OGD:REF:NDPI_4TRK,CTG,G,CTG-<MOS>-G:DNU:OGD:REF:NDPI_4TRK,21600,4.62963e-05,"OGD CTG: 72 active VG gates/unit on 18 columns (6 FTI intervals) x 1 diff tracks on which an active (VT) TCN flanks the gate = 72 fail modes/unit (one per gate per track, either side); x 5x60 unit cells = 21600; Scalar = 1/21600",geometric count 72/unit differs from type-A SDR reference 36/unit,6,18,72,1,36,72,,,,,,,,,,,,
x81zs_ctg02,CTG165-PZ7-L-G:DNU:OGD:REF:NDPI_4TRK,CTG,G,CTG-<MOS>-G:DNU:OGD:REF:NDPI_4TRK,21600,4.62963e-05,"OGD CTG: 72 active VG gates/unit on 18 columns (6 FTI intervals) x 1 diff tracks on which an active (VT) TCN flanks the gate = 72 fail modes/unit (one per gate per track, either side); x 5x60 unit cells = 21600; Scalar = 1/21600",geometric count 72/unit differs from type-A SDR reference 36/unit,6,18,72,1,36,72,,,,,,,,,,,,
x81zs_ctg02,CTG165-NZ7-L-G:DNU:OGD:REF:BEPI_2TRK,CTG,G,CTG-<MOS>-G:DNU:OGD:REF:BEPI_2TRK,10800,9.25926e-05,"OGD CTG: 18 active VG gates/unit on 18 columns (6 FTI intervals) x 2 diff tracks on which an active (VT) TCN flanks the gate = 36 fail modes/unit (one per gate per track, either side); x 5x60 unit cells = 10800; Scalar = 1/10800",,6,18,18,2,36,36,,,,,,,,,,,,
x81zs_ctg02,CTG165-PZ7-L-G:DNU:OGD:REF:BEPI_2TRK,CTG,G,CTG-<MOS>-G:DNU:OGD:REF:BEPI_2TRK,10800,9.25926e-05,"OGD CTG: 18 active VG gates/unit on 18 columns (6 FTI intervals) x 2 diff tracks on which an active (VT) TCN flanks the gate = 36 fail modes/unit (one per gate per track, either side); x 5x60 unit cells = 10800; Scalar = 1/10800",,6,18,18,2,36,36,,,,,,,,,,,,
x81zs_ctg02,CTG165-NZ7-L-G:DNU:OGD:REF:BEPI_4TRK,CTG,G,CTG-<MOS>-G:DNU:OGD:REF:BEPI_4TRK,21600,4.62963e-05,"OGD CTG: 72 active VG gates/unit on 18 columns (6 FTI intervals) x 1 diff tracks on which an active (VT) TCN flanks the gate = 72 fail modes/unit (one per gate per track, either side); x 5x60 unit cells = 21600; Scalar = 1/21600",geometric count 72/unit differs from type-A SDR reference 36/unit,6,18,72,1,36,72,,,,,,,,,,,,
x81zs_ctg02,CTG165-PZ7-L-G:DNU:OGD:REF:BEPI_4TRK,CTG,G,CTG-<MOS>-G:DNU:OGD:REF:BEPI_4TRK,21600,4.62963e-05,"OGD CTG: 72 active VG gates/unit on 18 columns (6 FTI intervals) x 1 diff tracks on which an active (VT) TCN flanks the gate = 72 fail modes/unit (one per gate per track, either side); x 5x60 unit cells = 21600; Scalar = 1/21600",geometric count 72/unit differs from type-A SDR reference 36/unit,6,18,72,1,36,72,,,,,,,,,,,,
x81zs_ctg04,CTG110-NZ1-L-A:PLYFSPCR:OGD:CD:N2,CTG,A,CTG-<MOS>-A:PLYFSPCR:OGD:CD:<SKEW>,10800,9.25926e-05,"OGD CTG: 18 active VG gates/unit on 18 columns (6 FTI intervals) x 2 diff tracks on which an active (VT) TCN flanks the gate = 36 fail modes/unit (one per gate per track, either side); x 5x60 unit cells = 10800; Scalar = 1/10800",,6,18,18,2,36,36,,,,,,,,,,,,
x81zs_ctg04,CTG110-NPZ1-L-A:PLYFSPCR:OGD:CD:N2,CTG,A,CTG-<MOS>-A:PLYFSPCR:OGD:CD:<SKEW>,10800,9.25926e-05,"OGD CTG: 18 active VG gates/unit on 18 columns (6 FTI intervals) x 2 diff tracks on which an active (VT) TCN flanks the gate = 36 fail modes/unit (one per gate per track, either side); x 5x60 unit cells = 10800; Scalar = 1/10800",,6,18,18,2,36,36,,,,,,,,,,,,
x81zs_ctg04,CTG110-PZ1-L-A:PLYFSPCR:OGD:CD:N2,CTG,A,CTG-<MOS>-A:PLYFSPCR:OGD:CD:<SKEW>,10800,9.25926e-05,"OGD CTG: 18 active VG gates/unit on 18 columns (6 FTI intervals) x 2 diff tracks on which an active (VT) TCN flanks the gate = 36 fail modes/unit (one per gate per track, either side); x 5x60 unit cells = 10800; Scalar = 1/10800",,6,18,18,2,36,36,,,,,,,,,,,,
x81zs_ctg04,CTG110-NZ1-L-A:PLYFSPCR:OGD:CD:N1,CTG,A,CTG-<MOS>-A:PLYFSPCR:OGD:CD:<SKEW>,10800,9.25926e-05,"OGD CTG: 18 active VG gates/unit on 18 columns (6 FTI intervals) x 2 diff tracks on which an active (VT) TCN flanks the gate = 36 fail modes/unit (one per gate per track, either side); x 5x60 unit cells = 10800; Scalar = 1/10800",,6,18,18,2,36,36,,,,,,,,,,,,
x81zs_ctg04,CTG110-NPZ1-L-A:PLYFSPCR:OGD:CD:N1,CTG,A,CTG-<MOS>-A:PLYFSPCR:OGD:CD:<SKEW>,10800,9.25926e-05,"OGD CTG: 18 active VG gates/unit on 18 columns (6 FTI intervals) x 2 diff tracks on which an active (VT) TCN flanks the gate = 36 fail modes/unit (one per gate per track, either side); x 5x60 unit cells = 10800; Scalar = 1/10800",,6,18,18,2,36,36,,,,,,,,,,,,
x81zs_ctg04,CTG110-PZ1-L-A:PLYFSPCR:OGD:CD:N1,CTG,A,CTG-<MOS>-A:PLYFSPCR:OGD:CD:<SKEW>,10800,9.25926e-05,"OGD CTG: 18 active VG gates/unit on 18 columns (6 FTI intervals) x 2 diff tracks on which an active (VT) TCN flanks the gate = 36 fail modes/unit (one per gate per track, either side); x 5x60 unit cells = 10800; Scalar = 1/10800",,6,18,18,2,36,36,,,,,,,,,,,,
x81zs_ctg04,CTG110-NZ1-L-A:PLYFSPCR:OGD:CD:0,CTG,A,CTG-<MOS>-A:PLYFSPCR:OGD:CD:0,10800,9.25926e-05,"OGD CTG: 18 active VG gates/unit on 18 columns (6 FTI intervals) x 2 diff tracks on which an active (VT) TCN flanks the gate = 36 fail modes/unit (one per gate per track, either side); x 5x60 unit cells = 10800; Scalar = 1/10800",,6,18,18,2,36,36,,,,,,,,,,,,
x81zs_ctg04,CTG110-NPZ1-L-A:PLYFSPCR:OGD:CD:0,CTG,A,CTG-<MOS>-A:PLYFSPCR:OGD:CD:0,10800,9.25926e-05,"OGD CTG: 18 active VG gates/unit on 18 columns (6 FTI intervals) x 2 diff tracks on which an active (VT) TCN flanks the gate = 36 fail modes/unit (one per gate per track, either side); x 5x60 unit cells = 10800; Scalar = 1/10800",,6,18,18,2,36,36,,,,,,,,,,,,
x81zs_ctg04,CTG110-PZ1-L-A:PLYFSPCR:OGD:CD:0,CTG,A,CTG-<MOS>-A:PLYFSPCR:OGD:CD:0,10800,9.25926e-05,"OGD CTG: 18 active VG gates/unit on 18 columns (6 FTI intervals) x 2 diff tracks on which an active (VT) TCN flanks the gate = 36 fail modes/unit (one per gate per track, either side); x 5x60 unit cells = 10800; Scalar = 1/10800",,6,18,18,2,36,36,,,,,,,,,,,,
x81zs_ctg04,CTG110-NZ1-L-A:PLYFSPCR:OGD:CD:P1,CTG,A,CTG-<MOS>-A:PLYFSPCR:OGD:CD:<SKEW>,10800,9.25926e-05,"OGD CTG: 18 active VG gates/unit on 18 columns (6 FTI intervals) x 2 diff tracks on which an active (VT) TCN flanks the gate = 36 fail modes/unit (one per gate per track, either side); x 5x60 unit cells = 10800; Scalar = 1/10800",,6,18,18,2,36,36,,,,,,,,,,,,
x81zs_ctg04,CTG110-NPZ1-L-A:PLYFSPCR:OGD:CD:P1,CTG,A,CTG-<MOS>-A:PLYFSPCR:OGD:CD:<SKEW>,10800,9.25926e-05,"OGD CTG: 18 active VG gates/unit on 18 columns (6 FTI intervals) x 2 diff tracks on which an active (VT) TCN flanks the gate = 36 fail modes/unit (one per gate per track, either side); x 5x60 unit cells = 10800; Scalar = 1/10800",,6,18,18,2,36,36,,,,,,,,,,,,
x81zs_ctg04,CTG110-PZ1-L-A:PLYFSPCR:OGD:CD:P1,CTG,A,CTG-<MOS>-A:PLYFSPCR:OGD:CD:<SKEW>,10800,9.25926e-05,"OGD CTG: 18 active VG gates/unit on 18 columns (6 FTI intervals) x 2 diff tracks on which an active (VT) TCN flanks the gate = 36 fail modes/unit (one per gate per track, either side); x 5x60 unit cells = 10800; Scalar = 1/10800",,6,18,18,2,36,36,,,,,,,,,,,,
x81zs_ctg04,CTG110-NZ1-L-A:PLYFSPCR:OGD:CD:P2,CTG,A,CTG-<MOS>-A:PLYFSPCR:OGD:CD:<SKEW>,10800,9.25926e-05,"OGD CTG: 18 active VG gates/unit on 18 columns (6 FTI intervals) x 2 diff tracks on which an active (VT) TCN flanks the gate = 36 fail modes/unit (one per gate per track, either side); x 5x60 unit cells = 10800; Scalar = 1/10800",,6,18,18,2,36,36,,,,,,,,,,,,
x81zs_ctg04,CTG110-NPZ1-L-A:PLYFSPCR:OGD:CD:P2,CTG,A,CTG-<MOS>-A:PLYFSPCR:OGD:CD:<SKEW>,10800,9.25926e-05,"OGD CTG: 18 active VG gates/unit on 18 columns (6 FTI intervals) x 2 diff tracks on which an active (VT) TCN flanks the gate = 36 fail modes/unit (one per gate per track, either side); x 5x60 unit cells = 10800; Scalar = 1/10800",,6,18,18,2,36,36,,,,,,,,,,,,
x81zs_ctg04,CTG110-PZ1-L-A:PLYFSPCR:OGD:CD:P2,CTG,A,CTG-<MOS>-A:PLYFSPCR:OGD:CD:<SKEW>,10800,9.25926e-05,"OGD CTG: 18 active VG gates/unit on 18 columns (6 FTI intervals) x 2 diff tracks on which an active (VT) TCN flanks the gate = 36 fail modes/unit (one per gate per track, either side); x 5x60 unit cells = 10800; Scalar = 1/10800",,6,18,18,2,36,36,,,,,,,,,,,,
x81zs_ctg04,CTG132-NZ5-L-A:PLYFSPCR:OGD:CD:N2,CTG,A,CTG-<MOS>-A:PLYFSPCR:OGD:CD:<SKEW>,10800,9.25926e-05,"OGD CTG: 18 active VG gates/unit on 18 columns (6 FTI intervals) x 2 diff tracks on which an active (VT) TCN flanks the gate = 36 fail modes/unit (one per gate per track, either side); x 5x60 unit cells = 10800; Scalar = 1/10800",,6,18,18,2,36,36,,,,,,,,,,,,
x81zs_ctg04,CTG132-NPZ5-L-A:PLYFSPCR:OGD:CD:N2,CTG,A,CTG-<MOS>-A:PLYFSPCR:OGD:CD:<SKEW>,10800,9.25926e-05,"OGD CTG: 18 active VG gates/unit on 18 columns (6 FTI intervals) x 2 diff tracks on which an active (VT) TCN flanks the gate = 36 fail modes/unit (one per gate per track, either side); x 5x60 unit cells = 10800; Scalar = 1/10800",,6,18,18,2,36,36,,,,,,,,,,,,
x81zs_ctg04,CTG132-PZ5-L-A:PLYFSPCR:OGD:CD:N2,CTG,A,CTG-<MOS>-A:PLYFSPCR:OGD:CD:<SKEW>,10800,9.25926e-05,"OGD CTG: 18 active VG gates/unit on 18 columns (6 FTI intervals) x 2 diff tracks on which an active (VT) TCN flanks the gate = 36 fail modes/unit (one per gate per track, either side); x 5x60 unit cells = 10800; Scalar = 1/10800",,6,18,18,2,36,36,,,,,,,,,,,,
x81zs_ctg04,CTG132-NZ5-L-A:PLYFSPCR:OGD:CD:N1,CTG,A,CTG-<MOS>-A:PLYFSPCR:OGD:CD:<SKEW>,10800,9.25926e-05,"OGD CTG: 18 active VG gates/unit on 18 columns (6 FTI intervals) x 2 diff tracks on which an active (VT) TCN flanks the gate = 36 fail modes/unit (one per gate per track, either side); x 5x60 unit cells = 10800; Scalar = 1/10800",,6,18,18,2,36,36,,,,,,,,,,,,
x81zs_ctg04,CTG132-NPZ5-L-A:PLYFSPCR:OGD:CD:N1,CTG,A,CTG-<MOS>-A:PLYFSPCR:OGD:CD:<SKEW>,10800,9.25926e-05,"OGD CTG: 18 active VG gates/unit on 18 columns (6 FTI intervals) x 2 diff tracks on which an active (VT) TCN flanks the gate = 36 fail modes/unit (one per gate per track, either side); x 5x60 unit cells = 10800; Scalar = 1/10800",,6,18,18,2,36,36,,,,,,,,,,,,
x81zs_ctg04,CTG132-PZ5-L-A:PLYFSPCR:OGD:CD:N1,CTG,A,CTG-<MOS>-A:PLYFSPCR:OGD:CD:<SKEW>,10800,9.25926e-05,"OGD CTG: 18 active VG gates/unit on 18 columns (6 FTI intervals) x 2 diff tracks on which an active (VT) TCN flanks the gate = 36 fail modes/unit (one per gate per track, either side); x 5x60 unit cells = 10800; Scalar = 1/10800",,6,18,18,2,36,36,,,,,,,,,,,,
x81zs_ctg04,CTG132-NZ5-L-A:PLYFSPCR:OGD:CD:0,CTG,A,CTG-<MOS>-A:PLYFSPCR:OGD:CD:0,10800,9.25926e-05,"OGD CTG: 18 active VG gates/unit on 18 columns (6 FTI intervals) x 2 diff tracks on which an active (VT) TCN flanks the gate = 36 fail modes/unit (one per gate per track, either side); x 5x60 unit cells = 10800; Scalar = 1/10800",,6,18,18,2,36,36,,,,,,,,,,,,
x81zs_ctg04,CTG132-NPZ5-L-A:PLYFSPCR:OGD:CD:0,CTG,A,CTG-<MOS>-A:PLYFSPCR:OGD:CD:0,10800,9.25926e-05,"OGD CTG: 18 active VG gates/unit on 18 columns (6 FTI intervals) x 2 diff tracks on which an active (VT) TCN flanks the gate = 36 fail modes/unit (one per gate per track, either side); x 5x60 unit cells = 10800; Scalar = 1/10800",,6,18,18,2,36,36,,,,,,,,,,,,
x81zs_ctg04,CTG132-PZ5-L-A:PLYFSPCR:OGD:CD:0,CTG,A,CTG-<MOS>-A:PLYFSPCR:OGD:CD:0,10800,9.25926e-05,"OGD CTG: 18 active VG gates/unit on 18 columns (6 FTI intervals) x 2 diff tracks on which an active (VT) TCN flanks the gate = 36 fail modes/unit (one per gate per track, either side); x 5x60 unit cells = 10800; Scalar = 1/10800",,6,18,18,2,36,36,,,,,,,,,,,,
x81zs_ctg04,CTG132-NZ5-L-A:PLYFSPCR:OGD:CD:P1,CTG,A,CTG-<MOS>-A:PLYFSPCR:OGD:CD:<SKEW>,10800,9.25926e-05,"OGD CTG: 18 active VG gates/unit on 18 columns (6 FTI intervals) x 2 diff tracks on which an active (VT) TCN flanks the gate = 36 fail modes/unit (one per gate per track, either side); x 5x60 unit cells = 10800; Scalar = 1/10800",,6,18,18,2,36,36,,,,,,,,,,,,
x81zs_ctg04,CTG132-NPZ5-L-A:PLYFSPCR:OGD:CD:P1,CTG,A,CTG-<MOS>-A:PLYFSPCR:OGD:CD:<SKEW>,10800,9.25926e-05,"OGD CTG: 18 active VG gates/unit on 18 columns (6 FTI intervals) x 2 diff tracks on which an active (VT) TCN flanks the gate = 36 fail modes/unit (one per gate per track, either side); x 5x60 unit cells = 10800; Scalar = 1/10800",,6,18,18,2,36,36,,,,,,,,,,,,
x81zs_ctg04,CTG132-PZ5-L-A:PLYFSPCR:OGD:CD:P1,CTG,A,CTG-<MOS>-A:PLYFSPCR:OGD:CD:<SKEW>,10800,9.25926e-05,"OGD CTG: 18 active VG gates/unit on 18 columns (6 FTI intervals) x 2 diff tracks on which an active (VT) TCN flanks the gate = 36 fail modes/unit (one per gate per track, either side); x 5x60 unit cells = 10800; Scalar = 1/10800",,6,18,18,2,36,36,,,,,,,,,,,,
x81zs_ctg04,CTG132-NZ5-L-A:PLYFSPCR:OGD:CD:P2,CTG,A,CTG-<MOS>-A:PLYFSPCR:OGD:CD:<SKEW>,10800,9.25926e-05,"OGD CTG: 18 active VG gates/unit on 18 columns (6 FTI intervals) x 2 diff tracks on which an active (VT) TCN flanks the gate = 36 fail modes/unit (one per gate per track, either side); x 5x60 unit cells = 10800; Scalar = 1/10800",,6,18,18,2,36,36,,,,,,,,,,,,
x81zs_ctg04,CTG132-NPZ5-L-A:PLYFSPCR:OGD:CD:P2,CTG,A,CTG-<MOS>-A:PLYFSPCR:OGD:CD:<SKEW>,10800,9.25926e-05,"OGD CTG: 18 active VG gates/unit on 18 columns (6 FTI intervals) x 2 diff tracks on which an active (VT) TCN flanks the gate = 36 fail modes/unit (one per gate per track, either side); x 5x60 unit cells = 10800; Scalar = 1/10800",,6,18,18,2,36,36,,,,,,,,,,,,
x81zs_ctg04,CTG132-PZ5-L-A:PLYFSPCR:OGD:CD:P2,CTG,A,CTG-<MOS>-A:PLYFSPCR:OGD:CD:<SKEW>,10800,9.25926e-05,"OGD CTG: 18 active VG gates/unit on 18 columns (6 FTI intervals) x 2 diff tracks on which an active (VT) TCN flanks the gate = 36 fail modes/unit (one per gate per track, either side); x 5x60 unit cells = 10800; Scalar = 1/10800",,6,18,18,2,36,36,,,,,,,,,,,,
x81zs_ctg04,CTG110-NZ1-H-A:PLYFTCN:OGD:CD:N2,CTG,A,CTG-<MOS>-A:PLYFTCN:OGD:CD:<SKEW>,10800,9.25926e-05,"OGD CTG: 18 active VG gates/unit on 18 columns (6 FTI intervals) x 2 diff tracks on which an active (VT) TCN flanks the gate = 36 fail modes/unit (one per gate per track, either side); x 5x60 unit cells = 10800; Scalar = 1/10800",,6,18,18,2,36,36,,,,,,,,,,,,
x81zs_ctg04,CTG110-NPZ1-H-A:PLYFTCN:OGD:CD:N2,CTG,A,CTG-<MOS>-A:PLYFTCN:OGD:CD:<SKEW>,10800,9.25926e-05,"OGD CTG: 18 active VG gates/unit on 18 columns (6 FTI intervals) x 2 diff tracks on which an active (VT) TCN flanks the gate = 36 fail modes/unit (one per gate per track, either side); x 5x60 unit cells = 10800; Scalar = 1/10800",,6,18,18,2,36,36,,,,,,,,,,,,
x81zs_ctg04,CTG110-PZ1-H-A:PLYFTCN:OGD:CD:N2,CTG,A,CTG-<MOS>-A:PLYFTCN:OGD:CD:<SKEW>,10800,9.25926e-05,"OGD CTG: 18 active VG gates/unit on 18 columns (6 FTI intervals) x 2 diff tracks on which an active (VT) TCN flanks the gate = 36 fail modes/unit (one per gate per track, either side); x 5x60 unit cells = 10800; Scalar = 1/10800",,6,18,18,2,36,36,,,,,,,,,,,,
x81zs_ctg04,CTG110-NZ1-H-A:PLYFTCN:OGD:CD:0,CTG,A,CTG-<MOS>-A:PLYFTCN:OGD:CD:0,10800,9.25926e-05,"OGD CTG: 18 active VG gates/unit on 18 columns (6 FTI intervals) x 2 diff tracks on which an active (VT) TCN flanks the gate = 36 fail modes/unit (one per gate per track, either side); x 5x60 unit cells = 10800; Scalar = 1/10800",,6,18,18,2,36,36,,,,,,,,,,,,
x81zs_ctg04,CTG110-NPZ1-H-A:PLYFTCN:OGD:CD:0,CTG,A,CTG-<MOS>-A:PLYFTCN:OGD:CD:0,10800,9.25926e-05,"OGD CTG: 18 active VG gates/unit on 18 columns (6 FTI intervals) x 2 diff tracks on which an active (VT) TCN flanks the gate = 36 fail modes/unit (one per gate per track, either side); x 5x60 unit cells = 10800; Scalar = 1/10800",,6,18,18,2,36,36,,,,,,,,,,,,
x81zs_ctg04,CTG110-PZ1-H-A:PLYFTCN:OGD:CD:0,CTG,A,CTG-<MOS>-A:PLYFTCN:OGD:CD:0,10800,9.25926e-05,"OGD CTG: 18 active VG gates/unit on 18 columns (6 FTI intervals) x 2 diff tracks on which an active (VT) TCN flanks the gate = 36 fail modes/unit (one per gate per track, either side); x 5x60 unit cells = 10800; Scalar = 1/10800",,6,18,18,2,36,36,,,,,,,,,,,,
x81zs_ctg04,CTG110-NZ1-H-A:PLYFTCN:OGD:CD:P2,CTG,A,CTG-<MOS>-A:PLYFTCN:OGD:CD:<SKEW>,10800,9.25926e-05,"OGD CTG: 18 active VG gates/unit on 18 columns (6 FTI intervals) x 2 diff tracks on which an active (VT) TCN flanks the gate = 36 fail modes/unit (one per gate per track, either side); x 5x60 unit cells = 10800; Scalar = 1/10800",,6,18,18,2,36,36,,,,,,,,,,,,
x81zs_ctg04,CTG110-NPZ1-H-A:PLYFTCN:OGD:CD:P2,CTG,A,CTG-<MOS>-A:PLYFTCN:OGD:CD:<SKEW>,10800,9.25926e-05,"OGD CTG: 18 active VG gates/unit on 18 columns (6 FTI intervals) x 2 diff tracks on which an active (VT) TCN flanks the gate = 36 fail modes/unit (one per gate per track, either side); x 5x60 unit cells = 10800; Scalar = 1/10800",,6,18,18,2,36,36,,,,,,,,,,,,
x81zs_ctg04,CTG110-PZ1-H-A:PLYFTCN:OGD:CD:P2,CTG,A,CTG-<MOS>-A:PLYFTCN:OGD:CD:<SKEW>,10800,9.25926e-05,"OGD CTG: 18 active VG gates/unit on 18 columns (6 FTI intervals) x 2 diff tracks on which an active (VT) TCN flanks the gate = 36 fail modes/unit (one per gate per track, either side); x 5x60 unit cells = 10800; Scalar = 1/10800",,6,18,18,2,36,36,,,,,,,,,,,,
x81zs_ctg04,CTG132-NZ5-H-A:PLYFTCN:OGD:CD:N2,CTG,A,CTG-<MOS>-A:PLYFTCN:OGD:CD:<SKEW>,10800,9.25926e-05,"OGD CTG: 18 active VG gates/unit on 18 columns (6 FTI intervals) x 2 diff tracks on which an active (VT) TCN flanks the gate = 36 fail modes/unit (one per gate per track, either side); x 5x60 unit cells = 10800; Scalar = 1/10800",,6,18,18,2,36,36,,,,,,,,,,,,
x81zs_ctg04,CTG132-NPZ5-H-A:PLYFTCN:OGD:CD:N2,CTG,A,CTG-<MOS>-A:PLYFTCN:OGD:CD:<SKEW>,10800,9.25926e-05,"OGD CTG: 18 active VG gates/unit on 18 columns (6 FTI intervals) x 2 diff tracks on which an active (VT) TCN flanks the gate = 36 fail modes/unit (one per gate per track, either side); x 5x60 unit cells = 10800; Scalar = 1/10800",,6,18,18,2,36,36,,,,,,,,,,,,
x81zs_ctg04,CTG132-PZ5-H-A:PLYFTCN:OGD:CD:N2,CTG,A,CTG-<MOS>-A:PLYFTCN:OGD:CD:<SKEW>,10800,9.25926e-05,"OGD CTG: 18 active VG gates/unit on 18 columns (6 FTI intervals) x 2 diff tracks on which an active (VT) TCN flanks the gate = 36 fail modes/unit (one per gate per track, either side); x 5x60 unit cells = 10800; Scalar = 1/10800",,6,18,18,2,36,36,,,,,,,,,,,,
x81zs_ctg04,CTG132-NZ5-H-A:PLYFTCN:OGD:CD:0,CTG,A,CTG-<MOS>-A:PLYFTCN:OGD:CD:0,10800,9.25926e-05,"OGD CTG: 18 active VG gates/unit on 18 columns (6 FTI intervals) x 2 diff tracks on which an active (VT) TCN flanks the gate = 36 fail modes/unit (one per gate per track, either side); x 5x60 unit cells = 10800; Scalar = 1/10800",,6,18,18,2,36,36,,,,,,,,,,,,
x81zs_ctg04,CTG132-NPZ5-H-A:PLYFTCN:OGD:CD:0,CTG,A,CTG-<MOS>-A:PLYFTCN:OGD:CD:0,10800,9.25926e-05,"OGD CTG: 18 active VG gates/unit on 18 columns (6 FTI intervals) x 2 diff tracks on which an active (VT) TCN flanks the gate = 36 fail modes/unit (one per gate per track, either side); x 5x60 unit cells = 10800; Scalar = 1/10800",,6,18,18,2,36,36,,,,,,,,,,,,
x81zs_ctg04,CTG132-PZ5-H-A:PLYFTCN:OGD:CD:0,CTG,A,CTG-<MOS>-A:PLYFTCN:OGD:CD:0,10800,9.25926e-05,"OGD CTG: 18 active VG gates/unit on 18 columns (6 FTI intervals) x 2 diff tracks on which an active (VT) TCN flanks the gate = 36 fail modes/unit (one per gate per track, either side); x 5x60 unit cells = 10800; Scalar = 1/10800",,6,18,18,2,36,36,,,,,,,,,,,,
x81zs_ctg04,CTG132-NZ5-H-A:PLYFTCN:OGD:CD:P2,CTG,A,CTG-<MOS>-A:PLYFTCN:OGD:CD:<SKEW>,10800,9.25926e-05,"OGD CTG: 18 active VG gates/unit on 18 columns (6 FTI intervals) x 2 diff tracks on which an active (VT) TCN flanks the gate = 36 fail modes/unit (one per gate per track, either side); x 5x60 unit cells = 10800; Scalar = 1/10800",,6,18,18,2,36,36,,,,,,,,,,,,
x81zs_ctg04,CTG132-NPZ5-H-A:PLYFTCN:OGD:CD:P2,CTG,A,CTG-<MOS>-A:PLYFTCN:OGD:CD:<SKEW>,10800,9.25926e-05,"OGD CTG: 18 active VG gates/unit on 18 columns (6 FTI intervals) x 2 diff tracks on which an active (VT) TCN flanks the gate = 36 fail modes/unit (one per gate per track, either side); x 5x60 unit cells = 10800; Scalar = 1/10800",,6,18,18,2,36,36,,,,,,,,,,,,
x81zs_ctg04,CTG132-PZ5-H-A:PLYFTCN:OGD:CD:P2,CTG,A,CTG-<MOS>-A:PLYFTCN:OGD:CD:<SKEW>,10800,9.25926e-05,"OGD CTG: 18 active VG gates/unit on 18 columns (6 FTI intervals) x 2 diff tracks on which an active (VT) TCN flanks the gate = 36 fail modes/unit (one per gate per track, either side); x 5x60 unit cells = 10800; Scalar = 1/10800",,6,18,18,2,36,36,,,,,,,,,,,,
x81zs_ctg04,CTG110-NZ1-L-A:PLYFTCN:OGD:CD:N2,CTG,A,CTG-<MOS>-A:PLYFTCN:OGD:CD:<SKEW>,10800,9.25926e-05,"OGD CTG: 18 active VG gates/unit on 18 columns (6 FTI intervals) x 2 diff tracks on which an active (VT) TCN flanks the gate = 36 fail modes/unit (one per gate per track, either side); x 5x60 unit cells = 10800; Scalar = 1/10800",,6,18,18,2,36,36,,,,,,,,,,,,
x81zs_ctg04,CTG110-NPZ1-L-A:PLYFTCN:OGD:CD:N2,CTG,A,CTG-<MOS>-A:PLYFTCN:OGD:CD:<SKEW>,10800,9.25926e-05,"OGD CTG: 18 active VG gates/unit on 18 columns (6 FTI intervals) x 2 diff tracks on which an active (VT) TCN flanks the gate = 36 fail modes/unit (one per gate per track, either side); x 5x60 unit cells = 10800; Scalar = 1/10800",,6,18,18,2,36,36,,,,,,,,,,,,
x81zs_ctg04,CTG110-PZ1-L-A:PLYFTCN:OGD:CD:N2,CTG,A,CTG-<MOS>-A:PLYFTCN:OGD:CD:<SKEW>,10800,9.25926e-05,"OGD CTG: 18 active VG gates/unit on 18 columns (6 FTI intervals) x 2 diff tracks on which an active (VT) TCN flanks the gate = 36 fail modes/unit (one per gate per track, either side); x 5x60 unit cells = 10800; Scalar = 1/10800",,6,18,18,2,36,36,,,,,,,,,,,,
x81zs_ctg04,CTG110-NZ1-L-A:PLYFTCN:OGD:CD:0,CTG,A,CTG-<MOS>-A:PLYFTCN:OGD:CD:0,10800,9.25926e-05,"OGD CTG: 18 active VG gates/unit on 18 columns (6 FTI intervals) x 2 diff tracks on which an active (VT) TCN flanks the gate = 36 fail modes/unit (one per gate per track, either side); x 5x60 unit cells = 10800; Scalar = 1/10800",,6,18,18,2,36,36,,,,,,,,,,,,
x81zs_ctg04,CTG110-NPZ1-L-A:PLYFTCN:OGD:CD:0,CTG,A,CTG-<MOS>-A:PLYFTCN:OGD:CD:0,10800,9.25926e-05,"OGD CTG: 18 active VG gates/unit on 18 columns (6 FTI intervals) x 2 diff tracks on which an active (VT) TCN flanks the gate = 36 fail modes/unit (one per gate per track, either side); x 5x60 unit cells = 10800; Scalar = 1/10800",,6,18,18,2,36,36,,,,,,,,,,,,
x81zs_ctg04,CTG110-PZ1-L-A:PLYFTCN:OGD:CD:0,CTG,A,CTG-<MOS>-A:PLYFTCN:OGD:CD:0,10800,9.25926e-05,"OGD CTG: 18 active VG gates/unit on 18 columns (6 FTI intervals) x 2 diff tracks on which an active (VT) TCN flanks the gate = 36 fail modes/unit (one per gate per track, either side); x 5x60 unit cells = 10800; Scalar = 1/10800",,6,18,18,2,36,36,,,,,,,,,,,,
x81zs_ctg04,CTG110-NZ1-L-A:PLYFTCN:OGD:CD:P2,CTG,A,CTG-<MOS>-A:PLYFTCN:OGD:CD:<SKEW>,10800,9.25926e-05,"OGD CTG: 18 active VG gates/unit on 18 columns (6 FTI intervals) x 2 diff tracks on which an active (VT) TCN flanks the gate = 36 fail modes/unit (one per gate per track, either side); x 5x60 unit cells = 10800; Scalar = 1/10800",,6,18,18,2,36,36,,,,,,,,,,,,
x81zs_ctg04,CTG110-NPZ1-L-A:PLYFTCN:OGD:CD:P2,CTG,A,CTG-<MOS>-A:PLYFTCN:OGD:CD:<SKEW>,10800,9.25926e-05,"OGD CTG: 18 active VG gates/unit on 18 columns (6 FTI intervals) x 2 diff tracks on which an active (VT) TCN flanks the gate = 36 fail modes/unit (one per gate per track, either side); x 5x60 unit cells = 10800; Scalar = 1/10800",,6,18,18,2,36,36,,,,,,,,,,,,
x81zs_ctg04,CTG110-PZ1-L-A:PLYFTCN:OGD:CD:P2,CTG,A,CTG-<MOS>-A:PLYFTCN:OGD:CD:<SKEW>,10800,9.25926e-05,"OGD CTG: 18 active VG gates/unit on 18 columns (6 FTI intervals) x 2 diff tracks on which an active (VT) TCN flanks the gate = 36 fail modes/unit (one per gate per track, either side); x 5x60 unit cells = 10800; Scalar = 1/10800",,6,18,18,2,36,36,,,,,,,,,,,,
x81zs_ctg04,CTG132-NZ5-L-A:PLYFTCN:OGD:CD:N2,CTG,A,CTG-<MOS>-A:PLYFTCN:OGD:CD:<SKEW>,10800,9.25926e-05,"OGD CTG: 18 active VG gates/unit on 18 columns (6 FTI intervals) x 2 diff tracks on which an active (VT) TCN flanks the gate = 36 fail modes/unit (one per gate per track, either side); x 5x60 unit cells = 10800; Scalar = 1/10800",,6,18,18,2,36,36,,,,,,,,,,,,
x81zs_ctg04,CTG132-NPZ5-L-A:PLYFTCN:OGD:CD:N2,CTG,A,CTG-<MOS>-A:PLYFTCN:OGD:CD:<SKEW>,10800,9.25926e-05,"OGD CTG: 18 active VG gates/unit on 18 columns (6 FTI intervals) x 2 diff tracks on which an active (VT) TCN flanks the gate = 36 fail modes/unit (one per gate per track, either side); x 5x60 unit cells = 10800; Scalar = 1/10800",,6,18,18,2,36,36,,,,,,,,,,,,
x81zs_ctg04,CTG132-PZ5-L-A:PLYFTCN:OGD:CD:N2,CTG,A,CTG-<MOS>-A:PLYFTCN:OGD:CD:<SKEW>,10800,9.25926e-05,"OGD CTG: 18 active VG gates/unit on 18 columns (6 FTI intervals) x 2 diff tracks on which an active (VT) TCN flanks the gate = 36 fail modes/unit (one per gate per track, either side); x 5x60 unit cells = 10800; Scalar = 1/10800",,6,18,18,2,36,36,,,,,,,,,,,,
x81zs_ctg04,CTG132-NZ5-L-A:PLYFTCN:OGD:CD:0,CTG,A,CTG-<MOS>-A:PLYFTCN:OGD:CD:0,10800,9.25926e-05,"OGD CTG: 18 active VG gates/unit on 18 columns (6 FTI intervals) x 2 diff tracks on which an active (VT) TCN flanks the gate = 36 fail modes/unit (one per gate per track, either side); x 5x60 unit cells = 10800; Scalar = 1/10800",,6,18,18,2,36,36,,,,,,,,,,,,
x81zs_ctg04,CTG132-NPZ5-L-A:PLYFTCN:OGD:CD:0,CTG,A,CTG-<MOS>-A:PLYFTCN:OGD:CD:0,10800,9.25926e-05,"OGD CTG: 18 active VG gates/unit on 18 columns (6 FTI intervals) x 2 diff tracks on which an active (VT) TCN flanks the gate = 36 fail modes/unit (one per gate per track, either side); x 5x60 unit cells = 10800; Scalar = 1/10800",,6,18,18,2,36,36,,,,,,,,,,,,
x81zs_ctg04,CTG132-PZ5-L-A:PLYFTCN:OGD:CD:0,CTG,A,CTG-<MOS>-A:PLYFTCN:OGD:CD:0,10800,9.25926e-05,"OGD CTG: 18 active VG gates/unit on 18 columns (6 FTI intervals) x 2 diff tracks on which an active (VT) TCN flanks the gate = 36 fail modes/unit (one per gate per track, either side); x 5x60 unit cells = 10800; Scalar = 1/10800",,6,18,18,2,36,36,,,,,,,,,,,,
x81zs_ctg04,CTG132-NZ5-L-A:PLYFTCN:OGD:CD:P2,CTG,A,CTG-<MOS>-A:PLYFTCN:OGD:CD:<SKEW>,10800,9.25926e-05,"OGD CTG: 18 active VG gates/unit on 18 columns (6 FTI intervals) x 2 diff tracks on which an active (VT) TCN flanks the gate = 36 fail modes/unit (one per gate per track, either side); x 5x60 unit cells = 10800; Scalar = 1/10800",,6,18,18,2,36,36,,,,,,,,,,,,
x81zs_ctg04,CTG132-NPZ5-L-A:PLYFTCN:OGD:CD:P2,CTG,A,CTG-<MOS>-A:PLYFTCN:OGD:CD:<SKEW>,10800,9.25926e-05,"OGD CTG: 18 active VG gates/unit on 18 columns (6 FTI intervals) x 2 diff tracks on which an active (VT) TCN flanks the gate = 36 fail modes/unit (one per gate per track, either side); x 5x60 unit cells = 10800; Scalar = 1/10800",,6,18,18,2,36,36,,,,,,,,,,,,
x81zs_ctg04,CTG132-PZ5-L-A:PLYFTCN:OGD:CD:P2,CTG,A,CTG-<MOS>-A:PLYFTCN:OGD:CD:<SKEW>,10800,9.25926e-05,"OGD CTG: 18 active VG gates/unit on 18 columns (6 FTI intervals) x 2 diff tracks on which an active (VT) TCN flanks the gate = 36 fail modes/unit (one per gate per track, either side); x 5x60 unit cells = 10800; Scalar = 1/10800",,6,18,18,2,36,36,,,,,,,,,,,,
x81zs_ctg04,CTG110-NZ1-E-A:PLYFTCN:OGD:CD:N2,CTG,A,CTG-<MOS>-A:PLYFTCN:OGD:CD:<SKEW>,10800,9.25926e-05,"OGD CTG: 18 active VG gates/unit on 18 columns (6 FTI intervals) x 2 diff tracks on which an active (VT) TCN flanks the gate = 36 fail modes/unit (one per gate per track, either side); x 5x60 unit cells = 10800; Scalar = 1/10800",,6,18,18,2,36,36,,,,,,,,,,,,
x81zs_ctg04,CTG110-NPZ1-E-A:PLYFTCN:OGD:CD:N2,CTG,A,CTG-<MOS>-A:PLYFTCN:OGD:CD:<SKEW>,10800,9.25926e-05,"OGD CTG: 18 active VG gates/unit on 18 columns (6 FTI intervals) x 2 diff tracks on which an active (VT) TCN flanks the gate = 36 fail modes/unit (one per gate per track, either side); x 5x60 unit cells = 10800; Scalar = 1/10800",,6,18,18,2,36,36,,,,,,,,,,,,
x81zs_ctg04,CTG110-PZ1-E-A:PLYFTCN:OGD:CD:N2,CTG,A,CTG-<MOS>-A:PLYFTCN:OGD:CD:<SKEW>,10800,9.25926e-05,"OGD CTG: 18 active VG gates/unit on 18 columns (6 FTI intervals) x 2 diff tracks on which an active (VT) TCN flanks the gate = 36 fail modes/unit (one per gate per track, either side); x 5x60 unit cells = 10800; Scalar = 1/10800",,6,18,18,2,36,36,,,,,,,,,,,,
x81zs_ctg04,CTG110-NZ1-E-A:PLYFTCN:OGD:CD:0,CTG,A,CTG-<MOS>-A:PLYFTCN:OGD:CD:0,10800,9.25926e-05,"OGD CTG: 18 active VG gates/unit on 18 columns (6 FTI intervals) x 2 diff tracks on which an active (VT) TCN flanks the gate = 36 fail modes/unit (one per gate per track, either side); x 5x60 unit cells = 10800; Scalar = 1/10800",,6,18,18,2,36,36,,,,,,,,,,,,
x81zs_ctg04,CTG110-NPZ1-E-A:PLYFTCN:OGD:CD:0,CTG,A,CTG-<MOS>-A:PLYFTCN:OGD:CD:0,10800,9.25926e-05,"OGD CTG: 18 active VG gates/unit on 18 columns (6 FTI intervals) x 2 diff tracks on which an active (VT) TCN flanks the gate = 36 fail modes/unit (one per gate per track, either side); x 5x60 unit cells = 10800; Scalar = 1/10800",,6,18,18,2,36,36,,,,,,,,,,,,
x81zs_ctg04,CTG110-PZ1-E-A:PLYFTCN:OGD:CD:0,CTG,A,CTG-<MOS>-A:PLYFTCN:OGD:CD:0,10800,9.25926e-05,"OGD CTG: 18 active VG gates/unit on 18 columns (6 FTI intervals) x 2 diff tracks on which an active (VT) TCN flanks the gate = 36 fail modes/unit (one per gate per track, either side); x 5x60 unit cells = 10800; Scalar = 1/10800",,6,18,18,2,36,36,,,,,,,,,,,,
x81zs_ctg04,CTG110-NZ1-E-A:PLYFTCN:OGD:CD:P2,CTG,A,CTG-<MOS>-A:PLYFTCN:OGD:CD:<SKEW>,10800,9.25926e-05,"OGD CTG: 18 active VG gates/unit on 18 columns (6 FTI intervals) x 2 diff tracks on which an active (VT) TCN flanks the gate = 36 fail modes/unit (one per gate per track, either side); x 5x60 unit cells = 10800; Scalar = 1/10800",,6,18,18,2,36,36,,,,,,,,,,,,
x81zs_ctg04,CTG110-NPZ1-E-A:PLYFTCN:OGD:CD:P2,CTG,A,CTG-<MOS>-A:PLYFTCN:OGD:CD:<SKEW>,10800,9.25926e-05,"OGD CTG: 18 active VG gates/unit on 18 columns (6 FTI intervals) x 2 diff tracks on which an active (VT) TCN flanks the gate = 36 fail modes/unit (one per gate per track, either side); x 5x60 unit cells = 10800; Scalar = 1/10800",,6,18,18,2,36,36,,,,,,,,,,,,
x81zs_ctg04,CTG110-PZ1-E-A:PLYFTCN:OGD:CD:P2,CTG,A,CTG-<MOS>-A:PLYFTCN:OGD:CD:<SKEW>,10800,9.25926e-05,"OGD CTG: 18 active VG gates/unit on 18 columns (6 FTI intervals) x 2 diff tracks on which an active (VT) TCN flanks the gate = 36 fail modes/unit (one per gate per track, either side); x 5x60 unit cells = 10800; Scalar = 1/10800",,6,18,18,2,36,36,,,,,,,,,,,,
x81zs_ctg04,CTG132-NZ5-E-A:PLYFTCN:OGD:CD:N2,CTG,A,CTG-<MOS>-A:PLYFTCN:OGD:CD:<SKEW>,10800,9.25926e-05,"OGD CTG: 18 active VG gates/unit on 18 columns (6 FTI intervals) x 2 diff tracks on which an active (VT) TCN flanks the gate = 36 fail modes/unit (one per gate per track, either side); x 5x60 unit cells = 10800; Scalar = 1/10800",,6,18,18,2,36,36,,,,,,,,,,,,
x81zs_ctg04,CTG132-NPZ5-E-A:PLYFTCN:OGD:CD:N2,CTG,A,CTG-<MOS>-A:PLYFTCN:OGD:CD:<SKEW>,10800,9.25926e-05,"OGD CTG: 18 active VG gates/unit on 18 columns (6 FTI intervals) x 2 diff tracks on which an active (VT) TCN flanks the gate = 36 fail modes/unit (one per gate per track, either side); x 5x60 unit cells = 10800; Scalar = 1/10800",,6,18,18,2,36,36,,,,,,,,,,,,
x81zs_ctg04,CTG132-PZ5-E-A:PLYFTCN:OGD:CD:N2,CTG,A,CTG-<MOS>-A:PLYFTCN:OGD:CD:<SKEW>,10800,9.25926e-05,"OGD CTG: 18 active VG gates/unit on 18 columns (6 FTI intervals) x 2 diff tracks on which an active (VT) TCN flanks the gate = 36 fail modes/unit (one per gate per track, either side); x 5x60 unit cells = 10800; Scalar = 1/10800",,6,18,18,2,36,36,,,,,,,,,,,,
x81zs_ctg04,CTG132-NZ5-E-A:PLYFTCN:OGD:CD:0,CTG,A,CTG-<MOS>-A:PLYFTCN:OGD:CD:0,10800,9.25926e-05,"OGD CTG: 18 active VG gates/unit on 18 columns (6 FTI intervals) x 2 diff tracks on which an active (VT) TCN flanks the gate = 36 fail modes/unit (one per gate per track, either side); x 5x60 unit cells = 10800; Scalar = 1/10800",,6,18,18,2,36,36,,,,,,,,,,,,
x81zs_ctg04,CTG132-NPZ5-E-A:PLYFTCN:OGD:CD:0,CTG,A,CTG-<MOS>-A:PLYFTCN:OGD:CD:0,10800,9.25926e-05,"OGD CTG: 18 active VG gates/unit on 18 columns (6 FTI intervals) x 2 diff tracks on which an active (VT) TCN flanks the gate = 36 fail modes/unit (one per gate per track, either side); x 5x60 unit cells = 10800; Scalar = 1/10800",,6,18,18,2,36,36,,,,,,,,,,,,
x81zs_ctg04,CTG132-PZ5-E-A:PLYFTCN:OGD:CD:0,CTG,A,CTG-<MOS>-A:PLYFTCN:OGD:CD:0,10800,9.25926e-05,"OGD CTG: 18 active VG gates/unit on 18 columns (6 FTI intervals) x 2 diff tracks on which an active (VT) TCN flanks the gate = 36 fail modes/unit (one per gate per track, either side); x 5x60 unit cells = 10800; Scalar = 1/10800",,6,18,18,2,36,36,,,,,,,,,,,,
x81zs_ctg04,CTG132-NZ5-E-A:PLYFTCN:OGD:CD:P2,CTG,A,CTG-<MOS>-A:PLYFTCN:OGD:CD:<SKEW>,10800,9.25926e-05,"OGD CTG: 18 active VG gates/unit on 18 columns (6 FTI intervals) x 2 diff tracks on which an active (VT) TCN flanks the gate = 36 fail modes/unit (one per gate per track, either side); x 5x60 unit cells = 10800; Scalar = 1/10800",,6,18,18,2,36,36,,,,,,,,,,,,
x81zs_ctg04,CTG132-NPZ5-E-A:PLYFTCN:OGD:CD:P2,CTG,A,CTG-<MOS>-A:PLYFTCN:OGD:CD:<SKEW>,10800,9.25926e-05,"OGD CTG: 18 active VG gates/unit on 18 columns (6 FTI intervals) x 2 diff tracks on which an active (VT) TCN flanks the gate = 36 fail modes/unit (one per gate per track, either side); x 5x60 unit cells = 10800; Scalar = 1/10800",,6,18,18,2,36,36,,,,,,,,,,,,
x81zs_ctg04,CTG132-PZ5-E-A:PLYFTCN:OGD:CD:P2,CTG,A,CTG-<MOS>-A:PLYFTCN:OGD:CD:<SKEW>,10800,9.25926e-05,"OGD CTG: 18 active VG gates/unit on 18 columns (6 FTI intervals) x 2 diff tracks on which an active (VT) TCN flanks the gate = 36 fail modes/unit (one per gate per track, either side); x 5x60 unit cells = 10800; Scalar = 1/10800",,6,18,18,2,36,36,,,,,,,,,,,,
x81zs_ctg05,CTG165-NZ7-L-E:VCR:PGD:REG:N8,CTG,E,CTG-<MOS>-E:VCR:PGD:REG:<SKEW>,21600,4.62963e-05,"OGD CTG: 36 active VG gates/unit on 18 columns (6 FTI intervals) x 2 diff tracks on which an active (VT) TCN flanks the gate = 72 fail modes/unit (one per gate per track, either side); x 5x60 unit cells = 21600; Scalar = 1/21600",geometric count 72/unit differs from type-A SDR reference 36/unit,6,18,36,2,36,72,,,,,,,,,,,,
x81zs_ctg05,CTG165-NPZ7-L-E:VCR:PGD:REG:N8,CTG,E,CTG-<MOS>-E:VCR:PGD:REG:<SKEW>,21600,4.62963e-05,"OGD CTG: 36 active VG gates/unit on 18 columns (6 FTI intervals) x 2 diff tracks on which an active (VT) TCN flanks the gate = 72 fail modes/unit (one per gate per track, either side); x 5x60 unit cells = 21600; Scalar = 1/21600",geometric count 72/unit differs from type-A SDR reference 36/unit,6,18,36,2,36,72,,,,,,,,,,,,
x81zs_ctg05,CTG165-PZ7-L-E:VCR:PGD:REG:N8,CTG,E,CTG-<MOS>-E:VCR:PGD:REG:<SKEW>,21600,4.62963e-05,"OGD CTG: 36 active VG gates/unit on 18 columns (6 FTI intervals) x 2 diff tracks on which an active (VT) TCN flanks the gate = 72 fail modes/unit (one per gate per track, either side); x 5x60 unit cells = 21600; Scalar = 1/21600",geometric count 72/unit differs from type-A SDR reference 36/unit,6,18,36,2,36,72,,,,,,,,,,,,
x81zs_ctg05,CTG165-NZ7-L-E:VCR:PGD:REG:N6,CTG,E,CTG-<MOS>-E:VCR:PGD:REG:<SKEW>,21600,4.62963e-05,"OGD CTG: 36 active VG gates/unit on 18 columns (6 FTI intervals) x 2 diff tracks on which an active (VT) TCN flanks the gate = 72 fail modes/unit (one per gate per track, either side); x 5x60 unit cells = 21600; Scalar = 1/21600",geometric count 72/unit differs from type-A SDR reference 36/unit,6,18,36,2,36,72,,,,,,,,,,,,
x81zs_ctg05,CTG165-NPZ7-L-E:VCR:PGD:REG:N6,CTG,E,CTG-<MOS>-E:VCR:PGD:REG:<SKEW>,21600,4.62963e-05,"OGD CTG: 36 active VG gates/unit on 18 columns (6 FTI intervals) x 2 diff tracks on which an active (VT) TCN flanks the gate = 72 fail modes/unit (one per gate per track, either side); x 5x60 unit cells = 21600; Scalar = 1/21600",geometric count 72/unit differs from type-A SDR reference 36/unit,6,18,36,2,36,72,,,,,,,,,,,,
x81zs_ctg05,CTG165-PZ7-L-E:VCR:PGD:REG:N6,CTG,E,CTG-<MOS>-E:VCR:PGD:REG:<SKEW>,21600,4.62963e-05,"OGD CTG: 36 active VG gates/unit on 18 columns (6 FTI intervals) x 2 diff tracks on which an active (VT) TCN flanks the gate = 72 fail modes/unit (one per gate per track, either side); x 5x60 unit cells = 21600; Scalar = 1/21600",geometric count 72/unit differs from type-A SDR reference 36/unit,6,18,36,2,36,72,,,,,,,,,,,,
x81zs_ctg05,CTG165-NZ7-L-E:VCR:PGD:REG:N4,CTG,E,CTG-<MOS>-E:VCR:PGD:REG:<SKEW>,21600,4.62963e-05,"OGD CTG: 36 active VG gates/unit on 18 columns (6 FTI intervals) x 2 diff tracks on which an active (VT) TCN flanks the gate = 72 fail modes/unit (one per gate per track, either side); x 5x60 unit cells = 21600; Scalar = 1/21600",geometric count 72/unit differs from type-A SDR reference 36/unit,6,18,36,2,36,72,,,,,,,,,,,,
x81zs_ctg05,CTG165-NPZ7-L-E:VCR:PGD:REG:N4,CTG,E,CTG-<MOS>-E:VCR:PGD:REG:<SKEW>,21600,4.62963e-05,"OGD CTG: 36 active VG gates/unit on 18 columns (6 FTI intervals) x 2 diff tracks on which an active (VT) TCN flanks the gate = 72 fail modes/unit (one per gate per track, either side); x 5x60 unit cells = 21600; Scalar = 1/21600",geometric count 72/unit differs from type-A SDR reference 36/unit,6,18,36,2,36,72,,,,,,,,,,,,
x81zs_ctg05,CTG165-PZ7-L-E:VCR:PGD:REG:N4,CTG,E,CTG-<MOS>-E:VCR:PGD:REG:<SKEW>,21600,4.62963e-05,"OGD CTG: 36 active VG gates/unit on 18 columns (6 FTI intervals) x 2 diff tracks on which an active (VT) TCN flanks the gate = 72 fail modes/unit (one per gate per track, either side); x 5x60 unit cells = 21600; Scalar = 1/21600",geometric count 72/unit differs from type-A SDR reference 36/unit,6,18,36,2,36,72,,,,,,,,,,,,
x81zs_ctg05,CTG165-NZ7-L-E:VCR:PGD:REG:N2,CTG,E,CTG-<MOS>-E:VCR:PGD:REG:<SKEW>,21600,4.62963e-05,"OGD CTG: 36 active VG gates/unit on 18 columns (6 FTI intervals) x 2 diff tracks on which an active (VT) TCN flanks the gate = 72 fail modes/unit (one per gate per track, either side); x 5x60 unit cells = 21600; Scalar = 1/21600",geometric count 72/unit differs from type-A SDR reference 36/unit,6,18,36,2,36,72,,,,,,,,,,,,
x81zs_ctg05,CTG165-NPZ7-L-E:VCR:PGD:REG:N2,CTG,E,CTG-<MOS>-E:VCR:PGD:REG:<SKEW>,21600,4.62963e-05,"OGD CTG: 36 active VG gates/unit on 18 columns (6 FTI intervals) x 2 diff tracks on which an active (VT) TCN flanks the gate = 72 fail modes/unit (one per gate per track, either side); x 5x60 unit cells = 21600; Scalar = 1/21600",geometric count 72/unit differs from type-A SDR reference 36/unit,6,18,36,2,36,72,,,,,,,,,,,,
x81zs_ctg05,CTG165-PZ7-L-E:VCR:PGD:REG:N2,CTG,E,CTG-<MOS>-E:VCR:PGD:REG:<SKEW>,21600,4.62963e-05,"OGD CTG: 36 active VG gates/unit on 18 columns (6 FTI intervals) x 2 diff tracks on which an active (VT) TCN flanks the gate = 72 fail modes/unit (one per gate per track, either side); x 5x60 unit cells = 21600; Scalar = 1/21600",geometric count 72/unit differs from type-A SDR reference 36/unit,6,18,36,2,36,72,,,,,,,,,,,,
x81zs_ctg05,CTG165-NZ7-L-E:VCR:PGD:REG:0,CTG,E,CTG-<MOS>-E:VCR:PGD:REG:0,21600,4.62963e-05,"OGD CTG: 36 active VG gates/unit on 18 columns (6 FTI intervals) x 2 diff tracks on which an active (VT) TCN flanks the gate = 72 fail modes/unit (one per gate per track, either side); x 5x60 unit cells = 21600; Scalar = 1/21600",geometric count 72/unit differs from type-A SDR reference 36/unit,6,18,36,2,36,72,,,,,,,,,,,,
x81zs_ctg05,CTG165-NPZ7-L-E:VCR:PGD:REG:0,CTG,E,CTG-<MOS>-E:VCR:PGD:REG:0,21600,4.62963e-05,"OGD CTG: 36 active VG gates/unit on 18 columns (6 FTI intervals) x 2 diff tracks on which an active (VT) TCN flanks the gate = 72 fail modes/unit (one per gate per track, either side); x 5x60 unit cells = 21600; Scalar = 1/21600",geometric count 72/unit differs from type-A SDR reference 36/unit,6,18,36,2,36,72,,,,,,,,,,,,
x81zs_ctg05,CTG165-PZ7-L-E:VCR:PGD:REG:0,CTG,E,CTG-<MOS>-E:VCR:PGD:REG:0,21600,4.62963e-05,"OGD CTG: 36 active VG gates/unit on 18 columns (6 FTI intervals) x 2 diff tracks on which an active (VT) TCN flanks the gate = 72 fail modes/unit (one per gate per track, either side); x 5x60 unit cells = 21600; Scalar = 1/21600",geometric count 72/unit differs from type-A SDR reference 36/unit,6,18,36,2,36,72,,,,,,,,,,,,
x81zs_ctg05,CTG165-NZ7-L-E:VCR:PGD:REG:P2,CTG,E,CTG-<MOS>-E:VCR:PGD:REG:<SKEW>,21600,4.62963e-05,"OGD CTG: 36 active VG gates/unit on 18 columns (6 FTI intervals) x 2 diff tracks on which an active (VT) TCN flanks the gate = 72 fail modes/unit (one per gate per track, either side); x 5x60 unit cells = 21600; Scalar = 1/21600",geometric count 72/unit differs from type-A SDR reference 36/unit,6,18,36,2,36,72,,,,,,,,,,,,
x81zs_ctg05,CTG165-NPZ7-L-E:VCR:PGD:REG:P2,CTG,E,CTG-<MOS>-E:VCR:PGD:REG:<SKEW>,21600,4.62963e-05,"OGD CTG: 36 active VG gates/unit on 18 columns (6 FTI intervals) x 2 diff tracks on which an active (VT) TCN flanks the gate = 72 fail modes/unit (one per gate per track, either side); x 5x60 unit cells = 21600; Scalar = 1/21600",geometric count 72/unit differs from type-A SDR reference 36/unit,6,18,36,2,36,72,,,,,,,,,,,,
x81zs_ctg05,CTG165-PZ7-L-E:VCR:PGD:REG:P2,CTG,E,CTG-<MOS>-E:VCR:PGD:REG:<SKEW>,21600,4.62963e-05,"OGD CTG: 36 active VG gates/unit on 18 columns (6 FTI intervals) x 2 diff tracks on which an active (VT) TCN flanks the gate = 72 fail modes/unit (one per gate per track, either side); x 5x60 unit cells = 21600; Scalar = 1/21600",geometric count 72/unit differs from type-A SDR reference 36/unit,6,18,36,2,36,72,,,,,,,,,,,,
x81zs_ctg05,CTG165-NZ7-L-E:VCR:PGD:REG:P4,CTG,E,CTG-<MOS>-E:VCR:PGD:REG:<SKEW>,21600,4.62963e-05,"OGD CTG: 36 active VG gates/unit on 18 columns (6 FTI intervals) x 2 diff tracks on which an active (VT) TCN flanks the gate = 72 fail modes/unit (one per gate per track, either side); x 5x60 unit cells = 21600; Scalar = 1/21600",geometric count 72/unit differs from type-A SDR reference 36/unit,6,18,36,2,36,72,,,,,,,,,,,,
x81zs_ctg05,CTG165-NPZ7-L-E:VCR:PGD:REG:P4,CTG,E,CTG-<MOS>-E:VCR:PGD:REG:<SKEW>,21600,4.62963e-05,"OGD CTG: 36 active VG gates/unit on 18 columns (6 FTI intervals) x 2 diff tracks on which an active (VT) TCN flanks the gate = 72 fail modes/unit (one per gate per track, either side); x 5x60 unit cells = 21600; Scalar = 1/21600",geometric count 72/unit differs from type-A SDR reference 36/unit,6,18,36,2,36,72,,,,,,,,,,,,
x81zs_ctg05,CTG165-PZ7-L-E:VCR:PGD:REG:P4,CTG,E,CTG-<MOS>-E:VCR:PGD:REG:<SKEW>,21600,4.62963e-05,"OGD CTG: 36 active VG gates/unit on 18 columns (6 FTI intervals) x 2 diff tracks on which an active (VT) TCN flanks the gate = 72 fail modes/unit (one per gate per track, either side); x 5x60 unit cells = 21600; Scalar = 1/21600",geometric count 72/unit differs from type-A SDR reference 36/unit,6,18,36,2,36,72,,,,,,,,,,,,
x81zs_ctg05,CTG165-NZ7-L-E:VCR:PGD:REG:P6,CTG,E,CTG-<MOS>-E:VCR:PGD:REG:<SKEW>,21600,4.62963e-05,"OGD CTG: 36 active VG gates/unit on 18 columns (6 FTI intervals) x 2 diff tracks on which an active (VT) TCN flanks the gate = 72 fail modes/unit (one per gate per track, either side); x 5x60 unit cells = 21600; Scalar = 1/21600",geometric count 72/unit differs from type-A SDR reference 36/unit,6,18,36,2,36,72,,,,,,,,,,,,
x81zs_ctg05,CTG165-NPZ7-L-E:VCR:PGD:REG:P6,CTG,E,CTG-<MOS>-E:VCR:PGD:REG:<SKEW>,21600,4.62963e-05,"OGD CTG: 36 active VG gates/unit on 18 columns (6 FTI intervals) x 2 diff tracks on which an active (VT) TCN flanks the gate = 72 fail modes/unit (one per gate per track, either side); x 5x60 unit cells = 21600; Scalar = 1/21600",geometric count 72/unit differs from type-A SDR reference 36/unit,6,18,36,2,36,72,,,,,,,,,,,,
x81zs_ctg05,CTG165-PZ7-L-E:VCR:PGD:REG:P6,CTG,E,CTG-<MOS>-E:VCR:PGD:REG:<SKEW>,21600,4.62963e-05,"OGD CTG: 36 active VG gates/unit on 18 columns (6 FTI intervals) x 2 diff tracks on which an active (VT) TCN flanks the gate = 72 fail modes/unit (one per gate per track, either side); x 5x60 unit cells = 21600; Scalar = 1/21600",geometric count 72/unit differs from type-A SDR reference 36/unit,6,18,36,2,36,72,,,,,,,,,,,,
x81zs_ctg05,CTG165-NZ7-L-E:VCR:PGD:REG:P8,CTG,E,CTG-<MOS>-E:VCR:PGD:REG:<SKEW>,21600,4.62963e-05,"OGD CTG: 36 active VG gates/unit on 18 columns (6 FTI intervals) x 2 diff tracks on which an active (VT) TCN flanks the gate = 72 fail modes/unit (one per gate per track, either side); x 5x60 unit cells = 21600; Scalar = 1/21600",geometric count 72/unit differs from type-A SDR reference 36/unit,6,18,36,2,36,72,,,,,,,,,,,,
x81zs_ctg05,CTG165-NPZ7-L-E:VCR:PGD:REG:P8,CTG,E,CTG-<MOS>-E:VCR:PGD:REG:<SKEW>,21600,4.62963e-05,"OGD CTG: 36 active VG gates/unit on 18 columns (6 FTI intervals) x 2 diff tracks on which an active (VT) TCN flanks the gate = 72 fail modes/unit (one per gate per track, either side); x 5x60 unit cells = 21600; Scalar = 1/21600",geometric count 72/unit differs from type-A SDR reference 36/unit,6,18,36,2,36,72,,,,,,,,,,,,
x81zs_ctg05,CTG165-PZ7-L-E:VCR:PGD:REG:P8,CTG,E,CTG-<MOS>-E:VCR:PGD:REG:<SKEW>,21600,4.62963e-05,"OGD CTG: 36 active VG gates/unit on 18 columns (6 FTI intervals) x 2 diff tracks on which an active (VT) TCN flanks the gate = 72 fail modes/unit (one per gate per track, either side); x 5x60 unit cells = 21600; Scalar = 1/21600",geometric count 72/unit differs from type-A SDR reference 36/unit,6,18,36,2,36,72,,,,,,,,,,,,
x81zs_ctg05,CTG132-NZ5-L-E:VCR:PGD:REG:N8,CTG,E,CTG-<MOS>-E:VCR:PGD:REG:<SKEW>,21600,4.62963e-05,"OGD CTG: 36 active VG gates/unit on 18 columns (6 FTI intervals) x 2 diff tracks on which an active (VT) TCN flanks the gate = 72 fail modes/unit (one per gate per track, either side); x 5x60 unit cells = 21600; Scalar = 1/21600",geometric count 72/unit differs from type-A SDR reference 36/unit,6,18,36,2,36,72,,,,,,,,,,,,
x81zs_ctg05,CTG132-NPZ5-L-E:VCR:PGD:REG:N8,CTG,E,CTG-<MOS>-E:VCR:PGD:REG:<SKEW>,21600,4.62963e-05,"OGD CTG: 36 active VG gates/unit on 18 columns (6 FTI intervals) x 2 diff tracks on which an active (VT) TCN flanks the gate = 72 fail modes/unit (one per gate per track, either side); x 5x60 unit cells = 21600; Scalar = 1/21600",geometric count 72/unit differs from type-A SDR reference 36/unit,6,18,36,2,36,72,,,,,,,,,,,,
x81zs_ctg05,CTG132-PZ5-L-E:VCR:PGD:REG:N8,CTG,E,CTG-<MOS>-E:VCR:PGD:REG:<SKEW>,21600,4.62963e-05,"OGD CTG: 36 active VG gates/unit on 18 columns (6 FTI intervals) x 2 diff tracks on which an active (VT) TCN flanks the gate = 72 fail modes/unit (one per gate per track, either side); x 5x60 unit cells = 21600; Scalar = 1/21600",geometric count 72/unit differs from type-A SDR reference 36/unit,6,18,36,2,36,72,,,,,,,,,,,,
x81zs_ctg05,CTG132-NZ5-L-E:VCR:PGD:REG:N6,CTG,E,CTG-<MOS>-E:VCR:PGD:REG:<SKEW>,21600,4.62963e-05,"OGD CTG: 36 active VG gates/unit on 18 columns (6 FTI intervals) x 2 diff tracks on which an active (VT) TCN flanks the gate = 72 fail modes/unit (one per gate per track, either side); x 5x60 unit cells = 21600; Scalar = 1/21600",geometric count 72/unit differs from type-A SDR reference 36/unit,6,18,36,2,36,72,,,,,,,,,,,,
x81zs_ctg05,CTG132-NPZ5-L-E:VCR:PGD:REG:N6,CTG,E,CTG-<MOS>-E:VCR:PGD:REG:<SKEW>,21600,4.62963e-05,"OGD CTG: 36 active VG gates/unit on 18 columns (6 FTI intervals) x 2 diff tracks on which an active (VT) TCN flanks the gate = 72 fail modes/unit (one per gate per track, either side); x 5x60 unit cells = 21600; Scalar = 1/21600",geometric count 72/unit differs from type-A SDR reference 36/unit,6,18,36,2,36,72,,,,,,,,,,,,
x81zs_ctg05,CTG132-PZ5-L-E:VCR:PGD:REG:N6,CTG,E,CTG-<MOS>-E:VCR:PGD:REG:<SKEW>,21600,4.62963e-05,"OGD CTG: 36 active VG gates/unit on 18 columns (6 FTI intervals) x 2 diff tracks on which an active (VT) TCN flanks the gate = 72 fail modes/unit (one per gate per track, either side); x 5x60 unit cells = 21600; Scalar = 1/21600",geometric count 72/unit differs from type-A SDR reference 36/unit,6,18,36,2,36,72,,,,,,,,,,,,
x81zs_ctg05,CTG132-NZ5-L-E:VCR:PGD:REG:N4,CTG,E,CTG-<MOS>-E:VCR:PGD:REG:<SKEW>,21600,4.62963e-05,"OGD CTG: 36 active VG gates/unit on 18 columns (6 FTI intervals) x 2 diff tracks on which an active (VT) TCN flanks the gate = 72 fail modes/unit (one per gate per track, either side); x 5x60 unit cells = 21600; Scalar = 1/21600",geometric count 72/unit differs from type-A SDR reference 36/unit,6,18,36,2,36,72,,,,,,,,,,,,
x81zs_ctg05,CTG132-NPZ5-L-E:VCR:PGD:REG:N4,CTG,E,CTG-<MOS>-E:VCR:PGD:REG:<SKEW>,21600,4.62963e-05,"OGD CTG: 36 active VG gates/unit on 18 columns (6 FTI intervals) x 2 diff tracks on which an active (VT) TCN flanks the gate = 72 fail modes/unit (one per gate per track, either side); x 5x60 unit cells = 21600; Scalar = 1/21600",geometric count 72/unit differs from type-A SDR reference 36/unit,6,18,36,2,36,72,,,,,,,,,,,,
x81zs_ctg05,CTG132-PZ5-L-E:VCR:PGD:REG:N4,CTG,E,CTG-<MOS>-E:VCR:PGD:REG:<SKEW>,21600,4.62963e-05,"OGD CTG: 36 active VG gates/unit on 18 columns (6 FTI intervals) x 2 diff tracks on which an active (VT) TCN flanks the gate = 72 fail modes/unit (one per gate per track, either side); x 5x60 unit cells = 21600; Scalar = 1/21600",geometric count 72/unit differs from type-A SDR reference 36/unit,6,18,36,2,36,72,,,,,,,,,,,,
x81zs_ctg05,CTG132-NZ5-L-E:VCR:PGD:REG:N2,CTG,E,CTG-<MOS>-E:VCR:PGD:REG:<SKEW>,21600,4.62963e-05,"OGD CTG: 36 active VG gates/unit on 18 columns (6 FTI intervals) x 2 diff tracks on which an active (VT) TCN flanks the gate = 72 fail modes/unit (one per gate per track, either side); x 5x60 unit cells = 21600; Scalar = 1/21600",geometric count 72/unit differs from type-A SDR reference 36/unit,6,18,36,2,36,72,,,,,,,,,,,,
x81zs_ctg05,CTG132-NPZ5-L-E:VCR:PGD:REG:N2,CTG,E,CTG-<MOS>-E:VCR:PGD:REG:<SKEW>,21600,4.62963e-05,"OGD CTG: 36 active VG gates/unit on 18 columns (6 FTI intervals) x 2 diff tracks on which an active (VT) TCN flanks the gate = 72 fail modes/unit (one per gate per track, either side); x 5x60 unit cells = 21600; Scalar = 1/21600",geometric count 72/unit differs from type-A SDR reference 36/unit,6,18,36,2,36,72,,,,,,,,,,,,
x81zs_ctg05,CTG132-PZ5-L-E:VCR:PGD:REG:N2,CTG,E,CTG-<MOS>-E:VCR:PGD:REG:<SKEW>,21600,4.62963e-05,"OGD CTG: 36 active VG gates/unit on 18 columns (6 FTI intervals) x 2 diff tracks on which an active (VT) TCN flanks the gate = 72 fail modes/unit (one per gate per track, either side); x 5x60 unit cells = 21600; Scalar = 1/21600",geometric count 72/unit differs from type-A SDR reference 36/unit,6,18,36,2,36,72,,,,,,,,,,,,
x81zs_ctg05,CTG132-NZ5-L-E:VCR:PGD:REG:0,CTG,E,CTG-<MOS>-E:VCR:PGD:REG:0,21600,4.62963e-05,"OGD CTG: 36 active VG gates/unit on 18 columns (6 FTI intervals) x 2 diff tracks on which an active (VT) TCN flanks the gate = 72 fail modes/unit (one per gate per track, either side); x 5x60 unit cells = 21600; Scalar = 1/21600",geometric count 72/unit differs from type-A SDR reference 36/unit,6,18,36,2,36,72,,,,,,,,,,,,
x81zs_ctg05,CTG132-NPZ5-L-E:VCR:PGD:REG:0,CTG,E,CTG-<MOS>-E:VCR:PGD:REG:0,21600,4.62963e-05,"OGD CTG: 36 active VG gates/unit on 18 columns (6 FTI intervals) x 2 diff tracks on which an active (VT) TCN flanks the gate = 72 fail modes/unit (one per gate per track, either side); x 5x60 unit cells = 21600; Scalar = 1/21600",geometric count 72/unit differs from type-A SDR reference 36/unit,6,18,36,2,36,72,,,,,,,,,,,,
x81zs_ctg05,CTG132-PZ5-L-E:VCR:PGD:REG:0,CTG,E,CTG-<MOS>-E:VCR:PGD:REG:0,21600,4.62963e-05,"OGD CTG: 36 active VG gates/unit on 18 columns (6 FTI intervals) x 2 diff tracks on which an active (VT) TCN flanks the gate = 72 fail modes/unit (one per gate per track, either side); x 5x60 unit cells = 21600; Scalar = 1/21600",geometric count 72/unit differs from type-A SDR reference 36/unit,6,18,36,2,36,72,,,,,,,,,,,,
x81zs_ctg05,CTG132-NZ5-L-E:VCR:PGD:REG:P2,CTG,E,CTG-<MOS>-E:VCR:PGD:REG:<SKEW>,21600,4.62963e-05,"OGD CTG: 36 active VG gates/unit on 18 columns (6 FTI intervals) x 2 diff tracks on which an active (VT) TCN flanks the gate = 72 fail modes/unit (one per gate per track, either side); x 5x60 unit cells = 21600; Scalar = 1/21600",geometric count 72/unit differs from type-A SDR reference 36/unit,6,18,36,2,36,72,,,,,,,,,,,,
x81zs_ctg05,CTG132-NPZ5-L-E:VCR:PGD:REG:P2,CTG,E,CTG-<MOS>-E:VCR:PGD:REG:<SKEW>,21600,4.62963e-05,"OGD CTG: 36 active VG gates/unit on 18 columns (6 FTI intervals) x 2 diff tracks on which an active (VT) TCN flanks the gate = 72 fail modes/unit (one per gate per track, either side); x 5x60 unit cells = 21600; Scalar = 1/21600",geometric count 72/unit differs from type-A SDR reference 36/unit,6,18,36,2,36,72,,,,,,,,,,,,
x81zs_ctg05,CTG132-PZ5-L-E:VCR:PGD:REG:P2,CTG,E,CTG-<MOS>-E:VCR:PGD:REG:<SKEW>,21600,4.62963e-05,"OGD CTG: 36 active VG gates/unit on 18 columns (6 FTI intervals) x 2 diff tracks on which an active (VT) TCN flanks the gate = 72 fail modes/unit (one per gate per track, either side); x 5x60 unit cells = 21600; Scalar = 1/21600",geometric count 72/unit differs from type-A SDR reference 36/unit,6,18,36,2,36,72,,,,,,,,,,,,
x81zs_ctg05,CTG132-NZ5-L-E:VCR:PGD:REG:P4,CTG,E,CTG-<MOS>-E:VCR:PGD:REG:<SKEW>,21600,4.62963e-05,"OGD CTG: 36 active VG gates/unit on 18 columns (6 FTI intervals) x 2 diff tracks on which an active (VT) TCN flanks the gate = 72 fail modes/unit (one per gate per track, either side); x 5x60 unit cells = 21600; Scalar = 1/21600",geometric count 72/unit differs from type-A SDR reference 36/unit,6,18,36,2,36,72,,,,,,,,,,,,
x81zs_ctg05,CTG132-NPZ5-L-E:VCR:PGD:REG:P4,CTG,E,CTG-<MOS>-E:VCR:PGD:REG:<SKEW>,21600,4.62963e-05,"OGD CTG: 36 active VG gates/unit on 18 columns (6 FTI intervals) x 2 diff tracks on which an active (VT) TCN flanks the gate = 72 fail modes/unit (one per gate per track, either side); x 5x60 unit cells = 21600; Scalar = 1/21600",geometric count 72/unit differs from type-A SDR reference 36/unit,6,18,36,2,36,72,,,,,,,,,,,,
x81zs_ctg05,CTG132-PZ5-L-E:VCR:PGD:REG:P4,CTG,E,CTG-<MOS>-E:VCR:PGD:REG:<SKEW>,21600,4.62963e-05,"OGD CTG: 36 active VG gates/unit on 18 columns (6 FTI intervals) x 2 diff tracks on which an active (VT) TCN flanks the gate = 72 fail modes/unit (one per gate per track, either side); x 5x60 unit cells = 21600; Scalar = 1/21600",geometric count 72/unit differs from type-A SDR reference 36/unit,6,18,36,2,36,72,,,,,,,,,,,,
x81zs_ctg05,CTG132-NZ5-L-E:VCR:PGD:REG:P6,CTG,E,CTG-<MOS>-E:VCR:PGD:REG:<SKEW>,21600,4.62963e-05,"OGD CTG: 36 active VG gates/unit on 18 columns (6 FTI intervals) x 2 diff tracks on which an active (VT) TCN flanks the gate = 72 fail modes/unit (one per gate per track, either side); x 5x60 unit cells = 21600; Scalar = 1/21600",geometric count 72/unit differs from type-A SDR reference 36/unit,6,18,36,2,36,72,,,,,,,,,,,,
x81zs_ctg05,CTG132-NPZ5-L-E:VCR:PGD:REG:P6,CTG,E,CTG-<MOS>-E:VCR:PGD:REG:<SKEW>,21600,4.62963e-05,"OGD CTG: 36 active VG gates/unit on 18 columns (6 FTI intervals) x 2 diff tracks on which an active (VT) TCN flanks the gate = 72 fail modes/unit (one per gate per track, either side); x 5x60 unit cells = 21600; Scalar = 1/21600",geometric count 72/unit differs from type-A SDR reference 36/unit,6,18,36,2,36,72,,,,,,,,,,,,
x81zs_ctg05,CTG132-PZ5-L-E:VCR:PGD:REG:P6,CTG,E,CTG-<MOS>-E:VCR:PGD:REG:<SKEW>,21600,4.62963e-05,"OGD CTG: 36 active VG gates/unit on 18 columns (6 FTI intervals) x 2 diff tracks on which an active (VT) TCN flanks the gate = 72 fail modes/unit (one per gate per track, either side); x 5x60 unit cells = 21600; Scalar = 1/21600",geometric count 72/unit differs from type-A SDR reference 36/unit,6,18,36,2,36,72,,,,,,,,,,,,
x81zs_ctg05,CTG132-NZ5-L-E:VCR:PGD:REG:P8,CTG,E,CTG-<MOS>-E:VCR:PGD:REG:<SKEW>,21600,4.62963e-05,"OGD CTG: 36 active VG gates/unit on 18 columns (6 FTI intervals) x 2 diff tracks on which an active (VT) TCN flanks the gate = 72 fail modes/unit (one per gate per track, either side); x 5x60 unit cells = 21600; Scalar = 1/21600",geometric count 72/unit differs from type-A SDR reference 36/unit,6,18,36,2,36,72,,,,,,,,,,,,
x81zs_ctg05,CTG132-NPZ5-L-E:VCR:PGD:REG:P8,CTG,E,CTG-<MOS>-E:VCR:PGD:REG:<SKEW>,21600,4.62963e-05,"OGD CTG: 36 active VG gates/unit on 18 columns (6 FTI intervals) x 2 diff tracks on which an active (VT) TCN flanks the gate = 72 fail modes/unit (one per gate per track, either side); x 5x60 unit cells = 21600; Scalar = 1/21600",geometric count 72/unit differs from type-A SDR reference 36/unit,6,18,36,2,36,72,,,,,,,,,,,,
x81zs_ctg05,CTG132-PZ5-L-E:VCR:PGD:REG:P8,CTG,E,CTG-<MOS>-E:VCR:PGD:REG:<SKEW>,21600,4.62963e-05,"OGD CTG: 36 active VG gates/unit on 18 columns (6 FTI intervals) x 2 diff tracks on which an active (VT) TCN flanks the gate = 72 fail modes/unit (one per gate per track, either side); x 5x60 unit cells = 21600; Scalar = 1/21600",geometric count 72/unit differs from type-A SDR reference 36/unit,6,18,36,2,36,72,,,,,,,,,,,,
x81zs_ctg05,CTG110-NZ1-L-E:VCR:PGD:REG:N8,CTG,E,CTG-<MOS>-E:VCR:PGD:REG:<SKEW>,21600,4.62963e-05,"OGD CTG: 36 active VG gates/unit on 18 columns (6 FTI intervals) x 2 diff tracks on which an active (VT) TCN flanks the gate = 72 fail modes/unit (one per gate per track, either side); x 5x60 unit cells = 21600; Scalar = 1/21600",geometric count 72/unit differs from type-A SDR reference 36/unit,6,18,36,2,36,72,,,,,,,,,,,,
x81zs_ctg05,CTG110-NPZ1-L-E:VCR:PGD:REG:N8,CTG,E,CTG-<MOS>-E:VCR:PGD:REG:<SKEW>,21600,4.62963e-05,"OGD CTG: 36 active VG gates/unit on 18 columns (6 FTI intervals) x 2 diff tracks on which an active (VT) TCN flanks the gate = 72 fail modes/unit (one per gate per track, either side); x 5x60 unit cells = 21600; Scalar = 1/21600",geometric count 72/unit differs from type-A SDR reference 36/unit,6,18,36,2,36,72,,,,,,,,,,,,
x81zs_ctg05,CTG110-PZ1-L-E:VCR:PGD:REG:N8,CTG,E,CTG-<MOS>-E:VCR:PGD:REG:<SKEW>,21600,4.62963e-05,"OGD CTG: 36 active VG gates/unit on 18 columns (6 FTI intervals) x 2 diff tracks on which an active (VT) TCN flanks the gate = 72 fail modes/unit (one per gate per track, either side); x 5x60 unit cells = 21600; Scalar = 1/21600",geometric count 72/unit differs from type-A SDR reference 36/unit,6,18,36,2,36,72,,,,,,,,,,,,
x81zs_ctg05,CTG110-NZ1-L-E:VCR:PGD:REG:N6,CTG,E,CTG-<MOS>-E:VCR:PGD:REG:<SKEW>,21600,4.62963e-05,"OGD CTG: 36 active VG gates/unit on 18 columns (6 FTI intervals) x 2 diff tracks on which an active (VT) TCN flanks the gate = 72 fail modes/unit (one per gate per track, either side); x 5x60 unit cells = 21600; Scalar = 1/21600",geometric count 72/unit differs from type-A SDR reference 36/unit,6,18,36,2,36,72,,,,,,,,,,,,
x81zs_ctg05,CTG110-NPZ1-L-E:VCR:PGD:REG:N6,CTG,E,CTG-<MOS>-E:VCR:PGD:REG:<SKEW>,21600,4.62963e-05,"OGD CTG: 36 active VG gates/unit on 18 columns (6 FTI intervals) x 2 diff tracks on which an active (VT) TCN flanks the gate = 72 fail modes/unit (one per gate per track, either side); x 5x60 unit cells = 21600; Scalar = 1/21600",geometric count 72/unit differs from type-A SDR reference 36/unit,6,18,36,2,36,72,,,,,,,,,,,,
x81zs_ctg05,CTG110-PZ1-L-E:VCR:PGD:REG:N6,CTG,E,CTG-<MOS>-E:VCR:PGD:REG:<SKEW>,21600,4.62963e-05,"OGD CTG: 36 active VG gates/unit on 18 columns (6 FTI intervals) x 2 diff tracks on which an active (VT) TCN flanks the gate = 72 fail modes/unit (one per gate per track, either side); x 5x60 unit cells = 21600; Scalar = 1/21600",geometric count 72/unit differs from type-A SDR reference 36/unit,6,18,36,2,36,72,,,,,,,,,,,,
x81zs_ctg05,CTG110-NZ1-L-E:VCR:PGD:REG:N4,CTG,E,CTG-<MOS>-E:VCR:PGD:REG:<SKEW>,21600,4.62963e-05,"OGD CTG: 36 active VG gates/unit on 18 columns (6 FTI intervals) x 2 diff tracks on which an active (VT) TCN flanks the gate = 72 fail modes/unit (one per gate per track, either side); x 5x60 unit cells = 21600; Scalar = 1/21600",geometric count 72/unit differs from type-A SDR reference 36/unit,6,18,36,2,36,72,,,,,,,,,,,,
x81zs_ctg05,CTG110-NPZ1-L-E:VCR:PGD:REG:N4,CTG,E,CTG-<MOS>-E:VCR:PGD:REG:<SKEW>,21600,4.62963e-05,"OGD CTG: 36 active VG gates/unit on 18 columns (6 FTI intervals) x 2 diff tracks on which an active (VT) TCN flanks the gate = 72 fail modes/unit (one per gate per track, either side); x 5x60 unit cells = 21600; Scalar = 1/21600",geometric count 72/unit differs from type-A SDR reference 36/unit,6,18,36,2,36,72,,,,,,,,,,,,
x81zs_ctg05,CTG110-PZ1-L-E:VCR:PGD:REG:N4,CTG,E,CTG-<MOS>-E:VCR:PGD:REG:<SKEW>,21600,4.62963e-05,"OGD CTG: 36 active VG gates/unit on 18 columns (6 FTI intervals) x 2 diff tracks on which an active (VT) TCN flanks the gate = 72 fail modes/unit (one per gate per track, either side); x 5x60 unit cells = 21600; Scalar = 1/21600",geometric count 72/unit differs from type-A SDR reference 36/unit,6,18,36,2,36,72,,,,,,,,,,,,
x81zs_ctg05,CTG110-NZ1-L-E:VCR:PGD:REG:N2,CTG,E,CTG-<MOS>-E:VCR:PGD:REG:<SKEW>,21600,4.62963e-05,"OGD CTG: 36 active VG gates/unit on 18 columns (6 FTI intervals) x 2 diff tracks on which an active (VT) TCN flanks the gate = 72 fail modes/unit (one per gate per track, either side); x 5x60 unit cells = 21600; Scalar = 1/21600",geometric count 72/unit differs from type-A SDR reference 36/unit,6,18,36,2,36,72,,,,,,,,,,,,
x81zs_ctg05,CTG110-NPZ1-L-E:VCR:PGD:REG:N2,CTG,E,CTG-<MOS>-E:VCR:PGD:REG:<SKEW>,21600,4.62963e-05,"OGD CTG: 36 active VG gates/unit on 18 columns (6 FTI intervals) x 2 diff tracks on which an active (VT) TCN flanks the gate = 72 fail modes/unit (one per gate per track, either side); x 5x60 unit cells = 21600; Scalar = 1/21600",geometric count 72/unit differs from type-A SDR reference 36/unit,6,18,36,2,36,72,,,,,,,,,,,,
x81zs_ctg05,CTG110-PZ1-L-E:VCR:PGD:REG:N2,CTG,E,CTG-<MOS>-E:VCR:PGD:REG:<SKEW>,21600,4.62963e-05,"OGD CTG: 36 active VG gates/unit on 18 columns (6 FTI intervals) x 2 diff tracks on which an active (VT) TCN flanks the gate = 72 fail modes/unit (one per gate per track, either side); x 5x60 unit cells = 21600; Scalar = 1/21600",geometric count 72/unit differs from type-A SDR reference 36/unit,6,18,36,2,36,72,,,,,,,,,,,,
x81zs_ctg05,CTG110-NZ1-L-E:VCR:PGD:REG:0,CTG,E,CTG-<MOS>-E:VCR:PGD:REG:0,21600,4.62963e-05,"OGD CTG: 36 active VG gates/unit on 18 columns (6 FTI intervals) x 2 diff tracks on which an active (VT) TCN flanks the gate = 72 fail modes/unit (one per gate per track, either side); x 5x60 unit cells = 21600; Scalar = 1/21600",geometric count 72/unit differs from type-A SDR reference 36/unit,6,18,36,2,36,72,,,,,,,,,,,,
x81zs_ctg05,CTG110-NPZ1-L-E:VCR:PGD:REG:0,CTG,E,CTG-<MOS>-E:VCR:PGD:REG:0,21600,4.62963e-05,"OGD CTG: 36 active VG gates/unit on 18 columns (6 FTI intervals) x 2 diff tracks on which an active (VT) TCN flanks the gate = 72 fail modes/unit (one per gate per track, either side); x 5x60 unit cells = 21600; Scalar = 1/21600",geometric count 72/unit differs from type-A SDR reference 36/unit,6,18,36,2,36,72,,,,,,,,,,,,
x81zs_ctg05,CTG110-PZ1-L-E:VCR:PGD:REG:0,CTG,E,CTG-<MOS>-E:VCR:PGD:REG:0,21600,4.62963e-05,"OGD CTG: 36 active VG gates/unit on 18 columns (6 FTI intervals) x 2 diff tracks on which an active (VT) TCN flanks the gate = 72 fail modes/unit (one per gate per track, either side); x 5x60 unit cells = 21600; Scalar = 1/21600",geometric count 72/unit differs from type-A SDR reference 36/unit,6,18,36,2,36,72,,,,,,,,,,,,
x81zs_ctg05,CTG110-NZ1-L-E:VCR:PGD:REG:P2,CTG,E,CTG-<MOS>-E:VCR:PGD:REG:<SKEW>,21600,4.62963e-05,"OGD CTG: 36 active VG gates/unit on 18 columns (6 FTI intervals) x 2 diff tracks on which an active (VT) TCN flanks the gate = 72 fail modes/unit (one per gate per track, either side); x 5x60 unit cells = 21600; Scalar = 1/21600",geometric count 72/unit differs from type-A SDR reference 36/unit,6,18,36,2,36,72,,,,,,,,,,,,
x81zs_ctg05,CTG110-NPZ1-L-E:VCR:PGD:REG:P2,CTG,E,CTG-<MOS>-E:VCR:PGD:REG:<SKEW>,21600,4.62963e-05,"OGD CTG: 36 active VG gates/unit on 18 columns (6 FTI intervals) x 2 diff tracks on which an active (VT) TCN flanks the gate = 72 fail modes/unit (one per gate per track, either side); x 5x60 unit cells = 21600; Scalar = 1/21600",geometric count 72/unit differs from type-A SDR reference 36/unit,6,18,36,2,36,72,,,,,,,,,,,,
x81zs_ctg05,CTG110-PZ1-L-E:VCR:PGD:REG:P2,CTG,E,CTG-<MOS>-E:VCR:PGD:REG:<SKEW>,21600,4.62963e-05,"OGD CTG: 36 active VG gates/unit on 18 columns (6 FTI intervals) x 2 diff tracks on which an active (VT) TCN flanks the gate = 72 fail modes/unit (one per gate per track, either side); x 5x60 unit cells = 21600; Scalar = 1/21600",geometric count 72/unit differs from type-A SDR reference 36/unit,6,18,36,2,36,72,,,,,,,,,,,,
x81zs_ctg05,CTG110-NZ1-L-E:VCR:PGD:REG:P4,CTG,E,CTG-<MOS>-E:VCR:PGD:REG:<SKEW>,21600,4.62963e-05,"OGD CTG: 36 active VG gates/unit on 18 columns (6 FTI intervals) x 2 diff tracks on which an active (VT) TCN flanks the gate = 72 fail modes/unit (one per gate per track, either side); x 5x60 unit cells = 21600; Scalar = 1/21600",geometric count 72/unit differs from type-A SDR reference 36/unit,6,18,36,2,36,72,,,,,,,,,,,,
x81zs_ctg05,CTG110-NPZ1-L-E:VCR:PGD:REG:P4,CTG,E,CTG-<MOS>-E:VCR:PGD:REG:<SKEW>,21600,4.62963e-05,"OGD CTG: 36 active VG gates/unit on 18 columns (6 FTI intervals) x 2 diff tracks on which an active (VT) TCN flanks the gate = 72 fail modes/unit (one per gate per track, either side); x 5x60 unit cells = 21600; Scalar = 1/21600",geometric count 72/unit differs from type-A SDR reference 36/unit,6,18,36,2,36,72,,,,,,,,,,,,
x81zs_ctg05,CTG110-PZ1-L-E:VCR:PGD:REG:P4,CTG,E,CTG-<MOS>-E:VCR:PGD:REG:<SKEW>,21600,4.62963e-05,"OGD CTG: 36 active VG gates/unit on 18 columns (6 FTI intervals) x 2 diff tracks on which an active (VT) TCN flanks the gate = 72 fail modes/unit (one per gate per track, either side); x 5x60 unit cells = 21600; Scalar = 1/21600",geometric count 72/unit differs from type-A SDR reference 36/unit,6,18,36,2,36,72,,,,,,,,,,,,
x81zs_ctg05,CTG110-NZ1-L-E:VCR:PGD:REG:P6,CTG,E,CTG-<MOS>-E:VCR:PGD:REG:<SKEW>,21600,4.62963e-05,"OGD CTG: 36 active VG gates/unit on 18 columns (6 FTI intervals) x 2 diff tracks on which an active (VT) TCN flanks the gate = 72 fail modes/unit (one per gate per track, either side); x 5x60 unit cells = 21600; Scalar = 1/21600",geometric count 72/unit differs from type-A SDR reference 36/unit,6,18,36,2,36,72,,,,,,,,,,,,
x81zs_ctg05,CTG110-NPZ1-L-E:VCR:PGD:REG:P6,CTG,E,CTG-<MOS>-E:VCR:PGD:REG:<SKEW>,21600,4.62963e-05,"OGD CTG: 36 active VG gates/unit on 18 columns (6 FTI intervals) x 2 diff tracks on which an active (VT) TCN flanks the gate = 72 fail modes/unit (one per gate per track, either side); x 5x60 unit cells = 21600; Scalar = 1/21600",geometric count 72/unit differs from type-A SDR reference 36/unit,6,18,36,2,36,72,,,,,,,,,,,,
x81zs_ctg05,CTG110-PZ1-L-E:VCR:PGD:REG:P6,CTG,E,CTG-<MOS>-E:VCR:PGD:REG:<SKEW>,21600,4.62963e-05,"OGD CTG: 36 active VG gates/unit on 18 columns (6 FTI intervals) x 2 diff tracks on which an active (VT) TCN flanks the gate = 72 fail modes/unit (one per gate per track, either side); x 5x60 unit cells = 21600; Scalar = 1/21600",geometric count 72/unit differs from type-A SDR reference 36/unit,6,18,36,2,36,72,,,,,,,,,,,,
x81zs_ctg05,CTG110-NZ1-L-E:VCR:PGD:REG:P8,CTG,E,CTG-<MOS>-E:VCR:PGD:REG:<SKEW>,21600,4.62963e-05,"OGD CTG: 36 active VG gates/unit on 18 columns (6 FTI intervals) x 2 diff tracks on which an active (VT) TCN flanks the gate = 72 fail modes/unit (one per gate per track, either side); x 5x60 unit cells = 21600; Scalar = 1/21600",geometric count 72/unit differs from type-A SDR reference 36/unit,6,18,36,2,36,72,,,,,,,,,,,,
x81zs_ctg05,CTG110-NPZ1-L-E:VCR:PGD:REG:P8,CTG,E,CTG-<MOS>-E:VCR:PGD:REG:<SKEW>,21600,4.62963e-05,"OGD CTG: 36 active VG gates/unit on 18 columns (6 FTI intervals) x 2 diff tracks on which an active (VT) TCN flanks the gate = 72 fail modes/unit (one per gate per track, either side); x 5x60 unit cells = 21600; Scalar = 1/21600",geometric count 72/unit differs from type-A SDR reference 36/unit,6,18,36,2,36,72,,,,,,,,,,,,
x81zs_ctg05,CTG110-PZ1-L-E:VCR:PGD:REG:P8,CTG,E,CTG-<MOS>-E:VCR:PGD:REG:<SKEW>,21600,4.62963e-05,"OGD CTG: 36 active VG gates/unit on 18 columns (6 FTI intervals) x 2 diff tracks on which an active (VT) TCN flanks the gate = 72 fail modes/unit (one per gate per track, either side); x 5x60 unit cells = 21600; Scalar = 1/21600",geometric count 72/unit differs from type-A SDR reference 36/unit,6,18,36,2,36,72,,,,,,,,,,,,
x81zs_ctg05,CTG132-NZ5-L-E:VCR:PGD:CD:N2,CTG,E,CTG-<MOS>-E:VCR:PGD:CD:<SKEW>,21600,4.62963e-05,"OGD CTG: 36 active VG gates/unit on 18 columns (6 FTI intervals) x 2 diff tracks on which an active (VT) TCN flanks the gate = 72 fail modes/unit (one per gate per track, either side); x 5x60 unit cells = 21600; Scalar = 1/21600",geometric count 72/unit differs from type-A SDR reference 36/unit,6,18,36,2,36,72,,,,,,,,,,,,
x81zs_ctg05,CTG132-NPZ5-L-E:VCR:PGD:CD:N2,CTG,E,CTG-<MOS>-E:VCR:PGD:CD:<SKEW>,21600,4.62963e-05,"OGD CTG: 36 active VG gates/unit on 18 columns (6 FTI intervals) x 2 diff tracks on which an active (VT) TCN flanks the gate = 72 fail modes/unit (one per gate per track, either side); x 5x60 unit cells = 21600; Scalar = 1/21600",geometric count 72/unit differs from type-A SDR reference 36/unit,6,18,36,2,36,72,,,,,,,,,,,,
x81zs_ctg05,CTG132-PZ5-L-E:VCR:PGD:CD:N2,CTG,E,CTG-<MOS>-E:VCR:PGD:CD:<SKEW>,21600,4.62963e-05,"OGD CTG: 36 active VG gates/unit on 18 columns (6 FTI intervals) x 2 diff tracks on which an active (VT) TCN flanks the gate = 72 fail modes/unit (one per gate per track, either side); x 5x60 unit cells = 21600; Scalar = 1/21600",geometric count 72/unit differs from type-A SDR reference 36/unit,6,18,36,2,36,72,,,,,,,,,,,,
x81zs_ctg05,CTG132-NZ5-L-E:VCR:PGD:CD:0,CTG,E,CTG-<MOS>-E:VCR:PGD:CD:0,21600,4.62963e-05,"OGD CTG: 36 active VG gates/unit on 18 columns (6 FTI intervals) x 2 diff tracks on which an active (VT) TCN flanks the gate = 72 fail modes/unit (one per gate per track, either side); x 5x60 unit cells = 21600; Scalar = 1/21600",geometric count 72/unit differs from type-A SDR reference 36/unit,6,18,36,2,36,72,,,,,,,,,,,,
x81zs_ctg05,CTG132-NPZ5-L-E:VCR:PGD:CD:0,CTG,E,CTG-<MOS>-E:VCR:PGD:CD:0,21600,4.62963e-05,"OGD CTG: 36 active VG gates/unit on 18 columns (6 FTI intervals) x 2 diff tracks on which an active (VT) TCN flanks the gate = 72 fail modes/unit (one per gate per track, either side); x 5x60 unit cells = 21600; Scalar = 1/21600",geometric count 72/unit differs from type-A SDR reference 36/unit,6,18,36,2,36,72,,,,,,,,,,,,
x81zs_ctg05,CTG132-PZ5-L-E:VCR:PGD:CD:0,CTG,E,CTG-<MOS>-E:VCR:PGD:CD:0,21600,4.62963e-05,"OGD CTG: 36 active VG gates/unit on 18 columns (6 FTI intervals) x 2 diff tracks on which an active (VT) TCN flanks the gate = 72 fail modes/unit (one per gate per track, either side); x 5x60 unit cells = 21600; Scalar = 1/21600",geometric count 72/unit differs from type-A SDR reference 36/unit,6,18,36,2,36,72,,,,,,,,,,,,
x81zs_ctg05,CTG132-NZ5-L-E:VCR:PGD:CD:P2,CTG,E,CTG-<MOS>-E:VCR:PGD:CD:<SKEW>,21600,4.62963e-05,"OGD CTG: 36 active VG gates/unit on 18 columns (6 FTI intervals) x 2 diff tracks on which an active (VT) TCN flanks the gate = 72 fail modes/unit (one per gate per track, either side); x 5x60 unit cells = 21600; Scalar = 1/21600",geometric count 72/unit differs from type-A SDR reference 36/unit,6,18,36,2,36,72,,,,,,,,,,,,
x81zs_ctg05,CTG132-NPZ5-L-E:VCR:PGD:CD:P2,CTG,E,CTG-<MOS>-E:VCR:PGD:CD:<SKEW>,21600,4.62963e-05,"OGD CTG: 36 active VG gates/unit on 18 columns (6 FTI intervals) x 2 diff tracks on which an active (VT) TCN flanks the gate = 72 fail modes/unit (one per gate per track, either side); x 5x60 unit cells = 21600; Scalar = 1/21600",geometric count 72/unit differs from type-A SDR reference 36/unit,6,18,36,2,36,72,,,,,,,,,,,,
x81zs_ctg05,CTG132-PZ5-L-E:VCR:PGD:CD:P2,CTG,E,CTG-<MOS>-E:VCR:PGD:CD:<SKEW>,21600,4.62963e-05,"OGD CTG: 36 active VG gates/unit on 18 columns (6 FTI intervals) x 2 diff tracks on which an active (VT) TCN flanks the gate = 72 fail modes/unit (one per gate per track, either side); x 5x60 unit cells = 21600; Scalar = 1/21600",geometric count 72/unit differs from type-A SDR reference 36/unit,6,18,36,2,36,72,,,,,,,,,,,,
x81zs_ctg05,CTG132-NZ5-L-E:VCR:PGD:CD:P6,CTG,E,CTG-<MOS>-E:VCR:PGD:CD:<SKEW>,21600,4.62963e-05,"OGD CTG: 36 active VG gates/unit on 18 columns (6 FTI intervals) x 2 diff tracks on which an active (VT) TCN flanks the gate = 72 fail modes/unit (one per gate per track, either side); x 5x60 unit cells = 21600; Scalar = 1/21600",geometric count 72/unit differs from type-A SDR reference 36/unit,6,18,36,2,36,72,,,,,,,,,,,,
x81zs_ctg05,CTG132-NPZ5-L-E:VCR:PGD:CD:P6,CTG,E,CTG-<MOS>-E:VCR:PGD:CD:<SKEW>,21600,4.62963e-05,"OGD CTG: 36 active VG gates/unit on 18 columns (6 FTI intervals) x 2 diff tracks on which an active (VT) TCN flanks the gate = 72 fail modes/unit (one per gate per track, either side); x 5x60 unit cells = 21600; Scalar = 1/21600",geometric count 72/unit differs from type-A SDR reference 36/unit,6,18,36,2,36,72,,,,,,,,,,,,
x81zs_ctg05,CTG132-PZ5-L-E:VCR:PGD:CD:P6,CTG,E,CTG-<MOS>-E:VCR:PGD:CD:<SKEW>,21600,4.62963e-05,"OGD CTG: 36 active VG gates/unit on 18 columns (6 FTI intervals) x 2 diff tracks on which an active (VT) TCN flanks the gate = 72 fail modes/unit (one per gate per track, either side); x 5x60 unit cells = 21600; Scalar = 1/21600",geometric count 72/unit differs from type-A SDR reference 36/unit,6,18,36,2,36,72,,,,,,,,,,,,
x81zs_ctg05,CTG132-NZ5-L-E:VCR:PGD:CD:P6,CTG,E,CTG-<MOS>-E:VCR:PGD:CD:<SKEW>,21600,4.62963e-05,"OGD CTG: 36 active VG gates/unit on 18 columns (6 FTI intervals) x 2 diff tracks on which an active (VT) TCN flanks the gate = 72 fail modes/unit (one per gate per track, either side); x 5x60 unit cells = 21600; Scalar = 1/21600",geometric count 72/unit differs from type-A SDR reference 36/unit,6,18,36,2,36,72,,,,,,,,,,,,
x81zs_ctg05,CTG132-NPZ5-L-E:VCR:PGD:CD:P6,CTG,E,CTG-<MOS>-E:VCR:PGD:CD:<SKEW>,21600,4.62963e-05,"OGD CTG: 36 active VG gates/unit on 18 columns (6 FTI intervals) x 2 diff tracks on which an active (VT) TCN flanks the gate = 72 fail modes/unit (one per gate per track, either side); x 5x60 unit cells = 21600; Scalar = 1/21600",geometric count 72/unit differs from type-A SDR reference 36/unit,6,18,36,2,36,72,,,,,,,,,,,,
x81zs_ctg05,CTG132-PZ5-L-E:VCR:PGD:CD:P6,CTG,E,CTG-<MOS>-E:VCR:PGD:CD:<SKEW>,21600,4.62963e-05,"OGD CTG: 36 active VG gates/unit on 18 columns (6 FTI intervals) x 2 diff tracks on which an active (VT) TCN flanks the gate = 72 fail modes/unit (one per gate per track, either side); x 5x60 unit cells = 21600; Scalar = 1/21600",geometric count 72/unit differs from type-A SDR reference 36/unit,6,18,36,2,36,72,,,,,,,,,,,,
x81zs_ctg06,CTG132-NZ5-L-F:VCRNUB:OGD:REG:N10,CTG,F,CTG-<MOS>-F:VCRNUB:OGD:REG:<SKEW>,21600,4.62963e-05,"OGD CTG: 36 active VG gates/unit on 18 columns (6 FTI intervals) x 2 diff tracks on which an active (VT) TCN flanks the gate = 72 fail modes/unit (one per gate per track, either side); x 5x60 unit cells = 21600; Scalar = 1/21600",geometric count 72/unit differs from type-A SDR reference 36/unit,6,18,36,2,36,72,,,,,,,,,,,,
x81zs_ctg06,CTG132-NPZ5-L-F:VCRNUB:OGD:REG:N10,CTG,F,CTG-<MOS>-F:VCRNUB:OGD:REG:<SKEW>,21600,4.62963e-05,"OGD CTG: 36 active VG gates/unit on 18 columns (6 FTI intervals) x 2 diff tracks on which an active (VT) TCN flanks the gate = 72 fail modes/unit (one per gate per track, either side); x 5x60 unit cells = 21600; Scalar = 1/21600",geometric count 72/unit differs from type-A SDR reference 36/unit,6,18,36,2,36,72,,,,,,,,,,,,
x81zs_ctg06,CTG132-PZ5-L-F:VCRNUB:OGD:REG:N10,CTG,F,CTG-<MOS>-F:VCRNUB:OGD:REG:<SKEW>,21600,4.62963e-05,"OGD CTG: 36 active VG gates/unit on 18 columns (6 FTI intervals) x 2 diff tracks on which an active (VT) TCN flanks the gate = 72 fail modes/unit (one per gate per track, either side); x 5x60 unit cells = 21600; Scalar = 1/21600",geometric count 72/unit differs from type-A SDR reference 36/unit,6,18,36,2,36,72,,,,,,,,,,,,
x81zs_ctg06,CTG132-NZ5-L-F:VCRNUB:OGD:REG:N5,CTG,F,CTG-<MOS>-F:VCRNUB:OGD:REG:<SKEW>,21600,4.62963e-05,"OGD CTG: 36 active VG gates/unit on 18 columns (6 FTI intervals) x 2 diff tracks on which an active (VT) TCN flanks the gate = 72 fail modes/unit (one per gate per track, either side); x 5x60 unit cells = 21600; Scalar = 1/21600",geometric count 72/unit differs from type-A SDR reference 36/unit,6,18,36,2,36,72,,,,,,,,,,,,
x81zs_ctg06,CTG132-NPZ5-L-F:VCRNUB:OGD:REG:N5,CTG,F,CTG-<MOS>-F:VCRNUB:OGD:REG:<SKEW>,21600,4.62963e-05,"OGD CTG: 36 active VG gates/unit on 18 columns (6 FTI intervals) x 2 diff tracks on which an active (VT) TCN flanks the gate = 72 fail modes/unit (one per gate per track, either side); x 5x60 unit cells = 21600; Scalar = 1/21600",geometric count 72/unit differs from type-A SDR reference 36/unit,6,18,36,2,36,72,,,,,,,,,,,,
x81zs_ctg06,CTG132-PZ5-L-F:VCRNUB:OGD:REG:N5,CTG,F,CTG-<MOS>-F:VCRNUB:OGD:REG:<SKEW>,21600,4.62963e-05,"OGD CTG: 36 active VG gates/unit on 18 columns (6 FTI intervals) x 2 diff tracks on which an active (VT) TCN flanks the gate = 72 fail modes/unit (one per gate per track, either side); x 5x60 unit cells = 21600; Scalar = 1/21600",geometric count 72/unit differs from type-A SDR reference 36/unit,6,18,36,2,36,72,,,,,,,,,,,,
x81zs_ctg06,CTG132-NZ5-L-F:VCRNUB:OGD:REG:N3,CTG,F,CTG-<MOS>-F:VCRNUB:OGD:REG:<SKEW>,21600,4.62963e-05,"OGD CTG: 36 active VG gates/unit on 18 columns (6 FTI intervals) x 2 diff tracks on which an active (VT) TCN flanks the gate = 72 fail modes/unit (one per gate per track, either side); x 5x60 unit cells = 21600; Scalar = 1/21600",geometric count 72/unit differs from type-A SDR reference 36/unit,6,18,36,2,36,72,,,,,,,,,,,,
x81zs_ctg06,CTG132-NPZ5-L-F:VCRNUB:OGD:REG:N3,CTG,F,CTG-<MOS>-F:VCRNUB:OGD:REG:<SKEW>,21600,4.62963e-05,"OGD CTG: 36 active VG gates/unit on 18 columns (6 FTI intervals) x 2 diff tracks on which an active (VT) TCN flanks the gate = 72 fail modes/unit (one per gate per track, either side); x 5x60 unit cells = 21600; Scalar = 1/21600",geometric count 72/unit differs from type-A SDR reference 36/unit,6,18,36,2,36,72,,,,,,,,,,,,
x81zs_ctg06,CTG132-PZ5-L-F:VCRNUB:OGD:REG:N3,CTG,F,CTG-<MOS>-F:VCRNUB:OGD:REG:<SKEW>,21600,4.62963e-05,"OGD CTG: 36 active VG gates/unit on 18 columns (6 FTI intervals) x 2 diff tracks on which an active (VT) TCN flanks the gate = 72 fail modes/unit (one per gate per track, either side); x 5x60 unit cells = 21600; Scalar = 1/21600",geometric count 72/unit differs from type-A SDR reference 36/unit,6,18,36,2,36,72,,,,,,,,,,,,
x81zs_ctg06,CTG132-NZ5-L-F:VCRNUB:OGD:REG:0,CTG,F,CTG-<MOS>-F:VCRNUB:OGD:REG:0,21600,4.62963e-05,"OGD CTG: 36 active VG gates/unit on 18 columns (6 FTI intervals) x 2 diff tracks on which an active (VT) TCN flanks the gate = 72 fail modes/unit (one per gate per track, either side); x 5x60 unit cells = 21600; Scalar = 1/21600",geometric count 72/unit differs from type-A SDR reference 36/unit,6,18,36,2,36,72,,,,,,,,,,,,
x81zs_ctg06,CTG132-NPZ5-L-F:VCRNUB:OGD:REG:0,CTG,F,CTG-<MOS>-F:VCRNUB:OGD:REG:0,21600,4.62963e-05,"OGD CTG: 36 active VG gates/unit on 18 columns (6 FTI intervals) x 2 diff tracks on which an active (VT) TCN flanks the gate = 72 fail modes/unit (one per gate per track, either side); x 5x60 unit cells = 21600; Scalar = 1/21600",geometric count 72/unit differs from type-A SDR reference 36/unit,6,18,36,2,36,72,,,,,,,,,,,,
x81zs_ctg06,CTG132-PZ5-L-F:VCRNUB:OGD:REG:0,CTG,F,CTG-<MOS>-F:VCRNUB:OGD:REG:0,21600,4.62963e-05,"OGD CTG: 36 active VG gates/unit on 18 columns (6 FTI intervals) x 2 diff tracks on which an active (VT) TCN flanks the gate = 72 fail modes/unit (one per gate per track, either side); x 5x60 unit cells = 21600; Scalar = 1/21600",geometric count 72/unit differs from type-A SDR reference 36/unit,6,18,36,2,36,72,,,,,,,,,,,,
x81zs_ctg06,CTG132-NZ5-L-F:VCRNUB:OGD:REG:P3,CTG,F,CTG-<MOS>-F:VCRNUB:OGD:REG:<SKEW>,21600,4.62963e-05,"OGD CTG: 36 active VG gates/unit on 18 columns (6 FTI intervals) x 2 diff tracks on which an active (VT) TCN flanks the gate = 72 fail modes/unit (one per gate per track, either side); x 5x60 unit cells = 21600; Scalar = 1/21600",geometric count 72/unit differs from type-A SDR reference 36/unit,6,18,36,2,36,72,,,,,,,,,,,,
x81zs_ctg06,CTG132-NPZ5-L-F:VCRNUB:OGD:REG:P3,CTG,F,CTG-<MOS>-F:VCRNUB:OGD:REG:<SKEW>,21600,4.62963e-05,"OGD CTG: 36 active VG gates/unit on 18 columns (6 FTI intervals) x 2 diff tracks on which an active (VT) TCN flanks the gate = 72 fail modes/unit (one per gate per track, either side); x 5x60 unit cells = 21600; Scalar = 1/21600",geometric count 72/unit differs from type-A SDR reference 36/unit,6,18,36,2,36,72,,,,,,,,,,,,
x81zs_ctg06,CTG132-PZ5-L-F:VCRNUB:OGD:REG:P3,CTG,F,CTG-<MOS>-F:VCRNUB:OGD:REG:<SKEW>,21600,4.62963e-05,"OGD CTG: 36 active VG gates/unit on 18 columns (6 FTI intervals) x 2 diff tracks on which an active (VT) TCN flanks the gate = 72 fail modes/unit (one per gate per track, either side); x 5x60 unit cells = 21600; Scalar = 1/21600",geometric count 72/unit differs from type-A SDR reference 36/unit,6,18,36,2,36,72,,,,,,,,,,,,
x81zs_ctg06,CTG132-NZ5-L-F:VCRNUB:OGD:REG:P5,CTG,F,CTG-<MOS>-F:VCRNUB:OGD:REG:<SKEW>,21600,4.62963e-05,"OGD CTG: 36 active VG gates/unit on 18 columns (6 FTI intervals) x 2 diff tracks on which an active (VT) TCN flanks the gate = 72 fail modes/unit (one per gate per track, either side); x 5x60 unit cells = 21600; Scalar = 1/21600",geometric count 72/unit differs from type-A SDR reference 36/unit,6,18,36,2,36,72,,,,,,,,,,,,
x81zs_ctg06,CTG132-NPZ5-L-F:VCRNUB:OGD:REG:P5,CTG,F,CTG-<MOS>-F:VCRNUB:OGD:REG:<SKEW>,21600,4.62963e-05,"OGD CTG: 36 active VG gates/unit on 18 columns (6 FTI intervals) x 2 diff tracks on which an active (VT) TCN flanks the gate = 72 fail modes/unit (one per gate per track, either side); x 5x60 unit cells = 21600; Scalar = 1/21600",geometric count 72/unit differs from type-A SDR reference 36/unit,6,18,36,2,36,72,,,,,,,,,,,,
x81zs_ctg06,CTG132-PZ5-L-F:VCRNUB:OGD:REG:P5,CTG,F,CTG-<MOS>-F:VCRNUB:OGD:REG:<SKEW>,21600,4.62963e-05,"OGD CTG: 36 active VG gates/unit on 18 columns (6 FTI intervals) x 2 diff tracks on which an active (VT) TCN flanks the gate = 72 fail modes/unit (one per gate per track, either side); x 5x60 unit cells = 21600; Scalar = 1/21600",geometric count 72/unit differs from type-A SDR reference 36/unit,6,18,36,2,36,72,,,,,,,,,,,,
x81zs_ctg06,CTG132-NZ5-L-F:VCRNUB:OGD:REG:P10,CTG,F,CTG-<MOS>-F:VCRNUB:OGD:REG:<SKEW>,21600,4.62963e-05,"OGD CTG: 36 active VG gates/unit on 18 columns (6 FTI intervals) x 2 diff tracks on which an active (VT) TCN flanks the gate = 72 fail modes/unit (one per gate per track, either side); x 5x60 unit cells = 21600; Scalar = 1/21600",geometric count 72/unit differs from type-A SDR reference 36/unit,6,18,36,2,36,72,,,,,,,,,,,,
x81zs_ctg06,CTG132-NPZ5-L-F:VCRNUB:OGD:REG:P10,CTG,F,CTG-<MOS>-F:VCRNUB:OGD:REG:<SKEW>,21600,4.62963e-05,"OGD CTG: 36 active VG gates/unit on 18 columns (6 FTI intervals) x 2 diff tracks on which an active (VT) TCN flanks the gate = 72 fail modes/unit (one per gate per track, either side); x 5x60 unit cells = 21600; Scalar = 1/21600",geometric count 72/unit differs from type-A SDR reference 36/unit,6,18,36,2,36,72,,,,,,,,,,,,
x81zs_ctg06,CTG132-PZ5-L-F:VCRNUB:OGD:REG:P10,CTG,F,CTG-<MOS>-F:VCRNUB:OGD:REG:<SKEW>,21600,4.62963e-05,"OGD CTG: 36 active VG gates/unit on 18 columns (6 FTI intervals) x 2 diff tracks on which an active (VT) TCN flanks the gate = 72 fail modes/unit (one per gate per track, either side); x 5x60 unit cells = 21600; Scalar = 1/21600",geometric count 72/unit differs from type-A SDR reference 36/unit,6,18,36,2,36,72,,,,,,,,,,,,
x81zs_ctg06,CTG110-NZ1-L-F:VCRNUB:OGD:REG:N10,CTG,F,CTG-<MOS>-F:VCRNUB:OGD:REG:<SKEW>,21600,4.62963e-05,"OGD CTG: 36 active VG gates/unit on 18 columns (6 FTI intervals) x 2 diff tracks on which an active (VT) TCN flanks the gate = 72 fail modes/unit (one per gate per track, either side); x 5x60 unit cells = 21600; Scalar = 1/21600",geometric count 72/unit differs from type-A SDR reference 36/unit,6,18,36,2,36,72,,,,,,,,,,,,
x81zs_ctg06,CTG110-NPZ1-L-F:VCRNUB:OGD:REG:N10,CTG,F,CTG-<MOS>-F:VCRNUB:OGD:REG:<SKEW>,21600,4.62963e-05,"OGD CTG: 36 active VG gates/unit on 18 columns (6 FTI intervals) x 2 diff tracks on which an active (VT) TCN flanks the gate = 72 fail modes/unit (one per gate per track, either side); x 5x60 unit cells = 21600; Scalar = 1/21600",geometric count 72/unit differs from type-A SDR reference 36/unit,6,18,36,2,36,72,,,,,,,,,,,,
x81zs_ctg06,CTG110-PZ1-L-F:VCRNUB:OGD:REG:N10,CTG,F,CTG-<MOS>-F:VCRNUB:OGD:REG:<SKEW>,21600,4.62963e-05,"OGD CTG: 36 active VG gates/unit on 18 columns (6 FTI intervals) x 2 diff tracks on which an active (VT) TCN flanks the gate = 72 fail modes/unit (one per gate per track, either side); x 5x60 unit cells = 21600; Scalar = 1/21600",geometric count 72/unit differs from type-A SDR reference 36/unit,6,18,36,2,36,72,,,,,,,,,,,,
x81zs_ctg06,CTG110-NZ1-L-F:VCRNUB:OGD:REG:N5,CTG,F,CTG-<MOS>-F:VCRNUB:OGD:REG:<SKEW>,21600,4.62963e-05,"OGD CTG: 36 active VG gates/unit on 18 columns (6 FTI intervals) x 2 diff tracks on which an active (VT) TCN flanks the gate = 72 fail modes/unit (one per gate per track, either side); x 5x60 unit cells = 21600; Scalar = 1/21600",geometric count 72/unit differs from type-A SDR reference 36/unit,6,18,36,2,36,72,,,,,,,,,,,,
x81zs_ctg06,CTG110-NPZ1-L-F:VCRNUB:OGD:REG:N5,CTG,F,CTG-<MOS>-F:VCRNUB:OGD:REG:<SKEW>,21600,4.62963e-05,"OGD CTG: 36 active VG gates/unit on 18 columns (6 FTI intervals) x 2 diff tracks on which an active (VT) TCN flanks the gate = 72 fail modes/unit (one per gate per track, either side); x 5x60 unit cells = 21600; Scalar = 1/21600",geometric count 72/unit differs from type-A SDR reference 36/unit,6,18,36,2,36,72,,,,,,,,,,,,
x81zs_ctg06,CTG110-PZ1-L-F:VCRNUB:OGD:REG:N5,CTG,F,CTG-<MOS>-F:VCRNUB:OGD:REG:<SKEW>,21600,4.62963e-05,"OGD CTG: 36 active VG gates/unit on 18 columns (6 FTI intervals) x 2 diff tracks on which an active (VT) TCN flanks the gate = 72 fail modes/unit (one per gate per track, either side); x 5x60 unit cells = 21600; Scalar = 1/21600",geometric count 72/unit differs from type-A SDR reference 36/unit,6,18,36,2,36,72,,,,,,,,,,,,
x81zs_ctg06,CTG110-NZ1-L-F:VCRNUB:OGD:REG:N3,CTG,F,CTG-<MOS>-F:VCRNUB:OGD:REG:<SKEW>,21600,4.62963e-05,"OGD CTG: 36 active VG gates/unit on 18 columns (6 FTI intervals) x 2 diff tracks on which an active (VT) TCN flanks the gate = 72 fail modes/unit (one per gate per track, either side); x 5x60 unit cells = 21600; Scalar = 1/21600",geometric count 72/unit differs from type-A SDR reference 36/unit,6,18,36,2,36,72,,,,,,,,,,,,
x81zs_ctg06,CTG110-NPZ1-L-F:VCRNUB:OGD:REG:N3,CTG,F,CTG-<MOS>-F:VCRNUB:OGD:REG:<SKEW>,21600,4.62963e-05,"OGD CTG: 36 active VG gates/unit on 18 columns (6 FTI intervals) x 2 diff tracks on which an active (VT) TCN flanks the gate = 72 fail modes/unit (one per gate per track, either side); x 5x60 unit cells = 21600; Scalar = 1/21600",geometric count 72/unit differs from type-A SDR reference 36/unit,6,18,36,2,36,72,,,,,,,,,,,,
x81zs_ctg06,CTG110-PZ1-L-F:VCRNUB:OGD:REG:N3,CTG,F,CTG-<MOS>-F:VCRNUB:OGD:REG:<SKEW>,21600,4.62963e-05,"OGD CTG: 36 active VG gates/unit on 18 columns (6 FTI intervals) x 2 diff tracks on which an active (VT) TCN flanks the gate = 72 fail modes/unit (one per gate per track, either side); x 5x60 unit cells = 21600; Scalar = 1/21600",geometric count 72/unit differs from type-A SDR reference 36/unit,6,18,36,2,36,72,,,,,,,,,,,,
x81zs_ctg06,CTG110-NZ1-L-F:VCRNUB:OGD:REG:0,CTG,F,CTG-<MOS>-F:VCRNUB:OGD:REG:0,21600,4.62963e-05,"OGD CTG: 36 active VG gates/unit on 18 columns (6 FTI intervals) x 2 diff tracks on which an active (VT) TCN flanks the gate = 72 fail modes/unit (one per gate per track, either side); x 5x60 unit cells = 21600; Scalar = 1/21600",geometric count 72/unit differs from type-A SDR reference 36/unit,6,18,36,2,36,72,,,,,,,,,,,,
x81zs_ctg06,CTG110-NPZ1-L-F:VCRNUB:OGD:REG:0,CTG,F,CTG-<MOS>-F:VCRNUB:OGD:REG:0,21600,4.62963e-05,"OGD CTG: 36 active VG gates/unit on 18 columns (6 FTI intervals) x 2 diff tracks on which an active (VT) TCN flanks the gate = 72 fail modes/unit (one per gate per track, either side); x 5x60 unit cells = 21600; Scalar = 1/21600",geometric count 72/unit differs from type-A SDR reference 36/unit,6,18,36,2,36,72,,,,,,,,,,,,
x81zs_ctg06,CTG110-PZ1-L-F:VCRNUB:OGD:REG:0,CTG,F,CTG-<MOS>-F:VCRNUB:OGD:REG:0,21600,4.62963e-05,"OGD CTG: 36 active VG gates/unit on 18 columns (6 FTI intervals) x 2 diff tracks on which an active (VT) TCN flanks the gate = 72 fail modes/unit (one per gate per track, either side); x 5x60 unit cells = 21600; Scalar = 1/21600",geometric count 72/unit differs from type-A SDR reference 36/unit,6,18,36,2,36,72,,,,,,,,,,,,
x81zs_ctg06,CTG110-NZ1-L-F:VCRNUB:OGD:REG:P3,CTG,F,CTG-<MOS>-F:VCRNUB:OGD:REG:<SKEW>,21600,4.62963e-05,"OGD CTG: 36 active VG gates/unit on 18 columns (6 FTI intervals) x 2 diff tracks on which an active (VT) TCN flanks the gate = 72 fail modes/unit (one per gate per track, either side); x 5x60 unit cells = 21600; Scalar = 1/21600",geometric count 72/unit differs from type-A SDR reference 36/unit,6,18,36,2,36,72,,,,,,,,,,,,
x81zs_ctg06,CTG110-NPZ1-L-F:VCRNUB:OGD:REG:P3,CTG,F,CTG-<MOS>-F:VCRNUB:OGD:REG:<SKEW>,21600,4.62963e-05,"OGD CTG: 36 active VG gates/unit on 18 columns (6 FTI intervals) x 2 diff tracks on which an active (VT) TCN flanks the gate = 72 fail modes/unit (one per gate per track, either side); x 5x60 unit cells = 21600; Scalar = 1/21600",geometric count 72/unit differs from type-A SDR reference 36/unit,6,18,36,2,36,72,,,,,,,,,,,,
x81zs_ctg06,CTG110-PZ1-L-F:VCRNUB:OGD:REG:P3,CTG,F,CTG-<MOS>-F:VCRNUB:OGD:REG:<SKEW>,21600,4.62963e-05,"OGD CTG: 36 active VG gates/unit on 18 columns (6 FTI intervals) x 2 diff tracks on which an active (VT) TCN flanks the gate = 72 fail modes/unit (one per gate per track, either side); x 5x60 unit cells = 21600; Scalar = 1/21600",geometric count 72/unit differs from type-A SDR reference 36/unit,6,18,36,2,36,72,,,,,,,,,,,,
x81zs_ctg06,CTG110-NZ1-L-F:VCRNUB:OGD:REG:P5,CTG,F,CTG-<MOS>-F:VCRNUB:OGD:REG:<SKEW>,21600,4.62963e-05,"OGD CTG: 36 active VG gates/unit on 18 columns (6 FTI intervals) x 2 diff tracks on which an active (VT) TCN flanks the gate = 72 fail modes/unit (one per gate per track, either side); x 5x60 unit cells = 21600; Scalar = 1/21600",geometric count 72/unit differs from type-A SDR reference 36/unit,6,18,36,2,36,72,,,,,,,,,,,,
x81zs_ctg06,CTG110-NPZ1-L-F:VCRNUB:OGD:REG:P5,CTG,F,CTG-<MOS>-F:VCRNUB:OGD:REG:<SKEW>,21600,4.62963e-05,"OGD CTG: 36 active VG gates/unit on 18 columns (6 FTI intervals) x 2 diff tracks on which an active (VT) TCN flanks the gate = 72 fail modes/unit (one per gate per track, either side); x 5x60 unit cells = 21600; Scalar = 1/21600",geometric count 72/unit differs from type-A SDR reference 36/unit,6,18,36,2,36,72,,,,,,,,,,,,
x81zs_ctg06,CTG110-PZ1-L-F:VCRNUB:OGD:REG:P5,CTG,F,CTG-<MOS>-F:VCRNUB:OGD:REG:<SKEW>,21600,4.62963e-05,"OGD CTG: 36 active VG gates/unit on 18 columns (6 FTI intervals) x 2 diff tracks on which an active (VT) TCN flanks the gate = 72 fail modes/unit (one per gate per track, either side); x 5x60 unit cells = 21600; Scalar = 1/21600",geometric count 72/unit differs from type-A SDR reference 36/unit,6,18,36,2,36,72,,,,,,,,,,,,
x81zs_ctg06,CTG110-NZ1-L-F:VCRNUB:OGD:REG:P10,CTG,F,CTG-<MOS>-F:VCRNUB:OGD:REG:<SKEW>,21600,4.62963e-05,"OGD CTG: 36 active VG gates/unit on 18 columns (6 FTI intervals) x 2 diff tracks on which an active (VT) TCN flanks the gate = 72 fail modes/unit (one per gate per track, either side); x 5x60 unit cells = 21600; Scalar = 1/21600",geometric count 72/unit differs from type-A SDR reference 36/unit,6,18,36,2,36,72,,,,,,,,,,,,
x81zs_ctg06,CTG110-NPZ1-L-F:VCRNUB:OGD:REG:P10,CTG,F,CTG-<MOS>-F:VCRNUB:OGD:REG:<SKEW>,21600,4.62963e-05,"OGD CTG: 36 active VG gates/unit on 18 columns (6 FTI intervals) x 2 diff tracks on which an active (VT) TCN flanks the gate = 72 fail modes/unit (one per gate per track, either side); x 5x60 unit cells = 21600; Scalar = 1/21600",geometric count 72/unit differs from type-A SDR reference 36/unit,6,18,36,2,36,72,,,,,,,,,,,,
x81zs_ctg06,CTG110-PZ1-L-F:VCRNUB:OGD:REG:P10,CTG,F,CTG-<MOS>-F:VCRNUB:OGD:REG:<SKEW>,21600,4.62963e-05,"OGD CTG: 36 active VG gates/unit on 18 columns (6 FTI intervals) x 2 diff tracks on which an active (VT) TCN flanks the gate = 72 fail modes/unit (one per gate per track, either side); x 5x60 unit cells = 21600; Scalar = 1/21600",geometric count 72/unit differs from type-A SDR reference 36/unit,6,18,36,2,36,72,,,,,,,,,,,,
x81zs_ctg06,CTG165-NZ7-L-F:VCRNUB:OGD:CD:N32,CTG,F,CTG-<MOS>-F:VCRNUB:OGD:CD:<SKEW>,21600,4.62963e-05,"OGD CTG: 36 active VG gates/unit on 18 columns (6 FTI intervals) x 2 diff tracks on which an active (VT) TCN flanks the gate = 72 fail modes/unit (one per gate per track, either side); x 5x60 unit cells = 21600; Scalar = 1/21600",geometric count 72/unit differs from type-A SDR reference 36/unit,6,18,36,2,36,72,,,,,,,,,,,,
x81zs_ctg06,CTG165-NPZ7-L-F:VCRNUB:OGD:CD:N32,CTG,F,CTG-<MOS>-F:VCRNUB:OGD:CD:<SKEW>,21600,4.62963e-05,"OGD CTG: 36 active VG gates/unit on 18 columns (6 FTI intervals) x 2 diff tracks on which an active (VT) TCN flanks the gate = 72 fail modes/unit (one per gate per track, either side); x 5x60 unit cells = 21600; Scalar = 1/21600",geometric count 72/unit differs from type-A SDR reference 36/unit,6,18,36,2,36,72,,,,,,,,,,,,
x81zs_ctg06,CTG165-PZ7-L-F:VCRNUB:OGD:CD:N32,CTG,F,CTG-<MOS>-F:VCRNUB:OGD:CD:<SKEW>,21600,4.62963e-05,"OGD CTG: 36 active VG gates/unit on 18 columns (6 FTI intervals) x 2 diff tracks on which an active (VT) TCN flanks the gate = 72 fail modes/unit (one per gate per track, either side); x 5x60 unit cells = 21600; Scalar = 1/21600",geometric count 72/unit differs from type-A SDR reference 36/unit,6,18,36,2,36,72,,,,,,,,,,,,
x81zs_ctg06,CTG165-NZ7-L-F:VCRNUB:OGD:CD:N24,CTG,F,CTG-<MOS>-F:VCRNUB:OGD:CD:<SKEW>,21600,4.62963e-05,"OGD CTG: 36 active VG gates/unit on 18 columns (6 FTI intervals) x 2 diff tracks on which an active (VT) TCN flanks the gate = 72 fail modes/unit (one per gate per track, either side); x 5x60 unit cells = 21600; Scalar = 1/21600",geometric count 72/unit differs from type-A SDR reference 36/unit,6,18,36,2,36,72,,,,,,,,,,,,
x81zs_ctg06,CTG165-NPZ7-L-F:VCRNUB:OGD:CD:N24,CTG,F,CTG-<MOS>-F:VCRNUB:OGD:CD:<SKEW>,21600,4.62963e-05,"OGD CTG: 36 active VG gates/unit on 18 columns (6 FTI intervals) x 2 diff tracks on which an active (VT) TCN flanks the gate = 72 fail modes/unit (one per gate per track, either side); x 5x60 unit cells = 21600; Scalar = 1/21600",geometric count 72/unit differs from type-A SDR reference 36/unit,6,18,36,2,36,72,,,,,,,,,,,,
x81zs_ctg06,CTG165-PZ7-L-F:VCRNUB:OGD:CD:N24,CTG,F,CTG-<MOS>-F:VCRNUB:OGD:CD:<SKEW>,21600,4.62963e-05,"OGD CTG: 36 active VG gates/unit on 18 columns (6 FTI intervals) x 2 diff tracks on which an active (VT) TCN flanks the gate = 72 fail modes/unit (one per gate per track, either side); x 5x60 unit cells = 21600; Scalar = 1/21600",geometric count 72/unit differs from type-A SDR reference 36/unit,6,18,36,2,36,72,,,,,,,,,,,,
x81zs_ctg06,CTG165-NZ7-L-F:VCRNUB:OGD:CD:N16,CTG,F,CTG-<MOS>-F:VCRNUB:OGD:CD:<SKEW>,21600,4.62963e-05,"OGD CTG: 36 active VG gates/unit on 18 columns (6 FTI intervals) x 2 diff tracks on which an active (VT) TCN flanks the gate = 72 fail modes/unit (one per gate per track, either side); x 5x60 unit cells = 21600; Scalar = 1/21600",geometric count 72/unit differs from type-A SDR reference 36/unit,6,18,36,2,36,72,,,,,,,,,,,,
x81zs_ctg06,CTG165-NPZ7-L-F:VCRNUB:OGD:CD:N16,CTG,F,CTG-<MOS>-F:VCRNUB:OGD:CD:<SKEW>,21600,4.62963e-05,"OGD CTG: 36 active VG gates/unit on 18 columns (6 FTI intervals) x 2 diff tracks on which an active (VT) TCN flanks the gate = 72 fail modes/unit (one per gate per track, either side); x 5x60 unit cells = 21600; Scalar = 1/21600",geometric count 72/unit differs from type-A SDR reference 36/unit,6,18,36,2,36,72,,,,,,,,,,,,
x81zs_ctg06,CTG165-PZ7-L-F:VCRNUB:OGD:CD:N16,CTG,F,CTG-<MOS>-F:VCRNUB:OGD:CD:<SKEW>,21600,4.62963e-05,"OGD CTG: 36 active VG gates/unit on 18 columns (6 FTI intervals) x 2 diff tracks on which an active (VT) TCN flanks the gate = 72 fail modes/unit (one per gate per track, either side); x 5x60 unit cells = 21600; Scalar = 1/21600",geometric count 72/unit differs from type-A SDR reference 36/unit,6,18,36,2,36,72,,,,,,,,,,,,
x81zs_ctg06,CTG165-NZ7-L-F:VCRNUB:OGD:CD:N8,CTG,F,CTG-<MOS>-F:VCRNUB:OGD:CD:<SKEW>,21600,4.62963e-05,"OGD CTG: 36 active VG gates/unit on 18 columns (6 FTI intervals) x 2 diff tracks on which an active (VT) TCN flanks the gate = 72 fail modes/unit (one per gate per track, either side); x 5x60 unit cells = 21600; Scalar = 1/21600",geometric count 72/unit differs from type-A SDR reference 36/unit,6,18,36,2,36,72,,,,,,,,,,,,
x81zs_ctg06,CTG165-NPZ7-L-F:VCRNUB:OGD:CD:N8,CTG,F,CTG-<MOS>-F:VCRNUB:OGD:CD:<SKEW>,21600,4.62963e-05,"OGD CTG: 36 active VG gates/unit on 18 columns (6 FTI intervals) x 2 diff tracks on which an active (VT) TCN flanks the gate = 72 fail modes/unit (one per gate per track, either side); x 5x60 unit cells = 21600; Scalar = 1/21600",geometric count 72/unit differs from type-A SDR reference 36/unit,6,18,36,2,36,72,,,,,,,,,,,,
x81zs_ctg06,CTG165-PZ7-L-F:VCRNUB:OGD:CD:N8,CTG,F,CTG-<MOS>-F:VCRNUB:OGD:CD:<SKEW>,21600,4.62963e-05,"OGD CTG: 36 active VG gates/unit on 18 columns (6 FTI intervals) x 2 diff tracks on which an active (VT) TCN flanks the gate = 72 fail modes/unit (one per gate per track, either side); x 5x60 unit cells = 21600; Scalar = 1/21600",geometric count 72/unit differs from type-A SDR reference 36/unit,6,18,36,2,36,72,,,,,,,,,,,,
x81zs_ctg06,CTG165-NZ7-L-F:VCRNUB:OGD:CD:0,CTG,F,CTG-<MOS>-F:VCRNUB:OGD:CD:0,21600,4.62963e-05,"OGD CTG: 36 active VG gates/unit on 18 columns (6 FTI intervals) x 2 diff tracks on which an active (VT) TCN flanks the gate = 72 fail modes/unit (one per gate per track, either side); x 5x60 unit cells = 21600; Scalar = 1/21600",geometric count 72/unit differs from type-A SDR reference 36/unit,6,18,36,2,36,72,,,,,,,,,,,,
x81zs_ctg06,CTG165-NPZ7-L-F:VCRNUB:OGD:CD:0,CTG,F,CTG-<MOS>-F:VCRNUB:OGD:CD:0,21600,4.62963e-05,"OGD CTG: 36 active VG gates/unit on 18 columns (6 FTI intervals) x 2 diff tracks on which an active (VT) TCN flanks the gate = 72 fail modes/unit (one per gate per track, either side); x 5x60 unit cells = 21600; Scalar = 1/21600",geometric count 72/unit differs from type-A SDR reference 36/unit,6,18,36,2,36,72,,,,,,,,,,,,
x81zs_ctg06,CTG165-PZ7-L-F:VCRNUB:OGD:CD:0,CTG,F,CTG-<MOS>-F:VCRNUB:OGD:CD:0,21600,4.62963e-05,"OGD CTG: 36 active VG gates/unit on 18 columns (6 FTI intervals) x 2 diff tracks on which an active (VT) TCN flanks the gate = 72 fail modes/unit (one per gate per track, either side); x 5x60 unit cells = 21600; Scalar = 1/21600",geometric count 72/unit differs from type-A SDR reference 36/unit,6,18,36,2,36,72,,,,,,,,,,,,
x81zs_ctg06,CTG165-NZ7-L-F:VCRNUB:OGD:CD:P8,CTG,F,CTG-<MOS>-F:VCRNUB:OGD:CD:<SKEW>,21600,4.62963e-05,"OGD CTG: 36 active VG gates/unit on 18 columns (6 FTI intervals) x 2 diff tracks on which an active (VT) TCN flanks the gate = 72 fail modes/unit (one per gate per track, either side); x 5x60 unit cells = 21600; Scalar = 1/21600",geometric count 72/unit differs from type-A SDR reference 36/unit,6,18,36,2,36,72,,,,,,,,,,,,
x81zs_ctg06,CTG165-NPZ7-L-F:VCRNUB:OGD:CD:P8,CTG,F,CTG-<MOS>-F:VCRNUB:OGD:CD:<SKEW>,21600,4.62963e-05,"OGD CTG: 36 active VG gates/unit on 18 columns (6 FTI intervals) x 2 diff tracks on which an active (VT) TCN flanks the gate = 72 fail modes/unit (one per gate per track, either side); x 5x60 unit cells = 21600; Scalar = 1/21600",geometric count 72/unit differs from type-A SDR reference 36/unit,6,18,36,2,36,72,,,,,,,,,,,,
x81zs_ctg06,CTG165-PZ7-L-F:VCRNUB:OGD:CD:P8,CTG,F,CTG-<MOS>-F:VCRNUB:OGD:CD:<SKEW>,21600,4.62963e-05,"OGD CTG: 36 active VG gates/unit on 18 columns (6 FTI intervals) x 2 diff tracks on which an active (VT) TCN flanks the gate = 72 fail modes/unit (one per gate per track, either side); x 5x60 unit cells = 21600; Scalar = 1/21600",geometric count 72/unit differs from type-A SDR reference 36/unit,6,18,36,2,36,72,,,,,,,,,,,,
x81zs_ctg06,CTG132-NZ5-L-F:VCRNUB:OGD:CD:N32,CTG,F,CTG-<MOS>-F:VCRNUB:OGD:CD:<SKEW>,21600,4.62963e-05,"OGD CTG: 36 active VG gates/unit on 18 columns (6 FTI intervals) x 2 diff tracks on which an active (VT) TCN flanks the gate = 72 fail modes/unit (one per gate per track, either side); x 5x60 unit cells = 21600; Scalar = 1/21600",geometric count 72/unit differs from type-A SDR reference 36/unit,6,18,36,2,36,72,,,,,,,,,,,,
x81zs_ctg06,CTG132-NPZ5-L-F:VCRNUB:OGD:CD:N32,CTG,F,CTG-<MOS>-F:VCRNUB:OGD:CD:<SKEW>,21600,4.62963e-05,"OGD CTG: 36 active VG gates/unit on 18 columns (6 FTI intervals) x 2 diff tracks on which an active (VT) TCN flanks the gate = 72 fail modes/unit (one per gate per track, either side); x 5x60 unit cells = 21600; Scalar = 1/21600",geometric count 72/unit differs from type-A SDR reference 36/unit,6,18,36,2,36,72,,,,,,,,,,,,
x81zs_ctg06,CTG132-PZ5-L-F:VCRNUB:OGD:CD:N32,CTG,F,CTG-<MOS>-F:VCRNUB:OGD:CD:<SKEW>,21600,4.62963e-05,"OGD CTG: 36 active VG gates/unit on 18 columns (6 FTI intervals) x 2 diff tracks on which an active (VT) TCN flanks the gate = 72 fail modes/unit (one per gate per track, either side); x 5x60 unit cells = 21600; Scalar = 1/21600",geometric count 72/unit differs from type-A SDR reference 36/unit,6,18,36,2,36,72,,,,,,,,,,,,
x81zs_ctg06,CTG132-NZ5-L-F:VCRNUB:OGD:CD:N24,CTG,F,CTG-<MOS>-F:VCRNUB:OGD:CD:<SKEW>,21600,4.62963e-05,"OGD CTG: 36 active VG gates/unit on 18 columns (6 FTI intervals) x 2 diff tracks on which an active (VT) TCN flanks the gate = 72 fail modes/unit (one per gate per track, either side); x 5x60 unit cells = 21600; Scalar = 1/21600",geometric count 72/unit differs from type-A SDR reference 36/unit,6,18,36,2,36,72,,,,,,,,,,,,
x81zs_ctg06,CTG132-NPZ5-L-F:VCRNUB:OGD:CD:N24,CTG,F,CTG-<MOS>-F:VCRNUB:OGD:CD:<SKEW>,21600,4.62963e-05,"OGD CTG: 36 active VG gates/unit on 18 columns (6 FTI intervals) x 2 diff tracks on which an active (VT) TCN flanks the gate = 72 fail modes/unit (one per gate per track, either side); x 5x60 unit cells = 21600; Scalar = 1/21600",geometric count 72/unit differs from type-A SDR reference 36/unit,6,18,36,2,36,72,,,,,,,,,,,,
x81zs_ctg06,CTG132-PZ5-L-F:VCRNUB:OGD:CD:N24,CTG,F,CTG-<MOS>-F:VCRNUB:OGD:CD:<SKEW>,21600,4.62963e-05,"OGD CTG: 36 active VG gates/unit on 18 columns (6 FTI intervals) x 2 diff tracks on which an active (VT) TCN flanks the gate = 72 fail modes/unit (one per gate per track, either side); x 5x60 unit cells = 21600; Scalar = 1/21600",geometric count 72/unit differs from type-A SDR reference 36/unit,6,18,36,2,36,72,,,,,,,,,,,,
x81zs_ctg06,CTG132-NZ5-L-F:VCRNUB:OGD:CD:N16,CTG,F,CTG-<MOS>-F:VCRNUB:OGD:CD:<SKEW>,21600,4.62963e-05,"OGD CTG: 36 active VG gates/unit on 18 columns (6 FTI intervals) x 2 diff tracks on which an active (VT) TCN flanks the gate = 72 fail modes/unit (one per gate per track, either side); x 5x60 unit cells = 21600; Scalar = 1/21600",geometric count 72/unit differs from type-A SDR reference 36/unit,6,18,36,2,36,72,,,,,,,,,,,,
x81zs_ctg06,CTG132-NPZ5-L-F:VCRNUB:OGD:CD:N16,CTG,F,CTG-<MOS>-F:VCRNUB:OGD:CD:<SKEW>,21600,4.62963e-05,"OGD CTG: 36 active VG gates/unit on 18 columns (6 FTI intervals) x 2 diff tracks on which an active (VT) TCN flanks the gate = 72 fail modes/unit (one per gate per track, either side); x 5x60 unit cells = 21600; Scalar = 1/21600",geometric count 72/unit differs from type-A SDR reference 36/unit,6,18,36,2,36,72,,,,,,,,,,,,
x81zs_ctg06,CTG132-PZ5-L-F:VCRNUB:OGD:CD:N16,CTG,F,CTG-<MOS>-F:VCRNUB:OGD:CD:<SKEW>,21600,4.62963e-05,"OGD CTG: 36 active VG gates/unit on 18 columns (6 FTI intervals) x 2 diff tracks on which an active (VT) TCN flanks the gate = 72 fail modes/unit (one per gate per track, either side); x 5x60 unit cells = 21600; Scalar = 1/21600",geometric count 72/unit differs from type-A SDR reference 36/unit,6,18,36,2,36,72,,,,,,,,,,,,
x81zs_ctg06,CTG132-NZ5-L-F:VCRNUB:OGD:CD:N8,CTG,F,CTG-<MOS>-F:VCRNUB:OGD:CD:<SKEW>,21600,4.62963e-05,"OGD CTG: 36 active VG gates/unit on 18 columns (6 FTI intervals) x 2 diff tracks on which an active (VT) TCN flanks the gate = 72 fail modes/unit (one per gate per track, either side); x 5x60 unit cells = 21600; Scalar = 1/21600",geometric count 72/unit differs from type-A SDR reference 36/unit,6,18,36,2,36,72,,,,,,,,,,,,
x81zs_ctg06,CTG132-NPZ5-L-F:VCRNUB:OGD:CD:N8,CTG,F,CTG-<MOS>-F:VCRNUB:OGD:CD:<SKEW>,21600,4.62963e-05,"OGD CTG: 36 active VG gates/unit on 18 columns (6 FTI intervals) x 2 diff tracks on which an active (VT) TCN flanks the gate = 72 fail modes/unit (one per gate per track, either side); x 5x60 unit cells = 21600; Scalar = 1/21600",geometric count 72/unit differs from type-A SDR reference 36/unit,6,18,36,2,36,72,,,,,,,,,,,,
x81zs_ctg06,CTG132-PZ5-L-F:VCRNUB:OGD:CD:N8,CTG,F,CTG-<MOS>-F:VCRNUB:OGD:CD:<SKEW>,21600,4.62963e-05,"OGD CTG: 36 active VG gates/unit on 18 columns (6 FTI intervals) x 2 diff tracks on which an active (VT) TCN flanks the gate = 72 fail modes/unit (one per gate per track, either side); x 5x60 unit cells = 21600; Scalar = 1/21600",geometric count 72/unit differs from type-A SDR reference 36/unit,6,18,36,2,36,72,,,,,,,,,,,,
x81zs_ctg06,CTG132-NZ5-L-F:VCRNUB:OGD:CD:0,CTG,F,CTG-<MOS>-F:VCRNUB:OGD:CD:0,21600,4.62963e-05,"OGD CTG: 36 active VG gates/unit on 18 columns (6 FTI intervals) x 2 diff tracks on which an active (VT) TCN flanks the gate = 72 fail modes/unit (one per gate per track, either side); x 5x60 unit cells = 21600; Scalar = 1/21600",geometric count 72/unit differs from type-A SDR reference 36/unit,6,18,36,2,36,72,,,,,,,,,,,,
x81zs_ctg06,CTG132-NPZ5-L-F:VCRNUB:OGD:CD:0,CTG,F,CTG-<MOS>-F:VCRNUB:OGD:CD:0,21600,4.62963e-05,"OGD CTG: 36 active VG gates/unit on 18 columns (6 FTI intervals) x 2 diff tracks on which an active (VT) TCN flanks the gate = 72 fail modes/unit (one per gate per track, either side); x 5x60 unit cells = 21600; Scalar = 1/21600",geometric count 72/unit differs from type-A SDR reference 36/unit,6,18,36,2,36,72,,,,,,,,,,,,
x81zs_ctg06,CTG132-PZ5-L-F:VCRNUB:OGD:CD:0,CTG,F,CTG-<MOS>-F:VCRNUB:OGD:CD:0,21600,4.62963e-05,"OGD CTG: 36 active VG gates/unit on 18 columns (6 FTI intervals) x 2 diff tracks on which an active (VT) TCN flanks the gate = 72 fail modes/unit (one per gate per track, either side); x 5x60 unit cells = 21600; Scalar = 1/21600",geometric count 72/unit differs from type-A SDR reference 36/unit,6,18,36,2,36,72,,,,,,,,,,,,
x81zs_ctg06,CTG132-NZ5-L-F:VCRNUB:OGD:CD:P8,CTG,F,CTG-<MOS>-F:VCRNUB:OGD:CD:<SKEW>,21600,4.62963e-05,"OGD CTG: 36 active VG gates/unit on 18 columns (6 FTI intervals) x 2 diff tracks on which an active (VT) TCN flanks the gate = 72 fail modes/unit (one per gate per track, either side); x 5x60 unit cells = 21600; Scalar = 1/21600",geometric count 72/unit differs from type-A SDR reference 36/unit,6,18,36,2,36,72,,,,,,,,,,,,
x81zs_ctg06,CTG132-NPZ5-L-F:VCRNUB:OGD:CD:P8,CTG,F,CTG-<MOS>-F:VCRNUB:OGD:CD:<SKEW>,21600,4.62963e-05,"OGD CTG: 36 active VG gates/unit on 18 columns (6 FTI intervals) x 2 diff tracks on which an active (VT) TCN flanks the gate = 72 fail modes/unit (one per gate per track, either side); x 5x60 unit cells = 21600; Scalar = 1/21600",geometric count 72/unit differs from type-A SDR reference 36/unit,6,18,36,2,36,72,,,,,,,,,,,,
x81zs_ctg06,CTG132-PZ5-L-F:VCRNUB:OGD:CD:P8,CTG,F,CTG-<MOS>-F:VCRNUB:OGD:CD:<SKEW>,21600,4.62963e-05,"OGD CTG: 36 active VG gates/unit on 18 columns (6 FTI intervals) x 2 diff tracks on which an active (VT) TCN flanks the gate = 72 fail modes/unit (one per gate per track, either side); x 5x60 unit cells = 21600; Scalar = 1/21600",geometric count 72/unit differs from type-A SDR reference 36/unit,6,18,36,2,36,72,,,,,,,,,,,,
x81zs_ctg06,CTG110-NZ1-L-F:VCRNUB:OGD:CD:N32,CTG,F,CTG-<MOS>-F:VCRNUB:OGD:CD:<SKEW>,21600,4.62963e-05,"OGD CTG: 36 active VG gates/unit on 18 columns (6 FTI intervals) x 2 diff tracks on which an active (VT) TCN flanks the gate = 72 fail modes/unit (one per gate per track, either side); x 5x60 unit cells = 21600; Scalar = 1/21600",geometric count 72/unit differs from type-A SDR reference 36/unit,6,18,36,2,36,72,,,,,,,,,,,,
x81zs_ctg06,CTG110-NPZ1-L-F:VCRNUB:OGD:CD:N32,CTG,F,CTG-<MOS>-F:VCRNUB:OGD:CD:<SKEW>,21600,4.62963e-05,"OGD CTG: 36 active VG gates/unit on 18 columns (6 FTI intervals) x 2 diff tracks on which an active (VT) TCN flanks the gate = 72 fail modes/unit (one per gate per track, either side); x 5x60 unit cells = 21600; Scalar = 1/21600",geometric count 72/unit differs from type-A SDR reference 36/unit,6,18,36,2,36,72,,,,,,,,,,,,
x81zs_ctg06,CTG110-PZ1-L-F:VCRNUB:OGD:CD:N32,CTG,F,CTG-<MOS>-F:VCRNUB:OGD:CD:<SKEW>,21600,4.62963e-05,"OGD CTG: 36 active VG gates/unit on 18 columns (6 FTI intervals) x 2 diff tracks on which an active (VT) TCN flanks the gate = 72 fail modes/unit (one per gate per track, either side); x 5x60 unit cells = 21600; Scalar = 1/21600",geometric count 72/unit differs from type-A SDR reference 36/unit,6,18,36,2,36,72,,,,,,,,,,,,
x81zs_ctg06,CTG110-NZ1-L-F:VCRNUB:OGD:CD:N24,CTG,F,CTG-<MOS>-F:VCRNUB:OGD:CD:<SKEW>,21600,4.62963e-05,"OGD CTG: 36 active VG gates/unit on 18 columns (6 FTI intervals) x 2 diff tracks on which an active (VT) TCN flanks the gate = 72 fail modes/unit (one per gate per track, either side); x 5x60 unit cells = 21600; Scalar = 1/21600",geometric count 72/unit differs from type-A SDR reference 36/unit,6,18,36,2,36,72,,,,,,,,,,,,
x81zs_ctg06,CTG110-NPZ1-L-F:VCRNUB:OGD:CD:N24,CTG,F,CTG-<MOS>-F:VCRNUB:OGD:CD:<SKEW>,21600,4.62963e-05,"OGD CTG: 36 active VG gates/unit on 18 columns (6 FTI intervals) x 2 diff tracks on which an active (VT) TCN flanks the gate = 72 fail modes/unit (one per gate per track, either side); x 5x60 unit cells = 21600; Scalar = 1/21600",geometric count 72/unit differs from type-A SDR reference 36/unit,6,18,36,2,36,72,,,,,,,,,,,,
x81zs_ctg06,CTG110-PZ1-L-F:VCRNUB:OGD:CD:N24,CTG,F,CTG-<MOS>-F:VCRNUB:OGD:CD:<SKEW>,21600,4.62963e-05,"OGD CTG: 36 active VG gates/unit on 18 columns (6 FTI intervals) x 2 diff tracks on which an active (VT) TCN flanks the gate = 72 fail modes/unit (one per gate per track, either side); x 5x60 unit cells = 21600; Scalar = 1/21600",geometric count 72/unit differs from type-A SDR reference 36/unit,6,18,36,2,36,72,,,,,,,,,,,,
x81zs_ctg06,CTG110-NZ1-L-F:VCRNUB:OGD:CD:N16,CTG,F,CTG-<MOS>-F:VCRNUB:OGD:CD:<SKEW>,21600,4.62963e-05,"OGD CTG: 36 active VG gates/unit on 18 columns (6 FTI intervals) x 2 diff tracks on which an active (VT) TCN flanks the gate = 72 fail modes/unit (one per gate per track, either side); x 5x60 unit cells = 21600; Scalar = 1/21600",geometric count 72/unit differs from type-A SDR reference 36/unit,6,18,36,2,36,72,,,,,,,,,,,,
x81zs_ctg06,CTG110-NPZ1-L-F:VCRNUB:OGD:CD:N16,CTG,F,CTG-<MOS>-F:VCRNUB:OGD:CD:<SKEW>,21600,4.62963e-05,"OGD CTG: 36 active VG gates/unit on 18 columns (6 FTI intervals) x 2 diff tracks on which an active (VT) TCN flanks the gate = 72 fail modes/unit (one per gate per track, either side); x 5x60 unit cells = 21600; Scalar = 1/21600",geometric count 72/unit differs from type-A SDR reference 36/unit,6,18,36,2,36,72,,,,,,,,,,,,
x81zs_ctg06,CTG110-PZ1-L-F:VCRNUB:OGD:CD:N16,CTG,F,CTG-<MOS>-F:VCRNUB:OGD:CD:<SKEW>,21600,4.62963e-05,"OGD CTG: 36 active VG gates/unit on 18 columns (6 FTI intervals) x 2 diff tracks on which an active (VT) TCN flanks the gate = 72 fail modes/unit (one per gate per track, either side); x 5x60 unit cells = 21600; Scalar = 1/21600",geometric count 72/unit differs from type-A SDR reference 36/unit,6,18,36,2,36,72,,,,,,,,,,,,
x81zs_ctg06,CTG110-NZ1-L-F:VCRNUB:OGD:CD:N8,CTG,F,CTG-<MOS>-F:VCRNUB:OGD:CD:<SKEW>,21600,4.62963e-05,"OGD CTG: 36 active VG gates/unit on 18 columns (6 FTI intervals) x 2 diff tracks on which an active (VT) TCN flanks the gate = 72 fail modes/unit (one per gate per track, either side); x 5x60 unit cells = 21600; Scalar = 1/21600",geometric count 72/unit differs from type-A SDR reference 36/unit,6,18,36,2,36,72,,,,,,,,,,,,
x81zs_ctg06,CTG110-NPZ1-L-F:VCRNUB:OGD:CD:N8,CTG,F,CTG-<MOS>-F:VCRNUB:OGD:CD:<SKEW>,21600,4.62963e-05,"OGD CTG: 36 active VG gates/unit on 18 columns (6 FTI intervals) x 2 diff tracks on which an active (VT) TCN flanks the gate = 72 fail modes/unit (one per gate per track, either side); x 5x60 unit cells = 21600; Scalar = 1/21600",geometric count 72/unit differs from type-A SDR reference 36/unit,6,18,36,2,36,72,,,,,,,,,,,,
x81zs_ctg06,CTG110-PZ1-L-F:VCRNUB:OGD:CD:N8,CTG,F,CTG-<MOS>-F:VCRNUB:OGD:CD:<SKEW>,21600,4.62963e-05,"OGD CTG: 36 active VG gates/unit on 18 columns (6 FTI intervals) x 2 diff tracks on which an active (VT) TCN flanks the gate = 72 fail modes/unit (one per gate per track, either side); x 5x60 unit cells = 21600; Scalar = 1/21600",geometric count 72/unit differs from type-A SDR reference 36/unit,6,18,36,2,36,72,,,,,,,,,,,,
x81zs_ctg06,CTG110-NZ1-L-F:VCRNUB:OGD:CD:0,CTG,F,CTG-<MOS>-F:VCRNUB:OGD:CD:0,21600,4.62963e-05,"OGD CTG: 36 active VG gates/unit on 18 columns (6 FTI intervals) x 2 diff tracks on which an active (VT) TCN flanks the gate = 72 fail modes/unit (one per gate per track, either side); x 5x60 unit cells = 21600; Scalar = 1/21600",geometric count 72/unit differs from type-A SDR reference 36/unit,6,18,36,2,36,72,,,,,,,,,,,,
x81zs_ctg06,CTG110-NPZ1-L-F:VCRNUB:OGD:CD:0,CTG,F,CTG-<MOS>-F:VCRNUB:OGD:CD:0,21600,4.62963e-05,"OGD CTG: 36 active VG gates/unit on 18 columns (6 FTI intervals) x 2 diff tracks on which an active (VT) TCN flanks the gate = 72 fail modes/unit (one per gate per track, either side); x 5x60 unit cells = 21600; Scalar = 1/21600",geometric count 72/unit differs from type-A SDR reference 36/unit,6,18,36,2,36,72,,,,,,,,,,,,
x81zs_ctg06,CTG110-PZ1-L-F:VCRNUB:OGD:CD:0,CTG,F,CTG-<MOS>-F:VCRNUB:OGD:CD:0,21600,4.62963e-05,"OGD CTG: 36 active VG gates/unit on 18 columns (6 FTI intervals) x 2 diff tracks on which an active (VT) TCN flanks the gate = 72 fail modes/unit (one per gate per track, either side); x 5x60 unit cells = 21600; Scalar = 1/21600",geometric count 72/unit differs from type-A SDR reference 36/unit,6,18,36,2,36,72,,,,,,,,,,,,
x81zs_ctg06,CTG110-NZ1-L-F:VCRNUB:OGD:CD:P8,CTG,F,CTG-<MOS>-F:VCRNUB:OGD:CD:<SKEW>,21600,4.62963e-05,"OGD CTG: 36 active VG gates/unit on 18 columns (6 FTI intervals) x 2 diff tracks on which an active (VT) TCN flanks the gate = 72 fail modes/unit (one per gate per track, either side); x 5x60 unit cells = 21600; Scalar = 1/21600",geometric count 72/unit differs from type-A SDR reference 36/unit,6,18,36,2,36,72,,,,,,,,,,,,
x81zs_ctg06,CTG110-NPZ1-L-F:VCRNUB:OGD:CD:P8,CTG,F,CTG-<MOS>-F:VCRNUB:OGD:CD:<SKEW>,21600,4.62963e-05,"OGD CTG: 36 active VG gates/unit on 18 columns (6 FTI intervals) x 2 diff tracks on which an active (VT) TCN flanks the gate = 72 fail modes/unit (one per gate per track, either side); x 5x60 unit cells = 21600; Scalar = 1/21600",geometric count 72/unit differs from type-A SDR reference 36/unit,6,18,36,2,36,72,,,,,,,,,,,,
x81zs_ctg06,CTG110-PZ1-L-F:VCRNUB:OGD:CD:P8,CTG,F,CTG-<MOS>-F:VCRNUB:OGD:CD:<SKEW>,21600,4.62963e-05,"OGD CTG: 36 active VG gates/unit on 18 columns (6 FTI intervals) x 2 diff tracks on which an active (VT) TCN flanks the gate = 72 fail modes/unit (one per gate per track, either side); x 5x60 unit cells = 21600; Scalar = 1/21600",geometric count 72/unit differs from type-A SDR reference 36/unit,6,18,36,2,36,72,,,,,,,,,,,,
x81zs_diffchn01,DIFFCHN132-NZ5-L-B-STKx1FLEN24-SDR:Z:REF:NOM,DIFFCHN,B,DIFFCHN-<MOS>-B-STKx1FLEN<n>-SDR:Z:REF:NOM,48,0.0208333,CHN: 48 active VG gates in series as 24 stacked groups of 2 (name LEN24) = 48 transistors in the current path = 48; Scalar = 1/48,name says LEN24 but 48 active VG gates in series (stacked),,,,,,,24,48,24,2/3/4/5/6/7/8/9/10/11/12/13/14/15/16/17/18/19/20/21/22/23/24/25/26/27/28/29/30/31/32/33/34/35/36/37/38/39/40/41/42/43/44/45/46/47/48/49,,,,,,,,
x81zs_diffchn01,DIFFCHN132-NZ5-L-B-STKx2FLEN24-SDR:Z:REF:NOM,DIFFCHN,B,DIFFCHN-<MOS>-B-STKx2FLEN<n>-SDR:Z:REF:NOM,48,0.0208333,CHN: 48 active VG gates in series as 24 stacked groups of 2 (name LEN24) = 48 transistors in the current path = 48; Scalar = 1/48,name says LEN24 but 48 active VG gates in series (stacked),,,,,,,24,48,24,2/3/4/5/6/7/8/9/10/11/12/13/14/15/16/17/18/19/20/21/22/23/24/25/26/27/28/29/30/31/32/33/34/35/36/37/38/39/40/41/42/43/44/45/46/47/48/49,,,,,,,,
x81zs_diffchn01,DIFFCHN132-NZ5-L-B-STKx1FLEN16-SDR:Z:REF:NOM,DIFFCHN,B,DIFFCHN-<MOS>-B-STKx1FLEN<n>-SDR:Z:REF:NOM,32,0.03125,CHN: 32 active VG gates in series as 16 stacked groups of 2 (name LEN16) = 32 transistors in the current path = 32; Scalar = 1/32,name says LEN16 but 32 active VG gates in series (stacked),,,,,,,16,32,16,10/11/12/13/14/15/16/17/18/19/20/21/22/23/24/25/26/27/28/29/30/31/32/33/34/35/36/37/38/39/40/41,,,,,,,,
x81zs_diffchn01,DIFFCHN132-NZ5-L-B-STKx2FLEN16-SDR:Z:REF:NOM,DIFFCHN,B,DIFFCHN-<MOS>-B-STKx2FLEN<n>-SDR:Z:REF:NOM,32,0.03125,CHN: 32 active VG gates in series as 16 stacked groups of 2 (name LEN16) = 32 transistors in the current path = 32; Scalar = 1/32,name says LEN16 but 32 active VG gates in series (stacked),,,,,,,16,32,16,10/11/12/13/14/15/16/17/18/19/20/21/22/23/24/25/26/27/28/29/30/31/32/33/34/35/36/37/38/39/40/41,,,,,,,,
x81zs_diffchn01,DIFFCHN132-NZ5-L-B-STKx1FLEN8-SDR:Z:REF:NOM,DIFFCHN,B,DIFFCHN-<MOS>-B-STKx1FLEN<n>-SDR:Z:REF:NOM,16,0.0625,CHN: 16 active VG gates in series as 8 stacked groups of 2 (name LEN8) = 16 transistors in the current path = 16; Scalar = 1/16,name says LEN8 but 16 active VG gates in series (stacked),,,,,,,8,16,8,18/19/20/21/22/23/24/25/26/27/28/29/30/31/32/33,,,,,,,,
x81zs_diffchn01,DIFFCHN132-NZ5-L-B-STKx2FLEN8-SDR:Z:REF:NOM,DIFFCHN,B,DIFFCHN-<MOS>-B-STKx2FLEN<n>-SDR:Z:REF:NOM,16,0.0625,CHN: 16 active VG gates in series as 8 stacked groups of 2 (name LEN8) = 16 transistors in the current path = 16; Scalar = 1/16,name says LEN8 but 16 active VG gates in series (stacked),,,,,,,8,16,8,18/19/20/21/22/23/24/25/26/27/28/29/30/31/32/33,,,,,,,,
x81zs_diffchn01,DIFFCHN132-NZ5-L-A-LEN12-SDR:Z:REF:NOM,DIFFCHN,A,DIFFCHN-<MOS>-A-LEN<n>-SDR:Z:REF:NOM,12,0.0833333,CHN: 12 active VG gates in series (name LEN12) = 12 transistors in the current path = 12; Scalar = 1/12,,,,,,,,12,12,0,2/6/10/14/18/22/26/30/34/38/42/46,,,,,,,,
x81zs_diffchn01,DIFFCHN132-NZ5-L-A-LEN6-SDR:Z:REF:NOM,DIFFCHN,A,DIFFCHN-<MOS>-A-LEN<n>-SDR:Z:REF:NOM,6,0.166667,CHN: 6 active VG gates in series (name LEN6) = 6 transistors in the current path = 6; Scalar = 1/6,,,,,,,,6,6,0,14/18/22/26/30/34,,,,,,,,
x81zs_diffchn01,DIFFCHN132-NZ5-L-A-LEN3-SDR:Z:REF:NOM,DIFFCHN,A,DIFFCHN-<MOS>-A-LEN<n>-SDR:Z:REF:NOM,3,0.333333,CHN: 3 active VG gates in series (name LEN3) = 3 transistors in the current path = 3; Scalar = 1/3,,,,,,,,3,3,0,26/30/34,,,,,,,,
x81zs_diffchn01,DIFFCHN132-NZ5-L-D-1FCLEN24-SDR:Z:DEN:NOM,DIFFCHN,D,DIFFCHN-<MOS>-D-1FCLEN<n>-SDR:Z:DEN:NOM,48,0.0208333,CHN: 48 active VG gates in series (name LEN24) = 48 transistors in the current path = 48; Scalar = 1/48,name says LEN24 but 48 active VG gates in series (stacked),,,,,,,24,48,0,2/3/4/5/6/7/8/9/10/11/12/13/14/15/16/17/18/19/20/21/22/23/24/25/26/27/28/29/30/31/32/33/34/35/36/37/38/39/40/41/42/43/44/45/46/47/48/49,,,,,,,,
x81zs_diffchn01,DIFFCHN132-NZ5-L-D-1FCLEN16-SDR:Z:DEN:NOM,DIFFCHN,D,DIFFCHN-<MOS>-D-1FCLEN<n>-SDR:Z:DEN:NOM,31,0.0322581,CHN: 31 active VG gates in series (name LEN16) = 31 transistors in the current path = 31; Scalar = 1/31,name says LEN16 but 31 active VG gates in series (stacked),,,,,,,16,31,0,10/11/12/13/14/15/16/17/18/19/20/21/22/23/24/25/26/27/28/29/30/31/32/33/34/35/36/37/38/39/40,,,,,,,,
x81zs_diffchn01,DIFFCHN132-NZ5-L-D-1FCLEN10-SDR:Z:DEN:NOM,DIFFCHN,D,DIFFCHN-<MOS>-D-1FCLEN<n>-SDR:Z:DEN:NOM,19,0.0526316,CHN: 19 active VG gates in series (name LEN10) = 19 transistors in the current path = 19; Scalar = 1/19,name says LEN10 but 19 active VG gates in series (stacked),,,,,,,10,19,0,16/17/18/19/20/21/22/23/24/25/26/27/28/29/30/31/32/33/34,,,,,,,,
x81zs_diffchn01,DIFFCHN132-NZ5-L-D-1FCLEN6-SDR:Z:DEN:NOM,DIFFCHN,D,DIFFCHN-<MOS>-D-1FCLEN<n>-SDR:Z:DEN:NOM,11,0.0909091,CHN: 11 active VG gates in series (name LEN6) = 11 transistors in the current path = 11; Scalar = 1/11,name says LEN6 but 11 active VG gates in series (stacked),,,,,,,6,11,0,20/21/22/23/24/25/26/27/28/29/30,,,,,,,,
x81zs_diffchn01,DIFFCHN132-NZ5-L-D-HCLEN10-SDR:Z:DEN:NOM,DIFFCHN,D,DIFFCHN-<MOS>-D-HCLEN<n>-SDR:Z:DEN:NOM,19,0.0526316,CHN: 19 active VG gates in series (name LEN10) = 19 transistors in the current path = 19; Scalar = 1/19,name says LEN10 but 19 active VG gates in series (stacked),,,,,,,10,19,0,16/17/18/19/20/21/22/23/24/25/26/27/28/29/30/31/32/33/34,,,,,,,,
x81zs_diffchn01,DIFFCHN132-NZ5-L-D-60x1FCLEN10-SDR:Z:DEN:NOM,DIFFCHN,D,DIFFCHN-<MOS>-D-60x1FCLEN<n>-SDR:Z:DEN:NOM,1140,0.000877193,CHN: 19 active VG gates in series (name LEN10) = 19 transistors in the current path; x 1x60 chains in the array = 1140; Scalar = 1/1140,name says LEN10 but 19 active VG gates in series (stacked) | 60 chains stacked in a 1x60 array (multi-instance); every transistor site is counted,,,,,,,10,19,0,16/17/18/19/20/21/22/23/24/25/26/27/28/29/30/31/32/33/34,,,,,,,,
x81zs_diffchn01,DIFFCHN165-NZ7-L-B-STKx1FLEN24-SDR:Z:REF:NOM,DIFFCHN,B,DIFFCHN-<MOS>-B-STKx1FLEN<n>-SDR:Z:REF:NOM,48,0.0208333,CHN: 48 active VG gates in series as 24 stacked groups of 2 (name LEN24) = 48 transistors in the current path = 48; Scalar = 1/48,name says LEN24 but 48 active VG gates in series (stacked),,,,,,,24,48,24,2/3/4/5/6/7/8/9/10/11/12/13/14/15/16/17/18/19/20/21/22/23/24/25/26/27/28/29/30/31/32/33/34/35/36/37/38/39/40/41/42/43/44/45/46/47/48/49,,,,,,,,
x81zs_diffchn01,DIFFCHN165-NZ7-L-B-STKx2FLEN24-SDR:Z:REF:NOM,DIFFCHN,B,DIFFCHN-<MOS>-B-STKx2FLEN<n>-SDR:Z:REF:NOM,48,0.0208333,CHN: 48 active VG gates in series as 24 stacked groups of 2 (name LEN24) = 48 transistors in the current path = 48; Scalar = 1/48,name says LEN24 but 48 active VG gates in series (stacked),,,,,,,24,48,24,2/3/4/5/6/7/8/9/10/11/12/13/14/15/16/17/18/19/20/21/22/23/24/25/26/27/28/29/30/31/32/33/34/35/36/37/38/39/40/41/42/43/44/45/46/47/48/49,,,,,,,,
x81zs_diffchn01,DIFFCHN165-NZ7-L-B-STKx1FLEN16-SDR:Z:REF:NOM,DIFFCHN,B,DIFFCHN-<MOS>-B-STKx1FLEN<n>-SDR:Z:REF:NOM,32,0.03125,CHN: 32 active VG gates in series as 16 stacked groups of 2 (name LEN16) = 32 transistors in the current path = 32; Scalar = 1/32,name says LEN16 but 32 active VG gates in series (stacked),,,,,,,16,32,16,10/11/12/13/14/15/16/17/18/19/20/21/22/23/24/25/26/27/28/29/30/31/32/33/34/35/36/37/38/39/40/41,,,,,,,,
x81zs_diffchn01,DIFFCHN165-NZ7-L-B-STKx2FLEN16-SDR:Z:REF:NOM,DIFFCHN,B,DIFFCHN-<MOS>-B-STKx2FLEN<n>-SDR:Z:REF:NOM,32,0.03125,CHN: 32 active VG gates in series as 16 stacked groups of 2 (name LEN16) = 32 transistors in the current path = 32; Scalar = 1/32,name says LEN16 but 32 active VG gates in series (stacked),,,,,,,16,32,16,10/11/12/13/14/15/16/17/18/19/20/21/22/23/24/25/26/27/28/29/30/31/32/33/34/35/36/37/38/39/40/41,,,,,,,,
x81zs_diffchn01,DIFFCHN165-NZ7-L-B-STKx1FLEN8-SDR:Z:REF:NOM,DIFFCHN,B,DIFFCHN-<MOS>-B-STKx1FLEN<n>-SDR:Z:REF:NOM,16,0.0625,CHN: 16 active VG gates in series as 8 stacked groups of 2 (name LEN8) = 16 transistors in the current path = 16; Scalar = 1/16,name says LEN8 but 16 active VG gates in series (stacked),,,,,,,8,16,8,18/19/20/21/22/23/24/25/26/27/28/29/30/31/32/33,,,,,,,,
x81zs_diffchn01,DIFFCHN165-NZ7-L-B-STKx2FLEN8-SDR:Z:REF:NOM,DIFFCHN,B,DIFFCHN-<MOS>-B-STKx2FLEN<n>-SDR:Z:REF:NOM,16,0.0625,CHN: 16 active VG gates in series as 8 stacked groups of 2 (name LEN8) = 16 transistors in the current path = 16; Scalar = 1/16,name says LEN8 but 16 active VG gates in series (stacked),,,,,,,8,16,8,18/19/20/21/22/23/24/25/26/27/28/29/30/31/32/33,,,,,,,,
x81zs_diffchn01,DIFFCHN165-NZ7-L-A-LEN12-SDR:Z:REF:NOM,DIFFCHN,A,DIFFCHN-<MOS>-A-LEN<n>-SDR:Z:REF:NOM,12,0.0833333,CHN: 12 active VG gates in series (name LEN12) = 12 transistors in the current path = 12; Scalar = 1/12,,,,,,,,12,12,0,2/6/10/14/18/22/26/30/34/38/42/46,,,,,,,,
x81zs_diffchn01,DIFFCHN165-NZ7-L-A-LEN6-SDR:Z:REF:NOM,DIFFCHN,A,DIFFCHN-<MOS>-A-LEN<n>-SDR:Z:REF:NOM,6,0.166667,CHN: 6 active VG gates in series (name LEN6) = 6 transistors in the current path = 6; Scalar = 1/6,,,,,,,,6,6,0,14/18/22/26/30/34,,,,,,,,
x81zs_diffchn01,DIFFCHN165-NZ7-L-A-LEN3-SDR:Z:REF:NOM,DIFFCHN,A,DIFFCHN-<MOS>-A-LEN<n>-SDR:Z:REF:NOM,3,0.333333,CHN: 3 active VG gates in series (name LEN3) = 3 transistors in the current path = 3; Scalar = 1/3,,,,,,,,3,3,0,26/30/34,,,,,,,,
x81zs_diffchn01,DIFFCHN165-NZ7-L-D-1FCLEN24-SDR:Z:DEN:NOM,DIFFCHN,D,DIFFCHN-<MOS>-D-1FCLEN<n>-SDR:Z:DEN:NOM,48,0.0208333,CHN: 48 active VG gates in series (name LEN24) = 48 transistors in the current path = 48; Scalar = 1/48,name says LEN24 but 48 active VG gates in series (stacked),,,,,,,24,48,0,2/3/4/5/6/7/8/9/10/11/12/13/14/15/16/17/18/19/20/21/22/23/24/25/26/27/28/29/30/31/32/33/34/35/36/37/38/39/40/41/42/43/44/45/46/47/48/49,,,,,,,,
x81zs_diffchn01,DIFFCHN165-NZ7-L-D-1FCLEN16-SDR:Z:DEN:NOM,DIFFCHN,D,DIFFCHN-<MOS>-D-1FCLEN<n>-SDR:Z:DEN:NOM,31,0.0322581,CHN: 31 active VG gates in series (name LEN16) = 31 transistors in the current path = 31; Scalar = 1/31,name says LEN16 but 31 active VG gates in series (stacked),,,,,,,16,31,0,10/11/12/13/14/15/16/17/18/19/20/21/22/23/24/25/26/27/28/29/30/31/32/33/34/35/36/37/38/39/40,,,,,,,,
x81zs_diffchn01,DIFFCHN165-NZ7-L-D-1FCLEN10-SDR:Z:DEN:NOM,DIFFCHN,D,DIFFCHN-<MOS>-D-1FCLEN<n>-SDR:Z:DEN:NOM,19,0.0526316,CHN: 19 active VG gates in series (name LEN10) = 19 transistors in the current path = 19; Scalar = 1/19,name says LEN10 but 19 active VG gates in series (stacked),,,,,,,10,19,0,16/17/18/19/20/21/22/23/24/25/26/27/28/29/30/31/32/33/34,,,,,,,,
x81zs_diffchn01,DIFFCHN165-NZ7-L-D-1FCLEN6-SDR:Z:DEN:NOM,DIFFCHN,D,DIFFCHN-<MOS>-D-1FCLEN<n>-SDR:Z:DEN:NOM,11,0.0909091,CHN: 11 active VG gates in series (name LEN6) = 11 transistors in the current path = 11; Scalar = 1/11,name says LEN6 but 11 active VG gates in series (stacked),,,,,,,6,11,0,20/21/22/23/24/25/26/27/28/29/30,,,,,,,,
x81zs_diffchn01,DIFFCHN165-NZ7-L-D-HCLEN10-SDR:Z:DEN:NOM,DIFFCHN,D,DIFFCHN-<MOS>-D-HCLEN<n>-SDR:Z:DEN:NOM,19,0.0526316,CHN: 19 active VG gates in series (name LEN10) = 19 transistors in the current path = 19; Scalar = 1/19,name says LEN10 but 19 active VG gates in series (stacked),,,,,,,10,19,0,16/17/18/19/20/21/22/23/24/25/26/27/28/29/30/31/32/33/34,,,,,,,,
x81zs_diffchn01,DIFFCHN165-NZ7-L-D-60x1FCLEN10-SDR:Z:DEN:NOM,DIFFCHN,D,DIFFCHN-<MOS>-D-60x1FCLEN<n>-SDR:Z:DEN:NOM,1140,0.000877193,CHN: 19 active VG gates in series (name LEN10) = 19 transistors in the current path; x 1x60 chains in the array = 1140; Scalar = 1/1140,name says LEN10 but 19 active VG gates in series (stacked) | 60 chains stacked in a 1x60 array (multi-instance); every transistor site is counted,,,,,,,10,19,0,16/17/18/19/20/21/22/23/24/25/26/27/28/29/30/31/32/33/34,,,,,,,,
x81zs_diffchn01,DIFFCHN110-NZ1-U-B-STKx1FLEN8-SDR:Z:REF:NOM,DIFFCHN,B,DIFFCHN-<MOS>-B-STKx1FLEN<n>-SDR:Z:REF:NOM,16,0.0625,CHN: 16 active VG gates in series as 8 stacked groups of 2 (name LEN8) = 16 transistors in the current path = 16; Scalar = 1/16,name says LEN8 but 16 active VG gates in series (stacked),,,,,,,8,16,8,18/19/20/21/22/23/24/25/26/27/28/29/30/31/32/33,,,,,,,,
x81zs_diffchn01,DIFFCHN110-NZ1-U-B-STKx2FLEN8-SDR:Z:REF:NOM,DIFFCHN,B,DIFFCHN-<MOS>-B-STKx2FLEN<n>-SDR:Z:REF:NOM,16,0.0625,CHN: 16 active VG gates in series as 8 stacked groups of 2 (name LEN8) = 16 transistors in the current path = 16; Scalar = 1/16,name says LEN8 but 16 active VG gates in series (stacked),,,,,,,8,16,8,18/19/20/21/22/23/24/25/26/27/28/29/30/31/32/33,,,,,,,,
x81zs_diffchn01,DIFFCHN110-NZ1-U-A-LEN12-SDR:Z:REF:NOM,DIFFCHN,A,DIFFCHN-<MOS>-A-LEN<n>-SDR:Z:REF:NOM,12,0.0833333,CHN: 12 active VG gates in series (name LEN12) = 12 transistors in the current path = 12; Scalar = 1/12,,,,,,,,12,12,0,2/6/10/14/18/22/26/30/34/38/42/46,,,,,,,,
x81zs_diffchn01,DIFFCHN110-NZ1-U-A-LEN6-SDR:Z:REF:NOM,DIFFCHN,A,DIFFCHN-<MOS>-A-LEN<n>-SDR:Z:REF:NOM,6,0.166667,CHN: 6 active VG gates in series (name LEN6) = 6 transistors in the current path = 6; Scalar = 1/6,,,,,,,,6,6,0,14/18/22/26/30/34,,,,,,,,
x81zs_diffchn01,DIFFCHN110-NZ1-U-D-1FCLEN10-SDR:Z:DEN:NOM,DIFFCHN,D,DIFFCHN-<MOS>-D-1FCLEN<n>-SDR:Z:DEN:NOM,19,0.0526316,CHN: 19 active VG gates in series (name LEN10) = 19 transistors in the current path = 19; Scalar = 1/19,name says LEN10 but 19 active VG gates in series (stacked),,,,,,,10,19,0,16/17/18/19/20/21/22/23/24/25/26/27/28/29/30/31/32/33/34,,,,,,,,
x81zs_diffchn01,DIFFCHN110-NZ1-U-D-1FCLEN6-SDR:Z:DEN:NOM,DIFFCHN,D,DIFFCHN-<MOS>-D-1FCLEN<n>-SDR:Z:DEN:NOM,11,0.0909091,CHN: 11 active VG gates in series (name LEN6) = 11 transistors in the current path = 11; Scalar = 1/11,name says LEN6 but 11 active VG gates in series (stacked),,,,,,,6,11,0,20/21/22/23/24/25/26/27/28/29/30,,,,,,,,
x81zs_diffchn01,DIFFCHN132-NZ5-U-B-STKx1FLEN8-SDR:Z:REF:NOM,DIFFCHN,B,DIFFCHN-<MOS>-B-STKx1FLEN<n>-SDR:Z:REF:NOM,16,0.0625,CHN: 16 active VG gates in series as 8 stacked groups of 2 (name LEN8) = 16 transistors in the current path = 16; Scalar = 1/16,name says LEN8 but 16 active VG gates in series (stacked),,,,,,,8,16,8,18/19/20/21/22/23/24/25/26/27/28/29/30/31/32/33,,,,,,,,
x81zs_diffchn01,DIFFCHN132-NZ5-U-B-STKx2FLEN8-SDR:Z:REF:NOM,DIFFCHN,B,DIFFCHN-<MOS>-B-STKx2FLEN<n>-SDR:Z:REF:NOM,16,0.0625,CHN: 16 active VG gates in series as 8 stacked groups of 2 (name LEN8) = 16 transistors in the current path = 16; Scalar = 1/16,name says LEN8 but 16 active VG gates in series (stacked),,,,,,,8,16,8,18/19/20/21/22/23/24/25/26/27/28/29/30/31/32/33,,,,,,,,
x81zs_diffchn01,DIFFCHN132-NZ5-U-A-LEN12-SDR:Z:REF:NOM,DIFFCHN,A,DIFFCHN-<MOS>-A-LEN<n>-SDR:Z:REF:NOM,12,0.0833333,CHN: 12 active VG gates in series (name LEN12) = 12 transistors in the current path = 12; Scalar = 1/12,,,,,,,,12,12,0,2/6/10/14/18/22/26/30/34/38/42/46,,,,,,,,
x81zs_diffchn01,DIFFCHN132-NZ5-U-A-LEN6-SDR:Z:REF:NOM,DIFFCHN,A,DIFFCHN-<MOS>-A-LEN<n>-SDR:Z:REF:NOM,6,0.166667,CHN: 6 active VG gates in series (name LEN6) = 6 transistors in the current path = 6; Scalar = 1/6,,,,,,,,6,6,0,14/18/22/26/30/34,,,,,,,,
x81zs_diffchn01,DIFFCHN132-NZ5-U-D-1FCLEN10-SDR:Z:DEN:NOM,DIFFCHN,D,DIFFCHN-<MOS>-D-1FCLEN<n>-SDR:Z:DEN:NOM,19,0.0526316,CHN: 19 active VG gates in series (name LEN10) = 19 transistors in the current path = 19; Scalar = 1/19,name says LEN10 but 19 active VG gates in series (stacked),,,,,,,10,19,0,16/17/18/19/20/21/22/23/24/25/26/27/28/29/30/31/32/33/34,,,,,,,,
x81zs_diffchn01,DIFFCHN132-NZ5-U-D-1FCLEN6-SDR:Z:DEN:NOM,DIFFCHN,D,DIFFCHN-<MOS>-D-1FCLEN<n>-SDR:Z:DEN:NOM,11,0.0909091,CHN: 11 active VG gates in series (name LEN6) = 11 transistors in the current path = 11; Scalar = 1/11,name says LEN6 but 11 active VG gates in series (stacked),,,,,,,6,11,0,20/21/22/23/24/25/26/27/28/29/30,,,,,,,,
x81zs_diffchn01,DIFFCHN165-NZ7-U-B-STKx1FLEN8-SDR:Z:REF:NOM,DIFFCHN,B,DIFFCHN-<MOS>-B-STKx1FLEN<n>-SDR:Z:REF:NOM,16,0.0625,CHN: 16 active VG gates in series as 8 stacked groups of 2 (name LEN8) = 16 transistors in the current path = 16; Scalar = 1/16,name says LEN8 but 16 active VG gates in series (stacked),,,,,,,8,16,8,18/19/20/21/22/23/24/25/26/27/28/29/30/31/32/33,,,,,,,,
x81zs_diffchn01,DIFFCHN165-NZ7-U-B-STKx2FLEN8-SDR:Z:REF:NOM,DIFFCHN,B,DIFFCHN-<MOS>-B-STKx2FLEN<n>-SDR:Z:REF:NOM,16,0.0625,CHN: 16 active VG gates in series as 8 stacked groups of 2 (name LEN8) = 16 transistors in the current path = 16; Scalar = 1/16,name says LEN8 but 16 active VG gates in series (stacked),,,,,,,8,16,8,18/19/20/21/22/23/24/25/26/27/28/29/30/31/32/33,,,,,,,,
x81zs_diffchn01,DIFFCHN165-NZ7-U-A-LEN12-SDR:Z:REF:NOM,DIFFCHN,A,DIFFCHN-<MOS>-A-LEN<n>-SDR:Z:REF:NOM,12,0.0833333,CHN: 12 active VG gates in series (name LEN12) = 12 transistors in the current path = 12; Scalar = 1/12,,,,,,,,12,12,0,2/6/10/14/18/22/26/30/34/38/42/46,,,,,,,,
x81zs_diffchn01,DIFFCHN165-NZ7-U-A-LEN6-SDR:Z:REF:NOM,DIFFCHN,A,DIFFCHN-<MOS>-A-LEN<n>-SDR:Z:REF:NOM,6,0.166667,CHN: 6 active VG gates in series (name LEN6) = 6 transistors in the current path = 6; Scalar = 1/6,,,,,,,,6,6,0,14/18/22/26/30/34,,,,,,,,
x81zs_diffchn01,DIFFCHN165-NZ7-U-D-1FCLEN10-SDR:Z:DEN:NOM,DIFFCHN,D,DIFFCHN-<MOS>-D-1FCLEN<n>-SDR:Z:DEN:NOM,19,0.0526316,CHN: 19 active VG gates in series (name LEN10) = 19 transistors in the current path = 19; Scalar = 1/19,name says LEN10 but 19 active VG gates in series (stacked),,,,,,,10,19,0,16/17/18/19/20/21/22/23/24/25/26/27/28/29/30/31/32/33/34,,,,,,,,
x81zs_diffchn01,DIFFCHN165-NZ7-U-D-1FCLEN6-SDR:Z:DEN:NOM,DIFFCHN,D,DIFFCHN-<MOS>-D-1FCLEN<n>-SDR:Z:DEN:NOM,11,0.0909091,CHN: 11 active VG gates in series (name LEN6) = 11 transistors in the current path = 11; Scalar = 1/11,name says LEN6 but 11 active VG gates in series (stacked),,,,,,,6,11,0,20/21/22/23/24/25/26/27/28/29/30,,,,,,,,
x81zs_diffchn01,DIFFCHN110-NZ1-H-B-STKx1FLEN8-SDR:Z:REF:NOM,DIFFCHN,B,DIFFCHN-<MOS>-B-STKx1FLEN<n>-SDR:Z:REF:NOM,16,0.0625,CHN: 16 active VG gates in series as 8 stacked groups of 2 (name LEN8) = 16 transistors in the current path = 16; Scalar = 1/16,name says LEN8 but 16 active VG gates in series (stacked),,,,,,,8,16,8,18/19/20/21/22/23/24/25/26/27/28/29/30/31/32/33,,,,,,,,
x81zs_diffchn01,DIFFCHN110-NZ1-H-B-STKx2FLEN8-SDR:Z:REF:NOM,DIFFCHN,B,DIFFCHN-<MOS>-B-STKx2FLEN<n>-SDR:Z:REF:NOM,16,0.0625,CHN: 16 active VG gates in series as 8 stacked groups of 2 (name LEN8) = 16 transistors in the current path = 16; Scalar = 1/16,name says LEN8 but 16 active VG gates in series (stacked),,,,,,,8,16,8,18/19/20/21/22/23/24/25/26/27/28/29/30/31/32/33,,,,,,,,
x81zs_diffchn01,DIFFCHN110-NZ1-H-A-LEN12-SDR:Z:REF:NOM,DIFFCHN,A,DIFFCHN-<MOS>-A-LEN<n>-SDR:Z:REF:NOM,12,0.0833333,CHN: 12 active VG gates in series (name LEN12) = 12 transistors in the current path = 12; Scalar = 1/12,,,,,,,,12,12,0,2/6/10/14/18/22/26/30/34/38/42/46,,,,,,,,
x81zs_diffchn01,DIFFCHN110-NZ1-H-A-LEN6-SDR:Z:REF:NOM,DIFFCHN,A,DIFFCHN-<MOS>-A-LEN<n>-SDR:Z:REF:NOM,6,0.166667,CHN: 6 active VG gates in series (name LEN6) = 6 transistors in the current path = 6; Scalar = 1/6,,,,,,,,6,6,0,14/18/22/26/30/34,,,,,,,,
x81zs_diffchn01,DIFFCHN110-NZ1-H-D-1FCLEN10-SDR:Z:DEN:NOM,DIFFCHN,D,DIFFCHN-<MOS>-D-1FCLEN<n>-SDR:Z:DEN:NOM,19,0.0526316,CHN: 19 active VG gates in series (name LEN10) = 19 transistors in the current path = 19; Scalar = 1/19,name says LEN10 but 19 active VG gates in series (stacked),,,,,,,10,19,0,16/17/18/19/20/21/22/23/24/25/26/27/28/29/30/31/32/33/34,,,,,,,,
x81zs_diffchn01,DIFFCHN110-NZ1-H-D-1FCLEN6-SDR:Z:DEN:NOM,DIFFCHN,D,DIFFCHN-<MOS>-D-1FCLEN<n>-SDR:Z:DEN:NOM,11,0.0909091,CHN: 11 active VG gates in series (name LEN6) = 11 transistors in the current path = 11; Scalar = 1/11,name says LEN6 but 11 active VG gates in series (stacked),,,,,,,6,11,0,20/21/22/23/24/25/26/27/28/29/30,,,,,,,,
x81zs_diffchn01,DIFFCHN132-NZ5-H-B-STKx1FLEN8-SDR:Z:REF:NOM,DIFFCHN,B,DIFFCHN-<MOS>-B-STKx1FLEN<n>-SDR:Z:REF:NOM,16,0.0625,CHN: 16 active VG gates in series as 8 stacked groups of 2 (name LEN8) = 16 transistors in the current path = 16; Scalar = 1/16,name says LEN8 but 16 active VG gates in series (stacked),,,,,,,8,16,8,18/19/20/21/22/23/24/25/26/27/28/29/30/31/32/33,,,,,,,,
x81zs_diffchn01,DIFFCHN132-NZ5-H-B-STKx2FLEN8-SDR:Z:REF:NOM,DIFFCHN,B,DIFFCHN-<MOS>-B-STKx2FLEN<n>-SDR:Z:REF:NOM,16,0.0625,CHN: 16 active VG gates in series as 8 stacked groups of 2 (name LEN8) = 16 transistors in the current path = 16; Scalar = 1/16,name says LEN8 but 16 active VG gates in series (stacked),,,,,,,8,16,8,18/19/20/21/22/23/24/25/26/27/28/29/30/31/32/33,,,,,,,,
x81zs_diffchn01,DIFFCHN132-NZ5-H-A-LEN12-SDR:Z:REF:NOM,DIFFCHN,A,DIFFCHN-<MOS>-A-LEN<n>-SDR:Z:REF:NOM,12,0.0833333,CHN: 12 active VG gates in series (name LEN12) = 12 transistors in the current path = 12; Scalar = 1/12,,,,,,,,12,12,0,2/6/10/14/18/22/26/30/34/38/42/46,,,,,,,,
x81zs_diffchn01,DIFFCHN132-NZ5-H-A-LEN6-SDR:Z:REF:NOM,DIFFCHN,A,DIFFCHN-<MOS>-A-LEN<n>-SDR:Z:REF:NOM,6,0.166667,CHN: 6 active VG gates in series (name LEN6) = 6 transistors in the current path = 6; Scalar = 1/6,,,,,,,,6,6,0,14/18/22/26/30/34,,,,,,,,
x81zs_diffchn01,DIFFCHN132-NZ5-H-D-1FCLEN10-SDR:Z:DEN:NOM,DIFFCHN,D,DIFFCHN-<MOS>-D-1FCLEN<n>-SDR:Z:DEN:NOM,19,0.0526316,CHN: 19 active VG gates in series (name LEN10) = 19 transistors in the current path = 19; Scalar = 1/19,name says LEN10 but 19 active VG gates in series (stacked),,,,,,,10,19,0,16/17/18/19/20/21/22/23/24/25/26/27/28/29/30/31/32/33/34,,,,,,,,
x81zs_diffchn01,DIFFCHN132-NZ5-H-D-1FCLEN6-SDR:Z:DEN:NOM,DIFFCHN,D,DIFFCHN-<MOS>-D-1FCLEN<n>-SDR:Z:DEN:NOM,11,0.0909091,CHN: 11 active VG gates in series (name LEN6) = 11 transistors in the current path = 11; Scalar = 1/11,name says LEN6 but 11 active VG gates in series (stacked),,,,,,,6,11,0,20/21/22/23/24/25/26/27/28/29/30,,,,,,,,
x81zs_diffchn01,DIFFCHN165-NZ7-H-B-STKx1FLEN8-SDR:Z:REF:NOM,DIFFCHN,B,DIFFCHN-<MOS>-B-STKx1FLEN<n>-SDR:Z:REF:NOM,16,0.0625,CHN: 16 active VG gates in series as 8 stacked groups of 2 (name LEN8) = 16 transistors in the current path = 16; Scalar = 1/16,name says LEN8 but 16 active VG gates in series (stacked),,,,,,,8,16,8,18/19/20/21/22/23/24/25/26/27/28/29/30/31/32/33,,,,,,,,
x81zs_diffchn01,DIFFCHN165-NZ7-H-B-STKx2FLEN8-SDR:Z:REF:NOM,DIFFCHN,B,DIFFCHN-<MOS>-B-STKx2FLEN<n>-SDR:Z:REF:NOM,16,0.0625,CHN: 16 active VG gates in series as 8 stacked groups of 2 (name LEN8) = 16 transistors in the current path = 16; Scalar = 1/16,name says LEN8 but 16 active VG gates in series (stacked),,,,,,,8,16,8,18/19/20/21/22/23/24/25/26/27/28/29/30/31/32/33,,,,,,,,
x81zs_diffchn01,DIFFCHN165-NZ7-H-A-LEN12-SDR:Z:REF:NOM,DIFFCHN,A,DIFFCHN-<MOS>-A-LEN<n>-SDR:Z:REF:NOM,12,0.0833333,CHN: 12 active VG gates in series (name LEN12) = 12 transistors in the current path = 12; Scalar = 1/12,,,,,,,,12,12,0,2/6/10/14/18/22/26/30/34/38/42/46,,,,,,,,
x81zs_diffchn01,DIFFCHN165-NZ7-H-A-LEN6-SDR:Z:REF:NOM,DIFFCHN,A,DIFFCHN-<MOS>-A-LEN<n>-SDR:Z:REF:NOM,6,0.166667,CHN: 6 active VG gates in series (name LEN6) = 6 transistors in the current path = 6; Scalar = 1/6,,,,,,,,6,6,0,14/18/22/26/30/34,,,,,,,,
x81zs_diffchn01,DIFFCHN165-NZ7-H-D-1FCLEN10-SDR:Z:DEN:NOM,DIFFCHN,D,DIFFCHN-<MOS>-D-1FCLEN<n>-SDR:Z:DEN:NOM,19,0.0526316,CHN: 19 active VG gates in series (name LEN10) = 19 transistors in the current path = 19; Scalar = 1/19,name says LEN10 but 19 active VG gates in series (stacked),,,,,,,10,19,0,16/17/18/19/20/21/22/23/24/25/26/27/28/29/30/31/32/33/34,,,,,,,,
x81zs_diffchn01,DIFFCHN165-NZ7-H-D-1FCLEN6-SDR:Z:DEN:NOM,DIFFCHN,D,DIFFCHN-<MOS>-D-1FCLEN<n>-SDR:Z:DEN:NOM,11,0.0909091,CHN: 11 active VG gates in series (name LEN6) = 11 transistors in the current path = 11; Scalar = 1/11,name says LEN6 but 11 active VG gates in series (stacked),,,,,,,6,11,0,20/21/22/23/24/25/26/27/28/29/30,,,,,,,,
x81zs_diffchn01,DIFFCHN132-NZ5-L-D-1FCLEN10-FTI:PGD:REG:N8,DIFFCHN,D,DIFFCHN-<MOS>-D-1FCLEN<n>-FTI:PGD:REG:<SKEW>,19,0.0526316,CHN: 19 active VG gates in series (name LEN10) = 19 transistors in the current path = 19; Scalar = 1/19,name says LEN10 but 19 active VG gates in series (stacked),,,,,,,10,19,0,16/17/18/19/20/21/22/23/24/25/26/27/28/29/30/31/32/33/34,,,,,,,,
x81zs_diffchn01,DIFFCHN132-NZ5-L-D-1FCLEN10-FTI:PGD:REG:N4,DIFFCHN,D,DIFFCHN-<MOS>-D-1FCLEN<n>-FTI:PGD:REG:<SKEW>,19,0.0526316,CHN: 19 active VG gates in series (name LEN10) = 19 transistors in the current path = 19; Scalar = 1/19,name says LEN10 but 19 active VG gates in series (stacked),,,,,,,10,19,0,16/17/18/19/20/21/22/23/24/25/26/27/28/29/30/31/32/33/34,,,,,,,,
x81zs_diffchn01,DIFFCHN132-NZ5-L-D-1FCLEN10-FTI:PGD:REG:N3,DIFFCHN,D,DIFFCHN-<MOS>-D-1FCLEN<n>-FTI:PGD:REG:<SKEW>,19,0.0526316,CHN: 19 active VG gates in series (name LEN10) = 19 transistors in the current path = 19; Scalar = 1/19,name says LEN10 but 19 active VG gates in series (stacked),,,,,,,10,19,0,16/17/18/19/20/21/22/23/24/25/26/27/28/29/30/31/32/33/34,,,,,,,,
x81zs_diffchn01,DIFFCHN132-NZ5-L-D-1FCLEN10-FTI:PGD:REG:N2,DIFFCHN,D,DIFFCHN-<MOS>-D-1FCLEN<n>-FTI:PGD:REG:<SKEW>,19,0.0526316,CHN: 19 active VG gates in series (name LEN10) = 19 transistors in the current path = 19; Scalar = 1/19,name says LEN10 but 19 active VG gates in series (stacked),,,,,,,10,19,0,16/17/18/19/20/21/22/23/24/25/26/27/28/29/30/31/32/33/34,,,,,,,,
x81zs_diffchn01,DIFFCHN132-NZ5-L-D-1FCLEN10-FTI:PGD:REG:NOM,DIFFCHN,D,DIFFCHN-<MOS>-D-1FCLEN<n>-FTI:PGD:REG:NOM,19,0.0526316,CHN: 19 active VG gates in series (name LEN10) = 19 transistors in the current path = 19; Scalar = 1/19,name says LEN10 but 19 active VG gates in series (stacked),,,,,,,10,19,0,16/17/18/19/20/21/22/23/24/25/26/27/28/29/30/31/32/33/34,,,,,,,,
x81zs_diffchn01,DIFFCHN132-NZ5-L-D-1FCLEN10-FTI:PGD:REG:P2,DIFFCHN,D,DIFFCHN-<MOS>-D-1FCLEN<n>-FTI:PGD:REG:<SKEW>,19,0.0526316,CHN: 19 active VG gates in series (name LEN10) = 19 transistors in the current path = 19; Scalar = 1/19,name says LEN10 but 19 active VG gates in series (stacked),,,,,,,10,19,0,16/17/18/19/20/21/22/23/24/25/26/27/28/29/30/31/32/33/34,,,,,,,,
x81zs_diffchn01,DIFFCHN132-NZ5-L-D-1FCLEN10-FTI:PGD:REG:P3,DIFFCHN,D,DIFFCHN-<MOS>-D-1FCLEN<n>-FTI:PGD:REG:<SKEW>,19,0.0526316,CHN: 19 active VG gates in series (name LEN10) = 19 transistors in the current path = 19; Scalar = 1/19,name says LEN10 but 19 active VG gates in series (stacked),,,,,,,10,19,0,16/17/18/19/20/21/22/23/24/25/26/27/28/29/30/31/32/33/34,,,,,,,,
x81zs_diffchn01,DIFFCHN132-NZ5-L-D-1FCLEN10-FTI:PGD:REG:P4,DIFFCHN,D,DIFFCHN-<MOS>-D-1FCLEN<n>-FTI:PGD:REG:<SKEW>,19,0.0526316,CHN: 19 active VG gates in series (name LEN10) = 19 transistors in the current path = 19; Scalar = 1/19,name says LEN10 but 19 active VG gates in series (stacked),,,,,,,10,19,0,16/17/18/19/20/21/22/23/24/25/26/27/28/29/30/31/32/33/34,,,,,,,,
x81zs_diffchn01,DIFFCHN132-NZ5-L-D-1FCLEN10-FTI:PGD:REG:P8,DIFFCHN,D,DIFFCHN-<MOS>-D-1FCLEN<n>-FTI:PGD:REG:<SKEW>,19,0.0526316,CHN: 19 active VG gates in series (name LEN10) = 19 transistors in the current path = 19; Scalar = 1/19,name says LEN10 but 19 active VG gates in series (stacked),,,,,,,10,19,0,16/17/18/19/20/21/22/23/24/25/26/27/28/29/30/31/32/33/34,,,,,,,,
x81zs_diffchn01,DIFFCHN132-NZ5-L-D-1FCLEN10-FTI:OGD:REG:N6,DIFFCHN,D,DIFFCHN-<MOS>-D-1FCLEN<n>-FTI:OGD:REG:<SKEW>,19,0.0526316,CHN: 19 active VG gates in series (name LEN10) = 19 transistors in the current path = 19; Scalar = 1/19,name says LEN10 but 19 active VG gates in series (stacked),,,,,,,10,19,0,16/17/18/19/20/21/22/23/24/25/26/27/28/29/30/31/32/33/34,,,,,,,,
x81zs_diffchn01,DIFFCHN132-NZ5-L-D-1FCLEN10-FTI:OGD:REG:N4,DIFFCHN,D,DIFFCHN-<MOS>-D-1FCLEN<n>-FTI:OGD:REG:<SKEW>,19,0.0526316,CHN: 19 active VG gates in series (name LEN10) = 19 transistors in the current path = 19; Scalar = 1/19,name says LEN10 but 19 active VG gates in series (stacked),,,,,,,10,19,0,16/17/18/19/20/21/22/23/24/25/26/27/28/29/30/31/32/33/34,,,,,,,,
x81zs_diffchn01,DIFFCHN132-NZ5-L-D-1FCLEN10-FTI:OGD:REG:N3,DIFFCHN,D,DIFFCHN-<MOS>-D-1FCLEN<n>-FTI:OGD:REG:<SKEW>,19,0.0526316,CHN: 19 active VG gates in series (name LEN10) = 19 transistors in the current path = 19; Scalar = 1/19,name says LEN10 but 19 active VG gates in series (stacked),,,,,,,10,19,0,16/17/18/19/20/21/22/23/24/25/26/27/28/29/30/31/32/33/34,,,,,,,,
x81zs_diffchn01,DIFFCHN132-NZ5-L-D-1FCLEN10-FTI:OGD:REG:N2,DIFFCHN,D,DIFFCHN-<MOS>-D-1FCLEN<n>-FTI:OGD:REG:<SKEW>,19,0.0526316,CHN: 19 active VG gates in series (name LEN10) = 19 transistors in the current path = 19; Scalar = 1/19,name says LEN10 but 19 active VG gates in series (stacked),,,,,,,10,19,0,16/17/18/19/20/21/22/23/24/25/26/27/28/29/30/31/32/33/34,,,,,,,,
x81zs_diffchn01,DIFFCHN132-NZ5-L-D-1FCLEN10-FTI:OGD:REG:N1,DIFFCHN,D,DIFFCHN-<MOS>-D-1FCLEN<n>-FTI:OGD:REG:<SKEW>,19,0.0526316,CHN: 19 active VG gates in series (name LEN10) = 19 transistors in the current path = 19; Scalar = 1/19,name says LEN10 but 19 active VG gates in series (stacked),,,,,,,10,19,0,16/17/18/19/20/21/22/23/24/25/26/27/28/29/30/31/32/33/34,,,,,,,,
x81zs_diffchn01,DIFFCHN132-NZ5-L-D-1FCLEN10-FTI:OGD:REG:NOM,DIFFCHN,D,DIFFCHN-<MOS>-D-1FCLEN<n>-FTI:OGD:REG:NOM,19,0.0526316,CHN: 19 active VG gates in series (name LEN10) = 19 transistors in the current path = 19; Scalar = 1/19,name says LEN10 but 19 active VG gates in series (stacked),,,,,,,10,19,0,16/17/18/19/20/21/22/23/24/25/26/27/28/29/30/31/32/33/34,,,,,,,,
x81zs_diffchn01,DIFFCHN132-NZ5-L-D-1FCLEN10-FTI:OGD:REG:P1,DIFFCHN,D,DIFFCHN-<MOS>-D-1FCLEN<n>-FTI:OGD:REG:<SKEW>,19,0.0526316,CHN: 19 active VG gates in series (name LEN10) = 19 transistors in the current path = 19; Scalar = 1/19,name says LEN10 but 19 active VG gates in series (stacked),,,,,,,10,19,0,16/17/18/19/20/21/22/23/24/25/26/27/28/29/30/31/32/33/34,,,,,,,,
x81zs_diffchn01,DIFFCHN132-NZ5-L-D-1FCLEN10-FTI:OGD:REG:P2,DIFFCHN,D,DIFFCHN-<MOS>-D-1FCLEN<n>-FTI:OGD:REG:<SKEW>,19,0.0526316,CHN: 19 active VG gates in series (name LEN10) = 19 transistors in the current path = 19; Scalar = 1/19,name says LEN10 but 19 active VG gates in series (stacked),,,,,,,10,19,0,16/17/18/19/20/21/22/23/24/25/26/27/28/29/30/31/32/33/34,,,,,,,,
x81zs_diffchn01,DIFFCHN132-NZ5-L-D-1FCLEN10-FTI:OGD:REG:P3,DIFFCHN,D,DIFFCHN-<MOS>-D-1FCLEN<n>-FTI:OGD:REG:<SKEW>,19,0.0526316,CHN: 19 active VG gates in series (name LEN10) = 19 transistors in the current path = 19; Scalar = 1/19,name says LEN10 but 19 active VG gates in series (stacked),,,,,,,10,19,0,16/17/18/19/20/21/22/23/24/25/26/27/28/29/30/31/32/33/34,,,,,,,,
x81zs_diffchn01,DIFFCHN132-NZ5-L-D-1FCLEN10-FTI:OGD:REG:P4,DIFFCHN,D,DIFFCHN-<MOS>-D-1FCLEN<n>-FTI:OGD:REG:<SKEW>,19,0.0526316,CHN: 19 active VG gates in series (name LEN10) = 19 transistors in the current path = 19; Scalar = 1/19,name says LEN10 but 19 active VG gates in series (stacked),,,,,,,10,19,0,16/17/18/19/20/21/22/23/24/25/26/27/28/29/30/31/32/33/34,,,,,,,,
x81zs_diffchn01,DIFFCHN132-NZ5-L-D-1FCLEN10-FTI:OGD:REG:P6,DIFFCHN,D,DIFFCHN-<MOS>-D-1FCLEN<n>-FTI:OGD:REG:<SKEW>,19,0.0526316,CHN: 19 active VG gates in series (name LEN10) = 19 transistors in the current path = 19; Scalar = 1/19,name says LEN10 but 19 active VG gates in series (stacked),,,,,,,10,19,0,16/17/18/19/20/21/22/23/24/25/26/27/28/29/30/31/32/33/34,,,,,,,,
x81zs_diffchn01,DIFFCHN132-NZ5-L-D-1FCLEN10-FTI:OGD:CD:N5,DIFFCHN,D,DIFFCHN-<MOS>-D-1FCLEN<n>-FTI:OGD:CD:<SKEW>,19,0.0526316,CHN: 19 active VG gates in series (name LEN10) = 19 transistors in the current path = 19; Scalar = 1/19,name says LEN10 but 19 active VG gates in series (stacked),,,,,,,10,19,0,16/17/18/19/20/21/22/23/24/25/26/27/28/29/30/31/32/33/34,,,,,,,,
x81zs_diffchn01,DIFFCHN132-NZ5-L-D-1FCLEN10-FTI:OGD:CD:N3,DIFFCHN,D,DIFFCHN-<MOS>-D-1FCLEN<n>-FTI:OGD:CD:<SKEW>,19,0.0526316,CHN: 19 active VG gates in series (name LEN10) = 19 transistors in the current path = 19; Scalar = 1/19,name says LEN10 but 19 active VG gates in series (stacked),,,,,,,10,19,0,16/17/18/19/20/21/22/23/24/25/26/27/28/29/30/31/32/33/34,,,,,,,,
x81zs_diffchn01,DIFFCHN132-NZ5-L-D-1FCLEN10-FTI:OGD:CD:N2,DIFFCHN,D,DIFFCHN-<MOS>-D-1FCLEN<n>-FTI:OGD:CD:<SKEW>,19,0.0526316,CHN: 19 active VG gates in series (name LEN10) = 19 transistors in the current path = 19; Scalar = 1/19,name says LEN10 but 19 active VG gates in series (stacked),,,,,,,10,19,0,16/17/18/19/20/21/22/23/24/25/26/27/28/29/30/31/32/33/34,,,,,,,,
x81zs_diffchn01,DIFFCHN132-NZ5-L-D-1FCLEN10-FTI:OGD:CD:N1,DIFFCHN,D,DIFFCHN-<MOS>-D-1FCLEN<n>-FTI:OGD:CD:<SKEW>,19,0.0526316,CHN: 19 active VG gates in series (name LEN10) = 19 transistors in the current path = 19; Scalar = 1/19,name says LEN10 but 19 active VG gates in series (stacked),,,,,,,10,19,0,16/17/18/19/20/21/22/23/24/25/26/27/28/29/30/31/32/33/34,,,,,,,,
x81zs_diffchn01,DIFFCHN132-NZ5-L-D-1FCLEN10-FTI:OGD:CD:NOM,DIFFCHN,D,DIFFCHN-<MOS>-D-1FCLEN<n>-FTI:OGD:CD:NOM,19,0.0526316,CHN: 19 active VG gates in series (name LEN10) = 19 transistors in the current path = 19; Scalar = 1/19,name says LEN10 but 19 active VG gates in series (stacked),,,,,,,10,19,0,16/17/18/19/20/21/22/23/24/25/26/27/28/29/30/31/32/33/34,,,,,,,,
x81zs_diffchn01,DIFFCHN132-NZ5-L-D-1FCLEN10-FTI:OGD:CD:P1,DIFFCHN,D,DIFFCHN-<MOS>-D-1FCLEN<n>-FTI:OGD:CD:<SKEW>,19,0.0526316,CHN: 19 active VG gates in series (name LEN10) = 19 transistors in the current path = 19; Scalar = 1/19,name says LEN10 but 19 active VG gates in series (stacked),,,,,,,10,19,0,16/17/18/19/20/21/22/23/24/25/26/27/28/29/30/31/32/33/34,,,,,,,,
x81zs_diffchn01,DIFFCHN132-NZ5-L-D-1FCLEN10-FTI:OGD:CD:P2,DIFFCHN,D,DIFFCHN-<MOS>-D-1FCLEN<n>-FTI:OGD:CD:<SKEW>,19,0.0526316,CHN: 19 active VG gates in series (name LEN10) = 19 transistors in the current path = 19; Scalar = 1/19,name says LEN10 but 19 active VG gates in series (stacked),,,,,,,10,19,0,16/17/18/19/20/21/22/23/24/25/26/27/28/29/30/31/32/33/34,,,,,,,,
x81zs_diffchn01,DIFFCHN132-NZ5-L-D-1FCLEN10-FTI:OGD:CD:P3,DIFFCHN,D,DIFFCHN-<MOS>-D-1FCLEN<n>-FTI:OGD:CD:<SKEW>,19,0.0526316,CHN: 19 active VG gates in series (name LEN10) = 19 transistors in the current path = 19; Scalar = 1/19,name says LEN10 but 19 active VG gates in series (stacked),,,,,,,10,19,0,16/17/18/19/20/21/22/23/24/25/26/27/28/29/30/31/32/33/34,,,,,,,,
x81zs_diffchn01,DIFFCHN132-NZ5-L-D-1FCLEN10-FTI:OGD:CD:P5,DIFFCHN,D,DIFFCHN-<MOS>-D-1FCLEN<n>-FTI:OGD:CD:<SKEW>,19,0.0526316,CHN: 19 active VG gates in series (name LEN10) = 19 transistors in the current path = 19; Scalar = 1/19,name says LEN10 but 19 active VG gates in series (stacked),,,,,,,10,19,0,16/17/18/19/20/21/22/23/24/25/26/27/28/29/30/31/32/33/34,,,,,,,,
x81zs_diffchn02,DIFFCHN132-PZ5-L-B-STKx1FLEN24-SDR:Z:REF:NOM,DIFFCHN,B,DIFFCHN-<MOS>-B-STKx1FLEN<n>-SDR:Z:REF:NOM,48,0.0208333,CHN: 48 active VG gates in series as 24 stacked groups of 2 (name LEN24) = 48 transistors in the current path = 48; Scalar = 1/48,name says LEN24 but 48 active VG gates in series (stacked),,,,,,,24,48,24,2/3/4/5/6/7/8/9/10/11/12/13/14/15/16/17/18/19/20/21/22/23/24/25/26/27/28/29/30/31/32/33/34/35/36/37/38/39/40/41/42/43/44/45/46/47/48/49,,,,,,,,
x81zs_diffchn02,DIFFCHN132-PZ5-L-B-STKx2FLEN24-SDR:Z:REF:NOM,DIFFCHN,B,DIFFCHN-<MOS>-B-STKx2FLEN<n>-SDR:Z:REF:NOM,48,0.0208333,CHN: 48 active VG gates in series as 24 stacked groups of 2 (name LEN24) = 48 transistors in the current path = 48; Scalar = 1/48,name says LEN24 but 48 active VG gates in series (stacked),,,,,,,24,48,24,2/3/4/5/6/7/8/9/10/11/12/13/14/15/16/17/18/19/20/21/22/23/24/25/26/27/28/29/30/31/32/33/34/35/36/37/38/39/40/41/42/43/44/45/46/47/48/49,,,,,,,,
x81zs_diffchn02,DIFFCHN132-PZ5-L-B-STKx1FLEN16-SDR:Z:REF:NOM,DIFFCHN,B,DIFFCHN-<MOS>-B-STKx1FLEN<n>-SDR:Z:REF:NOM,32,0.03125,CHN: 32 active VG gates in series as 16 stacked groups of 2 (name LEN16) = 32 transistors in the current path = 32; Scalar = 1/32,name says LEN16 but 32 active VG gates in series (stacked),,,,,,,16,32,16,10/11/12/13/14/15/16/17/18/19/20/21/22/23/24/25/26/27/28/29/30/31/32/33/34/35/36/37/38/39/40/41,,,,,,,,
x81zs_diffchn02,DIFFCHN132-PZ5-L-B-STKx2FLEN16-SDR:Z:REF:NOM,DIFFCHN,B,DIFFCHN-<MOS>-B-STKx2FLEN<n>-SDR:Z:REF:NOM,32,0.03125,CHN: 32 active VG gates in series as 16 stacked groups of 2 (name LEN16) = 32 transistors in the current path = 32; Scalar = 1/32,name says LEN16 but 32 active VG gates in series (stacked),,,,,,,16,32,16,10/11/12/13/14/15/16/17/18/19/20/21/22/23/24/25/26/27/28/29/30/31/32/33/34/35/36/37/38/39/40/41,,,,,,,,
x81zs_diffchn02,DIFFCHN132-PZ5-L-B-STKx1FLEN8-SDR:Z:REF:NOM,DIFFCHN,B,DIFFCHN-<MOS>-B-STKx1FLEN<n>-SDR:Z:REF:NOM,16,0.0625,CHN: 16 active VG gates in series as 8 stacked groups of 2 (name LEN8) = 16 transistors in the current path = 16; Scalar = 1/16,name says LEN8 but 16 active VG gates in series (stacked),,,,,,,8,16,8,18/19/20/21/22/23/24/25/26/27/28/29/30/31/32/33,,,,,,,,
x81zs_diffchn02,DIFFCHN132-PZ5-L-B-STKx2FLEN8-SDR:Z:REF:NOM,DIFFCHN,B,DIFFCHN-<MOS>-B-STKx2FLEN<n>-SDR:Z:REF:NOM,16,0.0625,CHN: 16 active VG gates in series as 8 stacked groups of 2 (name LEN8) = 16 transistors in the current path = 16; Scalar = 1/16,name says LEN8 but 16 active VG gates in series (stacked),,,,,,,8,16,8,18/19/20/21/22/23/24/25/26/27/28/29/30/31/32/33,,,,,,,,
x81zs_diffchn02,DIFFCHN132-PZ5-L-A-LEN12-SDR:Z:REF:NOM,DIFFCHN,A,DIFFCHN-<MOS>-A-LEN<n>-SDR:Z:REF:NOM,12,0.0833333,CHN: 12 active VG gates in series (name LEN12) = 12 transistors in the current path = 12; Scalar = 1/12,,,,,,,,12,12,0,2/6/10/14/18/22/26/30/34/38/42/46,,,,,,,,
x81zs_diffchn02,DIFFCHN132-PZ5-L-A-LEN6-SDR:Z:REF:NOM,DIFFCHN,A,DIFFCHN-<MOS>-A-LEN<n>-SDR:Z:REF:NOM,6,0.166667,CHN: 6 active VG gates in series (name LEN6) = 6 transistors in the current path = 6; Scalar = 1/6,,,,,,,,6,6,0,14/18/22/26/30/34,,,,,,,,
x81zs_diffchn02,DIFFCHN132-PZ5-L-A-LEN3-SDR:Z:REF:NOM,DIFFCHN,A,DIFFCHN-<MOS>-A-LEN<n>-SDR:Z:REF:NOM,3,0.333333,CHN: 3 active VG gates in series (name LEN3) = 3 transistors in the current path = 3; Scalar = 1/3,,,,,,,,3,3,0,26/30/34,,,,,,,,
x81zs_diffchn02,DIFFCHN132-PZ5-L-D-1FCLEN24-SDR:Z:DEN:NOM,DIFFCHN,D,DIFFCHN-<MOS>-D-1FCLEN<n>-SDR:Z:DEN:NOM,48,0.0208333,CHN: 48 active VG gates in series (name LEN24) = 48 transistors in the current path = 48; Scalar = 1/48,name says LEN24 but 48 active VG gates in series (stacked),,,,,,,24,48,0,2/3/4/5/6/7/8/9/10/11/12/13/14/15/16/17/18/19/20/21/22/23/24/25/26/27/28/29/30/31/32/33/34/35/36/37/38/39/40/41/42/43/44/45/46/47/48/49,,,,,,,,
x81zs_diffchn02,DIFFCHN132-PZ5-L-D-1FCLEN16-SDR:Z:DEN:NOM,DIFFCHN,D,DIFFCHN-<MOS>-D-1FCLEN<n>-SDR:Z:DEN:NOM,31,0.0322581,CHN: 31 active VG gates in series (name LEN16) = 31 transistors in the current path = 31; Scalar = 1/31,name says LEN16 but 31 active VG gates in series (stacked),,,,,,,16,31,0,10/11/12/13/14/15/16/17/18/19/20/21/22/23/24/25/26/27/28/29/30/31/32/33/34/35/36/37/38/39/40,,,,,,,,
x81zs_diffchn02,DIFFCHN132-PZ5-L-D-1FCLEN10-SDR:Z:DEN:NOM,DIFFCHN,D,DIFFCHN-<MOS>-D-1FCLEN<n>-SDR:Z:DEN:NOM,19,0.0526316,CHN: 19 active VG gates in series (name LEN10) = 19 transistors in the current path = 19; Scalar = 1/19,name says LEN10 but 19 active VG gates in series (stacked),,,,,,,10,19,0,16/17/18/19/20/21/22/23/24/25/26/27/28/29/30/31/32/33/34,,,,,,,,
x81zs_diffchn02,DIFFCHN132-PZ5-L-D-1FCLEN6-SDR:Z:DEN:NOM,DIFFCHN,D,DIFFCHN-<MOS>-D-1FCLEN<n>-SDR:Z:DEN:NOM,11,0.0909091,CHN: 11 active VG gates in series (name LEN6) = 11 transistors in the current path = 11; Scalar = 1/11,name says LEN6 but 11 active VG gates in series (stacked),,,,,,,6,11,0,20/21/22/23/24/25/26/27/28/29/30,,,,,,,,
x81zs_diffchn02,DIFFCHN132-PZ5-L-D-HCLEN10-SDR:Z:DEN:NOM,DIFFCHN,D,DIFFCHN-<MOS>-D-HCLEN<n>-SDR:Z:DEN:NOM,19,0.0526316,CHN: 19 active VG gates in series (name LEN10) = 19 transistors in the current path = 19; Scalar = 1/19,name says LEN10 but 19 active VG gates in series (stacked),,,,,,,10,19,0,16/17/18/19/20/21/22/23/24/25/26/27/28/29/30/31/32/33/34,,,,,,,,
x81zs_diffchn02,DIFFCHN132-PZ5-L-D-60x1FCLEN10-SDR:Z:DEN:NOM,DIFFCHN,D,DIFFCHN-<MOS>-D-60x1FCLEN<n>-SDR:Z:DEN:NOM,1140,0.000877193,CHN: 19 active VG gates in series (name LEN10) = 19 transistors in the current path; x 1x60 chains in the array = 1140; Scalar = 1/1140,name says LEN10 but 19 active VG gates in series (stacked) | 60 chains stacked in a 1x60 array (multi-instance); every transistor site is counted,,,,,,,10,19,0,16/17/18/19/20/21/22/23/24/25/26/27/28/29/30/31/32/33/34,,,,,,,,
x81zs_diffchn02,DIFFCHN165-PZ7-L-B-STKx1FLEN24-SDR:Z:REF:NOM,DIFFCHN,B,DIFFCHN-<MOS>-B-STKx1FLEN<n>-SDR:Z:REF:NOM,48,0.0208333,CHN: 48 active VG gates in series as 24 stacked groups of 2 (name LEN24) = 48 transistors in the current path = 48; Scalar = 1/48,name says LEN24 but 48 active VG gates in series (stacked),,,,,,,24,48,24,2/3/4/5/6/7/8/9/10/11/12/13/14/15/16/17/18/19/20/21/22/23/24/25/26/27/28/29/30/31/32/33/34/35/36/37/38/39/40/41/42/43/44/45/46/47/48/49,,,,,,,,
x81zs_diffchn02,DIFFCHN165-PZ7-L-B-STKx2FLEN24-SDR:Z:REF:NOM,DIFFCHN,B,DIFFCHN-<MOS>-B-STKx2FLEN<n>-SDR:Z:REF:NOM,48,0.0208333,CHN: 48 active VG gates in series as 24 stacked groups of 2 (name LEN24) = 48 transistors in the current path = 48; Scalar = 1/48,name says LEN24 but 48 active VG gates in series (stacked),,,,,,,24,48,24,2/3/4/5/6/7/8/9/10/11/12/13/14/15/16/17/18/19/20/21/22/23/24/25/26/27/28/29/30/31/32/33/34/35/36/37/38/39/40/41/42/43/44/45/46/47/48/49,,,,,,,,
x81zs_diffchn02,DIFFCHN165-PZ7-L-B-STKx1FLEN16-SDR:Z:REF:NOM,DIFFCHN,B,DIFFCHN-<MOS>-B-STKx1FLEN<n>-SDR:Z:REF:NOM,32,0.03125,CHN: 32 active VG gates in series as 16 stacked groups of 2 (name LEN16) = 32 transistors in the current path = 32; Scalar = 1/32,name says LEN16 but 32 active VG gates in series (stacked),,,,,,,16,32,16,10/11/12/13/14/15/16/17/18/19/20/21/22/23/24/25/26/27/28/29/30/31/32/33/34/35/36/37/38/39/40/41,,,,,,,,
x81zs_diffchn02,DIFFCHN165-PZ7-L-B-STKx2FLEN16-SDR:Z:REF:NOM,DIFFCHN,B,DIFFCHN-<MOS>-B-STKx2FLEN<n>-SDR:Z:REF:NOM,32,0.03125,CHN: 32 active VG gates in series as 16 stacked groups of 2 (name LEN16) = 32 transistors in the current path = 32; Scalar = 1/32,name says LEN16 but 32 active VG gates in series (stacked),,,,,,,16,32,16,10/11/12/13/14/15/16/17/18/19/20/21/22/23/24/25/26/27/28/29/30/31/32/33/34/35/36/37/38/39/40/41,,,,,,,,
x81zs_diffchn02,DIFFCHN165-PZ7-L-B-STKx1FLEN8-SDR:Z:REF:NOM,DIFFCHN,B,DIFFCHN-<MOS>-B-STKx1FLEN<n>-SDR:Z:REF:NOM,16,0.0625,CHN: 16 active VG gates in series as 8 stacked groups of 2 (name LEN8) = 16 transistors in the current path = 16; Scalar = 1/16,name says LEN8 but 16 active VG gates in series (stacked),,,,,,,8,16,8,18/19/20/21/22/23/24/25/26/27/28/29/30/31/32/33,,,,,,,,
x81zs_diffchn02,DIFFCHN165-PZ7-L-B-STKx2FLEN8-SDR:Z:REF:NOM,DIFFCHN,B,DIFFCHN-<MOS>-B-STKx2FLEN<n>-SDR:Z:REF:NOM,16,0.0625,CHN: 16 active VG gates in series as 8 stacked groups of 2 (name LEN8) = 16 transistors in the current path = 16; Scalar = 1/16,name says LEN8 but 16 active VG gates in series (stacked),,,,,,,8,16,8,18/19/20/21/22/23/24/25/26/27/28/29/30/31/32/33,,,,,,,,
x81zs_diffchn02,DIFFCHN165-PZ7-L-A-LEN12-SDR:Z:REF:NOM,DIFFCHN,A,DIFFCHN-<MOS>-A-LEN<n>-SDR:Z:REF:NOM,12,0.0833333,CHN: 12 active VG gates in series (name LEN12) = 12 transistors in the current path = 12; Scalar = 1/12,,,,,,,,12,12,0,2/6/10/14/18/22/26/30/34/38/42/46,,,,,,,,
x81zs_diffchn02,DIFFCHN165-PZ7-L-A-LEN6-SDR:Z:REF:NOM,DIFFCHN,A,DIFFCHN-<MOS>-A-LEN<n>-SDR:Z:REF:NOM,6,0.166667,CHN: 6 active VG gates in series (name LEN6) = 6 transistors in the current path = 6; Scalar = 1/6,,,,,,,,6,6,0,14/18/22/26/30/34,,,,,,,,
x81zs_diffchn02,DIFFCHN165-PZ7-L-A-LEN3-SDR:Z:REF:NOM,DIFFCHN,A,DIFFCHN-<MOS>-A-LEN<n>-SDR:Z:REF:NOM,3,0.333333,CHN: 3 active VG gates in series (name LEN3) = 3 transistors in the current path = 3; Scalar = 1/3,,,,,,,,3,3,0,26/30/34,,,,,,,,
x81zs_diffchn02,DIFFCHN165-PZ7-L-D-1FCLEN24-SDR:Z:DEN:NOM,DIFFCHN,D,DIFFCHN-<MOS>-D-1FCLEN<n>-SDR:Z:DEN:NOM,48,0.0208333,CHN: 48 active VG gates in series (name LEN24) = 48 transistors in the current path = 48; Scalar = 1/48,name says LEN24 but 48 active VG gates in series (stacked),,,,,,,24,48,0,2/3/4/5/6/7/8/9/10/11/12/13/14/15/16/17/18/19/20/21/22/23/24/25/26/27/28/29/30/31/32/33/34/35/36/37/38/39/40/41/42/43/44/45/46/47/48/49,,,,,,,,
x81zs_diffchn02,DIFFCHN165-PZ7-L-D-1FCLEN16-SDR:Z:DEN:NOM,DIFFCHN,D,DIFFCHN-<MOS>-D-1FCLEN<n>-SDR:Z:DEN:NOM,31,0.0322581,CHN: 31 active VG gates in series (name LEN16) = 31 transistors in the current path = 31; Scalar = 1/31,name says LEN16 but 31 active VG gates in series (stacked),,,,,,,16,31,0,10/11/12/13/14/15/16/17/18/19/20/21/22/23/24/25/26/27/28/29/30/31/32/33/34/35/36/37/38/39/40,,,,,,,,
x81zs_diffchn02,DIFFCHN165-PZ7-L-D-1FCLEN10-SDR:Z:DEN:NOM,DIFFCHN,D,DIFFCHN-<MOS>-D-1FCLEN<n>-SDR:Z:DEN:NOM,19,0.0526316,CHN: 19 active VG gates in series (name LEN10) = 19 transistors in the current path = 19; Scalar = 1/19,name says LEN10 but 19 active VG gates in series (stacked),,,,,,,10,19,0,16/17/18/19/20/21/22/23/24/25/26/27/28/29/30/31/32/33/34,,,,,,,,
x81zs_diffchn02,DIFFCHN165-PZ7-L-D-1FCLEN6-SDR:Z:DEN:NOM,DIFFCHN,D,DIFFCHN-<MOS>-D-1FCLEN<n>-SDR:Z:DEN:NOM,11,0.0909091,CHN: 11 active VG gates in series (name LEN6) = 11 transistors in the current path = 11; Scalar = 1/11,name says LEN6 but 11 active VG gates in series (stacked),,,,,,,6,11,0,20/21/22/23/24/25/26/27/28/29/30,,,,,,,,
x81zs_diffchn02,DIFFCHN165-PZ7-L-D-HCLEN10-SDR:Z:DEN:NOM,DIFFCHN,D,DIFFCHN-<MOS>-D-HCLEN<n>-SDR:Z:DEN:NOM,19,0.0526316,CHN: 19 active VG gates in series (name LEN10) = 19 transistors in the current path = 19; Scalar = 1/19,name says LEN10 but 19 active VG gates in series (stacked),,,,,,,10,19,0,16/17/18/19/20/21/22/23/24/25/26/27/28/29/30/31/32/33/34,,,,,,,,
x81zs_diffchn02,DIFFCHN165-PZ7-L-D-60x1FCLEN10-SDR:Z:DEN:NOM,DIFFCHN,D,DIFFCHN-<MOS>-D-60x1FCLEN<n>-SDR:Z:DEN:NOM,1140,0.000877193,CHN: 19 active VG gates in series (name LEN10) = 19 transistors in the current path; x 1x60 chains in the array = 1140; Scalar = 1/1140,name says LEN10 but 19 active VG gates in series (stacked) | 60 chains stacked in a 1x60 array (multi-instance); every transistor site is counted,,,,,,,10,19,0,16/17/18/19/20/21/22/23/24/25/26/27/28/29/30/31/32/33/34,,,,,,,,
x81zs_diffchn02,DIFFCHN110-PZ1-U-B-STKx1FLEN8-SDR:Z:REF:NOM,DIFFCHN,B,DIFFCHN-<MOS>-B-STKx1FLEN<n>-SDR:Z:REF:NOM,16,0.0625,CHN: 16 active VG gates in series as 8 stacked groups of 2 (name LEN8) = 16 transistors in the current path = 16; Scalar = 1/16,name says LEN8 but 16 active VG gates in series (stacked),,,,,,,8,16,8,18/19/20/21/22/23/24/25/26/27/28/29/30/31/32/33,,,,,,,,
x81zs_diffchn02,DIFFCHN110-PZ1-U-B-STKx2FLEN8-SDR:Z:REF:NOM,DIFFCHN,B,DIFFCHN-<MOS>-B-STKx2FLEN<n>-SDR:Z:REF:NOM,16,0.0625,CHN: 16 active VG gates in series as 8 stacked groups of 2 (name LEN8) = 16 transistors in the current path = 16; Scalar = 1/16,name says LEN8 but 16 active VG gates in series (stacked),,,,,,,8,16,8,18/19/20/21/22/23/24/25/26/27/28/29/30/31/32/33,,,,,,,,
x81zs_diffchn02,DIFFCHN110-PZ1-U-A-LEN12-SDR:Z:REF:NOM,DIFFCHN,A,DIFFCHN-<MOS>-A-LEN<n>-SDR:Z:REF:NOM,12,0.0833333,CHN: 12 active VG gates in series (name LEN12) = 12 transistors in the current path = 12; Scalar = 1/12,,,,,,,,12,12,0,2/6/10/14/18/22/26/30/34/38/42/46,,,,,,,,
x81zs_diffchn02,DIFFCHN110-PZ1-U-A-LEN6-SDR:Z:REF:NOM,DIFFCHN,A,DIFFCHN-<MOS>-A-LEN<n>-SDR:Z:REF:NOM,6,0.166667,CHN: 6 active VG gates in series (name LEN6) = 6 transistors in the current path = 6; Scalar = 1/6,,,,,,,,6,6,0,14/18/22/26/30/34,,,,,,,,
x81zs_diffchn02,DIFFCHN110-PZ1-U-D-1FCLEN10-SDR:Z:DEN:NOM,DIFFCHN,D,DIFFCHN-<MOS>-D-1FCLEN<n>-SDR:Z:DEN:NOM,19,0.0526316,CHN: 19 active VG gates in series (name LEN10) = 19 transistors in the current path = 19; Scalar = 1/19,name says LEN10 but 19 active VG gates in series (stacked),,,,,,,10,19,0,16/17/18/19/20/21/22/23/24/25/26/27/28/29/30/31/32/33/34,,,,,,,,
x81zs_diffchn02,DIFFCHN110-PZ1-U-D-1FCLEN6-SDR:Z:DEN:NOM,DIFFCHN,D,DIFFCHN-<MOS>-D-1FCLEN<n>-SDR:Z:DEN:NOM,11,0.0909091,CHN: 11 active VG gates in series (name LEN6) = 11 transistors in the current path = 11; Scalar = 1/11,name says LEN6 but 11 active VG gates in series (stacked),,,,,,,6,11,0,20/21/22/23/24/25/26/27/28/29/30,,,,,,,,
x81zs_diffchn02,DIFFCHN132-PZ5-U-B-STKx1FLEN8-SDR:Z:REF:NOM,DIFFCHN,B,DIFFCHN-<MOS>-B-STKx1FLEN<n>-SDR:Z:REF:NOM,16,0.0625,CHN: 16 active VG gates in series as 8 stacked groups of 2 (name LEN8) = 16 transistors in the current path = 16; Scalar = 1/16,name says LEN8 but 16 active VG gates in series (stacked),,,,,,,8,16,8,18/19/20/21/22/23/24/25/26/27/28/29/30/31/32/33,,,,,,,,
x81zs_diffchn02,DIFFCHN132-PZ5-U-B-STKx2FLEN8-SDR:Z:REF:NOM,DIFFCHN,B,DIFFCHN-<MOS>-B-STKx2FLEN<n>-SDR:Z:REF:NOM,16,0.0625,CHN: 16 active VG gates in series as 8 stacked groups of 2 (name LEN8) = 16 transistors in the current path = 16; Scalar = 1/16,name says LEN8 but 16 active VG gates in series (stacked),,,,,,,8,16,8,18/19/20/21/22/23/24/25/26/27/28/29/30/31/32/33,,,,,,,,
x81zs_diffchn02,DIFFCHN132-PZ5-U-A-LEN12-SDR:Z:REF:NOM,DIFFCHN,A,DIFFCHN-<MOS>-A-LEN<n>-SDR:Z:REF:NOM,12,0.0833333,CHN: 12 active VG gates in series (name LEN12) = 12 transistors in the current path = 12; Scalar = 1/12,,,,,,,,12,12,0,2/6/10/14/18/22/26/30/34/38/42/46,,,,,,,,
x81zs_diffchn02,DIFFCHN132-PZ5-U-A-LEN6-SDR:Z:REF:NOM,DIFFCHN,A,DIFFCHN-<MOS>-A-LEN<n>-SDR:Z:REF:NOM,6,0.166667,CHN: 6 active VG gates in series (name LEN6) = 6 transistors in the current path = 6; Scalar = 1/6,,,,,,,,6,6,0,14/18/22/26/30/34,,,,,,,,
x81zs_diffchn02,DIFFCHN132-PZ5-U-D-1FCLEN10-SDR:Z:DEN:NOM,DIFFCHN,D,DIFFCHN-<MOS>-D-1FCLEN<n>-SDR:Z:DEN:NOM,19,0.0526316,CHN: 19 active VG gates in series (name LEN10) = 19 transistors in the current path = 19; Scalar = 1/19,name says LEN10 but 19 active VG gates in series (stacked),,,,,,,10,19,0,16/17/18/19/20/21/22/23/24/25/26/27/28/29/30/31/32/33/34,,,,,,,,
x81zs_diffchn02,DIFFCHN132-PZ5-U-D-1FCLEN6-SDR:Z:DEN:NOM,DIFFCHN,D,DIFFCHN-<MOS>-D-1FCLEN<n>-SDR:Z:DEN:NOM,11,0.0909091,CHN: 11 active VG gates in series (name LEN6) = 11 transistors in the current path = 11; Scalar = 1/11,name says LEN6 but 11 active VG gates in series (stacked),,,,,,,6,11,0,20/21/22/23/24/25/26/27/28/29/30,,,,,,,,
x81zs_diffchn02,DIFFCHN165-PZ7-U-B-STKx1FLEN8-SDR:Z:REF:NOM,DIFFCHN,B,DIFFCHN-<MOS>-B-STKx1FLEN<n>-SDR:Z:REF:NOM,16,0.0625,CHN: 16 active VG gates in series as 8 stacked groups of 2 (name LEN8) = 16 transistors in the current path = 16; Scalar = 1/16,name says LEN8 but 16 active VG gates in series (stacked),,,,,,,8,16,8,18/19/20/21/22/23/24/25/26/27/28/29/30/31/32/33,,,,,,,,
x81zs_diffchn02,DIFFCHN165-PZ7-U-B-STKx2FLEN8-SDR:Z:REF:NOM,DIFFCHN,B,DIFFCHN-<MOS>-B-STKx2FLEN<n>-SDR:Z:REF:NOM,16,0.0625,CHN: 16 active VG gates in series as 8 stacked groups of 2 (name LEN8) = 16 transistors in the current path = 16; Scalar = 1/16,name says LEN8 but 16 active VG gates in series (stacked),,,,,,,8,16,8,18/19/20/21/22/23/24/25/26/27/28/29/30/31/32/33,,,,,,,,
x81zs_diffchn02,DIFFCHN165-PZ7-U-A-LEN12-SDR:Z:REF:NOM,DIFFCHN,A,DIFFCHN-<MOS>-A-LEN<n>-SDR:Z:REF:NOM,12,0.0833333,CHN: 12 active VG gates in series (name LEN12) = 12 transistors in the current path = 12; Scalar = 1/12,,,,,,,,12,12,0,2/6/10/14/18/22/26/30/34/38/42/46,,,,,,,,
x81zs_diffchn02,DIFFCHN165-PZ7-U-A-LEN6-SDR:Z:REF:NOM,DIFFCHN,A,DIFFCHN-<MOS>-A-LEN<n>-SDR:Z:REF:NOM,6,0.166667,CHN: 6 active VG gates in series (name LEN6) = 6 transistors in the current path = 6; Scalar = 1/6,,,,,,,,6,6,0,14/18/22/26/30/34,,,,,,,,
x81zs_diffchn02,DIFFCHN165-PZ7-U-D-1FCLEN10-SDR:Z:DEN:NOM,DIFFCHN,D,DIFFCHN-<MOS>-D-1FCLEN<n>-SDR:Z:DEN:NOM,19,0.0526316,CHN: 19 active VG gates in series (name LEN10) = 19 transistors in the current path = 19; Scalar = 1/19,name says LEN10 but 19 active VG gates in series (stacked),,,,,,,10,19,0,16/17/18/19/20/21/22/23/24/25/26/27/28/29/30/31/32/33/34,,,,,,,,
x81zs_diffchn02,DIFFCHN165-PZ7-U-D-1FCLEN6-SDR:Z:DEN:NOM,DIFFCHN,D,DIFFCHN-<MOS>-D-1FCLEN<n>-SDR:Z:DEN:NOM,11,0.0909091,CHN: 11 active VG gates in series (name LEN6) = 11 transistors in the current path = 11; Scalar = 1/11,name says LEN6 but 11 active VG gates in series (stacked),,,,,,,6,11,0,20/21/22/23/24/25/26/27/28/29/30,,,,,,,,
x81zs_diffchn02,DIFFCHN110-PZ1-H-B-STKx1FLEN8-SDR:Z:REF:NOM,DIFFCHN,B,DIFFCHN-<MOS>-B-STKx1FLEN<n>-SDR:Z:REF:NOM,16,0.0625,CHN: 16 active VG gates in series as 8 stacked groups of 2 (name LEN8) = 16 transistors in the current path = 16; Scalar = 1/16,name says LEN8 but 16 active VG gates in series (stacked),,,,,,,8,16,8,18/19/20/21/22/23/24/25/26/27/28/29/30/31/32/33,,,,,,,,
x81zs_diffchn02,DIFFCHN110-PZ1-H-B-STKx2FLEN8-SDR:Z:REF:NOM,DIFFCHN,B,DIFFCHN-<MOS>-B-STKx2FLEN<n>-SDR:Z:REF:NOM,16,0.0625,CHN: 16 active VG gates in series as 8 stacked groups of 2 (name LEN8) = 16 transistors in the current path = 16; Scalar = 1/16,name says LEN8 but 16 active VG gates in series (stacked),,,,,,,8,16,8,18/19/20/21/22/23/24/25/26/27/28/29/30/31/32/33,,,,,,,,
x81zs_diffchn02,DIFFCHN110-PZ1-H-A-LEN12-SDR:Z:REF:NOM,DIFFCHN,A,DIFFCHN-<MOS>-A-LEN<n>-SDR:Z:REF:NOM,12,0.0833333,CHN: 12 active VG gates in series (name LEN12) = 12 transistors in the current path = 12; Scalar = 1/12,,,,,,,,12,12,0,2/6/10/14/18/22/26/30/34/38/42/46,,,,,,,,
x81zs_diffchn02,DIFFCHN110-PZ1-H-A-LEN6-SDR:Z:REF:NOM,DIFFCHN,A,DIFFCHN-<MOS>-A-LEN<n>-SDR:Z:REF:NOM,6,0.166667,CHN: 6 active VG gates in series (name LEN6) = 6 transistors in the current path = 6; Scalar = 1/6,,,,,,,,6,6,0,14/18/22/26/30/34,,,,,,,,
x81zs_diffchn02,DIFFCHN110-PZ1-H-D-1FCLEN10-SDR:Z:DEN:NOM,DIFFCHN,D,DIFFCHN-<MOS>-D-1FCLEN<n>-SDR:Z:DEN:NOM,19,0.0526316,CHN: 19 active VG gates in series (name LEN10) = 19 transistors in the current path = 19; Scalar = 1/19,name says LEN10 but 19 active VG gates in series (stacked),,,,,,,10,19,0,16/17/18/19/20/21/22/23/24/25/26/27/28/29/30/31/32/33/34,,,,,,,,
x81zs_diffchn02,DIFFCHN110-PZ1-H-D-1FCLEN6-SDR:Z:DEN:NOM,DIFFCHN,D,DIFFCHN-<MOS>-D-1FCLEN<n>-SDR:Z:DEN:NOM,11,0.0909091,CHN: 11 active VG gates in series (name LEN6) = 11 transistors in the current path = 11; Scalar = 1/11,name says LEN6 but 11 active VG gates in series (stacked),,,,,,,6,11,0,20/21/22/23/24/25/26/27/28/29/30,,,,,,,,
x81zs_diffchn02,DIFFCHN132-PZ5-H-B-STKx1FLEN8-SDR:Z:REF:NOM,DIFFCHN,B,DIFFCHN-<MOS>-B-STKx1FLEN<n>-SDR:Z:REF:NOM,16,0.0625,CHN: 16 active VG gates in series as 8 stacked groups of 2 (name LEN8) = 16 transistors in the current path = 16; Scalar = 1/16,name says LEN8 but 16 active VG gates in series (stacked),,,,,,,8,16,8,18/19/20/21/22/23/24/25/26/27/28/29/30/31/32/33,,,,,,,,
x81zs_diffchn02,DIFFCHN132-PZ5-H-B-STKx2FLEN8-SDR:Z:REF:NOM,DIFFCHN,B,DIFFCHN-<MOS>-B-STKx2FLEN<n>-SDR:Z:REF:NOM,16,0.0625,CHN: 16 active VG gates in series as 8 stacked groups of 2 (name LEN8) = 16 transistors in the current path = 16; Scalar = 1/16,name says LEN8 but 16 active VG gates in series (stacked),,,,,,,8,16,8,18/19/20/21/22/23/24/25/26/27/28/29/30/31/32/33,,,,,,,,
x81zs_diffchn02,DIFFCHN132-PZ5-H-A-LEN12-SDR:Z:REF:NOM,DIFFCHN,A,DIFFCHN-<MOS>-A-LEN<n>-SDR:Z:REF:NOM,12,0.0833333,CHN: 12 active VG gates in series (name LEN12) = 12 transistors in the current path = 12; Scalar = 1/12,,,,,,,,12,12,0,2/6/10/14/18/22/26/30/34/38/42/46,,,,,,,,
x81zs_diffchn02,DIFFCHN132-PZ5-H-A-LEN6-SDR:Z:REF:NOM,DIFFCHN,A,DIFFCHN-<MOS>-A-LEN<n>-SDR:Z:REF:NOM,6,0.166667,CHN: 6 active VG gates in series (name LEN6) = 6 transistors in the current path = 6; Scalar = 1/6,,,,,,,,6,6,0,14/18/22/26/30/34,,,,,,,,
x81zs_diffchn02,DIFFCHN132-PZ5-H-D-1FCLEN10-SDR:Z:DEN:NOM,DIFFCHN,D,DIFFCHN-<MOS>-D-1FCLEN<n>-SDR:Z:DEN:NOM,19,0.0526316,CHN: 19 active VG gates in series (name LEN10) = 19 transistors in the current path = 19; Scalar = 1/19,name says LEN10 but 19 active VG gates in series (stacked),,,,,,,10,19,0,16/17/18/19/20/21/22/23/24/25/26/27/28/29/30/31/32/33/34,,,,,,,,
x81zs_diffchn02,DIFFCHN132-PZ5-H-D-1FCLEN6-SDR:Z:DEN:NOM,DIFFCHN,D,DIFFCHN-<MOS>-D-1FCLEN<n>-SDR:Z:DEN:NOM,11,0.0909091,CHN: 11 active VG gates in series (name LEN6) = 11 transistors in the current path = 11; Scalar = 1/11,name says LEN6 but 11 active VG gates in series (stacked),,,,,,,6,11,0,20/21/22/23/24/25/26/27/28/29/30,,,,,,,,
x81zs_diffchn02,DIFFCHN165-PZ7-H-B-STKx1FLEN8-SDR:Z:REF:NOM,DIFFCHN,B,DIFFCHN-<MOS>-B-STKx1FLEN<n>-SDR:Z:REF:NOM,16,0.0625,CHN: 16 active VG gates in series as 8 stacked groups of 2 (name LEN8) = 16 transistors in the current path = 16; Scalar = 1/16,name says LEN8 but 16 active VG gates in series (stacked),,,,,,,8,16,8,18/19/20/21/22/23/24/25/26/27/28/29/30/31/32/33,,,,,,,,
x81zs_diffchn02,DIFFCHN165-PZ7-H-B-STKx2FLEN8-SDR:Z:REF:NOM,DIFFCHN,B,DIFFCHN-<MOS>-B-STKx2FLEN<n>-SDR:Z:REF:NOM,16,0.0625,CHN: 16 active VG gates in series as 8 stacked groups of 2 (name LEN8) = 16 transistors in the current path = 16; Scalar = 1/16,name says LEN8 but 16 active VG gates in series (stacked),,,,,,,8,16,8,18/19/20/21/22/23/24/25/26/27/28/29/30/31/32/33,,,,,,,,
x81zs_diffchn02,DIFFCHN165-PZ7-H-A-LEN12-SDR:Z:REF:NOM,DIFFCHN,A,DIFFCHN-<MOS>-A-LEN<n>-SDR:Z:REF:NOM,12,0.0833333,CHN: 12 active VG gates in series (name LEN12) = 12 transistors in the current path = 12; Scalar = 1/12,,,,,,,,12,12,0,2/6/10/14/18/22/26/30/34/38/42/46,,,,,,,,
x81zs_diffchn02,DIFFCHN165-PZ7-H-A-LEN6-SDR:Z:REF:NOM,DIFFCHN,A,DIFFCHN-<MOS>-A-LEN<n>-SDR:Z:REF:NOM,6,0.166667,CHN: 6 active VG gates in series (name LEN6) = 6 transistors in the current path = 6; Scalar = 1/6,,,,,,,,6,6,0,14/18/22/26/30/34,,,,,,,,
x81zs_diffchn02,DIFFCHN165-PZ7-H-D-1FCLEN10-SDR:Z:DEN:NOM,DIFFCHN,D,DIFFCHN-<MOS>-D-1FCLEN<n>-SDR:Z:DEN:NOM,19,0.0526316,CHN: 19 active VG gates in series (name LEN10) = 19 transistors in the current path = 19; Scalar = 1/19,name says LEN10 but 19 active VG gates in series (stacked),,,,,,,10,19,0,16/17/18/19/20/21/22/23/24/25/26/27/28/29/30/31/32/33/34,,,,,,,,
x81zs_diffchn02,DIFFCHN165-PZ7-H-D-1FCLEN6-SDR:Z:DEN:NOM,DIFFCHN,D,DIFFCHN-<MOS>-D-1FCLEN<n>-SDR:Z:DEN:NOM,11,0.0909091,CHN: 11 active VG gates in series (name LEN6) = 11 transistors in the current path = 11; Scalar = 1/11,name says LEN6 but 11 active VG gates in series (stacked),,,,,,,6,11,0,20/21/22/23/24/25/26/27/28/29/30,,,,,,,,
x81zs_diffchn02,DIFFCHN132-PZ5-L-D-1FCLEN10-FTI:PGD:REG:N8,DIFFCHN,D,DIFFCHN-<MOS>-D-1FCLEN<n>-FTI:PGD:REG:<SKEW>,19,0.0526316,CHN: 19 active VG gates in series (name LEN10) = 19 transistors in the current path = 19; Scalar = 1/19,name says LEN10 but 19 active VG gates in series (stacked),,,,,,,10,19,0,16/17/18/19/20/21/22/23/24/25/26/27/28/29/30/31/32/33/34,,,,,,,,
x81zs_diffchn02,DIFFCHN132-PZ5-L-D-1FCLEN10-FTI:PGD:REG:N4,DIFFCHN,D,DIFFCHN-<MOS>-D-1FCLEN<n>-FTI:PGD:REG:<SKEW>,19,0.0526316,CHN: 19 active VG gates in series (name LEN10) = 19 transistors in the current path = 19; Scalar = 1/19,name says LEN10 but 19 active VG gates in series (stacked),,,,,,,10,19,0,16/17/18/19/20/21/22/23/24/25/26/27/28/29/30/31/32/33/34,,,,,,,,
x81zs_diffchn02,DIFFCHN132-PZ5-L-D-1FCLEN10-FTI:PGD:REG:N3,DIFFCHN,D,DIFFCHN-<MOS>-D-1FCLEN<n>-FTI:PGD:REG:<SKEW>,19,0.0526316,CHN: 19 active VG gates in series (name LEN10) = 19 transistors in the current path = 19; Scalar = 1/19,name says LEN10 but 19 active VG gates in series (stacked),,,,,,,10,19,0,16/17/18/19/20/21/22/23/24/25/26/27/28/29/30/31/32/33/34,,,,,,,,
x81zs_diffchn02,DIFFCHN132-PZ5-L-D-1FCLEN10-FTI:PGD:REG:N2,DIFFCHN,D,DIFFCHN-<MOS>-D-1FCLEN<n>-FTI:PGD:REG:<SKEW>,19,0.0526316,CHN: 19 active VG gates in series (name LEN10) = 19 transistors in the current path = 19; Scalar = 1/19,name says LEN10 but 19 active VG gates in series (stacked),,,,,,,10,19,0,16/17/18/19/20/21/22/23/24/25/26/27/28/29/30/31/32/33/34,,,,,,,,
x81zs_diffchn02,DIFFCHN132-PZ5-L-D-1FCLEN10-FTI:PGD:REG:NOM,DIFFCHN,D,DIFFCHN-<MOS>-D-1FCLEN<n>-FTI:PGD:REG:NOM,19,0.0526316,CHN: 19 active VG gates in series (name LEN10) = 19 transistors in the current path = 19; Scalar = 1/19,name says LEN10 but 19 active VG gates in series (stacked),,,,,,,10,19,0,16/17/18/19/20/21/22/23/24/25/26/27/28/29/30/31/32/33/34,,,,,,,,
x81zs_diffchn02,DIFFCHN132-PZ5-L-D-1FCLEN10-FTI:PGD:REG:P2,DIFFCHN,D,DIFFCHN-<MOS>-D-1FCLEN<n>-FTI:PGD:REG:<SKEW>,19,0.0526316,CHN: 19 active VG gates in series (name LEN10) = 19 transistors in the current path = 19; Scalar = 1/19,name says LEN10 but 19 active VG gates in series (stacked),,,,,,,10,19,0,16/17/18/19/20/21/22/23/24/25/26/27/28/29/30/31/32/33/34,,,,,,,,
x81zs_diffchn02,DIFFCHN132-PZ5-L-D-1FCLEN10-FTI:PGD:REG:P3,DIFFCHN,D,DIFFCHN-<MOS>-D-1FCLEN<n>-FTI:PGD:REG:<SKEW>,19,0.0526316,CHN: 19 active VG gates in series (name LEN10) = 19 transistors in the current path = 19; Scalar = 1/19,name says LEN10 but 19 active VG gates in series (stacked),,,,,,,10,19,0,16/17/18/19/20/21/22/23/24/25/26/27/28/29/30/31/32/33/34,,,,,,,,
x81zs_diffchn02,DIFFCHN132-PZ5-L-D-1FCLEN10-FTI:PGD:REG:P4,DIFFCHN,D,DIFFCHN-<MOS>-D-1FCLEN<n>-FTI:PGD:REG:<SKEW>,19,0.0526316,CHN: 19 active VG gates in series (name LEN10) = 19 transistors in the current path = 19; Scalar = 1/19,name says LEN10 but 19 active VG gates in series (stacked),,,,,,,10,19,0,16/17/18/19/20/21/22/23/24/25/26/27/28/29/30/31/32/33/34,,,,,,,,
x81zs_diffchn02,DIFFCHN132-PZ5-L-D-1FCLEN10-FTI:PGD:REG:P8,DIFFCHN,D,DIFFCHN-<MOS>-D-1FCLEN<n>-FTI:PGD:REG:<SKEW>,19,0.0526316,CHN: 19 active VG gates in series (name LEN10) = 19 transistors in the current path = 19; Scalar = 1/19,name says LEN10 but 19 active VG gates in series (stacked),,,,,,,10,19,0,16/17/18/19/20/21/22/23/24/25/26/27/28/29/30/31/32/33/34,,,,,,,,
x81zs_diffchn02,DIFFCHN132-PZ5-L-D-1FCLEN10-FTI:OGD:REG:N6,DIFFCHN,D,DIFFCHN-<MOS>-D-1FCLEN<n>-FTI:OGD:REG:<SKEW>,19,0.0526316,CHN: 19 active VG gates in series (name LEN10) = 19 transistors in the current path = 19; Scalar = 1/19,name says LEN10 but 19 active VG gates in series (stacked),,,,,,,10,19,0,16/17/18/19/20/21/22/23/24/25/26/27/28/29/30/31/32/33/34,,,,,,,,
x81zs_diffchn02,DIFFCHN132-PZ5-L-D-1FCLEN10-FTI:OGD:REG:N4,DIFFCHN,D,DIFFCHN-<MOS>-D-1FCLEN<n>-FTI:OGD:REG:<SKEW>,19,0.0526316,CHN: 19 active VG gates in series (name LEN10) = 19 transistors in the current path = 19; Scalar = 1/19,name says LEN10 but 19 active VG gates in series (stacked),,,,,,,10,19,0,16/17/18/19/20/21/22/23/24/25/26/27/28/29/30/31/32/33/34,,,,,,,,
x81zs_diffchn02,DIFFCHN132-PZ5-L-D-1FCLEN10-FTI:OGD:REG:N3,DIFFCHN,D,DIFFCHN-<MOS>-D-1FCLEN<n>-FTI:OGD:REG:<SKEW>,19,0.0526316,CHN: 19 active VG gates in series (name LEN10) = 19 transistors in the current path = 19; Scalar = 1/19,name says LEN10 but 19 active VG gates in series (stacked),,,,,,,10,19,0,16/17/18/19/20/21/22/23/24/25/26/27/28/29/30/31/32/33/34,,,,,,,,
x81zs_diffchn02,DIFFCHN132-PZ5-L-D-1FCLEN10-FTI:OGD:REG:N2,DIFFCHN,D,DIFFCHN-<MOS>-D-1FCLEN<n>-FTI:OGD:REG:<SKEW>,19,0.0526316,CHN: 19 active VG gates in series (name LEN10) = 19 transistors in the current path = 19; Scalar = 1/19,name says LEN10 but 19 active VG gates in series (stacked),,,,,,,10,19,0,16/17/18/19/20/21/22/23/24/25/26/27/28/29/30/31/32/33/34,,,,,,,,
x81zs_diffchn02,DIFFCHN132-PZ5-L-D-1FCLEN10-FTI:OGD:REG:N1,DIFFCHN,D,DIFFCHN-<MOS>-D-1FCLEN<n>-FTI:OGD:REG:<SKEW>,19,0.0526316,CHN: 19 active VG gates in series (name LEN10) = 19 transistors in the current path = 19; Scalar = 1/19,name says LEN10 but 19 active VG gates in series (stacked),,,,,,,10,19,0,16/17/18/19/20/21/22/23/24/25/26/27/28/29/30/31/32/33/34,,,,,,,,
x81zs_diffchn02,DIFFCHN132-PZ5-L-D-1FCLEN10-FTI:OGD:REG:NOM,DIFFCHN,D,DIFFCHN-<MOS>-D-1FCLEN<n>-FTI:OGD:REG:NOM,19,0.0526316,CHN: 19 active VG gates in series (name LEN10) = 19 transistors in the current path = 19; Scalar = 1/19,name says LEN10 but 19 active VG gates in series (stacked),,,,,,,10,19,0,16/17/18/19/20/21/22/23/24/25/26/27/28/29/30/31/32/33/34,,,,,,,,
x81zs_diffchn02,DIFFCHN132-PZ5-L-D-1FCLEN10-FTI:OGD:REG:P1,DIFFCHN,D,DIFFCHN-<MOS>-D-1FCLEN<n>-FTI:OGD:REG:<SKEW>,19,0.0526316,CHN: 19 active VG gates in series (name LEN10) = 19 transistors in the current path = 19; Scalar = 1/19,name says LEN10 but 19 active VG gates in series (stacked),,,,,,,10,19,0,16/17/18/19/20/21/22/23/24/25/26/27/28/29/30/31/32/33/34,,,,,,,,
x81zs_diffchn02,DIFFCHN132-PZ5-L-D-1FCLEN10-FTI:OGD:REG:P2,DIFFCHN,D,DIFFCHN-<MOS>-D-1FCLEN<n>-FTI:OGD:REG:<SKEW>,19,0.0526316,CHN: 19 active VG gates in series (name LEN10) = 19 transistors in the current path = 19; Scalar = 1/19,name says LEN10 but 19 active VG gates in series (stacked),,,,,,,10,19,0,16/17/18/19/20/21/22/23/24/25/26/27/28/29/30/31/32/33/34,,,,,,,,
x81zs_diffchn02,DIFFCHN132-PZ5-L-D-1FCLEN10-FTI:OGD:REG:P3,DIFFCHN,D,DIFFCHN-<MOS>-D-1FCLEN<n>-FTI:OGD:REG:<SKEW>,19,0.0526316,CHN: 19 active VG gates in series (name LEN10) = 19 transistors in the current path = 19; Scalar = 1/19,name says LEN10 but 19 active VG gates in series (stacked),,,,,,,10,19,0,16/17/18/19/20/21/22/23/24/25/26/27/28/29/30/31/32/33/34,,,,,,,,
x81zs_diffchn02,DIFFCHN132-PZ5-L-D-1FCLEN10-FTI:OGD:REG:P4,DIFFCHN,D,DIFFCHN-<MOS>-D-1FCLEN<n>-FTI:OGD:REG:<SKEW>,19,0.0526316,CHN: 19 active VG gates in series (name LEN10) = 19 transistors in the current path = 19; Scalar = 1/19,name says LEN10 but 19 active VG gates in series (stacked),,,,,,,10,19,0,16/17/18/19/20/21/22/23/24/25/26/27/28/29/30/31/32/33/34,,,,,,,,
x81zs_diffchn02,DIFFCHN132-PZ5-L-D-1FCLEN10-FTI:OGD:REG:P6,DIFFCHN,D,DIFFCHN-<MOS>-D-1FCLEN<n>-FTI:OGD:REG:<SKEW>,19,0.0526316,CHN: 19 active VG gates in series (name LEN10) = 19 transistors in the current path = 19; Scalar = 1/19,name says LEN10 but 19 active VG gates in series (stacked),,,,,,,10,19,0,16/17/18/19/20/21/22/23/24/25/26/27/28/29/30/31/32/33/34,,,,,,,,
x81zs_diffchn02,DIFFCHN132-PZ5-L-D-1FCLEN10-FTI:OGD:CD:N5,DIFFCHN,D,DIFFCHN-<MOS>-D-1FCLEN<n>-FTI:OGD:CD:<SKEW>,19,0.0526316,CHN: 19 active VG gates in series (name LEN10) = 19 transistors in the current path = 19; Scalar = 1/19,name says LEN10 but 19 active VG gates in series (stacked),,,,,,,10,19,0,16/17/18/19/20/21/22/23/24/25/26/27/28/29/30/31/32/33/34,,,,,,,,
x81zs_diffchn02,DIFFCHN132-PZ5-L-D-1FCLEN10-FTI:OGD:CD:N3,DIFFCHN,D,DIFFCHN-<MOS>-D-1FCLEN<n>-FTI:OGD:CD:<SKEW>,19,0.0526316,CHN: 19 active VG gates in series (name LEN10) = 19 transistors in the current path = 19; Scalar = 1/19,name says LEN10 but 19 active VG gates in series (stacked),,,,,,,10,19,0,16/17/18/19/20/21/22/23/24/25/26/27/28/29/30/31/32/33/34,,,,,,,,
x81zs_diffchn02,DIFFCHN132-PZ5-L-D-1FCLEN10-FTI:OGD:CD:N2,DIFFCHN,D,DIFFCHN-<MOS>-D-1FCLEN<n>-FTI:OGD:CD:<SKEW>,19,0.0526316,CHN: 19 active VG gates in series (name LEN10) = 19 transistors in the current path = 19; Scalar = 1/19,name says LEN10 but 19 active VG gates in series (stacked),,,,,,,10,19,0,16/17/18/19/20/21/22/23/24/25/26/27/28/29/30/31/32/33/34,,,,,,,,
x81zs_diffchn02,DIFFCHN132-PZ5-L-D-1FCLEN10-FTI:OGD:CD:N1,DIFFCHN,D,DIFFCHN-<MOS>-D-1FCLEN<n>-FTI:OGD:CD:<SKEW>,19,0.0526316,CHN: 19 active VG gates in series (name LEN10) = 19 transistors in the current path = 19; Scalar = 1/19,name says LEN10 but 19 active VG gates in series (stacked),,,,,,,10,19,0,16/17/18/19/20/21/22/23/24/25/26/27/28/29/30/31/32/33/34,,,,,,,,
x81zs_diffchn02,DIFFCHN132-PZ5-L-D-1FCLEN10-FTI:OGD:CD:NOM,DIFFCHN,D,DIFFCHN-<MOS>-D-1FCLEN<n>-FTI:OGD:CD:NOM,19,0.0526316,CHN: 19 active VG gates in series (name LEN10) = 19 transistors in the current path = 19; Scalar = 1/19,name says LEN10 but 19 active VG gates in series (stacked),,,,,,,10,19,0,16/17/18/19/20/21/22/23/24/25/26/27/28/29/30/31/32/33/34,,,,,,,,
x81zs_diffchn02,DIFFCHN132-PZ5-L-D-1FCLEN10-FTI:OGD:CD:P1,DIFFCHN,D,DIFFCHN-<MOS>-D-1FCLEN<n>-FTI:OGD:CD:<SKEW>,19,0.0526316,CHN: 19 active VG gates in series (name LEN10) = 19 transistors in the current path = 19; Scalar = 1/19,name says LEN10 but 19 active VG gates in series (stacked),,,,,,,10,19,0,16/17/18/19/20/21/22/23/24/25/26/27/28/29/30/31/32/33/34,,,,,,,,
x81zs_diffchn02,DIFFCHN132-PZ5-L-D-1FCLEN10-FTI:OGD:CD:P2,DIFFCHN,D,DIFFCHN-<MOS>-D-1FCLEN<n>-FTI:OGD:CD:<SKEW>,19,0.0526316,CHN: 19 active VG gates in series (name LEN10) = 19 transistors in the current path = 19; Scalar = 1/19,name says LEN10 but 19 active VG gates in series (stacked),,,,,,,10,19,0,16/17/18/19/20/21/22/23/24/25/26/27/28/29/30/31/32/33/34,,,,,,,,
x81zs_diffchn02,DIFFCHN132-PZ5-L-D-1FCLEN10-FTI:OGD:CD:P3,DIFFCHN,D,DIFFCHN-<MOS>-D-1FCLEN<n>-FTI:OGD:CD:<SKEW>,19,0.0526316,CHN: 19 active VG gates in series (name LEN10) = 19 transistors in the current path = 19; Scalar = 1/19,name says LEN10 but 19 active VG gates in series (stacked),,,,,,,10,19,0,16/17/18/19/20/21/22/23/24/25/26/27/28/29/30/31/32/33/34,,,,,,,,
x81zs_diffchn02,DIFFCHN132-PZ5-L-D-1FCLEN10-FTI:OGD:CD:P5,DIFFCHN,D,DIFFCHN-<MOS>-D-1FCLEN<n>-FTI:OGD:CD:<SKEW>,19,0.0526316,CHN: 19 active VG gates in series (name LEN10) = 19 transistors in the current path = 19; Scalar = 1/19,name says LEN10 but 19 active VG gates in series (stacked),,,,,,,10,19,0,16/17/18/19/20/21/22/23/24/25/26/27/28/29/30/31/32/33/34,,,,,,,,
x81zs_diffchn03,DIFFCHN132-NZ5-L-LEN6-A:PXL:PGD:REG:N8,DIFFCHN,LEN6,DIFFCHN-<MOS>-LEN<n>-A:PXL:PGD:REG:<SKEW>,6,0.166667,CHN: 6 active VG gates in series (name LEN6) = 6 transistors in the current path = 6; Scalar = 1/6,,,,,,,,6,6,0,14/18/22/26/30/34,,,,,,,,
x81zs_diffchn03,DIFFCHN132-NZ5-L-LEN6-A:PXL:PGD:REG:N6,DIFFCHN,LEN6,DIFFCHN-<MOS>-LEN<n>-A:PXL:PGD:REG:<SKEW>,6,0.166667,CHN: 6 active VG gates in series (name LEN6) = 6 transistors in the current path = 6; Scalar = 1/6,,,,,,,,6,6,0,14/18/22/26/30/34,,,,,,,,
x81zs_diffchn03,DIFFCHN132-NZ5-L-LEN6-A:PXL:PGD:REG:N5,DIFFCHN,LEN6,DIFFCHN-<MOS>-LEN<n>-A:PXL:PGD:REG:<SKEW>,6,0.166667,CHN: 6 active VG gates in series (name LEN6) = 6 transistors in the current path = 6; Scalar = 1/6,,,,,,,,6,6,0,14/18/22/26/30/34,,,,,,,,
x81zs_diffchn03,DIFFCHN132-NZ5-L-LEN6-A:PXL:PGD:REG:N3,DIFFCHN,LEN6,DIFFCHN-<MOS>-LEN<n>-A:PXL:PGD:REG:<SKEW>,6,0.166667,CHN: 6 active VG gates in series (name LEN6) = 6 transistors in the current path = 6; Scalar = 1/6,,,,,,,,6,6,0,14/18/22/26/30/34,,,,,,,,
x81zs_diffchn03,DIFFCHN132-NZ5-L-LEN6-A:PXL:PGD:REG:N1,DIFFCHN,LEN6,DIFFCHN-<MOS>-LEN<n>-A:PXL:PGD:REG:<SKEW>,6,0.166667,CHN: 6 active VG gates in series (name LEN6) = 6 transistors in the current path = 6; Scalar = 1/6,,,,,,,,6,6,0,14/18/22/26/30/34,,,,,,,,
x81zs_diffchn03,DIFFCHN132-NZ5-L-LEN6-A:PXL:PGD:REG:NOM,DIFFCHN,LEN6,DIFFCHN-<MOS>-LEN<n>-A:PXL:PGD:REG:NOM,6,0.166667,CHN: 6 active VG gates in series (name LEN6) = 6 transistors in the current path = 6; Scalar = 1/6,,,,,,,,6,6,0,14/18/22/26/30/34,,,,,,,,
x81zs_diffchn03,DIFFCHN132-NZ5-L-LEN6-A:PXL:PGD:REG:P1,DIFFCHN,LEN6,DIFFCHN-<MOS>-LEN<n>-A:PXL:PGD:REG:<SKEW>,6,0.166667,CHN: 6 active VG gates in series (name LEN6) = 6 transistors in the current path = 6; Scalar = 1/6,,,,,,,,6,6,0,14/18/22/26/30/34,,,,,,,,
x81zs_diffchn03,DIFFCHN132-NZ5-L-LEN6-A:PXL:PGD:REG:P3,DIFFCHN,LEN6,DIFFCHN-<MOS>-LEN<n>-A:PXL:PGD:REG:<SKEW>,6,0.166667,CHN: 6 active VG gates in series (name LEN6) = 6 transistors in the current path = 6; Scalar = 1/6,,,,,,,,6,6,0,14/18/22/26/30/34,,,,,,,,
x81zs_diffchn03,DIFFCHN132-NZ5-L-LEN6-A:PXL:PGD:REG:P5,DIFFCHN,LEN6,DIFFCHN-<MOS>-LEN<n>-A:PXL:PGD:REG:<SKEW>,6,0.166667,CHN: 6 active VG gates in series (name LEN6) = 6 transistors in the current path = 6; Scalar = 1/6,,,,,,,,6,6,0,14/18/22/26/30/34,,,,,,,,
x81zs_diffchn03,DIFFCHN132-NZ5-L-LEN6-A:PXL:PGD:REG:P6,DIFFCHN,LEN6,DIFFCHN-<MOS>-LEN<n>-A:PXL:PGD:REG:<SKEW>,6,0.166667,CHN: 6 active VG gates in series (name LEN6) = 6 transistors in the current path = 6; Scalar = 1/6,,,,,,,,6,6,0,14/18/22/26/30/34,,,,,,,,
x81zs_diffchn03,DIFFCHN132-NZ5-L-LEN6-A:PXL:PGD:REG:P8,DIFFCHN,LEN6,DIFFCHN-<MOS>-LEN<n>-A:PXL:PGD:REG:<SKEW>,6,0.166667,CHN: 6 active VG gates in series (name LEN6) = 6 transistors in the current path = 6; Scalar = 1/6,,,,,,,,6,6,0,14/18/22/26/30/34,,,,,,,,
x81zs_diffchn03,DIFFCHN132-NZ5-L-LEN6-A:PXL:PGD:CD:N5,DIFFCHN,LEN6,DIFFCHN-<MOS>-LEN<n>-A:PXL:PGD:CD:<SKEW>,6,0.166667,CHN: 6 active VG gates in series (name LEN6) = 6 transistors in the current path = 6; Scalar = 1/6,,,,,,,,6,6,0,14/18/22/26/30/34,,,,,,,,
x81zs_diffchn03,DIFFCHN132-NZ5-L-LEN6-A:PXL:PGD:CD:N3,DIFFCHN,LEN6,DIFFCHN-<MOS>-LEN<n>-A:PXL:PGD:CD:<SKEW>,6,0.166667,CHN: 6 active VG gates in series (name LEN6) = 6 transistors in the current path = 6; Scalar = 1/6,,,,,,,,6,6,0,14/18/22/26/30/34,,,,,,,,
x81zs_diffchn03,DIFFCHN132-NZ5-L-LEN6-A:PXL:PGD:CD:N1,DIFFCHN,LEN6,DIFFCHN-<MOS>-LEN<n>-A:PXL:PGD:CD:<SKEW>,6,0.166667,CHN: 6 active VG gates in series (name LEN6) = 6 transistors in the current path = 6; Scalar = 1/6,,,,,,,,6,6,0,14/18/22/26/30/34,,,,,,,,
x81zs_diffchn03,DIFFCHN132-NZ5-L-LEN6-A:PXL:PGD:CD:NOM,DIFFCHN,LEN6,DIFFCHN-<MOS>-LEN<n>-A:PXL:PGD:CD:NOM,6,0.166667,CHN: 6 active VG gates in series (name LEN6) = 6 transistors in the current path = 6; Scalar = 1/6,,,,,,,,6,6,0,14/18/22/26/30/34,,,,,,,,
x81zs_diffchn03,DIFFCHN132-NZ5-L-LEN6-A:PXL:PGD:CD:P1,DIFFCHN,LEN6,DIFFCHN-<MOS>-LEN<n>-A:PXL:PGD:CD:<SKEW>,6,0.166667,CHN: 6 active VG gates in series (name LEN6) = 6 transistors in the current path = 6; Scalar = 1/6,,,,,,,,6,6,0,14/18/22/26/30/34,,,,,,,,
x81zs_diffchn03,DIFFCHN132-NZ5-L-LEN6-A:PXL:PGD:CD:P3,DIFFCHN,LEN6,DIFFCHN-<MOS>-LEN<n>-A:PXL:PGD:CD:<SKEW>,6,0.166667,CHN: 6 active VG gates in series (name LEN6) = 6 transistors in the current path = 6; Scalar = 1/6,,,,,,,,6,6,0,14/18/22/26/30/34,,,,,,,,
x81zs_diffchn03,DIFFCHN132-NZ5-L-LEN6-A:PXL:PGD:CD:P5,DIFFCHN,LEN6,DIFFCHN-<MOS>-LEN<n>-A:PXL:PGD:CD:<SKEW>,6,0.166667,CHN: 6 active VG gates in series (name LEN6) = 6 transistors in the current path = 6; Scalar = 1/6,,,,,,,,6,6,0,14/18/22/26/30/34,,,,,,,,
x81zs_diffchn03,DIFFCHN132-NZ5-L-LEN6-A:FTI:OGD:REG:N6,DIFFCHN,LEN6,DIFFCHN-<MOS>-LEN<n>-A:FTI:OGD:REG:<SKEW>,6,0.166667,CHN: 6 active VG gates in series (name LEN6) = 6 transistors in the current path = 6; Scalar = 1/6,,,,,,,,6,6,0,14/18/22/26/30/34,,,,,,,,
x81zs_diffchn03,DIFFCHN132-NZ5-L-LEN6-A:FTI:OGD:REG:N4,DIFFCHN,LEN6,DIFFCHN-<MOS>-LEN<n>-A:FTI:OGD:REG:<SKEW>,6,0.166667,CHN: 6 active VG gates in series (name LEN6) = 6 transistors in the current path = 6; Scalar = 1/6,,,,,,,,6,6,0,14/18/22/26/30/34,,,,,,,,
x81zs_diffchn03,DIFFCHN132-NZ5-L-LEN6-A:FTI:OGD:REG:N3,DIFFCHN,LEN6,DIFFCHN-<MOS>-LEN<n>-A:FTI:OGD:REG:<SKEW>,6,0.166667,CHN: 6 active VG gates in series (name LEN6) = 6 transistors in the current path = 6; Scalar = 1/6,,,,,,,,6,6,0,14/18/22/26/30/34,,,,,,,,
x81zs_diffchn03,DIFFCHN132-NZ5-L-LEN6-A:FTI:OGD:REG:N2,DIFFCHN,LEN6,DIFFCHN-<MOS>-LEN<n>-A:FTI:OGD:REG:<SKEW>,6,0.166667,CHN: 6 active VG gates in series (name LEN6) = 6 transistors in the current path = 6; Scalar = 1/6,,,,,,,,6,6,0,14/18/22/26/30/34,,,,,,,,
x81zs_diffchn03,DIFFCHN132-NZ5-L-LEN6-A:FTI:OGD:REG:N1,DIFFCHN,LEN6,DIFFCHN-<MOS>-LEN<n>-A:FTI:OGD:REG:<SKEW>,6,0.166667,CHN: 6 active VG gates in series (name LEN6) = 6 transistors in the current path = 6; Scalar = 1/6,,,,,,,,6,6,0,14/18/22/26/30/34,,,,,,,,
x81zs_diffchn03,DIFFCHN132-NZ5-L-LEN6-A:FTI:OGD:REG:NOM,DIFFCHN,LEN6,DIFFCHN-<MOS>-LEN<n>-A:FTI:OGD:REG:NOM,6,0.166667,CHN: 6 active VG gates in series (name LEN6) = 6 transistors in the current path = 6; Scalar = 1/6,,,,,,,,6,6,0,14/18/22/26/30/34,,,,,,,,
x81zs_diffchn03,DIFFCHN132-NZ5-L-LEN6-A:FTI:OGD:REG:P1,DIFFCHN,LEN6,DIFFCHN-<MOS>-LEN<n>-A:FTI:OGD:REG:<SKEW>,6,0.166667,CHN: 6 active VG gates in series (name LEN6) = 6 transistors in the current path = 6; Scalar = 1/6,,,,,,,,6,6,0,14/18/22/26/30/34,,,,,,,,
x81zs_diffchn03,DIFFCHN132-NZ5-L-LEN6-A:FTI:OGD:REG:P2,DIFFCHN,LEN6,DIFFCHN-<MOS>-LEN<n>-A:FTI:OGD:REG:<SKEW>,6,0.166667,CHN: 6 active VG gates in series (name LEN6) = 6 transistors in the current path = 6; Scalar = 1/6,,,,,,,,6,6,0,14/18/22/26/30/34,,,,,,,,
x81zs_diffchn03,DIFFCHN132-NZ5-L-LEN6-A:FTI:OGD:REG:P3,DIFFCHN,LEN6,DIFFCHN-<MOS>-LEN<n>-A:FTI:OGD:REG:<SKEW>,6,0.166667,CHN: 6 active VG gates in series (name LEN6) = 6 transistors in the current path = 6; Scalar = 1/6,,,,,,,,6,6,0,14/18/22/26/30/34,,,,,,,,
x81zs_diffchn03,DIFFCHN132-NZ5-L-LEN6-A:FTI:OGD:REG:P4,DIFFCHN,LEN6,DIFFCHN-<MOS>-LEN<n>-A:FTI:OGD:REG:<SKEW>,6,0.166667,CHN: 6 active VG gates in series (name LEN6) = 6 transistors in the current path = 6; Scalar = 1/6,,,,,,,,6,6,0,14/18/22/26/30/34,,,,,,,,
x81zs_diffchn03,DIFFCHN132-NZ5-L-LEN6-A:FTI:OGD:REG:P6,DIFFCHN,LEN6,DIFFCHN-<MOS>-LEN<n>-A:FTI:OGD:REG:<SKEW>,6,0.166667,CHN: 6 active VG gates in series (name LEN6) = 6 transistors in the current path = 6; Scalar = 1/6,,,,,,,,6,6,0,14/18/22/26/30/34,,,,,,,,
x81zs_diffchn03,DIFFCHN132-NZ5-L-LEN10FC-D:PXL:PGD:REG:N8,DIFFCHN,LEN10FC,DIFFCHN-<MOS>-LEN<n>FC-D:PXL:PGD:REG:<SKEW>,19,0.0526316,CHN: 19 active VG gates in series (name LEN10) = 19 transistors in the current path = 19; Scalar = 1/19,name says LEN10 but 19 active VG gates in series (stacked),,,,,,,10,19,0,16/17/18/19/20/21/22/23/24/25/26/27/28/29/30/31/32/33/34,,,,,,,,
x81zs_diffchn03,DIFFCHN132-NZ5-L-LEN10FC-D:PXL:PGD:REG:N6,DIFFCHN,LEN10FC,DIFFCHN-<MOS>-LEN<n>FC-D:PXL:PGD:REG:<SKEW>,19,0.0526316,CHN: 19 active VG gates in series (name LEN10) = 19 transistors in the current path = 19; Scalar = 1/19,name says LEN10 but 19 active VG gates in series (stacked),,,,,,,10,19,0,16/17/18/19/20/21/22/23/24/25/26/27/28/29/30/31/32/33/34,,,,,,,,
x81zs_diffchn03,DIFFCHN132-NZ5-L-LEN10FC-D:PXL:PGD:REG:N5,DIFFCHN,LEN10FC,DIFFCHN-<MOS>-LEN<n>FC-D:PXL:PGD:REG:<SKEW>,19,0.0526316,CHN: 19 active VG gates in series (name LEN10) = 19 transistors in the current path = 19; Scalar = 1/19,name says LEN10 but 19 active VG gates in series (stacked),,,,,,,10,19,0,16/17/18/19/20/21/22/23/24/25/26/27/28/29/30/31/32/33/34,,,,,,,,
x81zs_diffchn03,DIFFCHN132-NZ5-L-LEN10FC-D:PXL:PGD:REG:N3,DIFFCHN,LEN10FC,DIFFCHN-<MOS>-LEN<n>FC-D:PXL:PGD:REG:<SKEW>,19,0.0526316,CHN: 19 active VG gates in series (name LEN10) = 19 transistors in the current path = 19; Scalar = 1/19,name says LEN10 but 19 active VG gates in series (stacked),,,,,,,10,19,0,16/17/18/19/20/21/22/23/24/25/26/27/28/29/30/31/32/33/34,,,,,,,,
x81zs_diffchn03,DIFFCHN132-NZ5-L-LEN10FC-D:PXL:PGD:REG:N1,DIFFCHN,LEN10FC,DIFFCHN-<MOS>-LEN<n>FC-D:PXL:PGD:REG:<SKEW>,19,0.0526316,CHN: 19 active VG gates in series (name LEN10) = 19 transistors in the current path = 19; Scalar = 1/19,name says LEN10 but 19 active VG gates in series (stacked),,,,,,,10,19,0,16/17/18/19/20/21/22/23/24/25/26/27/28/29/30/31/32/33/34,,,,,,,,
x81zs_diffchn03,DIFFCHN132-NZ5-L-LEN10FC-D:PXL:PGD:REG:NOM,DIFFCHN,LEN10FC,DIFFCHN-<MOS>-LEN<n>FC-D:PXL:PGD:REG:NOM,19,0.0526316,CHN: 19 active VG gates in series (name LEN10) = 19 transistors in the current path = 19; Scalar = 1/19,name says LEN10 but 19 active VG gates in series (stacked),,,,,,,10,19,0,16/17/18/19/20/21/22/23/24/25/26/27/28/29/30/31/32/33/34,,,,,,,,
x81zs_diffchn03,DIFFCHN132-NZ5-L-LEN10FC-D:PXL:PGD:REG:P1,DIFFCHN,LEN10FC,DIFFCHN-<MOS>-LEN<n>FC-D:PXL:PGD:REG:<SKEW>,19,0.0526316,CHN: 19 active VG gates in series (name LEN10) = 19 transistors in the current path = 19; Scalar = 1/19,name says LEN10 but 19 active VG gates in series (stacked),,,,,,,10,19,0,16/17/18/19/20/21/22/23/24/25/26/27/28/29/30/31/32/33/34,,,,,,,,
x81zs_diffchn03,DIFFCHN132-NZ5-L-LEN10FC-D:PXL:PGD:REG:P3,DIFFCHN,LEN10FC,DIFFCHN-<MOS>-LEN<n>FC-D:PXL:PGD:REG:<SKEW>,19,0.0526316,CHN: 19 active VG gates in series (name LEN10) = 19 transistors in the current path = 19; Scalar = 1/19,name says LEN10 but 19 active VG gates in series (stacked),,,,,,,10,19,0,16/17/18/19/20/21/22/23/24/25/26/27/28/29/30/31/32/33/34,,,,,,,,
x81zs_diffchn03,DIFFCHN132-NZ5-L-LEN10FC-D:PXL:PGD:REG:P5,DIFFCHN,LEN10FC,DIFFCHN-<MOS>-LEN<n>FC-D:PXL:PGD:REG:<SKEW>,19,0.0526316,CHN: 19 active VG gates in series (name LEN10) = 19 transistors in the current path = 19; Scalar = 1/19,name says LEN10 but 19 active VG gates in series (stacked),,,,,,,10,19,0,16/17/18/19/20/21/22/23/24/25/26/27/28/29/30/31/32/33/34,,,,,,,,
x81zs_diffchn03,DIFFCHN132-NZ5-L-LEN10FC-D:PXL:PGD:REG:P6,DIFFCHN,LEN10FC,DIFFCHN-<MOS>-LEN<n>FC-D:PXL:PGD:REG:<SKEW>,19,0.0526316,CHN: 19 active VG gates in series (name LEN10) = 19 transistors in the current path = 19; Scalar = 1/19,name says LEN10 but 19 active VG gates in series (stacked),,,,,,,10,19,0,16/17/18/19/20/21/22/23/24/25/26/27/28/29/30/31/32/33/34,,,,,,,,
x81zs_diffchn03,DIFFCHN132-NZ5-L-LEN10FC-D:PXL:PGD:REG:P8,DIFFCHN,LEN10FC,DIFFCHN-<MOS>-LEN<n>FC-D:PXL:PGD:REG:<SKEW>,19,0.0526316,CHN: 19 active VG gates in series (name LEN10) = 19 transistors in the current path = 19; Scalar = 1/19,name says LEN10 but 19 active VG gates in series (stacked),,,,,,,10,19,0,16/17/18/19/20/21/22/23/24/25/26/27/28/29/30/31/32/33/34,,,,,,,,
x81zs_diffchn03,DIFFCHN132-NZ5-L-LEN10FC-D:PXL:PGD:CD:N5,DIFFCHN,LEN10FC,DIFFCHN-<MOS>-LEN<n>FC-D:PXL:PGD:CD:<SKEW>,19,0.0526316,CHN: 19 active VG gates in series (name LEN10) = 19 transistors in the current path = 19; Scalar = 1/19,name says LEN10 but 19 active VG gates in series (stacked),,,,,,,10,19,0,16/17/18/19/20/21/22/23/24/25/26/27/28/29/30/31/32/33/34,,,,,,,,
x81zs_diffchn03,DIFFCHN132-NZ5-L-LEN10FC-D:PXL:PGD:CD:N3,DIFFCHN,LEN10FC,DIFFCHN-<MOS>-LEN<n>FC-D:PXL:PGD:CD:<SKEW>,19,0.0526316,CHN: 19 active VG gates in series (name LEN10) = 19 transistors in the current path = 19; Scalar = 1/19,name says LEN10 but 19 active VG gates in series (stacked),,,,,,,10,19,0,16/17/18/19/20/21/22/23/24/25/26/27/28/29/30/31/32/33/34,,,,,,,,
x81zs_diffchn03,DIFFCHN132-NZ5-L-LEN10FC-D:PXL:PGD:CD:N1,DIFFCHN,LEN10FC,DIFFCHN-<MOS>-LEN<n>FC-D:PXL:PGD:CD:<SKEW>,19,0.0526316,CHN: 19 active VG gates in series (name LEN10) = 19 transistors in the current path = 19; Scalar = 1/19,name says LEN10 but 19 active VG gates in series (stacked),,,,,,,10,19,0,16/17/18/19/20/21/22/23/24/25/26/27/28/29/30/31/32/33/34,,,,,,,,
x81zs_diffchn03,DIFFCHN132-NZ5-L-LEN10FC-D:PXL:PGD:CD:NOM,DIFFCHN,LEN10FC,DIFFCHN-<MOS>-LEN<n>FC-D:PXL:PGD:CD:NOM,19,0.0526316,CHN: 19 active VG gates in series (name LEN10) = 19 transistors in the current path = 19; Scalar = 1/19,name says LEN10 but 19 active VG gates in series (stacked),,,,,,,10,19,0,16/17/18/19/20/21/22/23/24/25/26/27/28/29/30/31/32/33/34,,,,,,,,
x81zs_diffchn03,DIFFCHN132-NZ5-L-LEN10FC-D:PXL:PGD:CD:P1,DIFFCHN,LEN10FC,DIFFCHN-<MOS>-LEN<n>FC-D:PXL:PGD:CD:<SKEW>,19,0.0526316,CHN: 19 active VG gates in series (name LEN10) = 19 transistors in the current path = 19; Scalar = 1/19,name says LEN10 but 19 active VG gates in series (stacked),,,,,,,10,19,0,16/17/18/19/20/21/22/23/24/25/26/27/28/29/30/31/32/33/34,,,,,,,,
x81zs_diffchn03,DIFFCHN132-NZ5-L-LEN10FC-D:PXL:PGD:CD:P3,DIFFCHN,LEN10FC,DIFFCHN-<MOS>-LEN<n>FC-D:PXL:PGD:CD:<SKEW>,19,0.0526316,CHN: 19 active VG gates in series (name LEN10) = 19 transistors in the current path = 19; Scalar = 1/19,name says LEN10 but 19 active VG gates in series (stacked),,,,,,,10,19,0,16/17/18/19/20/21/22/23/24/25/26/27/28/29/30/31/32/33/34,,,,,,,,
x81zs_diffchn03,DIFFCHN132-NZ5-L-LEN10FC-D:PXL:PGD:CD:P5,DIFFCHN,LEN10FC,DIFFCHN-<MOS>-LEN<n>FC-D:PXL:PGD:CD:<SKEW>,19,0.0526316,CHN: 19 active VG gates in series (name LEN10) = 19 transistors in the current path = 19; Scalar = 1/19,name says LEN10 but 19 active VG gates in series (stacked),,,,,,,10,19,0,16/17/18/19/20/21/22/23/24/25/26/27/28/29/30/31/32/33/34,,,,,,,,
x81zs_diffchn03,DIFFCHN132-PZ5-L-LEN6-A:PXL:PGD:REG:N8,DIFFCHN,LEN6,DIFFCHN-<MOS>-LEN<n>-A:PXL:PGD:REG:<SKEW>,6,0.166667,CHN: 6 active VG gates in series (name LEN6) = 6 transistors in the current path = 6; Scalar = 1/6,,,,,,,,6,6,0,14/18/22/26/30/34,,,,,,,,
x81zs_diffchn03,DIFFCHN132-PZ5-L-LEN6-A:PXL:PGD:REG:N6,DIFFCHN,LEN6,DIFFCHN-<MOS>-LEN<n>-A:PXL:PGD:REG:<SKEW>,6,0.166667,CHN: 6 active VG gates in series (name LEN6) = 6 transistors in the current path = 6; Scalar = 1/6,,,,,,,,6,6,0,14/18/22/26/30/34,,,,,,,,
x81zs_diffchn03,DIFFCHN132-PZ5-L-LEN6-A:PXL:PGD:REG:N5,DIFFCHN,LEN6,DIFFCHN-<MOS>-LEN<n>-A:PXL:PGD:REG:<SKEW>,6,0.166667,CHN: 6 active VG gates in series (name LEN6) = 6 transistors in the current path = 6; Scalar = 1/6,,,,,,,,6,6,0,14/18/22/26/30/34,,,,,,,,
x81zs_diffchn03,DIFFCHN132-PZ5-L-LEN6-A:PXL:PGD:REG:N3,DIFFCHN,LEN6,DIFFCHN-<MOS>-LEN<n>-A:PXL:PGD:REG:<SKEW>,6,0.166667,CHN: 6 active VG gates in series (name LEN6) = 6 transistors in the current path = 6; Scalar = 1/6,,,,,,,,6,6,0,14/18/22/26/30/34,,,,,,,,
x81zs_diffchn03,DIFFCHN132-PZ5-L-LEN6-A:PXL:PGD:REG:N1,DIFFCHN,LEN6,DIFFCHN-<MOS>-LEN<n>-A:PXL:PGD:REG:<SKEW>,6,0.166667,CHN: 6 active VG gates in series (name LEN6) = 6 transistors in the current path = 6; Scalar = 1/6,,,,,,,,6,6,0,14/18/22/26/30/34,,,,,,,,
x81zs_diffchn03,DIFFCHN132-PZ5-L-LEN6-A:PXL:PGD:REG:NOM,DIFFCHN,LEN6,DIFFCHN-<MOS>-LEN<n>-A:PXL:PGD:REG:NOM,6,0.166667,CHN: 6 active VG gates in series (name LEN6) = 6 transistors in the current path = 6; Scalar = 1/6,,,,,,,,6,6,0,14/18/22/26/30/34,,,,,,,,
x81zs_diffchn03,DIFFCHN132-PZ5-L-LEN6-A:PXL:PGD:REG:P1,DIFFCHN,LEN6,DIFFCHN-<MOS>-LEN<n>-A:PXL:PGD:REG:<SKEW>,6,0.166667,CHN: 6 active VG gates in series (name LEN6) = 6 transistors in the current path = 6; Scalar = 1/6,,,,,,,,6,6,0,14/18/22/26/30/34,,,,,,,,
x81zs_diffchn03,DIFFCHN132-PZ5-L-LEN6-A:PXL:PGD:REG:P3,DIFFCHN,LEN6,DIFFCHN-<MOS>-LEN<n>-A:PXL:PGD:REG:<SKEW>,6,0.166667,CHN: 6 active VG gates in series (name LEN6) = 6 transistors in the current path = 6; Scalar = 1/6,,,,,,,,6,6,0,14/18/22/26/30/34,,,,,,,,
x81zs_diffchn03,DIFFCHN132-PZ5-L-LEN6-A:PXL:PGD:REG:P5,DIFFCHN,LEN6,DIFFCHN-<MOS>-LEN<n>-A:PXL:PGD:REG:<SKEW>,6,0.166667,CHN: 6 active VG gates in series (name LEN6) = 6 transistors in the current path = 6; Scalar = 1/6,,,,,,,,6,6,0,14/18/22/26/30/34,,,,,,,,
x81zs_diffchn03,DIFFCHN132-PZ5-L-LEN6-A:PXL:PGD:REG:P6,DIFFCHN,LEN6,DIFFCHN-<MOS>-LEN<n>-A:PXL:PGD:REG:<SKEW>,6,0.166667,CHN: 6 active VG gates in series (name LEN6) = 6 transistors in the current path = 6; Scalar = 1/6,,,,,,,,6,6,0,14/18/22/26/30/34,,,,,,,,
x81zs_diffchn03,DIFFCHN132-PZ5-L-LEN6-A:PXL:PGD:REG:P8,DIFFCHN,LEN6,DIFFCHN-<MOS>-LEN<n>-A:PXL:PGD:REG:<SKEW>,6,0.166667,CHN: 6 active VG gates in series (name LEN6) = 6 transistors in the current path = 6; Scalar = 1/6,,,,,,,,6,6,0,14/18/22/26/30/34,,,,,,,,
x81zs_diffchn03,DIFFCHN132-PZ5-L-LEN6-A:PXL:PGD:CD:N5,DIFFCHN,LEN6,DIFFCHN-<MOS>-LEN<n>-A:PXL:PGD:CD:<SKEW>,6,0.166667,CHN: 6 active VG gates in series (name LEN6) = 6 transistors in the current path = 6; Scalar = 1/6,,,,,,,,6,6,0,14/18/22/26/30/34,,,,,,,,
x81zs_diffchn03,DIFFCHN132-PZ5-L-LEN6-A:PXL:PGD:CD:N3,DIFFCHN,LEN6,DIFFCHN-<MOS>-LEN<n>-A:PXL:PGD:CD:<SKEW>,6,0.166667,CHN: 6 active VG gates in series (name LEN6) = 6 transistors in the current path = 6; Scalar = 1/6,,,,,,,,6,6,0,14/18/22/26/30/34,,,,,,,,
x81zs_diffchn03,DIFFCHN132-PZ5-L-LEN6-A:PXL:PGD:CD:N1,DIFFCHN,LEN6,DIFFCHN-<MOS>-LEN<n>-A:PXL:PGD:CD:<SKEW>,6,0.166667,CHN: 6 active VG gates in series (name LEN6) = 6 transistors in the current path = 6; Scalar = 1/6,,,,,,,,6,6,0,14/18/22/26/30/34,,,,,,,,
x81zs_diffchn03,DIFFCHN132-PZ5-L-LEN6-A:PXL:PGD:CD:NOM,DIFFCHN,LEN6,DIFFCHN-<MOS>-LEN<n>-A:PXL:PGD:CD:NOM,6,0.166667,CHN: 6 active VG gates in series (name LEN6) = 6 transistors in the current path = 6; Scalar = 1/6,,,,,,,,6,6,0,14/18/22/26/30/34,,,,,,,,
x81zs_diffchn03,DIFFCHN132-PZ5-L-LEN6-A:PXL:PGD:CD:P1,DIFFCHN,LEN6,DIFFCHN-<MOS>-LEN<n>-A:PXL:PGD:CD:<SKEW>,6,0.166667,CHN: 6 active VG gates in series (name LEN6) = 6 transistors in the current path = 6; Scalar = 1/6,,,,,,,,6,6,0,14/18/22/26/30/34,,,,,,,,
x81zs_diffchn03,DIFFCHN132-PZ5-L-LEN6-A:PXL:PGD:CD:P3,DIFFCHN,LEN6,DIFFCHN-<MOS>-LEN<n>-A:PXL:PGD:CD:<SKEW>,6,0.166667,CHN: 6 active VG gates in series (name LEN6) = 6 transistors in the current path = 6; Scalar = 1/6,,,,,,,,6,6,0,14/18/22/26/30/34,,,,,,,,
x81zs_diffchn03,DIFFCHN132-PZ5-L-LEN6-A:PXL:PGD:CD:P5,DIFFCHN,LEN6,DIFFCHN-<MOS>-LEN<n>-A:PXL:PGD:CD:<SKEW>,6,0.166667,CHN: 6 active VG gates in series (name LEN6) = 6 transistors in the current path = 6; Scalar = 1/6,,,,,,,,6,6,0,14/18/22/26/30/34,,,,,,,,
x81zs_diffchn03,DIFFCHN132-PZ5-L-LEN6-A:FTI:OGD:REG:N6,DIFFCHN,LEN6,DIFFCHN-<MOS>-LEN<n>-A:FTI:OGD:REG:<SKEW>,6,0.166667,CHN: 6 active VG gates in series (name LEN6) = 6 transistors in the current path = 6; Scalar = 1/6,,,,,,,,6,6,0,14/18/22/26/30/34,,,,,,,,
x81zs_diffchn03,DIFFCHN132-PZ5-L-LEN6-A:FTI:OGD:REG:N4,DIFFCHN,LEN6,DIFFCHN-<MOS>-LEN<n>-A:FTI:OGD:REG:<SKEW>,6,0.166667,CHN: 6 active VG gates in series (name LEN6) = 6 transistors in the current path = 6; Scalar = 1/6,,,,,,,,6,6,0,14/18/22/26/30/34,,,,,,,,
x81zs_diffchn03,DIFFCHN132-PZ5-L-LEN6-A:FTI:OGD:REG:N3,DIFFCHN,LEN6,DIFFCHN-<MOS>-LEN<n>-A:FTI:OGD:REG:<SKEW>,6,0.166667,CHN: 6 active VG gates in series (name LEN6) = 6 transistors in the current path = 6; Scalar = 1/6,,,,,,,,6,6,0,14/18/22/26/30/34,,,,,,,,
x81zs_diffchn03,DIFFCHN132-PZ5-L-LEN6-A:FTI:OGD:REG:N2,DIFFCHN,LEN6,DIFFCHN-<MOS>-LEN<n>-A:FTI:OGD:REG:<SKEW>,6,0.166667,CHN: 6 active VG gates in series (name LEN6) = 6 transistors in the current path = 6; Scalar = 1/6,,,,,,,,6,6,0,14/18/22/26/30/34,,,,,,,,
x81zs_diffchn03,DIFFCHN132-PZ5-L-LEN6-A:FTI:OGD:REG:N1,DIFFCHN,LEN6,DIFFCHN-<MOS>-LEN<n>-A:FTI:OGD:REG:<SKEW>,6,0.166667,CHN: 6 active VG gates in series (name LEN6) = 6 transistors in the current path = 6; Scalar = 1/6,,,,,,,,6,6,0,14/18/22/26/30/34,,,,,,,,
x81zs_diffchn03,DIFFCHN132-PZ5-L-LEN6-A:FTI:OGD:REG:NOM,DIFFCHN,LEN6,DIFFCHN-<MOS>-LEN<n>-A:FTI:OGD:REG:NOM,6,0.166667,CHN: 6 active VG gates in series (name LEN6) = 6 transistors in the current path = 6; Scalar = 1/6,,,,,,,,6,6,0,14/18/22/26/30/34,,,,,,,,
x81zs_diffchn03,DIFFCHN132-PZ5-L-LEN6-A:FTI:OGD:REG:P1,DIFFCHN,LEN6,DIFFCHN-<MOS>-LEN<n>-A:FTI:OGD:REG:<SKEW>,6,0.166667,CHN: 6 active VG gates in series (name LEN6) = 6 transistors in the current path = 6; Scalar = 1/6,,,,,,,,6,6,0,14/18/22/26/30/34,,,,,,,,
x81zs_diffchn03,DIFFCHN132-PZ5-L-LEN6-A:FTI:OGD:REG:P2,DIFFCHN,LEN6,DIFFCHN-<MOS>-LEN<n>-A:FTI:OGD:REG:<SKEW>,6,0.166667,CHN: 6 active VG gates in series (name LEN6) = 6 transistors in the current path = 6; Scalar = 1/6,,,,,,,,6,6,0,14/18/22/26/30/34,,,,,,,,
x81zs_diffchn03,DIFFCHN132-PZ5-L-LEN6-A:FTI:OGD:REG:P3,DIFFCHN,LEN6,DIFFCHN-<MOS>-LEN<n>-A:FTI:OGD:REG:<SKEW>,6,0.166667,CHN: 6 active VG gates in series (name LEN6) = 6 transistors in the current path = 6; Scalar = 1/6,,,,,,,,6,6,0,14/18/22/26/30/34,,,,,,,,
x81zs_diffchn03,DIFFCHN132-PZ5-L-LEN6-A:FTI:OGD:REG:P4,DIFFCHN,LEN6,DIFFCHN-<MOS>-LEN<n>-A:FTI:OGD:REG:<SKEW>,6,0.166667,CHN: 6 active VG gates in series (name LEN6) = 6 transistors in the current path = 6; Scalar = 1/6,,,,,,,,6,6,0,14/18/22/26/30/34,,,,,,,,
x81zs_diffchn03,DIFFCHN132-PZ5-L-LEN6-A:FTI:OGD:REG:P6,DIFFCHN,LEN6,DIFFCHN-<MOS>-LEN<n>-A:FTI:OGD:REG:<SKEW>,6,0.166667,CHN: 6 active VG gates in series (name LEN6) = 6 transistors in the current path = 6; Scalar = 1/6,,,,,,,,6,6,0,14/18/22/26/30/34,,,,,,,,
x81zs_diffchn03,DIFFCHN132-PZ5-L-LEN10FC-D:PXL:PGD:REG:N8,DIFFCHN,LEN10FC,DIFFCHN-<MOS>-LEN<n>FC-D:PXL:PGD:REG:<SKEW>,19,0.0526316,CHN: 19 active VG gates in series (name LEN10) = 19 transistors in the current path = 19; Scalar = 1/19,name says LEN10 but 19 active VG gates in series (stacked),,,,,,,10,19,0,16/17/18/19/20/21/22/23/24/25/26/27/28/29/30/31/32/33/34,,,,,,,,
x81zs_diffchn03,DIFFCHN132-PZ5-L-LEN10FC-D:PXL:PGD:REG:N6,DIFFCHN,LEN10FC,DIFFCHN-<MOS>-LEN<n>FC-D:PXL:PGD:REG:<SKEW>,19,0.0526316,CHN: 19 active VG gates in series (name LEN10) = 19 transistors in the current path = 19; Scalar = 1/19,name says LEN10 but 19 active VG gates in series (stacked),,,,,,,10,19,0,16/17/18/19/20/21/22/23/24/25/26/27/28/29/30/31/32/33/34,,,,,,,,
x81zs_diffchn03,DIFFCHN132-PZ5-L-LEN10FC-D:PXL:PGD:REG:N5,DIFFCHN,LEN10FC,DIFFCHN-<MOS>-LEN<n>FC-D:PXL:PGD:REG:<SKEW>,19,0.0526316,CHN: 19 active VG gates in series (name LEN10) = 19 transistors in the current path = 19; Scalar = 1/19,name says LEN10 but 19 active VG gates in series (stacked),,,,,,,10,19,0,16/17/18/19/20/21/22/23/24/25/26/27/28/29/30/31/32/33/34,,,,,,,,
x81zs_diffchn03,DIFFCHN132-PZ5-L-LEN10FC-D:PXL:PGD:REG:N3,DIFFCHN,LEN10FC,DIFFCHN-<MOS>-LEN<n>FC-D:PXL:PGD:REG:<SKEW>,19,0.0526316,CHN: 19 active VG gates in series (name LEN10) = 19 transistors in the current path = 19; Scalar = 1/19,name says LEN10 but 19 active VG gates in series (stacked),,,,,,,10,19,0,16/17/18/19/20/21/22/23/24/25/26/27/28/29/30/31/32/33/34,,,,,,,,
x81zs_diffchn03,DIFFCHN132-PZ5-L-LEN10FC-D:PXL:PGD:REG:N1,DIFFCHN,LEN10FC,DIFFCHN-<MOS>-LEN<n>FC-D:PXL:PGD:REG:<SKEW>,19,0.0526316,CHN: 19 active VG gates in series (name LEN10) = 19 transistors in the current path = 19; Scalar = 1/19,name says LEN10 but 19 active VG gates in series (stacked),,,,,,,10,19,0,16/17/18/19/20/21/22/23/24/25/26/27/28/29/30/31/32/33/34,,,,,,,,
x81zs_diffchn03,DIFFCHN132-PZ5-L-LEN10FC-D:PXL:PGD:REG:NOM,DIFFCHN,LEN10FC,DIFFCHN-<MOS>-LEN<n>FC-D:PXL:PGD:REG:NOM,19,0.0526316,CHN: 19 active VG gates in series (name LEN10) = 19 transistors in the current path = 19; Scalar = 1/19,name says LEN10 but 19 active VG gates in series (stacked),,,,,,,10,19,0,16/17/18/19/20/21/22/23/24/25/26/27/28/29/30/31/32/33/34,,,,,,,,
x81zs_diffchn03,DIFFCHN132-PZ5-L-LEN10FC-D:PXL:PGD:REG:P1,DIFFCHN,LEN10FC,DIFFCHN-<MOS>-LEN<n>FC-D:PXL:PGD:REG:<SKEW>,19,0.0526316,CHN: 19 active VG gates in series (name LEN10) = 19 transistors in the current path = 19; Scalar = 1/19,name says LEN10 but 19 active VG gates in series (stacked),,,,,,,10,19,0,16/17/18/19/20/21/22/23/24/25/26/27/28/29/30/31/32/33/34,,,,,,,,
x81zs_diffchn03,DIFFCHN132-PZ5-L-LEN10FC-D:PXL:PGD:REG:P3,DIFFCHN,LEN10FC,DIFFCHN-<MOS>-LEN<n>FC-D:PXL:PGD:REG:<SKEW>,19,0.0526316,CHN: 19 active VG gates in series (name LEN10) = 19 transistors in the current path = 19; Scalar = 1/19,name says LEN10 but 19 active VG gates in series (stacked),,,,,,,10,19,0,16/17/18/19/20/21/22/23/24/25/26/27/28/29/30/31/32/33/34,,,,,,,,
x81zs_diffchn03,DIFFCHN132-PZ5-L-LEN10FC-D:PXL:PGD:REG:P5,DIFFCHN,LEN10FC,DIFFCHN-<MOS>-LEN<n>FC-D:PXL:PGD:REG:<SKEW>,19,0.0526316,CHN: 19 active VG gates in series (name LEN10) = 19 transistors in the current path = 19; Scalar = 1/19,name says LEN10 but 19 active VG gates in series (stacked),,,,,,,10,19,0,16/17/18/19/20/21/22/23/24/25/26/27/28/29/30/31/32/33/34,,,,,,,,
x81zs_diffchn03,DIFFCHN132-PZ5-L-LEN10FC-D:PXL:PGD:REG:P6,DIFFCHN,LEN10FC,DIFFCHN-<MOS>-LEN<n>FC-D:PXL:PGD:REG:<SKEW>,19,0.0526316,CHN: 19 active VG gates in series (name LEN10) = 19 transistors in the current path = 19; Scalar = 1/19,name says LEN10 but 19 active VG gates in series (stacked),,,,,,,10,19,0,16/17/18/19/20/21/22/23/24/25/26/27/28/29/30/31/32/33/34,,,,,,,,
x81zs_diffchn03,DIFFCHN132-PZ5-L-LEN10FC-D:PXL:PGD:REG:P8,DIFFCHN,LEN10FC,DIFFCHN-<MOS>-LEN<n>FC-D:PXL:PGD:REG:<SKEW>,19,0.0526316,CHN: 19 active VG gates in series (name LEN10) = 19 transistors in the current path = 19; Scalar = 1/19,name says LEN10 but 19 active VG gates in series (stacked),,,,,,,10,19,0,16/17/18/19/20/21/22/23/24/25/26/27/28/29/30/31/32/33/34,,,,,,,,
x81zs_diffchn03,DIFFCHN132-PZ5-L-LEN10FC-D:PXL:PGD:CD:N5,DIFFCHN,LEN10FC,DIFFCHN-<MOS>-LEN<n>FC-D:PXL:PGD:CD:<SKEW>,19,0.0526316,CHN: 19 active VG gates in series (name LEN10) = 19 transistors in the current path = 19; Scalar = 1/19,name says LEN10 but 19 active VG gates in series (stacked),,,,,,,10,19,0,16/17/18/19/20/21/22/23/24/25/26/27/28/29/30/31/32/33/34,,,,,,,,
x81zs_diffchn03,DIFFCHN132-PZ5-L-LEN10FC-D:PXL:PGD:CD:N3,DIFFCHN,LEN10FC,DIFFCHN-<MOS>-LEN<n>FC-D:PXL:PGD:CD:<SKEW>,19,0.0526316,CHN: 19 active VG gates in series (name LEN10) = 19 transistors in the current path = 19; Scalar = 1/19,name says LEN10 but 19 active VG gates in series (stacked),,,,,,,10,19,0,16/17/18/19/20/21/22/23/24/25/26/27/28/29/30/31/32/33/34,,,,,,,,
x81zs_diffchn03,DIFFCHN132-PZ5-L-LEN10FC-D:PXL:PGD:CD:N1,DIFFCHN,LEN10FC,DIFFCHN-<MOS>-LEN<n>FC-D:PXL:PGD:CD:<SKEW>,19,0.0526316,CHN: 19 active VG gates in series (name LEN10) = 19 transistors in the current path = 19; Scalar = 1/19,name says LEN10 but 19 active VG gates in series (stacked),,,,,,,10,19,0,16/17/18/19/20/21/22/23/24/25/26/27/28/29/30/31/32/33/34,,,,,,,,
x81zs_diffchn03,DIFFCHN132-PZ5-L-LEN10FC-D:PXL:PGD:CD:NOM,DIFFCHN,LEN10FC,DIFFCHN-<MOS>-LEN<n>FC-D:PXL:PGD:CD:NOM,19,0.0526316,CHN: 19 active VG gates in series (name LEN10) = 19 transistors in the current path = 19; Scalar = 1/19,name says LEN10 but 19 active VG gates in series (stacked),,,,,,,10,19,0,16/17/18/19/20/21/22/23/24/25/26/27/28/29/30/31/32/33/34,,,,,,,,
x81zs_diffchn03,DIFFCHN132-PZ5-L-LEN10FC-D:PXL:PGD:CD:P1,DIFFCHN,LEN10FC,DIFFCHN-<MOS>-LEN<n>FC-D:PXL:PGD:CD:<SKEW>,19,0.0526316,CHN: 19 active VG gates in series (name LEN10) = 19 transistors in the current path = 19; Scalar = 1/19,name says LEN10 but 19 active VG gates in series (stacked),,,,,,,10,19,0,16/17/18/19/20/21/22/23/24/25/26/27/28/29/30/31/32/33/34,,,,,,,,
x81zs_diffchn03,DIFFCHN132-PZ5-L-LEN10FC-D:PXL:PGD:CD:P3,DIFFCHN,LEN10FC,DIFFCHN-<MOS>-LEN<n>FC-D:PXL:PGD:CD:<SKEW>,19,0.0526316,CHN: 19 active VG gates in series (name LEN10) = 19 transistors in the current path = 19; Scalar = 1/19,name says LEN10 but 19 active VG gates in series (stacked),,,,,,,10,19,0,16/17/18/19/20/21/22/23/24/25/26/27/28/29/30/31/32/33/34,,,,,,,,
x81zs_diffchn03,DIFFCHN132-PZ5-L-LEN10FC-D:PXL:PGD:CD:P5,DIFFCHN,LEN10FC,DIFFCHN-<MOS>-LEN<n>FC-D:PXL:PGD:CD:<SKEW>,19,0.0526316,CHN: 19 active VG gates in series (name LEN10) = 19 transistors in the current path = 19; Scalar = 1/19,name says LEN10 but 19 active VG gates in series (stacked),,,,,,,10,19,0,16/17/18/19/20/21/22/23/24/25/26/27/28/29/30/31/32/33/34,,,,,,,,
x81zs_diffchn03,DIFFCHN110-NZ1-L-B-60xSTKx2FLEN24-SDR:Z:REF:NOM,DIFFCHN,B,DIFFCHN-<MOS>-B-60xSTKx2FLEN<n>-SDR:Z:REF:NOM,2880,0.000347222,CHN: 48 active VG gates in series as 24 stacked groups of 2 (name LEN24) = 48 transistors in the current path; x 1x60 chains in the array = 2880; Scalar = 1/2880,name says LEN24 but 48 active VG gates in series (stacked) | 60 chains stacked in a 1x60 array (multi-instance); every transistor site is counted,,,,,,,24,48,24,2/3/4/5/6/7/8/9/10/11/12/13/14/15/16/17/18/19/20/21/22/23/24/25/26/27/28/29/30/31/32/33/34/35/36/37/38/39/40/41/42/43/44/45/46/47/48/49,,,,,,,,
x81zs_diffchn03,DIFFCHN110-PZ1-L-B-60xSTKx2FLEN24-SDR:Z:REF:NOM,DIFFCHN,B,DIFFCHN-<MOS>-B-60xSTKx2FLEN<n>-SDR:Z:REF:NOM,2880,0.000347222,CHN: 48 active VG gates in series as 24 stacked groups of 2 (name LEN24) = 48 transistors in the current path; x 1x60 chains in the array = 2880; Scalar = 1/2880,name says LEN24 but 48 active VG gates in series (stacked) | 60 chains stacked in a 1x60 array (multi-instance); every transistor site is counted,,,,,,,24,48,24,2/3/4/5/6/7/8/9/10/11/12/13/14/15/16/17/18/19/20/21/22/23/24/25/26/27/28/29/30/31/32/33/34/35/36/37/38/39/40/41/42/43/44/45/46/47/48/49,,,,,,,,
x81zs_diffchn04,DIFFCHN110-NZ1-L-B-STKx1FLEN24-SDR:Z:REF:NOM,DIFFCHN,B,DIFFCHN-<MOS>-B-STKx1FLEN<n>-SDR:Z:REF:NOM,48,0.0208333,CHN: 48 active VG gates in series as 24 stacked groups of 2 (name LEN24) = 48 transistors in the current path = 48; Scalar = 1/48,name says LEN24 but 48 active VG gates in series (stacked),,,,,,,24,48,24,2/3/4/5/6/7/8/9/10/11/12/13/14/15/16/17/18/19/20/21/22/23/24/25/26/27/28/29/30/31/32/33/34/35/36/37/38/39/40/41/42/43/44/45/46/47/48/49,,,,,,,,
x81zs_diffchn04,DIFFCHN110-NZ1-L-B-STKx2FLEN24-SDR:Z:REF:NOM,DIFFCHN,B,DIFFCHN-<MOS>-B-STKx2FLEN<n>-SDR:Z:REF:NOM,48,0.0208333,CHN: 48 active VG gates in series as 24 stacked groups of 2 (name LEN24) = 48 transistors in the current path = 48; Scalar = 1/48,name says LEN24 but 48 active VG gates in series (stacked),,,,,,,24,48,24,2/3/4/5/6/7/8/9/10/11/12/13/14/15/16/17/18/19/20/21/22/23/24/25/26/27/28/29/30/31/32/33/34/35/36/37/38/39/40/41/42/43/44/45/46/47/48/49,,,,,,,,
x81zs_diffchn04,DIFFCHN110-NZ1-L-B-STKx1FLEN16-SDR:Z:REF:NOM,DIFFCHN,B,DIFFCHN-<MOS>-B-STKx1FLEN<n>-SDR:Z:REF:NOM,32,0.03125,CHN: 32 active VG gates in series as 16 stacked groups of 2 (name LEN16) = 32 transistors in the current path = 32; Scalar = 1/32,name says LEN16 but 32 active VG gates in series (stacked),,,,,,,16,32,16,10/11/12/13/14/15/16/17/18/19/20/21/22/23/24/25/26/27/28/29/30/31/32/33/34/35/36/37/38/39/40/41,,,,,,,,
x81zs_diffchn04,DIFFCHN110-NZ1-L-B-STKx2FLEN16-SDR:Z:REF:NOM,DIFFCHN,B,DIFFCHN-<MOS>-B-STKx2FLEN<n>-SDR:Z:REF:NOM,32,0.03125,CHN: 32 active VG gates in series as 16 stacked groups of 2 (name LEN16) = 32 transistors in the current path = 32; Scalar = 1/32,name says LEN16 but 32 active VG gates in series (stacked),,,,,,,16,32,16,10/11/12/13/14/15/16/17/18/19/20/21/22/23/24/25/26/27/28/29/30/31/32/33/34/35/36/37/38/39/40/41,,,,,,,,
x81zs_diffchn04,DIFFCHN110-NZ1-L-B-STKx1FLEN8-SDR:Z:REF:NOM,DIFFCHN,B,DIFFCHN-<MOS>-B-STKx1FLEN<n>-SDR:Z:REF:NOM,16,0.0625,CHN: 16 active VG gates in series as 8 stacked groups of 2 (name LEN8) = 16 transistors in the current path = 16; Scalar = 1/16,name says LEN8 but 16 active VG gates in series (stacked),,,,,,,8,16,8,18/19/20/21/22/23/24/25/26/27/28/29/30/31/32/33,,,,,,,,
x81zs_diffchn04,DIFFCHN110-NZ1-L-B-STKx2FLEN8-SDR:Z:REF:NOM,DIFFCHN,B,DIFFCHN-<MOS>-B-STKx2FLEN<n>-SDR:Z:REF:NOM,16,0.0625,CHN: 16 active VG gates in series as 8 stacked groups of 2 (name LEN8) = 16 transistors in the current path = 16; Scalar = 1/16,name says LEN8 but 16 active VG gates in series (stacked),,,,,,,8,16,8,18/19/20/21/22/23/24/25/26/27/28/29/30/31/32/33,,,,,,,,
x81zs_diffchn04,DIFFCHN110-NZ1-L-A-LEN12-SDR:Z:REF:NOM,DIFFCHN,A,DIFFCHN-<MOS>-A-LEN<n>-SDR:Z:REF:NOM,12,0.0833333,CHN: 12 active VG gates in series (name LEN12) = 12 transistors in the current path = 12; Scalar = 1/12,,,,,,,,12,12,0,2/6/10/14/18/22/26/30/34/38/42/46,,,,,,,,
x81zs_diffchn04,DIFFCHN110-NZ1-L-A-LEN6-SDR:Z:REF:NOM,DIFFCHN,A,DIFFCHN-<MOS>-A-LEN<n>-SDR:Z:REF:NOM,6,0.166667,CHN: 6 active VG gates in series (name LEN6) = 6 transistors in the current path = 6; Scalar = 1/6,,,,,,,,6,6,0,14/18/22/26/30/34,,,,,,,,
x81zs_diffchn04,DIFFCHN110-NZ1-L-A-LEN3-SDR:Z:REF:NOM,DIFFCHN,A,DIFFCHN-<MOS>-A-LEN<n>-SDR:Z:REF:NOM,3,0.333333,CHN: 3 active VG gates in series (name LEN3) = 3 transistors in the current path = 3; Scalar = 1/3,,,,,,,,3,3,0,26/30/34,,,,,,,,
x81zs_diffchn04,DIFFCHN110-NZ1-L-D-1FCLEN24-SDR:Z:DEN:NOM,DIFFCHN,D,DIFFCHN-<MOS>-D-1FCLEN<n>-SDR:Z:DEN:NOM,48,0.0208333,CHN: 48 active VG gates in series (name LEN24) = 48 transistors in the current path = 48; Scalar = 1/48,name says LEN24 but 48 active VG gates in series (stacked),,,,,,,24,48,0,2/3/4/5/6/7/8/9/10/11/12/13/14/15/16/17/18/19/20/21/22/23/24/25/26/27/28/29/30/31/32/33/34/35/36/37/38/39/40/41/42/43/44/45/46/47/48/49,,,,,,,,
x81zs_diffchn04,DIFFCHN110-NZ1-L-D-1FCLEN16-SDR:Z:DEN:NOM,DIFFCHN,D,DIFFCHN-<MOS>-D-1FCLEN<n>-SDR:Z:DEN:NOM,31,0.0322581,CHN: 31 active VG gates in series (name LEN16) = 31 transistors in the current path = 31; Scalar = 1/31,name says LEN16 but 31 active VG gates in series (stacked),,,,,,,16,31,0,10/11/12/13/14/15/16/17/18/19/20/21/22/23/24/25/26/27/28/29/30/31/32/33/34/35/36/37/38/39/40,,,,,,,,
x81zs_diffchn04,DIFFCHN110-NZ1-L-D-1FCLEN10-SDR:Z:DEN:NOM,DIFFCHN,D,DIFFCHN-<MOS>-D-1FCLEN<n>-SDR:Z:DEN:NOM,19,0.0526316,CHN: 19 active VG gates in series (name LEN10) = 19 transistors in the current path = 19; Scalar = 1/19,name says LEN10 but 19 active VG gates in series (stacked),,,,,,,10,19,0,16/17/18/19/20/21/22/23/24/25/26/27/28/29/30/31/32/33/34,,,,,,,,
x81zs_diffchn04,DIFFCHN110-NZ1-L-D-1FCLEN6-SDR:Z:DEN:NOM,DIFFCHN,D,DIFFCHN-<MOS>-D-1FCLEN<n>-SDR:Z:DEN:NOM,11,0.0909091,CHN: 11 active VG gates in series (name LEN6) = 11 transistors in the current path = 11; Scalar = 1/11,name says LEN6 but 11 active VG gates in series (stacked),,,,,,,6,11,0,20/21/22/23/24/25/26/27/28/29/30,,,,,,,,
x81zs_diffchn04,DIFFCHN110-NZ1-L-D-HCLEN10-SDR:Z:DEN:NOM,DIFFCHN,D,DIFFCHN-<MOS>-D-HCLEN<n>-SDR:Z:DEN:NOM,19,0.0526316,CHN: 19 active VG gates in series (name LEN10) = 19 transistors in the current path = 19; Scalar = 1/19,name says LEN10 but 19 active VG gates in series (stacked),,,,,,,10,19,0,16/17/18/19/20/21/22/23/24/25/26/27/28/29/30/31/32/33/34,,,,,,,,
x81zs_diffchn04,DIFFCHN110-NZ1-L-D-60x1FCLEN10-SDR:Z:DEN:NOM,DIFFCHN,D,DIFFCHN-<MOS>-D-60x1FCLEN<n>-SDR:Z:DEN:NOM,1140,0.000877193,CHN: 19 active VG gates in series (name LEN10) = 19 transistors in the current path; x 1x60 chains in the array = 1140; Scalar = 1/1140,name says LEN10 but 19 active VG gates in series (stacked) | 60 chains stacked in a 1x60 array (multi-instance); every transistor site is counted,,,,,,,10,19,0,16/17/18/19/20/21/22/23/24/25/26/27/28/29/30/31/32/33/34,,,,,,,,
x81zs_diffchn04,DIFFCHN110-PZ1-L-B-STKx1FLEN24-SDR:Z:REF:NOM,DIFFCHN,B,DIFFCHN-<MOS>-B-STKx1FLEN<n>-SDR:Z:REF:NOM,48,0.0208333,CHN: 48 active VG gates in series as 24 stacked groups of 2 (name LEN24) = 48 transistors in the current path = 48; Scalar = 1/48,name says LEN24 but 48 active VG gates in series (stacked),,,,,,,24,48,24,2/3/4/5/6/7/8/9/10/11/12/13/14/15/16/17/18/19/20/21/22/23/24/25/26/27/28/29/30/31/32/33/34/35/36/37/38/39/40/41/42/43/44/45/46/47/48/49,,,,,,,,
x81zs_diffchn04,DIFFCHN110-PZ1-L-B-STKx2FLEN24-SDR:Z:REF:NOM,DIFFCHN,B,DIFFCHN-<MOS>-B-STKx2FLEN<n>-SDR:Z:REF:NOM,48,0.0208333,CHN: 48 active VG gates in series as 24 stacked groups of 2 (name LEN24) = 48 transistors in the current path = 48; Scalar = 1/48,name says LEN24 but 48 active VG gates in series (stacked),,,,,,,24,48,24,2/3/4/5/6/7/8/9/10/11/12/13/14/15/16/17/18/19/20/21/22/23/24/25/26/27/28/29/30/31/32/33/34/35/36/37/38/39/40/41/42/43/44/45/46/47/48/49,,,,,,,,
x81zs_diffchn04,DIFFCHN110-PZ1-L-B-STKx1FLEN16-SDR:Z:REF:NOM,DIFFCHN,B,DIFFCHN-<MOS>-B-STKx1FLEN<n>-SDR:Z:REF:NOM,32,0.03125,CHN: 32 active VG gates in series as 16 stacked groups of 2 (name LEN16) = 32 transistors in the current path = 32; Scalar = 1/32,name says LEN16 but 32 active VG gates in series (stacked),,,,,,,16,32,16,10/11/12/13/14/15/16/17/18/19/20/21/22/23/24/25/26/27/28/29/30/31/32/33/34/35/36/37/38/39/40/41,,,,,,,,
x81zs_diffchn04,DIFFCHN110-PZ1-L-B-STKx2FLEN16-SDR:Z:REF:NOM,DIFFCHN,B,DIFFCHN-<MOS>-B-STKx2FLEN<n>-SDR:Z:REF:NOM,32,0.03125,CHN: 32 active VG gates in series as 16 stacked groups of 2 (name LEN16) = 32 transistors in the current path = 32; Scalar = 1/32,name says LEN16 but 32 active VG gates in series (stacked),,,,,,,16,32,16,10/11/12/13/14/15/16/17/18/19/20/21/22/23/24/25/26/27/28/29/30/31/32/33/34/35/36/37/38/39/40/41,,,,,,,,
x81zs_diffchn04,DIFFCHN110-PZ1-L-B-STKx1FLEN8-SDR:Z:REF:NOM,DIFFCHN,B,DIFFCHN-<MOS>-B-STKx1FLEN<n>-SDR:Z:REF:NOM,16,0.0625,CHN: 16 active VG gates in series as 8 stacked groups of 2 (name LEN8) = 16 transistors in the current path = 16; Scalar = 1/16,name says LEN8 but 16 active VG gates in series (stacked),,,,,,,8,16,8,18/19/20/21/22/23/24/25/26/27/28/29/30/31/32/33,,,,,,,,
x81zs_diffchn04,DIFFCHN110-PZ1-L-B-STKx2FLEN8-SDR:Z:REF:NOM,DIFFCHN,B,DIFFCHN-<MOS>-B-STKx2FLEN<n>-SDR:Z:REF:NOM,16,0.0625,CHN: 16 active VG gates in series as 8 stacked groups of 2 (name LEN8) = 16 transistors in the current path = 16; Scalar = 1/16,name says LEN8 but 16 active VG gates in series (stacked),,,,,,,8,16,8,18/19/20/21/22/23/24/25/26/27/28/29/30/31/32/33,,,,,,,,
x81zs_diffchn04,DIFFCHN110-PZ1-L-A-LEN12-SDR:Z:REF:NOM,DIFFCHN,A,DIFFCHN-<MOS>-A-LEN<n>-SDR:Z:REF:NOM,12,0.0833333,CHN: 12 active VG gates in series (name LEN12) = 12 transistors in the current path = 12; Scalar = 1/12,,,,,,,,12,12,0,2/6/10/14/18/22/26/30/34/38/42/46,,,,,,,,
x81zs_diffchn04,DIFFCHN110-PZ1-L-A-LEN6-SDR:Z:REF:NOM,DIFFCHN,A,DIFFCHN-<MOS>-A-LEN<n>-SDR:Z:REF:NOM,6,0.166667,CHN: 6 active VG gates in series (name LEN6) = 6 transistors in the current path = 6; Scalar = 1/6,,,,,,,,6,6,0,14/18/22/26/30/34,,,,,,,,
x81zs_diffchn04,DIFFCHN110-PZ1-L-A-LEN3-SDR:Z:REF:NOM,DIFFCHN,A,DIFFCHN-<MOS>-A-LEN<n>-SDR:Z:REF:NOM,3,0.333333,CHN: 3 active VG gates in series (name LEN3) = 3 transistors in the current path = 3; Scalar = 1/3,,,,,,,,3,3,0,26/30/34,,,,,,,,
x81zs_diffchn04,DIFFCHN110-PZ1-L-D-1FCLEN24-SDR:Z:DEN:NOM,DIFFCHN,D,DIFFCHN-<MOS>-D-1FCLEN<n>-SDR:Z:DEN:NOM,48,0.0208333,CHN: 48 active VG gates in series (name LEN24) = 48 transistors in the current path = 48; Scalar = 1/48,name says LEN24 but 48 active VG gates in series (stacked),,,,,,,24,48,0,2/3/4/5/6/7/8/9/10/11/12/13/14/15/16/17/18/19/20/21/22/23/24/25/26/27/28/29/30/31/32/33/34/35/36/37/38/39/40/41/42/43/44/45/46/47/48/49,,,,,,,,
x81zs_diffchn04,DIFFCHN110-PZ1-L-D-1FCLEN16-SDR:Z:DEN:NOM,DIFFCHN,D,DIFFCHN-<MOS>-D-1FCLEN<n>-SDR:Z:DEN:NOM,31,0.0322581,CHN: 31 active VG gates in series (name LEN16) = 31 transistors in the current path = 31; Scalar = 1/31,name says LEN16 but 31 active VG gates in series (stacked),,,,,,,16,31,0,10/11/12/13/14/15/16/17/18/19/20/21/22/23/24/25/26/27/28/29/30/31/32/33/34/35/36/37/38/39/40,,,,,,,,
x81zs_diffchn04,DIFFCHN110-PZ1-L-D-1FCLEN10-SDR:Z:DEN:NOM,DIFFCHN,D,DIFFCHN-<MOS>-D-1FCLEN<n>-SDR:Z:DEN:NOM,19,0.0526316,CHN: 19 active VG gates in series (name LEN10) = 19 transistors in the current path = 19; Scalar = 1/19,name says LEN10 but 19 active VG gates in series (stacked),,,,,,,10,19,0,16/17/18/19/20/21/22/23/24/25/26/27/28/29/30/31/32/33/34,,,,,,,,
x81zs_diffchn04,DIFFCHN110-PZ1-L-D-1FCLEN6-SDR:Z:DEN:NOM,DIFFCHN,D,DIFFCHN-<MOS>-D-1FCLEN<n>-SDR:Z:DEN:NOM,11,0.0909091,CHN: 11 active VG gates in series (name LEN6) = 11 transistors in the current path = 11; Scalar = 1/11,name says LEN6 but 11 active VG gates in series (stacked),,,,,,,6,11,0,20/21/22/23/24/25/26/27/28/29/30,,,,,,,,
x81zs_diffchn04,DIFFCHN110-PZ1-L-D-HCLEN10-SDR:Z:DEN:NOM,DIFFCHN,D,DIFFCHN-<MOS>-D-HCLEN<n>-SDR:Z:DEN:NOM,19,0.0526316,CHN: 19 active VG gates in series (name LEN10) = 19 transistors in the current path = 19; Scalar = 1/19,name says LEN10 but 19 active VG gates in series (stacked),,,,,,,10,19,0,16/17/18/19/20/21/22/23/24/25/26/27/28/29/30/31/32/33/34,,,,,,,,
x81zs_diffchn04,DIFFCHN110-PZ1-L-D-60x1FCLEN10-SDR:Z:DEN:NOM,DIFFCHN,D,DIFFCHN-<MOS>-D-60x1FCLEN<n>-SDR:Z:DEN:NOM,1140,0.000877193,CHN: 19 active VG gates in series (name LEN10) = 19 transistors in the current path; x 1x60 chains in the array = 1140; Scalar = 1/1140,name says LEN10 but 19 active VG gates in series (stacked) | 60 chains stacked in a 1x60 array (multi-instance); every transistor site is counted,,,,,,,10,19,0,16/17/18/19/20/21/22/23/24/25/26/27/28/29/30/31/32/33/34,,,,,,,,
x81zs_diffchn04,DIFFCHN110-NZ1-L-A-LEN6-PXL:PGD:CD:N5,DIFFCHN,A,DIFFCHN-<MOS>-A-LEN<n>-PXL:PGD:CD:<SKEW>,6,0.166667,CHN: 6 active VG gates in series (name LEN6) = 6 transistors in the current path = 6; Scalar = 1/6,,,,,,,,6,6,0,14/18/22/26/30/34,,,,,,,,
x81zs_diffchn04,DIFFCHN110-NZ1-L-A-LEN6-PXL:PGD:CD:N3,DIFFCHN,A,DIFFCHN-<MOS>-A-LEN<n>-PXL:PGD:CD:<SKEW>,6,0.166667,CHN: 6 active VG gates in series (name LEN6) = 6 transistors in the current path = 6; Scalar = 1/6,,,,,,,,6,6,0,14/18/22/26/30/34,,,,,,,,
x81zs_diffchn04,DIFFCHN110-NZ1-L-A-LEN6-PXL:PGD:CD:N1,DIFFCHN,A,DIFFCHN-<MOS>-A-LEN<n>-PXL:PGD:CD:<SKEW>,6,0.166667,CHN: 6 active VG gates in series (name LEN6) = 6 transistors in the current path = 6; Scalar = 1/6,,,,,,,,6,6,0,14/18/22/26/30/34,,,,,,,,
x81zs_diffchn04,DIFFCHN110-NZ1-L-A-LEN6-PXL:PGD:CD:NOM,DIFFCHN,A,DIFFCHN-<MOS>-A-LEN<n>-PXL:PGD:CD:NOM,6,0.166667,CHN: 6 active VG gates in series (name LEN6) = 6 transistors in the current path = 6; Scalar = 1/6,,,,,,,,6,6,0,14/18/22/26/30/34,,,,,,,,
x81zs_diffchn04,DIFFCHN110-NZ1-L-A-LEN6-PXL:PGD:CD:P1,DIFFCHN,A,DIFFCHN-<MOS>-A-LEN<n>-PXL:PGD:CD:<SKEW>,6,0.166667,CHN: 6 active VG gates in series (name LEN6) = 6 transistors in the current path = 6; Scalar = 1/6,,,,,,,,6,6,0,14/18/22/26/30/34,,,,,,,,
x81zs_diffchn04,DIFFCHN110-NZ1-L-A-LEN6-PXL:PGD:CD:P3,DIFFCHN,A,DIFFCHN-<MOS>-A-LEN<n>-PXL:PGD:CD:<SKEW>,6,0.166667,CHN: 6 active VG gates in series (name LEN6) = 6 transistors in the current path = 6; Scalar = 1/6,,,,,,,,6,6,0,14/18/22/26/30/34,,,,,,,,
x81zs_diffchn04,DIFFCHN110-NZ1-L-A-LEN6-PXL:PGD:CD:P5,DIFFCHN,A,DIFFCHN-<MOS>-A-LEN<n>-PXL:PGD:CD:<SKEW>,6,0.166667,CHN: 6 active VG gates in series (name LEN6) = 6 transistors in the current path = 6; Scalar = 1/6,,,,,,,,6,6,0,14/18/22/26/30/34,,,,,,,,
x81zs_diffchn04,DIFFCHN110-PZ1-L-A-LEN6-PXL:PGD:CD:N5,DIFFCHN,A,DIFFCHN-<MOS>-A-LEN<n>-PXL:PGD:CD:<SKEW>,6,0.166667,CHN: 6 active VG gates in series (name LEN6) = 6 transistors in the current path = 6; Scalar = 1/6,,,,,,,,6,6,0,14/18/22/26/30/34,,,,,,,,
x81zs_diffchn04,DIFFCHN110-PZ1-L-A-LEN6-PXL:PGD:CD:N3,DIFFCHN,A,DIFFCHN-<MOS>-A-LEN<n>-PXL:PGD:CD:<SKEW>,6,0.166667,CHN: 6 active VG gates in series (name LEN6) = 6 transistors in the current path = 6; Scalar = 1/6,,,,,,,,6,6,0,14/18/22/26/30/34,,,,,,,,
x81zs_diffchn04,DIFFCHN110-PZ1-L-A-LEN6-PXL:PGD:CD:N1,DIFFCHN,A,DIFFCHN-<MOS>-A-LEN<n>-PXL:PGD:CD:<SKEW>,6,0.166667,CHN: 6 active VG gates in series (name LEN6) = 6 transistors in the current path = 6; Scalar = 1/6,,,,,,,,6,6,0,14/18/22/26/30/34,,,,,,,,
x81zs_diffchn04,DIFFCHN110-PZ1-L-A-LEN6-PXL:PGD:CD:NOM,DIFFCHN,A,DIFFCHN-<MOS>-A-LEN<n>-PXL:PGD:CD:NOM,6,0.166667,CHN: 6 active VG gates in series (name LEN6) = 6 transistors in the current path = 6; Scalar = 1/6,,,,,,,,6,6,0,14/18/22/26/30/34,,,,,,,,
x81zs_diffchn04,DIFFCHN110-PZ1-L-A-LEN6-PXL:PGD:CD:P1,DIFFCHN,A,DIFFCHN-<MOS>-A-LEN<n>-PXL:PGD:CD:<SKEW>,6,0.166667,CHN: 6 active VG gates in series (name LEN6) = 6 transistors in the current path = 6; Scalar = 1/6,,,,,,,,6,6,0,14/18/22/26/30/34,,,,,,,,
x81zs_diffchn04,DIFFCHN110-PZ1-L-A-LEN6-PXL:PGD:CD:P3,DIFFCHN,A,DIFFCHN-<MOS>-A-LEN<n>-PXL:PGD:CD:<SKEW>,6,0.166667,CHN: 6 active VG gates in series (name LEN6) = 6 transistors in the current path = 6; Scalar = 1/6,,,,,,,,6,6,0,14/18/22/26/30/34,,,,,,,,
x81zs_diffchn04,DIFFCHN110-PZ1-L-A-LEN6-PXL:PGD:CD:P5,DIFFCHN,A,DIFFCHN-<MOS>-A-LEN<n>-PXL:PGD:CD:<SKEW>,6,0.166667,CHN: 6 active VG gates in series (name LEN6) = 6 transistors in the current path = 6; Scalar = 1/6,,,,,,,,6,6,0,14/18/22/26/30/34,,,,,,,,
x81zs_diffchn04,DIFFCHN165-NZ7-L-LEN6-A:PXL:PGD:REG:N8,DIFFCHN,LEN6,DIFFCHN-<MOS>-LEN<n>-A:PXL:PGD:REG:<SKEW>,6,0.166667,CHN: 6 active VG gates in series (name LEN6) = 6 transistors in the current path = 6; Scalar = 1/6,,,,,,,,6,6,0,14/18/22/26/30/34,,,,,,,,
x81zs_diffchn04,DIFFCHN165-NZ7-L-LEN6-A:PXL:PGD:REG:N6,DIFFCHN,LEN6,DIFFCHN-<MOS>-LEN<n>-A:PXL:PGD:REG:<SKEW>,6,0.166667,CHN: 6 active VG gates in series (name LEN6) = 6 transistors in the current path = 6; Scalar = 1/6,,,,,,,,6,6,0,14/18/22/26/30/34,,,,,,,,
x81zs_diffchn04,DIFFCHN165-NZ7-L-LEN6-A:PXL:PGD:REG:N5,DIFFCHN,LEN6,DIFFCHN-<MOS>-LEN<n>-A:PXL:PGD:REG:<SKEW>,6,0.166667,CHN: 6 active VG gates in series (name LEN6) = 6 transistors in the current path = 6; Scalar = 1/6,,,,,,,,6,6,0,14/18/22/26/30/34,,,,,,,,
x81zs_diffchn04,DIFFCHN165-NZ7-L-LEN6-A:PXL:PGD:REG:N3,DIFFCHN,LEN6,DIFFCHN-<MOS>-LEN<n>-A:PXL:PGD:REG:<SKEW>,6,0.166667,CHN: 6 active VG gates in series (name LEN6) = 6 transistors in the current path = 6; Scalar = 1/6,,,,,,,,6,6,0,14/18/22/26/30/34,,,,,,,,
x81zs_diffchn04,DIFFCHN165-NZ7-L-LEN6-A:PXL:PGD:REG:N1,DIFFCHN,LEN6,DIFFCHN-<MOS>-LEN<n>-A:PXL:PGD:REG:<SKEW>,6,0.166667,CHN: 6 active VG gates in series (name LEN6) = 6 transistors in the current path = 6; Scalar = 1/6,,,,,,,,6,6,0,14/18/22/26/30/34,,,,,,,,
x81zs_diffchn04,DIFFCHN165-NZ7-L-LEN6-A:PXL:PGD:REG:NOM,DIFFCHN,LEN6,DIFFCHN-<MOS>-LEN<n>-A:PXL:PGD:REG:NOM,6,0.166667,CHN: 6 active VG gates in series (name LEN6) = 6 transistors in the current path = 6; Scalar = 1/6,,,,,,,,6,6,0,14/18/22/26/30/34,,,,,,,,
x81zs_diffchn04,DIFFCHN165-NZ7-L-LEN6-A:PXL:PGD:REG:P1,DIFFCHN,LEN6,DIFFCHN-<MOS>-LEN<n>-A:PXL:PGD:REG:<SKEW>,6,0.166667,CHN: 6 active VG gates in series (name LEN6) = 6 transistors in the current path = 6; Scalar = 1/6,,,,,,,,6,6,0,14/18/22/26/30/34,,,,,,,,
x81zs_diffchn04,DIFFCHN165-NZ7-L-LEN6-A:PXL:PGD:REG:P3,DIFFCHN,LEN6,DIFFCHN-<MOS>-LEN<n>-A:PXL:PGD:REG:<SKEW>,6,0.166667,CHN: 6 active VG gates in series (name LEN6) = 6 transistors in the current path = 6; Scalar = 1/6,,,,,,,,6,6,0,14/18/22/26/30/34,,,,,,,,
x81zs_diffchn04,DIFFCHN165-NZ7-L-LEN6-A:PXL:PGD:REG:P5,DIFFCHN,LEN6,DIFFCHN-<MOS>-LEN<n>-A:PXL:PGD:REG:<SKEW>,6,0.166667,CHN: 6 active VG gates in series (name LEN6) = 6 transistors in the current path = 6; Scalar = 1/6,,,,,,,,6,6,0,14/18/22/26/30/34,,,,,,,,
x81zs_diffchn04,DIFFCHN165-NZ7-L-LEN6-A:PXL:PGD:REG:P6,DIFFCHN,LEN6,DIFFCHN-<MOS>-LEN<n>-A:PXL:PGD:REG:<SKEW>,6,0.166667,CHN: 6 active VG gates in series (name LEN6) = 6 transistors in the current path = 6; Scalar = 1/6,,,,,,,,6,6,0,14/18/22/26/30/34,,,,,,,,
x81zs_diffchn04,DIFFCHN165-NZ7-L-LEN6-A:PXL:PGD:REG:P8,DIFFCHN,LEN6,DIFFCHN-<MOS>-LEN<n>-A:PXL:PGD:REG:<SKEW>,6,0.166667,CHN: 6 active VG gates in series (name LEN6) = 6 transistors in the current path = 6; Scalar = 1/6,,,,,,,,6,6,0,14/18/22/26/30/34,,,,,,,,
x81zs_diffchn04,DIFFCHN165-NZ7-L-LEN6-A:PXL:PGD:CD:N5,DIFFCHN,LEN6,DIFFCHN-<MOS>-LEN<n>-A:PXL:PGD:CD:<SKEW>,6,0.166667,CHN: 6 active VG gates in series (name LEN6) = 6 transistors in the current path = 6; Scalar = 1/6,,,,,,,,6,6,0,14/18/22/26/30/34,,,,,,,,
x81zs_diffchn04,DIFFCHN165-NZ7-L-LEN6-A:PXL:PGD:CD:N3,DIFFCHN,LEN6,DIFFCHN-<MOS>-LEN<n>-A:PXL:PGD:CD:<SKEW>,6,0.166667,CHN: 6 active VG gates in series (name LEN6) = 6 transistors in the current path = 6; Scalar = 1/6,,,,,,,,6,6,0,14/18/22/26/30/34,,,,,,,,
x81zs_diffchn04,DIFFCHN165-NZ7-L-LEN6-A:PXL:PGD:CD:N1,DIFFCHN,LEN6,DIFFCHN-<MOS>-LEN<n>-A:PXL:PGD:CD:<SKEW>,6,0.166667,CHN: 6 active VG gates in series (name LEN6) = 6 transistors in the current path = 6; Scalar = 1/6,,,,,,,,6,6,0,14/18/22/26/30/34,,,,,,,,
x81zs_diffchn04,DIFFCHN165-NZ7-L-LEN6-A:PXL:PGD:CD:NOM,DIFFCHN,LEN6,DIFFCHN-<MOS>-LEN<n>-A:PXL:PGD:CD:NOM,6,0.166667,CHN: 6 active VG gates in series (name LEN6) = 6 transistors in the current path = 6; Scalar = 1/6,,,,,,,,6,6,0,14/18/22/26/30/34,,,,,,,,
x81zs_diffchn04,DIFFCHN165-NZ7-L-LEN6-A:PXL:PGD:CD:P1,DIFFCHN,LEN6,DIFFCHN-<MOS>-LEN<n>-A:PXL:PGD:CD:<SKEW>,6,0.166667,CHN: 6 active VG gates in series (name LEN6) = 6 transistors in the current path = 6; Scalar = 1/6,,,,,,,,6,6,0,14/18/22/26/30/34,,,,,,,,
x81zs_diffchn04,DIFFCHN165-NZ7-L-LEN6-A:PXL:PGD:CD:P3,DIFFCHN,LEN6,DIFFCHN-<MOS>-LEN<n>-A:PXL:PGD:CD:<SKEW>,6,0.166667,CHN: 6 active VG gates in series (name LEN6) = 6 transistors in the current path = 6; Scalar = 1/6,,,,,,,,6,6,0,14/18/22/26/30/34,,,,,,,,
x81zs_diffchn04,DIFFCHN165-NZ7-L-LEN6-A:PXL:PGD:CD:P5,DIFFCHN,LEN6,DIFFCHN-<MOS>-LEN<n>-A:PXL:PGD:CD:<SKEW>,6,0.166667,CHN: 6 active VG gates in series (name LEN6) = 6 transistors in the current path = 6; Scalar = 1/6,,,,,,,,6,6,0,14/18/22/26/30/34,,,,,,,,
x81zs_diffchn04,DIFFCHN165-PZ7-L-LEN6-A:PXL:PGD:REG:N8,DIFFCHN,LEN6,DIFFCHN-<MOS>-LEN<n>-A:PXL:PGD:REG:<SKEW>,6,0.166667,CHN: 6 active VG gates in series (name LEN6) = 6 transistors in the current path = 6; Scalar = 1/6,,,,,,,,6,6,0,14/18/22/26/30/34,,,,,,,,
x81zs_diffchn04,DIFFCHN165-PZ7-L-LEN6-A:PXL:PGD:REG:N6,DIFFCHN,LEN6,DIFFCHN-<MOS>-LEN<n>-A:PXL:PGD:REG:<SKEW>,6,0.166667,CHN: 6 active VG gates in series (name LEN6) = 6 transistors in the current path = 6; Scalar = 1/6,,,,,,,,6,6,0,14/18/22/26/30/34,,,,,,,,
x81zs_diffchn04,DIFFCHN165-PZ7-L-LEN6-A:PXL:PGD:REG:N5,DIFFCHN,LEN6,DIFFCHN-<MOS>-LEN<n>-A:PXL:PGD:REG:<SKEW>,6,0.166667,CHN: 6 active VG gates in series (name LEN6) = 6 transistors in the current path = 6; Scalar = 1/6,,,,,,,,6,6,0,14/18/22/26/30/34,,,,,,,,
x81zs_diffchn04,DIFFCHN165-PZ7-L-LEN6-A:PXL:PGD:REG:N3,DIFFCHN,LEN6,DIFFCHN-<MOS>-LEN<n>-A:PXL:PGD:REG:<SKEW>,6,0.166667,CHN: 6 active VG gates in series (name LEN6) = 6 transistors in the current path = 6; Scalar = 1/6,,,,,,,,6,6,0,14/18/22/26/30/34,,,,,,,,
x81zs_diffchn04,DIFFCHN165-PZ7-L-LEN6-A:PXL:PGD:REG:N1,DIFFCHN,LEN6,DIFFCHN-<MOS>-LEN<n>-A:PXL:PGD:REG:<SKEW>,6,0.166667,CHN: 6 active VG gates in series (name LEN6) = 6 transistors in the current path = 6; Scalar = 1/6,,,,,,,,6,6,0,14/18/22/26/30/34,,,,,,,,
x81zs_diffchn04,DIFFCHN165-PZ7-L-LEN6-A:PXL:PGD:REG:NOM,DIFFCHN,LEN6,DIFFCHN-<MOS>-LEN<n>-A:PXL:PGD:REG:NOM,6,0.166667,CHN: 6 active VG gates in series (name LEN6) = 6 transistors in the current path = 6; Scalar = 1/6,,,,,,,,6,6,0,14/18/22/26/30/34,,,,,,,,
x81zs_diffchn04,DIFFCHN165-PZ7-L-LEN6-A:PXL:PGD:REG:P1,DIFFCHN,LEN6,DIFFCHN-<MOS>-LEN<n>-A:PXL:PGD:REG:<SKEW>,6,0.166667,CHN: 6 active VG gates in series (name LEN6) = 6 transistors in the current path = 6; Scalar = 1/6,,,,,,,,6,6,0,14/18/22/26/30/34,,,,,,,,
x81zs_diffchn04,DIFFCHN165-PZ7-L-LEN6-A:PXL:PGD:REG:P3,DIFFCHN,LEN6,DIFFCHN-<MOS>-LEN<n>-A:PXL:PGD:REG:<SKEW>,6,0.166667,CHN: 6 active VG gates in series (name LEN6) = 6 transistors in the current path = 6; Scalar = 1/6,,,,,,,,6,6,0,14/18/22/26/30/34,,,,,,,,
x81zs_diffchn04,DIFFCHN165-PZ7-L-LEN6-A:PXL:PGD:REG:P5,DIFFCHN,LEN6,DIFFCHN-<MOS>-LEN<n>-A:PXL:PGD:REG:<SKEW>,6,0.166667,CHN: 6 active VG gates in series (name LEN6) = 6 transistors in the current path = 6; Scalar = 1/6,,,,,,,,6,6,0,14/18/22/26/30/34,,,,,,,,
x81zs_diffchn04,DIFFCHN165-PZ7-L-LEN6-A:PXL:PGD:REG:P6,DIFFCHN,LEN6,DIFFCHN-<MOS>-LEN<n>-A:PXL:PGD:REG:<SKEW>,6,0.166667,CHN: 6 active VG gates in series (name LEN6) = 6 transistors in the current path = 6; Scalar = 1/6,,,,,,,,6,6,0,14/18/22/26/30/34,,,,,,,,
x81zs_diffchn04,DIFFCHN165-PZ7-L-LEN6-A:PXL:PGD:REG:P8,DIFFCHN,LEN6,DIFFCHN-<MOS>-LEN<n>-A:PXL:PGD:REG:<SKEW>,6,0.166667,CHN: 6 active VG gates in series (name LEN6) = 6 transistors in the current path = 6; Scalar = 1/6,,,,,,,,6,6,0,14/18/22/26/30/34,,,,,,,,
x81zs_diffchn04,DIFFCHN165-PZ7-L-LEN6-A:PXL:PGD:CD:N5,DIFFCHN,LEN6,DIFFCHN-<MOS>-LEN<n>-A:PXL:PGD:CD:<SKEW>,6,0.166667,CHN: 6 active VG gates in series (name LEN6) = 6 transistors in the current path = 6; Scalar = 1/6,,,,,,,,6,6,0,14/18/22/26/30/34,,,,,,,,
x81zs_diffchn04,DIFFCHN165-PZ7-L-LEN6-A:PXL:PGD:CD:N3,DIFFCHN,LEN6,DIFFCHN-<MOS>-LEN<n>-A:PXL:PGD:CD:<SKEW>,6,0.166667,CHN: 6 active VG gates in series (name LEN6) = 6 transistors in the current path = 6; Scalar = 1/6,,,,,,,,6,6,0,14/18/22/26/30/34,,,,,,,,
x81zs_diffchn04,DIFFCHN165-PZ7-L-LEN6-A:PXL:PGD:CD:N1,DIFFCHN,LEN6,DIFFCHN-<MOS>-LEN<n>-A:PXL:PGD:CD:<SKEW>,6,0.166667,CHN: 6 active VG gates in series (name LEN6) = 6 transistors in the current path = 6; Scalar = 1/6,,,,,,,,6,6,0,14/18/22/26/30/34,,,,,,,,
x81zs_diffchn04,DIFFCHN165-PZ7-L-LEN6-A:PXL:PGD:CD:NOM,DIFFCHN,LEN6,DIFFCHN-<MOS>-LEN<n>-A:PXL:PGD:CD:NOM,6,0.166667,CHN: 6 active VG gates in series (name LEN6) = 6 transistors in the current path = 6; Scalar = 1/6,,,,,,,,6,6,0,14/18/22/26/30/34,,,,,,,,
x81zs_diffchn04,DIFFCHN165-PZ7-L-LEN6-A:PXL:PGD:CD:P1,DIFFCHN,LEN6,DIFFCHN-<MOS>-LEN<n>-A:PXL:PGD:CD:<SKEW>,6,0.166667,CHN: 6 active VG gates in series (name LEN6) = 6 transistors in the current path = 6; Scalar = 1/6,,,,,,,,6,6,0,14/18/22/26/30/34,,,,,,,,
x81zs_diffchn04,DIFFCHN165-PZ7-L-LEN6-A:PXL:PGD:CD:P3,DIFFCHN,LEN6,DIFFCHN-<MOS>-LEN<n>-A:PXL:PGD:CD:<SKEW>,6,0.166667,CHN: 6 active VG gates in series (name LEN6) = 6 transistors in the current path = 6; Scalar = 1/6,,,,,,,,6,6,0,14/18/22/26/30/34,,,,,,,,
x81zs_diffchn04,DIFFCHN165-PZ7-L-LEN6-A:PXL:PGD:CD:P5,DIFFCHN,LEN6,DIFFCHN-<MOS>-LEN<n>-A:PXL:PGD:CD:<SKEW>,6,0.166667,CHN: 6 active VG gates in series (name LEN6) = 6 transistors in the current path = 6; Scalar = 1/6,,,,,,,,6,6,0,14/18/22/26/30/34,,,,,,,,
x81zs_diffchn04,DIFFCHN165-NZ7-L-LEN10FC-D:PXL:PGD:REG:N8,DIFFCHN,LEN10FC,DIFFCHN-<MOS>-LEN<n>FC-D:PXL:PGD:REG:<SKEW>,19,0.0526316,CHN: 19 active VG gates in series (name LEN10) = 19 transistors in the current path = 19; Scalar = 1/19,name says LEN10 but 19 active VG gates in series (stacked),,,,,,,10,19,0,16/17/18/19/20/21/22/23/24/25/26/27/28/29/30/31/32/33/34,,,,,,,,
x81zs_diffchn04,DIFFCHN165-NZ7-L-LEN10FC-D:PXL:PGD:REG:N6,DIFFCHN,LEN10FC,DIFFCHN-<MOS>-LEN<n>FC-D:PXL:PGD:REG:<SKEW>,19,0.0526316,CHN: 19 active VG gates in series (name LEN10) = 19 transistors in the current path = 19; Scalar = 1/19,name says LEN10 but 19 active VG gates in series (stacked),,,,,,,10,19,0,16/17/18/19/20/21/22/23/24/25/26/27/28/29/30/31/32/33/34,,,,,,,,
x81zs_diffchn04,DIFFCHN165-NZ7-L-LEN10FC-D:PXL:PGD:REG:N5,DIFFCHN,LEN10FC,DIFFCHN-<MOS>-LEN<n>FC-D:PXL:PGD:REG:<SKEW>,19,0.0526316,CHN: 19 active VG gates in series (name LEN10) = 19 transistors in the current path = 19; Scalar = 1/19,name says LEN10 but 19 active VG gates in series (stacked),,,,,,,10,19,0,16/17/18/19/20/21/22/23/24/25/26/27/28/29/30/31/32/33/34,,,,,,,,
x81zs_diffchn04,DIFFCHN165-NZ7-L-LEN10FC-D:PXL:PGD:REG:N3,DIFFCHN,LEN10FC,DIFFCHN-<MOS>-LEN<n>FC-D:PXL:PGD:REG:<SKEW>,19,0.0526316,CHN: 19 active VG gates in series (name LEN10) = 19 transistors in the current path = 19; Scalar = 1/19,name says LEN10 but 19 active VG gates in series (stacked),,,,,,,10,19,0,16/17/18/19/20/21/22/23/24/25/26/27/28/29/30/31/32/33/34,,,,,,,,
x81zs_diffchn04,DIFFCHN165-NZ7-L-LEN10FC-D:PXL:PGD:REG:NOM,DIFFCHN,LEN10FC,DIFFCHN-<MOS>-LEN<n>FC-D:PXL:PGD:REG:NOM,19,0.0526316,CHN: 19 active VG gates in series (name LEN10) = 19 transistors in the current path = 19; Scalar = 1/19,name says LEN10 but 19 active VG gates in series (stacked),,,,,,,10,19,0,16/17/18/19/20/21/22/23/24/25/26/27/28/29/30/31/32/33/34,,,,,,,,
x81zs_diffchn04,DIFFCHN165-NZ7-L-LEN10FC-D:PXL:PGD:REG:P3,DIFFCHN,LEN10FC,DIFFCHN-<MOS>-LEN<n>FC-D:PXL:PGD:REG:<SKEW>,19,0.0526316,CHN: 19 active VG gates in series (name LEN10) = 19 transistors in the current path = 19; Scalar = 1/19,name says LEN10 but 19 active VG gates in series (stacked),,,,,,,10,19,0,16/17/18/19/20/21/22/23/24/25/26/27/28/29/30/31/32/33/34,,,,,,,,
x81zs_diffchn04,DIFFCHN165-NZ7-L-LEN10FC-D:PXL:PGD:REG:P5,DIFFCHN,LEN10FC,DIFFCHN-<MOS>-LEN<n>FC-D:PXL:PGD:REG:<SKEW>,19,0.0526316,CHN: 19 active VG gates in series (name LEN10) = 19 transistors in the current path = 19; Scalar = 1/19,name says LEN10 but 19 active VG gates in series (stacked),,,,,,,10,19,0,16/17/18/19/20/21/22/23/24/25/26/27/28/29/30/31/32/33/34,,,,,,,,
x81zs_diffchn04,DIFFCHN165-NZ7-L-LEN10FC-D:PXL:PGD:REG:P6,DIFFCHN,LEN10FC,DIFFCHN-<MOS>-LEN<n>FC-D:PXL:PGD:REG:<SKEW>,19,0.0526316,CHN: 19 active VG gates in series (name LEN10) = 19 transistors in the current path = 19; Scalar = 1/19,name says LEN10 but 19 active VG gates in series (stacked),,,,,,,10,19,0,16/17/18/19/20/21/22/23/24/25/26/27/28/29/30/31/32/33/34,,,,,,,,
x81zs_diffchn04,DIFFCHN165-NZ7-L-LEN10FC-D:PXL:PGD:REG:P8,DIFFCHN,LEN10FC,DIFFCHN-<MOS>-LEN<n>FC-D:PXL:PGD:REG:<SKEW>,19,0.0526316,CHN: 19 active VG gates in series (name LEN10) = 19 transistors in the current path = 19; Scalar = 1/19,name says LEN10 but 19 active VG gates in series (stacked),,,,,,,10,19,0,16/17/18/19/20/21/22/23/24/25/26/27/28/29/30/31/32/33/34,,,,,,,,
x81zs_diffchn04,DIFFCHN165-PZ7-L-LEN10FC-D:PXL:PGD:REG:N8,DIFFCHN,LEN10FC,DIFFCHN-<MOS>-LEN<n>FC-D:PXL:PGD:REG:<SKEW>,19,0.0526316,CHN: 19 active VG gates in series (name LEN10) = 19 transistors in the current path = 19; Scalar = 1/19,name says LEN10 but 19 active VG gates in series (stacked),,,,,,,10,19,0,16/17/18/19/20/21/22/23/24/25/26/27/28/29/30/31/32/33/34,,,,,,,,
x81zs_diffchn04,DIFFCHN165-PZ7-L-LEN10FC-D:PXL:PGD:REG:N6,DIFFCHN,LEN10FC,DIFFCHN-<MOS>-LEN<n>FC-D:PXL:PGD:REG:<SKEW>,19,0.0526316,CHN: 19 active VG gates in series (name LEN10) = 19 transistors in the current path = 19; Scalar = 1/19,name says LEN10 but 19 active VG gates in series (stacked),,,,,,,10,19,0,16/17/18/19/20/21/22/23/24/25/26/27/28/29/30/31/32/33/34,,,,,,,,
x81zs_diffchn04,DIFFCHN165-PZ7-L-LEN10FC-D:PXL:PGD:REG:N5,DIFFCHN,LEN10FC,DIFFCHN-<MOS>-LEN<n>FC-D:PXL:PGD:REG:<SKEW>,19,0.0526316,CHN: 19 active VG gates in series (name LEN10) = 19 transistors in the current path = 19; Scalar = 1/19,name says LEN10 but 19 active VG gates in series (stacked),,,,,,,10,19,0,16/17/18/19/20/21/22/23/24/25/26/27/28/29/30/31/32/33/34,,,,,,,,
x81zs_diffchn04,DIFFCHN165-PZ7-L-LEN10FC-D:PXL:PGD:REG:N3,DIFFCHN,LEN10FC,DIFFCHN-<MOS>-LEN<n>FC-D:PXL:PGD:REG:<SKEW>,19,0.0526316,CHN: 19 active VG gates in series (name LEN10) = 19 transistors in the current path = 19; Scalar = 1/19,name says LEN10 but 19 active VG gates in series (stacked),,,,,,,10,19,0,16/17/18/19/20/21/22/23/24/25/26/27/28/29/30/31/32/33/34,,,,,,,,
x81zs_diffchn04,DIFFCHN165-PZ7-L-LEN10FC-D:PXL:PGD:REG:NOM,DIFFCHN,LEN10FC,DIFFCHN-<MOS>-LEN<n>FC-D:PXL:PGD:REG:NOM,19,0.0526316,CHN: 19 active VG gates in series (name LEN10) = 19 transistors in the current path = 19; Scalar = 1/19,name says LEN10 but 19 active VG gates in series (stacked),,,,,,,10,19,0,16/17/18/19/20/21/22/23/24/25/26/27/28/29/30/31/32/33/34,,,,,,,,
x81zs_diffchn04,DIFFCHN165-PZ7-L-LEN10FC-D:PXL:PGD:REG:P3,DIFFCHN,LEN10FC,DIFFCHN-<MOS>-LEN<n>FC-D:PXL:PGD:REG:<SKEW>,19,0.0526316,CHN: 19 active VG gates in series (name LEN10) = 19 transistors in the current path = 19; Scalar = 1/19,name says LEN10 but 19 active VG gates in series (stacked),,,,,,,10,19,0,16/17/18/19/20/21/22/23/24/25/26/27/28/29/30/31/32/33/34,,,,,,,,
x81zs_diffchn04,DIFFCHN165-PZ7-L-LEN10FC-D:PXL:PGD:REG:P5,DIFFCHN,LEN10FC,DIFFCHN-<MOS>-LEN<n>FC-D:PXL:PGD:REG:<SKEW>,19,0.0526316,CHN: 19 active VG gates in series (name LEN10) = 19 transistors in the current path = 19; Scalar = 1/19,name says LEN10 but 19 active VG gates in series (stacked),,,,,,,10,19,0,16/17/18/19/20/21/22/23/24/25/26/27/28/29/30/31/32/33/34,,,,,,,,
x81zs_diffchn04,DIFFCHN165-PZ7-L-LEN10FC-D:PXL:PGD:REG:P6,DIFFCHN,LEN10FC,DIFFCHN-<MOS>-LEN<n>FC-D:PXL:PGD:REG:<SKEW>,19,0.0526316,CHN: 19 active VG gates in series (name LEN10) = 19 transistors in the current path = 19; Scalar = 1/19,name says LEN10 but 19 active VG gates in series (stacked),,,,,,,10,19,0,16/17/18/19/20/21/22/23/24/25/26/27/28/29/30/31/32/33/34,,,,,,,,
x81zs_diffchn04,DIFFCHN165-PZ7-L-LEN10FC-D:PXL:PGD:REG:P8,DIFFCHN,LEN10FC,DIFFCHN-<MOS>-LEN<n>FC-D:PXL:PGD:REG:<SKEW>,19,0.0526316,CHN: 19 active VG gates in series (name LEN10) = 19 transistors in the current path = 19; Scalar = 1/19,name says LEN10 but 19 active VG gates in series (stacked),,,,,,,10,19,0,16/17/18/19/20/21/22/23/24/25/26/27/28/29/30/31/32/33/34,,,,,,,,
x81zs_diffiso01_e,DIFFOGD132-N46-L-A:FTIML:SDR,DIFFOGD,A,DIFFOGD-<MOS>-A:FTIML:SDR,8400,0.000119048,"OGD DIFF: 7 active FTI columns/unit x 4 device diff tracks cut by each FTI (LO diff one side, HI diff other side) = 28 LKG paths/unit; x 5x60 unit cells = 8400; Scalar = 1/8400",1 unit-boundary FTI column(s) excluded from active FTI count,,,,,,,,,,,7,2/3/6/7,28,,,,,
x81zs_diffiso01_e,DIFFOGD132-N46-L-A:FTIML:OGD:CD:N5,DIFFOGD,A,DIFFOGD-<MOS>-A:FTIML:OGD:CD:<SKEW>,8400,0.000119048,"OGD DIFF: 7 active FTI columns/unit x 4 device diff tracks cut by each FTI (LO diff one side, HI diff other side) = 28 LKG paths/unit; x 5x60 unit cells = 8400; Scalar = 1/8400",1 unit-boundary FTI column(s) excluded from active FTI count,,,,,,,,,,,7,2/3/6/7,28,,,,,
x81zs_diffiso01_e,DIFFOGD132-N46-L-A:FTIML:OGD:CD:N4,DIFFOGD,A,DIFFOGD-<MOS>-A:FTIML:OGD:CD:<SKEW>,8400,0.000119048,"OGD DIFF: 7 active FTI columns/unit x 4 device diff tracks cut by each FTI (LO diff one side, HI diff other side) = 28 LKG paths/unit; x 5x60 unit cells = 8400; Scalar = 1/8400",1 unit-boundary FTI column(s) excluded from active FTI count,,,,,,,,,,,7,2/3/6/7,28,,,,,
x81zs_diffiso01_e,DIFFOGD132-N46-L-A:FTIML:OGD:CD:N3,DIFFOGD,A,DIFFOGD-<MOS>-A:FTIML:OGD:CD:<SKEW>,8400,0.000119048,"OGD DIFF: 7 active FTI columns/unit x 4 device diff tracks cut by each FTI (LO diff one side, HI diff other side) = 28 LKG paths/unit; x 5x60 unit cells = 8400; Scalar = 1/8400",1 unit-boundary FTI column(s) excluded from active FTI count,,,,,,,,,,,7,2/3/6/7,28,,,,,
x81zs_diffiso01_e,DIFFOGD132-N46-L-A:FTIML:OGD:CD:N2,DIFFOGD,A,DIFFOGD-<MOS>-A:FTIML:OGD:CD:<SKEW>,8400,0.000119048,"OGD DIFF: 7 active FTI columns/unit x 4 device diff tracks cut by each FTI (LO diff one side, HI diff other side) = 28 LKG paths/unit; x 5x60 unit cells = 8400; Scalar = 1/8400",1 unit-boundary FTI column(s) excluded from active FTI count,,,,,,,,,,,7,2/3/6/7,28,,,,,
x81zs_diffiso01_e,DIFFOGD132-N46-L-A:FTIML:OGD:CD:N1,DIFFOGD,A,DIFFOGD-<MOS>-A:FTIML:OGD:CD:<SKEW>,8400,0.000119048,"OGD DIFF: 7 active FTI columns/unit x 4 device diff tracks cut by each FTI (LO diff one side, HI diff other side) = 28 LKG paths/unit; x 5x60 unit cells = 8400; Scalar = 1/8400",1 unit-boundary FTI column(s) excluded from active FTI count,,,,,,,,,,,7,2/3/6/7,28,,,,,
x81zs_diffiso01_e,DIFFOGD132-N46-L-A:FTIML:OGD:CD:P1,DIFFOGD,A,DIFFOGD-<MOS>-A:FTIML:OGD:CD:<SKEW>,8400,0.000119048,"OGD DIFF: 7 active FTI columns/unit x 4 device diff tracks cut by each FTI (LO diff one side, HI diff other side) = 28 LKG paths/unit; x 5x60 unit cells = 8400; Scalar = 1/8400",1 unit-boundary FTI column(s) excluded from active FTI count,,,,,,,,,,,7,2/3/6/7,28,,,,,
x81zs_diffiso01_e,DIFFOGD132-N46-L-A:FTIML:OGD:CD:P2,DIFFOGD,A,DIFFOGD-<MOS>-A:FTIML:OGD:CD:<SKEW>,8400,0.000119048,"OGD DIFF: 7 active FTI columns/unit x 4 device diff tracks cut by each FTI (LO diff one side, HI diff other side) = 28 LKG paths/unit; x 5x60 unit cells = 8400; Scalar = 1/8400",1 unit-boundary FTI column(s) excluded from active FTI count,,,,,,,,,,,7,2/3/6/7,28,,,,,
x81zs_diffiso01_e,DIFFOGD132-N46-L-A:FTIML:OGD:CD:P3,DIFFOGD,A,DIFFOGD-<MOS>-A:FTIML:OGD:CD:<SKEW>,8400,0.000119048,"OGD DIFF: 7 active FTI columns/unit x 4 device diff tracks cut by each FTI (LO diff one side, HI diff other side) = 28 LKG paths/unit; x 5x60 unit cells = 8400; Scalar = 1/8400",1 unit-boundary FTI column(s) excluded from active FTI count,,,,,,,,,,,7,2/3/6/7,28,,,,,
x81zs_diffiso01_e,DIFFOGD132-N46-L-A:FTIML:OGD:CD:P4,DIFFOGD,A,DIFFOGD-<MOS>-A:FTIML:OGD:CD:<SKEW>,8400,0.000119048,"OGD DIFF: 7 active FTI columns/unit x 4 device diff tracks cut by each FTI (LO diff one side, HI diff other side) = 28 LKG paths/unit; x 5x60 unit cells = 8400; Scalar = 1/8400",1 unit-boundary FTI column(s) excluded from active FTI count,,,,,,,,,,,7,2/3/6/7,28,,,,,
x81zs_diffiso01_e,DIFFOGD132-N46-L-A:FTIML:OGD:CD:P5,DIFFOGD,A,DIFFOGD-<MOS>-A:FTIML:OGD:CD:<SKEW>,8400,0.000119048,"OGD DIFF: 7 active FTI columns/unit x 4 device diff tracks cut by each FTI (LO diff one side, HI diff other side) = 28 LKG paths/unit; x 5x60 unit cells = 8400; Scalar = 1/8400",1 unit-boundary FTI column(s) excluded from active FTI count,,,,,,,,,,,7,2/3/6/7,28,,,,,
x81zs_diffiso01_e,DIFFOGD132-N46-L-A:FTIML:PGD:CD:N5,DIFFOGD,A,DIFFOGD-<MOS>-A:FTIML:PGD:CD:<SKEW>,8400,0.000119048,"OGD DIFF: 7 active FTI columns/unit x 4 device diff tracks cut by each FTI (LO diff one side, HI diff other side) = 28 LKG paths/unit; x 5x60 unit cells = 8400; Scalar = 1/8400",1 unit-boundary FTI column(s) excluded from active FTI count,,,,,,,,,,,7,2/3/6/7,28,,,,,
x81zs_diffiso01_e,DIFFOGD132-N46-L-A:FTIML:PGD:CD:N4,DIFFOGD,A,DIFFOGD-<MOS>-A:FTIML:PGD:CD:<SKEW>,8400,0.000119048,"OGD DIFF: 7 active FTI columns/unit x 4 device diff tracks cut by each FTI (LO diff one side, HI diff other side) = 28 LKG paths/unit; x 5x60 unit cells = 8400; Scalar = 1/8400",1 unit-boundary FTI column(s) excluded from active FTI count,,,,,,,,,,,7,2/3/6/7,28,,,,,
x81zs_diffiso01_e,DIFFOGD132-N46-L-A:FTIML:PGD:CD:N3,DIFFOGD,A,DIFFOGD-<MOS>-A:FTIML:PGD:CD:<SKEW>,8400,0.000119048,"OGD DIFF: 7 active FTI columns/unit x 4 device diff tracks cut by each FTI (LO diff one side, HI diff other side) = 28 LKG paths/unit; x 5x60 unit cells = 8400; Scalar = 1/8400",1 unit-boundary FTI column(s) excluded from active FTI count,,,,,,,,,,,7,2/3/6/7,28,,,,,
x81zs_diffiso01_e,DIFFOGD132-N46-L-A:FTIML:PGD:CD:N2,DIFFOGD,A,DIFFOGD-<MOS>-A:FTIML:PGD:CD:<SKEW>,8400,0.000119048,"OGD DIFF: 7 active FTI columns/unit x 4 device diff tracks cut by each FTI (LO diff one side, HI diff other side) = 28 LKG paths/unit; x 5x60 unit cells = 8400; Scalar = 1/8400",1 unit-boundary FTI column(s) excluded from active FTI count,,,,,,,,,,,7,2/3/6/7,28,,,,,
x81zs_diffiso01_e,DIFFOGD132-N46-L-A:FTIML:PGD:CD:N1,DIFFOGD,A,DIFFOGD-<MOS>-A:FTIML:PGD:CD:<SKEW>,8400,0.000119048,"OGD DIFF: 7 active FTI columns/unit x 4 device diff tracks cut by each FTI (LO diff one side, HI diff other side) = 28 LKG paths/unit; x 5x60 unit cells = 8400; Scalar = 1/8400",1 unit-boundary FTI column(s) excluded from active FTI count,,,,,,,,,,,7,2/3/6/7,28,,,,,
x81zs_diffiso01_e,DIFFOGD132-N46-L-A:FTIML:PGD:CD:P1,DIFFOGD,A,DIFFOGD-<MOS>-A:FTIML:PGD:CD:<SKEW>,8400,0.000119048,"OGD DIFF: 7 active FTI columns/unit x 4 device diff tracks cut by each FTI (LO diff one side, HI diff other side) = 28 LKG paths/unit; x 5x60 unit cells = 8400; Scalar = 1/8400",1 unit-boundary FTI column(s) excluded from active FTI count,,,,,,,,,,,7,2/3/6/7,28,,,,,
x81zs_diffiso01_e,DIFFOGD132-N46-L-A:FTIML:PGD:CD:P2,DIFFOGD,A,DIFFOGD-<MOS>-A:FTIML:PGD:CD:<SKEW>,8400,0.000119048,"OGD DIFF: 7 active FTI columns/unit x 4 device diff tracks cut by each FTI (LO diff one side, HI diff other side) = 28 LKG paths/unit; x 5x60 unit cells = 8400; Scalar = 1/8400",1 unit-boundary FTI column(s) excluded from active FTI count,,,,,,,,,,,7,2/3/6/7,28,,,,,
x81zs_diffiso01_e,DIFFOGD132-N46-L-A:FTIML:PGD:CD:P3,DIFFOGD,A,DIFFOGD-<MOS>-A:FTIML:PGD:CD:<SKEW>,8400,0.000119048,"OGD DIFF: 7 active FTI columns/unit x 4 device diff tracks cut by each FTI (LO diff one side, HI diff other side) = 28 LKG paths/unit; x 5x60 unit cells = 8400; Scalar = 1/8400",1 unit-boundary FTI column(s) excluded from active FTI count,,,,,,,,,,,7,2/3/6/7,28,,,,,
x81zs_diffiso01_e,DIFFOGD132-N46-L-A:FTIML:PGD:CD:P4,DIFFOGD,A,DIFFOGD-<MOS>-A:FTIML:PGD:CD:<SKEW>,8400,0.000119048,"OGD DIFF: 7 active FTI columns/unit x 4 device diff tracks cut by each FTI (LO diff one side, HI diff other side) = 28 LKG paths/unit; x 5x60 unit cells = 8400; Scalar = 1/8400",1 unit-boundary FTI column(s) excluded from active FTI count,,,,,,,,,,,7,2/3/6/7,28,,,,,
x81zs_diffiso01_e,DIFFOGD132-N46-L-A:FTIML:PGD:CD:P5,DIFFOGD,A,DIFFOGD-<MOS>-A:FTIML:PGD:CD:<SKEW>,8400,0.000119048,"OGD DIFF: 7 active FTI columns/unit x 4 device diff tracks cut by each FTI (LO diff one side, HI diff other side) = 28 LKG paths/unit; x 5x60 unit cells = 8400; Scalar = 1/8400",1 unit-boundary FTI column(s) excluded from active FTI count,,,,,,,,,,,7,2/3/6/7,28,,,,,
x81zs_diffiso01_e,DIFFOGD132-N46-L-A:FTIML:OGD:REG:N6,DIFFOGD,A,DIFFOGD-<MOS>-A:FTIML:OGD:REG:<SKEW>,8400,0.000119048,"OGD DIFF: 7 active FTI columns/unit x 4 device diff tracks cut by each FTI (LO diff one side, HI diff other side) = 28 LKG paths/unit; x 5x60 unit cells = 8400; Scalar = 1/8400",1 unit-boundary FTI column(s) excluded from active FTI count,,,,,,,,,,,7,2/3/6/7,28,,,,,
x81zs_diffiso01_e,DIFFOGD132-N46-L-A:FTIML:OGD:REG:N4,DIFFOGD,A,DIFFOGD-<MOS>-A:FTIML:OGD:REG:<SKEW>,8400,0.000119048,"OGD DIFF: 7 active FTI columns/unit x 4 device diff tracks cut by each FTI (LO diff one side, HI diff other side) = 28 LKG paths/unit; x 5x60 unit cells = 8400; Scalar = 1/8400",1 unit-boundary FTI column(s) excluded from active FTI count,,,,,,,,,,,7,2/3/6/7,28,,,,,
x81zs_diffiso01_e,DIFFOGD132-N46-L-A:FTIML:OGD:REG:N2,DIFFOGD,A,DIFFOGD-<MOS>-A:FTIML:OGD:REG:<SKEW>,8400,0.000119048,"OGD DIFF: 7 active FTI columns/unit x 4 device diff tracks cut by each FTI (LO diff one side, HI diff other side) = 28 LKG paths/unit; x 5x60 unit cells = 8400; Scalar = 1/8400",1 unit-boundary FTI column(s) excluded from active FTI count,,,,,,,,,,,7,2/3/6/7,28,,,,,
x81zs_diffiso01_e,DIFFOGD132-N46-L-A:FTIML:OGD:REG:P2,DIFFOGD,A,DIFFOGD-<MOS>-A:FTIML:OGD:REG:<SKEW>,8400,0.000119048,"OGD DIFF: 7 active FTI columns/unit x 4 device diff tracks cut by each FTI (LO diff one side, HI diff other side) = 28 LKG paths/unit; x 5x60 unit cells = 8400; Scalar = 1/8400",1 unit-boundary FTI column(s) excluded from active FTI count,,,,,,,,,,,7,2/3/6/7,28,,,,,
x81zs_diffiso01_e,DIFFOGD132-N46-L-A:FTIML:OGD:REG:P4,DIFFOGD,A,DIFFOGD-<MOS>-A:FTIML:OGD:REG:<SKEW>,8400,0.000119048,"OGD DIFF: 7 active FTI columns/unit x 4 device diff tracks cut by each FTI (LO diff one side, HI diff other side) = 28 LKG paths/unit; x 5x60 unit cells = 8400; Scalar = 1/8400",1 unit-boundary FTI column(s) excluded from active FTI count,,,,,,,,,,,7,2/3/6/7,28,,,,,
x81zs_diffiso01_e,DIFFOGD132-N46-L-A:FTIML:OGD:REG:P6,DIFFOGD,A,DIFFOGD-<MOS>-A:FTIML:OGD:REG:<SKEW>,8400,0.000119048,"OGD DIFF: 7 active FTI columns/unit x 4 device diff tracks cut by each FTI (LO diff one side, HI diff other side) = 28 LKG paths/unit; x 5x60 unit cells = 8400; Scalar = 1/8400",1 unit-boundary FTI column(s) excluded from active FTI count,,,,,,,,,,,7,2/3/6/7,28,,,,,
x81zs_diffiso01_e,DIFFOGD132-N46-L-A:FTIML:PGD:REG:N6,DIFFOGD,A,DIFFOGD-<MOS>-A:FTIML:PGD:REG:<SKEW>,8400,0.000119048,"OGD DIFF: 7 active FTI columns/unit x 4 device diff tracks cut by each FTI (LO diff one side, HI diff other side) = 28 LKG paths/unit; x 5x60 unit cells = 8400; Scalar = 1/8400",1 unit-boundary FTI column(s) excluded from active FTI count,,,,,,,,,,,7,2/3/6/7,28,,,,,
x81zs_diffiso01_e,DIFFOGD132-N46-L-A:FTIML:PGD:REG:N4,DIFFOGD,A,DIFFOGD-<MOS>-A:FTIML:PGD:REG:<SKEW>,8400,0.000119048,"OGD DIFF: 7 active FTI columns/unit x 4 device diff tracks cut by each FTI (LO diff one side, HI diff other side) = 28 LKG paths/unit; x 5x60 unit cells = 8400; Scalar = 1/8400",1 unit-boundary FTI column(s) excluded from active FTI count,,,,,,,,,,,7,2/3/6/7,28,,,,,
x81zs_diffiso01_e,DIFFOGD132-N46-L-A:FTIML:PGD:REG:N2,DIFFOGD,A,DIFFOGD-<MOS>-A:FTIML:PGD:REG:<SKEW>,8400,0.000119048,"OGD DIFF: 7 active FTI columns/unit x 4 device diff tracks cut by each FTI (LO diff one side, HI diff other side) = 28 LKG paths/unit; x 5x60 unit cells = 8400; Scalar = 1/8400",1 unit-boundary FTI column(s) excluded from active FTI count,,,,,,,,,,,7,2/3/6/7,28,,,,,
x81zs_diffiso01_e,DIFFOGD132-N46-L-A:FTIML:PGD:REG:P2,DIFFOGD,A,DIFFOGD-<MOS>-A:FTIML:PGD:REG:<SKEW>,8400,0.000119048,"OGD DIFF: 7 active FTI columns/unit x 4 device diff tracks cut by each FTI (LO diff one side, HI diff other side) = 28 LKG paths/unit; x 5x60 unit cells = 8400; Scalar = 1/8400",1 unit-boundary FTI column(s) excluded from active FTI count,,,,,,,,,,,7,2/3/6/7,28,,,,,
x81zs_diffiso01_e,DIFFOGD132-N46-L-A:FTIML:PGD:REG:P4,DIFFOGD,A,DIFFOGD-<MOS>-A:FTIML:PGD:REG:<SKEW>,8400,0.000119048,"OGD DIFF: 7 active FTI columns/unit x 4 device diff tracks cut by each FTI (LO diff one side, HI diff other side) = 28 LKG paths/unit; x 5x60 unit cells = 8400; Scalar = 1/8400",1 unit-boundary FTI column(s) excluded from active FTI count,,,,,,,,,,,7,2/3/6/7,28,,,,,
x81zs_diffiso01_e,DIFFOGD132-N46-L-A:FTIML:PGD:REG:P6,DIFFOGD,A,DIFFOGD-<MOS>-A:FTIML:PGD:REG:<SKEW>,8400,0.000119048,"OGD DIFF: 7 active FTI columns/unit x 4 device diff tracks cut by each FTI (LO diff one side, HI diff other side) = 28 LKG paths/unit; x 5x60 unit cells = 8400; Scalar = 1/8400",1 unit-boundary FTI column(s) excluded from active FTI count,,,,,,,,,,,7,2/3/6/7,28,,,,,
x81zs_diffiso01_e,DIFFOGD132-P46-L-A:FTIML:SDR,DIFFOGD,A,DIFFOGD-<MOS>-A:FTIML:SDR,8400,0.000119048,"OGD DIFF: 7 active FTI columns/unit x 4 device diff tracks cut by each FTI (LO diff one side, HI diff other side) = 28 LKG paths/unit; x 5x60 unit cells = 8400; Scalar = 1/8400",1 unit-boundary FTI column(s) excluded from active FTI count,,,,,,,,,,,7,2/3/6/7,28,,,,,
x81zs_diffiso01_e,DIFFOGD132-P46-L-A:FTIML:OGD:CD:N5,DIFFOGD,A,DIFFOGD-<MOS>-A:FTIML:OGD:CD:<SKEW>,8400,0.000119048,"OGD DIFF: 7 active FTI columns/unit x 4 device diff tracks cut by each FTI (LO diff one side, HI diff other side) = 28 LKG paths/unit; x 5x60 unit cells = 8400; Scalar = 1/8400",1 unit-boundary FTI column(s) excluded from active FTI count,,,,,,,,,,,7,2/3/6/7,28,,,,,
x81zs_diffiso01_e,DIFFOGD132-P46-L-A:FTIML:OGD:CD:N4,DIFFOGD,A,DIFFOGD-<MOS>-A:FTIML:OGD:CD:<SKEW>,8400,0.000119048,"OGD DIFF: 7 active FTI columns/unit x 4 device diff tracks cut by each FTI (LO diff one side, HI diff other side) = 28 LKG paths/unit; x 5x60 unit cells = 8400; Scalar = 1/8400",1 unit-boundary FTI column(s) excluded from active FTI count,,,,,,,,,,,7,2/3/6/7,28,,,,,
x81zs_diffiso01_e,DIFFOGD132-P46-L-A:FTIML:OGD:CD:N3,DIFFOGD,A,DIFFOGD-<MOS>-A:FTIML:OGD:CD:<SKEW>,8400,0.000119048,"OGD DIFF: 7 active FTI columns/unit x 4 device diff tracks cut by each FTI (LO diff one side, HI diff other side) = 28 LKG paths/unit; x 5x60 unit cells = 8400; Scalar = 1/8400",1 unit-boundary FTI column(s) excluded from active FTI count,,,,,,,,,,,7,2/3/6/7,28,,,,,
x81zs_diffiso01_e,DIFFOGD132-P46-L-A:FTIML:OGD:CD:N2,DIFFOGD,A,DIFFOGD-<MOS>-A:FTIML:OGD:CD:<SKEW>,8400,0.000119048,"OGD DIFF: 7 active FTI columns/unit x 4 device diff tracks cut by each FTI (LO diff one side, HI diff other side) = 28 LKG paths/unit; x 5x60 unit cells = 8400; Scalar = 1/8400",1 unit-boundary FTI column(s) excluded from active FTI count,,,,,,,,,,,7,2/3/6/7,28,,,,,
x81zs_diffiso01_e,DIFFOGD132-P46-L-A:FTIML:OGD:CD:N1,DIFFOGD,A,DIFFOGD-<MOS>-A:FTIML:OGD:CD:<SKEW>,8400,0.000119048,"OGD DIFF: 7 active FTI columns/unit x 4 device diff tracks cut by each FTI (LO diff one side, HI diff other side) = 28 LKG paths/unit; x 5x60 unit cells = 8400; Scalar = 1/8400",1 unit-boundary FTI column(s) excluded from active FTI count,,,,,,,,,,,7,2/3/6/7,28,,,,,
x81zs_diffiso01_e,DIFFOGD132-P46-L-A:FTIML:OGD:CD:P1,DIFFOGD,A,DIFFOGD-<MOS>-A:FTIML:OGD:CD:<SKEW>,8400,0.000119048,"OGD DIFF: 7 active FTI columns/unit x 4 device diff tracks cut by each FTI (LO diff one side, HI diff other side) = 28 LKG paths/unit; x 5x60 unit cells = 8400; Scalar = 1/8400",1 unit-boundary FTI column(s) excluded from active FTI count,,,,,,,,,,,7,2/3/6/7,28,,,,,
x81zs_diffiso01_e,DIFFOGD132-P46-L-A:FTIML:OGD:CD:P2,DIFFOGD,A,DIFFOGD-<MOS>-A:FTIML:OGD:CD:<SKEW>,8400,0.000119048,"OGD DIFF: 7 active FTI columns/unit x 4 device diff tracks cut by each FTI (LO diff one side, HI diff other side) = 28 LKG paths/unit; x 5x60 unit cells = 8400; Scalar = 1/8400",1 unit-boundary FTI column(s) excluded from active FTI count,,,,,,,,,,,7,2/3/6/7,28,,,,,
x81zs_diffiso01_e,DIFFOGD132-P46-L-A:FTIML:OGD:CD:P3,DIFFOGD,A,DIFFOGD-<MOS>-A:FTIML:OGD:CD:<SKEW>,8400,0.000119048,"OGD DIFF: 7 active FTI columns/unit x 4 device diff tracks cut by each FTI (LO diff one side, HI diff other side) = 28 LKG paths/unit; x 5x60 unit cells = 8400; Scalar = 1/8400",1 unit-boundary FTI column(s) excluded from active FTI count,,,,,,,,,,,7,2/3/6/7,28,,,,,
x81zs_diffiso01_e,DIFFOGD132-P46-L-A:FTIML:OGD:CD:P4,DIFFOGD,A,DIFFOGD-<MOS>-A:FTIML:OGD:CD:<SKEW>,8400,0.000119048,"OGD DIFF: 7 active FTI columns/unit x 4 device diff tracks cut by each FTI (LO diff one side, HI diff other side) = 28 LKG paths/unit; x 5x60 unit cells = 8400; Scalar = 1/8400",1 unit-boundary FTI column(s) excluded from active FTI count,,,,,,,,,,,7,2/3/6/7,28,,,,,
x81zs_diffiso01_e,DIFFOGD132-P46-L-A:FTIML:OGD:CD:P5,DIFFOGD,A,DIFFOGD-<MOS>-A:FTIML:OGD:CD:<SKEW>,8400,0.000119048,"OGD DIFF: 7 active FTI columns/unit x 4 device diff tracks cut by each FTI (LO diff one side, HI diff other side) = 28 LKG paths/unit; x 5x60 unit cells = 8400; Scalar = 1/8400",1 unit-boundary FTI column(s) excluded from active FTI count,,,,,,,,,,,7,2/3/6/7,28,,,,,
x81zs_diffiso01_e,DIFFOGD132-P46-L-A:FTIML:PGD:CD:N5,DIFFOGD,A,DIFFOGD-<MOS>-A:FTIML:PGD:CD:<SKEW>,8400,0.000119048,"OGD DIFF: 7 active FTI columns/unit x 4 device diff tracks cut by each FTI (LO diff one side, HI diff other side) = 28 LKG paths/unit; x 5x60 unit cells = 8400; Scalar = 1/8400",1 unit-boundary FTI column(s) excluded from active FTI count,,,,,,,,,,,7,2/3/6/7,28,,,,,
x81zs_diffiso01_e,DIFFOGD132-P46-L-A:FTIML:PGD:CD:N4,DIFFOGD,A,DIFFOGD-<MOS>-A:FTIML:PGD:CD:<SKEW>,8400,0.000119048,"OGD DIFF: 7 active FTI columns/unit x 4 device diff tracks cut by each FTI (LO diff one side, HI diff other side) = 28 LKG paths/unit; x 5x60 unit cells = 8400; Scalar = 1/8400",1 unit-boundary FTI column(s) excluded from active FTI count,,,,,,,,,,,7,2/3/6/7,28,,,,,
x81zs_diffiso01_e,DIFFOGD132-P46-L-A:FTIML:PGD:CD:N3,DIFFOGD,A,DIFFOGD-<MOS>-A:FTIML:PGD:CD:<SKEW>,8400,0.000119048,"OGD DIFF: 7 active FTI columns/unit x 4 device diff tracks cut by each FTI (LO diff one side, HI diff other side) = 28 LKG paths/unit; x 5x60 unit cells = 8400; Scalar = 1/8400",1 unit-boundary FTI column(s) excluded from active FTI count,,,,,,,,,,,7,2/3/6/7,28,,,,,
x81zs_diffiso01_e,DIFFOGD132-P46-L-A:FTIML:PGD:CD:N2,DIFFOGD,A,DIFFOGD-<MOS>-A:FTIML:PGD:CD:<SKEW>,8400,0.000119048,"OGD DIFF: 7 active FTI columns/unit x 4 device diff tracks cut by each FTI (LO diff one side, HI diff other side) = 28 LKG paths/unit; x 5x60 unit cells = 8400; Scalar = 1/8400",1 unit-boundary FTI column(s) excluded from active FTI count,,,,,,,,,,,7,2/3/6/7,28,,,,,
x81zs_diffiso01_e,DIFFOGD132-P46-L-A:FTIML:PGD:CD:N1,DIFFOGD,A,DIFFOGD-<MOS>-A:FTIML:PGD:CD:<SKEW>,8400,0.000119048,"OGD DIFF: 7 active FTI columns/unit x 4 device diff tracks cut by each FTI (LO diff one side, HI diff other side) = 28 LKG paths/unit; x 5x60 unit cells = 8400; Scalar = 1/8400",1 unit-boundary FTI column(s) excluded from active FTI count,,,,,,,,,,,7,2/3/6/7,28,,,,,
x81zs_diffiso01_e,DIFFOGD132-P46-L-A:FTIML:PGD:CD:P1,DIFFOGD,A,DIFFOGD-<MOS>-A:FTIML:PGD:CD:<SKEW>,8400,0.000119048,"OGD DIFF: 7 active FTI columns/unit x 4 device diff tracks cut by each FTI (LO diff one side, HI diff other side) = 28 LKG paths/unit; x 5x60 unit cells = 8400; Scalar = 1/8400",1 unit-boundary FTI column(s) excluded from active FTI count,,,,,,,,,,,7,2/3/6/7,28,,,,,
x81zs_diffiso01_e,DIFFOGD132-P46-L-A:FTIML:PGD:CD:P2,DIFFOGD,A,DIFFOGD-<MOS>-A:FTIML:PGD:CD:<SKEW>,8400,0.000119048,"OGD DIFF: 7 active FTI columns/unit x 4 device diff tracks cut by each FTI (LO diff one side, HI diff other side) = 28 LKG paths/unit; x 5x60 unit cells = 8400; Scalar = 1/8400",1 unit-boundary FTI column(s) excluded from active FTI count,,,,,,,,,,,7,2/3/6/7,28,,,,,
x81zs_diffiso01_e,DIFFOGD132-P46-L-A:FTIML:PGD:CD:P3,DIFFOGD,A,DIFFOGD-<MOS>-A:FTIML:PGD:CD:<SKEW>,8400,0.000119048,"OGD DIFF: 7 active FTI columns/unit x 4 device diff tracks cut by each FTI (LO diff one side, HI diff other side) = 28 LKG paths/unit; x 5x60 unit cells = 8400; Scalar = 1/8400",1 unit-boundary FTI column(s) excluded from active FTI count,,,,,,,,,,,7,2/3/6/7,28,,,,,
x81zs_diffiso01_e,DIFFOGD132-P46-L-A:FTIML:PGD:CD:P4,DIFFOGD,A,DIFFOGD-<MOS>-A:FTIML:PGD:CD:<SKEW>,8400,0.000119048,"OGD DIFF: 7 active FTI columns/unit x 4 device diff tracks cut by each FTI (LO diff one side, HI diff other side) = 28 LKG paths/unit; x 5x60 unit cells = 8400; Scalar = 1/8400",1 unit-boundary FTI column(s) excluded from active FTI count,,,,,,,,,,,7,2/3/6/7,28,,,,,
x81zs_diffiso01_e,DIFFOGD132-P46-L-A:FTIML:PGD:CD:P5,DIFFOGD,A,DIFFOGD-<MOS>-A:FTIML:PGD:CD:<SKEW>,8400,0.000119048,"OGD DIFF: 7 active FTI columns/unit x 4 device diff tracks cut by each FTI (LO diff one side, HI diff other side) = 28 LKG paths/unit; x 5x60 unit cells = 8400; Scalar = 1/8400",1 unit-boundary FTI column(s) excluded from active FTI count,,,,,,,,,,,7,2/3/6/7,28,,,,,
x81zs_diffiso01_e,DIFFOGD132-P46-L-A:FTIML:OGD:REG:N6,DIFFOGD,A,DIFFOGD-<MOS>-A:FTIML:OGD:REG:<SKEW>,8400,0.000119048,"OGD DIFF: 7 active FTI columns/unit x 4 device diff tracks cut by each FTI (LO diff one side, HI diff other side) = 28 LKG paths/unit; x 5x60 unit cells = 8400; Scalar = 1/8400",1 unit-boundary FTI column(s) excluded from active FTI count,,,,,,,,,,,7,2/3/6/7,28,,,,,
x81zs_diffiso01_e,DIFFOGD132-P46-L-A:FTIML:OGD:REG:N4,DIFFOGD,A,DIFFOGD-<MOS>-A:FTIML:OGD:REG:<SKEW>,8400,0.000119048,"OGD DIFF: 7 active FTI columns/unit x 4 device diff tracks cut by each FTI (LO diff one side, HI diff other side) = 28 LKG paths/unit; x 5x60 unit cells = 8400; Scalar = 1/8400",1 unit-boundary FTI column(s) excluded from active FTI count,,,,,,,,,,,7,2/3/6/7,28,,,,,
x81zs_diffiso01_e,DIFFOGD132-P46-L-A:FTIML:OGD:REG:N2,DIFFOGD,A,DIFFOGD-<MOS>-A:FTIML:OGD:REG:<SKEW>,8400,0.000119048,"OGD DIFF: 7 active FTI columns/unit x 4 device diff tracks cut by each FTI (LO diff one side, HI diff other side) = 28 LKG paths/unit; x 5x60 unit cells = 8400; Scalar = 1/8400",1 unit-boundary FTI column(s) excluded from active FTI count,,,,,,,,,,,7,2/3/6/7,28,,,,,
x81zs_diffiso01_e,DIFFOGD132-P46-L-A:FTIML:OGD:REG:P2,DIFFOGD,A,DIFFOGD-<MOS>-A:FTIML:OGD:REG:<SKEW>,8400,0.000119048,"OGD DIFF: 7 active FTI columns/unit x 4 device diff tracks cut by each FTI (LO diff one side, HI diff other side) = 28 LKG paths/unit; x 5x60 unit cells = 8400; Scalar = 1/8400",1 unit-boundary FTI column(s) excluded from active FTI count,,,,,,,,,,,7,2/3/6/7,28,,,,,
x81zs_diffiso01_e,DIFFOGD132-P46-L-A:FTIML:OGD:REG:P4,DIFFOGD,A,DIFFOGD-<MOS>-A:FTIML:OGD:REG:<SKEW>,8400,0.000119048,"OGD DIFF: 7 active FTI columns/unit x 4 device diff tracks cut by each FTI (LO diff one side, HI diff other side) = 28 LKG paths/unit; x 5x60 unit cells = 8400; Scalar = 1/8400",1 unit-boundary FTI column(s) excluded from active FTI count,,,,,,,,,,,7,2/3/6/7,28,,,,,
x81zs_diffiso01_e,DIFFOGD132-P46-L-A:FTIML:OGD:REG:P6,DIFFOGD,A,DIFFOGD-<MOS>-A:FTIML:OGD:REG:<SKEW>,8400,0.000119048,"OGD DIFF: 7 active FTI columns/unit x 4 device diff tracks cut by each FTI (LO diff one side, HI diff other side) = 28 LKG paths/unit; x 5x60 unit cells = 8400; Scalar = 1/8400",1 unit-boundary FTI column(s) excluded from active FTI count,,,,,,,,,,,7,2/3/6/7,28,,,,,
x81zs_diffiso01_e,DIFFOGD132-P46-L-A:FTIML:PGD:REG:N6,DIFFOGD,A,DIFFOGD-<MOS>-A:FTIML:PGD:REG:<SKEW>,8400,0.000119048,"OGD DIFF: 7 active FTI columns/unit x 4 device diff tracks cut by each FTI (LO diff one side, HI diff other side) = 28 LKG paths/unit; x 5x60 unit cells = 8400; Scalar = 1/8400",1 unit-boundary FTI column(s) excluded from active FTI count,,,,,,,,,,,7,2/3/6/7,28,,,,,
x81zs_diffiso01_e,DIFFOGD132-P46-L-A:FTIML:PGD:REG:N4,DIFFOGD,A,DIFFOGD-<MOS>-A:FTIML:PGD:REG:<SKEW>,8400,0.000119048,"OGD DIFF: 7 active FTI columns/unit x 4 device diff tracks cut by each FTI (LO diff one side, HI diff other side) = 28 LKG paths/unit; x 5x60 unit cells = 8400; Scalar = 1/8400",1 unit-boundary FTI column(s) excluded from active FTI count,,,,,,,,,,,7,2/3/6/7,28,,,,,
x81zs_diffiso01_e,DIFFOGD132-P46-L-A:FTIML:PGD:REG:N2,DIFFOGD,A,DIFFOGD-<MOS>-A:FTIML:PGD:REG:<SKEW>,8400,0.000119048,"OGD DIFF: 7 active FTI columns/unit x 4 device diff tracks cut by each FTI (LO diff one side, HI diff other side) = 28 LKG paths/unit; x 5x60 unit cells = 8400; Scalar = 1/8400",1 unit-boundary FTI column(s) excluded from active FTI count,,,,,,,,,,,7,2/3/6/7,28,,,,,
x81zs_diffiso01_e,DIFFOGD132-P46-L-A:FTIML:PGD:REG:P2,DIFFOGD,A,DIFFOGD-<MOS>-A:FTIML:PGD:REG:<SKEW>,8400,0.000119048,"OGD DIFF: 7 active FTI columns/unit x 4 device diff tracks cut by each FTI (LO diff one side, HI diff other side) = 28 LKG paths/unit; x 5x60 unit cells = 8400; Scalar = 1/8400",1 unit-boundary FTI column(s) excluded from active FTI count,,,,,,,,,,,7,2/3/6/7,28,,,,,
x81zs_diffiso01_e,DIFFOGD132-P46-L-A:FTIML:PGD:REG:P4,DIFFOGD,A,DIFFOGD-<MOS>-A:FTIML:PGD:REG:<SKEW>,8400,0.000119048,"OGD DIFF: 7 active FTI columns/unit x 4 device diff tracks cut by each FTI (LO diff one side, HI diff other side) = 28 LKG paths/unit; x 5x60 unit cells = 8400; Scalar = 1/8400",1 unit-boundary FTI column(s) excluded from active FTI count,,,,,,,,,,,7,2/3/6/7,28,,,,,
x81zs_diffiso01_e,DIFFOGD132-P46-L-A:FTIML:PGD:REG:P6,DIFFOGD,A,DIFFOGD-<MOS>-A:FTIML:PGD:REG:<SKEW>,8400,0.000119048,"OGD DIFF: 7 active FTI columns/unit x 4 device diff tracks cut by each FTI (LO diff one side, HI diff other side) = 28 LKG paths/unit; x 5x60 unit cells = 8400; Scalar = 1/8400",1 unit-boundary FTI column(s) excluded from active FTI count,,,,,,,,,,,7,2/3/6/7,28,,,,,
x81zs_diffiso01_e,DIFFOGD110-N27-L-A:FTIML:SDR,DIFFOGD,A,DIFFOGD-<MOS>-A:FTIML:SDR,8400,0.000119048,"OGD DIFF: 7 active FTI columns/unit x 4 device diff tracks cut by each FTI (LO diff one side, HI diff other side) = 28 LKG paths/unit; x 5x60 unit cells = 8400; Scalar = 1/8400",1 unit-boundary FTI column(s) excluded from active FTI count,,,,,,,,,,,7,2/3/6/7,28,,,,,
x81zs_diffiso01_e,DIFFOGD110-N27-L-A:FTIML:OGD:CD:N5,DIFFOGD,A,DIFFOGD-<MOS>-A:FTIML:OGD:CD:<SKEW>,8400,0.000119048,"OGD DIFF: 7 active FTI columns/unit x 4 device diff tracks cut by each FTI (LO diff one side, HI diff other side) = 28 LKG paths/unit; x 5x60 unit cells = 8400; Scalar = 1/8400",1 unit-boundary FTI column(s) excluded from active FTI count,,,,,,,,,,,7,2/3/6/7,28,,,,,
x81zs_diffiso01_e,DIFFOGD110-N27-L-A:FTIML:OGD:CD:N4,DIFFOGD,A,DIFFOGD-<MOS>-A:FTIML:OGD:CD:<SKEW>,8400,0.000119048,"OGD DIFF: 7 active FTI columns/unit x 4 device diff tracks cut by each FTI (LO diff one side, HI diff other side) = 28 LKG paths/unit; x 5x60 unit cells = 8400; Scalar = 1/8400",1 unit-boundary FTI column(s) excluded from active FTI count,,,,,,,,,,,7,2/3/6/7,28,,,,,
x81zs_diffiso01_e,DIFFOGD110-N27-L-A:FTIML:OGD:CD:N3,DIFFOGD,A,DIFFOGD-<MOS>-A:FTIML:OGD:CD:<SKEW>,8400,0.000119048,"OGD DIFF: 7 active FTI columns/unit x 4 device diff tracks cut by each FTI (LO diff one side, HI diff other side) = 28 LKG paths/unit; x 5x60 unit cells = 8400; Scalar = 1/8400",1 unit-boundary FTI column(s) excluded from active FTI count,,,,,,,,,,,7,2/3/6/7,28,,,,,
x81zs_diffiso01_e,DIFFOGD110-N27-L-A:FTIML:OGD:CD:N2,DIFFOGD,A,DIFFOGD-<MOS>-A:FTIML:OGD:CD:<SKEW>,8400,0.000119048,"OGD DIFF: 7 active FTI columns/unit x 4 device diff tracks cut by each FTI (LO diff one side, HI diff other side) = 28 LKG paths/unit; x 5x60 unit cells = 8400; Scalar = 1/8400",1 unit-boundary FTI column(s) excluded from active FTI count,,,,,,,,,,,7,2/3/6/7,28,,,,,
x81zs_diffiso01_e,DIFFOGD110-N27-L-A:FTIML:OGD:CD:N1,DIFFOGD,A,DIFFOGD-<MOS>-A:FTIML:OGD:CD:<SKEW>,8400,0.000119048,"OGD DIFF: 7 active FTI columns/unit x 4 device diff tracks cut by each FTI (LO diff one side, HI diff other side) = 28 LKG paths/unit; x 5x60 unit cells = 8400; Scalar = 1/8400",1 unit-boundary FTI column(s) excluded from active FTI count,,,,,,,,,,,7,2/3/6/7,28,,,,,
x81zs_diffiso01_e,DIFFOGD110-N27-L-A:FTIML:OGD:CD:P1,DIFFOGD,A,DIFFOGD-<MOS>-A:FTIML:OGD:CD:<SKEW>,8400,0.000119048,"OGD DIFF: 7 active FTI columns/unit x 4 device diff tracks cut by each FTI (LO diff one side, HI diff other side) = 28 LKG paths/unit; x 5x60 unit cells = 8400; Scalar = 1/8400",1 unit-boundary FTI column(s) excluded from active FTI count,,,,,,,,,,,7,2/3/6/7,28,,,,,
x81zs_diffiso01_e,DIFFOGD110-N27-L-A:FTIML:OGD:CD:P2,DIFFOGD,A,DIFFOGD-<MOS>-A:FTIML:OGD:CD:<SKEW>,8400,0.000119048,"OGD DIFF: 7 active FTI columns/unit x 4 device diff tracks cut by each FTI (LO diff one side, HI diff other side) = 28 LKG paths/unit; x 5x60 unit cells = 8400; Scalar = 1/8400",1 unit-boundary FTI column(s) excluded from active FTI count,,,,,,,,,,,7,2/3/6/7,28,,,,,
x81zs_diffiso01_e,DIFFOGD110-N27-L-A:FTIML:OGD:CD:P3,DIFFOGD,A,DIFFOGD-<MOS>-A:FTIML:OGD:CD:<SKEW>,8400,0.000119048,"OGD DIFF: 7 active FTI columns/unit x 4 device diff tracks cut by each FTI (LO diff one side, HI diff other side) = 28 LKG paths/unit; x 5x60 unit cells = 8400; Scalar = 1/8400",1 unit-boundary FTI column(s) excluded from active FTI count,,,,,,,,,,,7,2/3/6/7,28,,,,,
x81zs_diffiso01_e,DIFFOGD110-N27-L-A:FTIML:OGD:CD:P4,DIFFOGD,A,DIFFOGD-<MOS>-A:FTIML:OGD:CD:<SKEW>,8400,0.000119048,"OGD DIFF: 7 active FTI columns/unit x 4 device diff tracks cut by each FTI (LO diff one side, HI diff other side) = 28 LKG paths/unit; x 5x60 unit cells = 8400; Scalar = 1/8400",1 unit-boundary FTI column(s) excluded from active FTI count,,,,,,,,,,,7,2/3/6/7,28,,,,,
x81zs_diffiso01_e,DIFFOGD110-N27-L-A:FTIML:OGD:CD:P5,DIFFOGD,A,DIFFOGD-<MOS>-A:FTIML:OGD:CD:<SKEW>,8400,0.000119048,"OGD DIFF: 7 active FTI columns/unit x 4 device diff tracks cut by each FTI (LO diff one side, HI diff other side) = 28 LKG paths/unit; x 5x60 unit cells = 8400; Scalar = 1/8400",1 unit-boundary FTI column(s) excluded from active FTI count,,,,,,,,,,,7,2/3/6/7,28,,,,,
x81zs_diffiso01_e,DIFFOGD110-N27-L-A:FTIML:PGD:CD:N5,DIFFOGD,A,DIFFOGD-<MOS>-A:FTIML:PGD:CD:<SKEW>,8400,0.000119048,"OGD DIFF: 7 active FTI columns/unit x 4 device diff tracks cut by each FTI (LO diff one side, HI diff other side) = 28 LKG paths/unit; x 5x60 unit cells = 8400; Scalar = 1/8400",1 unit-boundary FTI column(s) excluded from active FTI count,,,,,,,,,,,7,2/3/6/7,28,,,,,
x81zs_diffiso01_e,DIFFOGD110-N27-L-A:FTIML:PGD:CD:N4,DIFFOGD,A,DIFFOGD-<MOS>-A:FTIML:PGD:CD:<SKEW>,8400,0.000119048,"OGD DIFF: 7 active FTI columns/unit x 4 device diff tracks cut by each FTI (LO diff one side, HI diff other side) = 28 LKG paths/unit; x 5x60 unit cells = 8400; Scalar = 1/8400",1 unit-boundary FTI column(s) excluded from active FTI count,,,,,,,,,,,7,2/3/6/7,28,,,,,
x81zs_diffiso01_e,DIFFOGD110-N27-L-A:FTIML:PGD:CD:N3,DIFFOGD,A,DIFFOGD-<MOS>-A:FTIML:PGD:CD:<SKEW>,8400,0.000119048,"OGD DIFF: 7 active FTI columns/unit x 4 device diff tracks cut by each FTI (LO diff one side, HI diff other side) = 28 LKG paths/unit; x 5x60 unit cells = 8400; Scalar = 1/8400",1 unit-boundary FTI column(s) excluded from active FTI count,,,,,,,,,,,7,2/3/6/7,28,,,,,
x81zs_diffiso01_e,DIFFOGD110-N27-L-A:FTIML:PGD:CD:N2,DIFFOGD,A,DIFFOGD-<MOS>-A:FTIML:PGD:CD:<SKEW>,8400,0.000119048,"OGD DIFF: 7 active FTI columns/unit x 4 device diff tracks cut by each FTI (LO diff one side, HI diff other side) = 28 LKG paths/unit; x 5x60 unit cells = 8400; Scalar = 1/8400",1 unit-boundary FTI column(s) excluded from active FTI count,,,,,,,,,,,7,2/3/6/7,28,,,,,
x81zs_diffiso01_e,DIFFOGD110-N27-L-A:FTIML:PGD:CD:N1,DIFFOGD,A,DIFFOGD-<MOS>-A:FTIML:PGD:CD:<SKEW>,8400,0.000119048,"OGD DIFF: 7 active FTI columns/unit x 4 device diff tracks cut by each FTI (LO diff one side, HI diff other side) = 28 LKG paths/unit; x 5x60 unit cells = 8400; Scalar = 1/8400",1 unit-boundary FTI column(s) excluded from active FTI count,,,,,,,,,,,7,2/3/6/7,28,,,,,
x81zs_diffiso01_e,DIFFOGD110-N27-L-A:FTIML:PGD:CD:P1,DIFFOGD,A,DIFFOGD-<MOS>-A:FTIML:PGD:CD:<SKEW>,8400,0.000119048,"OGD DIFF: 7 active FTI columns/unit x 4 device diff tracks cut by each FTI (LO diff one side, HI diff other side) = 28 LKG paths/unit; x 5x60 unit cells = 8400; Scalar = 1/8400",1 unit-boundary FTI column(s) excluded from active FTI count,,,,,,,,,,,7,2/3/6/7,28,,,,,
x81zs_diffiso01_e,DIFFOGD110-N27-L-A:FTIML:PGD:CD:P2,DIFFOGD,A,DIFFOGD-<MOS>-A:FTIML:PGD:CD:<SKEW>,8400,0.000119048,"OGD DIFF: 7 active FTI columns/unit x 4 device diff tracks cut by each FTI (LO diff one side, HI diff other side) = 28 LKG paths/unit; x 5x60 unit cells = 8400; Scalar = 1/8400",1 unit-boundary FTI column(s) excluded from active FTI count,,,,,,,,,,,7,2/3/6/7,28,,,,,
x81zs_diffiso01_e,DIFFOGD110-N27-L-A:FTIML:PGD:CD:P3,DIFFOGD,A,DIFFOGD-<MOS>-A:FTIML:PGD:CD:<SKEW>,8400,0.000119048,"OGD DIFF: 7 active FTI columns/unit x 4 device diff tracks cut by each FTI (LO diff one side, HI diff other side) = 28 LKG paths/unit; x 5x60 unit cells = 8400; Scalar = 1/8400",1 unit-boundary FTI column(s) excluded from active FTI count,,,,,,,,,,,7,2/3/6/7,28,,,,,
x81zs_diffiso01_e,DIFFOGD110-N27-L-A:FTIML:PGD:CD:P4,DIFFOGD,A,DIFFOGD-<MOS>-A:FTIML:PGD:CD:<SKEW>,8400,0.000119048,"OGD DIFF: 7 active FTI columns/unit x 4 device diff tracks cut by each FTI (LO diff one side, HI diff other side) = 28 LKG paths/unit; x 5x60 unit cells = 8400; Scalar = 1/8400",1 unit-boundary FTI column(s) excluded from active FTI count,,,,,,,,,,,7,2/3/6/7,28,,,,,
x81zs_diffiso01_e,DIFFOGD110-N27-L-A:FTIML:PGD:CD:P5,DIFFOGD,A,DIFFOGD-<MOS>-A:FTIML:PGD:CD:<SKEW>,8400,0.000119048,"OGD DIFF: 7 active FTI columns/unit x 4 device diff tracks cut by each FTI (LO diff one side, HI diff other side) = 28 LKG paths/unit; x 5x60 unit cells = 8400; Scalar = 1/8400",1 unit-boundary FTI column(s) excluded from active FTI count,,,,,,,,,,,7,2/3/6/7,28,,,,,
x81zs_diffiso01_e,DIFFOGD110-N27-L-A:FTIML:OGD:REG:N6,DIFFOGD,A,DIFFOGD-<MOS>-A:FTIML:OGD:REG:<SKEW>,8400,0.000119048,"OGD DIFF: 7 active FTI columns/unit x 4 device diff tracks cut by each FTI (LO diff one side, HI diff other side) = 28 LKG paths/unit; x 5x60 unit cells = 8400; Scalar = 1/8400",1 unit-boundary FTI column(s) excluded from active FTI count,,,,,,,,,,,7,2/3/6/7,28,,,,,
x81zs_diffiso01_e,DIFFOGD110-N27-L-A:FTIML:OGD:REG:N4,DIFFOGD,A,DIFFOGD-<MOS>-A:FTIML:OGD:REG:<SKEW>,8400,0.000119048,"OGD DIFF: 7 active FTI columns/unit x 4 device diff tracks cut by each FTI (LO diff one side, HI diff other side) = 28 LKG paths/unit; x 5x60 unit cells = 8400; Scalar = 1/8400",1 unit-boundary FTI column(s) excluded from active FTI count,,,,,,,,,,,7,2/3/6/7,28,,,,,
x81zs_diffiso01_e,DIFFOGD110-N27-L-A:FTIML:OGD:REG:N2,DIFFOGD,A,DIFFOGD-<MOS>-A:FTIML:OGD:REG:<SKEW>,8400,0.000119048,"OGD DIFF: 7 active FTI columns/unit x 4 device diff tracks cut by each FTI (LO diff one side, HI diff other side) = 28 LKG paths/unit; x 5x60 unit cells = 8400; Scalar = 1/8400",1 unit-boundary FTI column(s) excluded from active FTI count,,,,,,,,,,,7,2/3/6/7,28,,,,,
x81zs_diffiso01_e,DIFFOGD110-N27-L-A:FTIML:OGD:REG:P2,DIFFOGD,A,DIFFOGD-<MOS>-A:FTIML:OGD:REG:<SKEW>,8400,0.000119048,"OGD DIFF: 7 active FTI columns/unit x 4 device diff tracks cut by each FTI (LO diff one side, HI diff other side) = 28 LKG paths/unit; x 5x60 unit cells = 8400; Scalar = 1/8400",1 unit-boundary FTI column(s) excluded from active FTI count,,,,,,,,,,,7,2/3/6/7,28,,,,,
x81zs_diffiso01_e,DIFFOGD110-N27-L-A:FTIML:OGD:REG:P4,DIFFOGD,A,DIFFOGD-<MOS>-A:FTIML:OGD:REG:<SKEW>,8400,0.000119048,"OGD DIFF: 7 active FTI columns/unit x 4 device diff tracks cut by each FTI (LO diff one side, HI diff other side) = 28 LKG paths/unit; x 5x60 unit cells = 8400; Scalar = 1/8400",1 unit-boundary FTI column(s) excluded from active FTI count,,,,,,,,,,,7,2/3/6/7,28,,,,,
x81zs_diffiso01_e,DIFFOGD110-N27-L-A:FTIML:OGD:REG:P6,DIFFOGD,A,DIFFOGD-<MOS>-A:FTIML:OGD:REG:<SKEW>,8400,0.000119048,"OGD DIFF: 7 active FTI columns/unit x 4 device diff tracks cut by each FTI (LO diff one side, HI diff other side) = 28 LKG paths/unit; x 5x60 unit cells = 8400; Scalar = 1/8400",1 unit-boundary FTI column(s) excluded from active FTI count,,,,,,,,,,,7,2/3/6/7,28,,,,,
x81zs_diffiso01_e,DIFFOGD110-N27-L-A:FTIML:PGD:REG:N6,DIFFOGD,A,DIFFOGD-<MOS>-A:FTIML:PGD:REG:<SKEW>,8400,0.000119048,"OGD DIFF: 7 active FTI columns/unit x 4 device diff tracks cut by each FTI (LO diff one side, HI diff other side) = 28 LKG paths/unit; x 5x60 unit cells = 8400; Scalar = 1/8400",1 unit-boundary FTI column(s) excluded from active FTI count,,,,,,,,,,,7,2/3/6/7,28,,,,,
x81zs_diffiso01_e,DIFFOGD110-N27-L-A:FTIML:PGD:REG:N4,DIFFOGD,A,DIFFOGD-<MOS>-A:FTIML:PGD:REG:<SKEW>,8400,0.000119048,"OGD DIFF: 7 active FTI columns/unit x 4 device diff tracks cut by each FTI (LO diff one side, HI diff other side) = 28 LKG paths/unit; x 5x60 unit cells = 8400; Scalar = 1/8400",1 unit-boundary FTI column(s) excluded from active FTI count,,,,,,,,,,,7,2/3/6/7,28,,,,,
x81zs_diffiso01_e,DIFFOGD110-N27-L-A:FTIML:PGD:REG:N2,DIFFOGD,A,DIFFOGD-<MOS>-A:FTIML:PGD:REG:<SKEW>,8400,0.000119048,"OGD DIFF: 7 active FTI columns/unit x 4 device diff tracks cut by each FTI (LO diff one side, HI diff other side) = 28 LKG paths/unit; x 5x60 unit cells = 8400; Scalar = 1/8400",1 unit-boundary FTI column(s) excluded from active FTI count,,,,,,,,,,,7,2/3/6/7,28,,,,,
x81zs_diffiso01_e,DIFFOGD110-N27-L-A:FTIML:PGD:REG:P2,DIFFOGD,A,DIFFOGD-<MOS>-A:FTIML:PGD:REG:<SKEW>,8400,0.000119048,"OGD DIFF: 7 active FTI columns/unit x 4 device diff tracks cut by each FTI (LO diff one side, HI diff other side) = 28 LKG paths/unit; x 5x60 unit cells = 8400; Scalar = 1/8400",1 unit-boundary FTI column(s) excluded from active FTI count,,,,,,,,,,,7,2/3/6/7,28,,,,,
x81zs_diffiso01_e,DIFFOGD110-N27-L-A:FTIML:PGD:REG:P6,DIFFOGD,A,DIFFOGD-<MOS>-A:FTIML:PGD:REG:<SKEW>,8400,0.000119048,"OGD DIFF: 7 active FTI columns/unit x 4 device diff tracks cut by each FTI (LO diff one side, HI diff other side) = 28 LKG paths/unit; x 5x60 unit cells = 8400; Scalar = 1/8400",1 unit-boundary FTI column(s) excluded from active FTI count,,,,,,,,,,,7,2/3/6/7,28,,,,,
x81zs_diffiso02,DIFFOGD132-N46-L-A:FTISL:SDR,DIFFOGD,A,DIFFOGD-<MOS>-A:FTISL:SDR,4200,0.000238095,"OGD DIFF: 7 active FTI columns/unit x 2 device diff tracks cut by each FTI (LO diff one side, HI diff other side) = 14 LKG paths/unit; x 5x60 unit cells = 4200; Scalar = 1/4200",1 unit-boundary FTI column(s) excluded from active FTI count,,,,,,,,,,,7,2/3/6/7,14,,,,,
x81zs_diffiso02,DIFFOGD132-N46-L-A:FTISL:OGD:CD:N5,DIFFOGD,A,DIFFOGD-<MOS>-A:FTISL:OGD:CD:<SKEW>,4200,0.000238095,"OGD DIFF: 7 active FTI columns/unit x 2 device diff tracks cut by each FTI (LO diff one side, HI diff other side) = 14 LKG paths/unit; x 5x60 unit cells = 4200; Scalar = 1/4200",1 unit-boundary FTI column(s) excluded from active FTI count,,,,,,,,,,,7,2/3/6/7,14,,,,,
x81zs_diffiso02,DIFFOGD132-N46-L-A:FTISL:OGD:CD:N4,DIFFOGD,A,DIFFOGD-<MOS>-A:FTISL:OGD:CD:<SKEW>,4200,0.000238095,"OGD DIFF: 7 active FTI columns/unit x 2 device diff tracks cut by each FTI (LO diff one side, HI diff other side) = 14 LKG paths/unit; x 5x60 unit cells = 4200; Scalar = 1/4200",1 unit-boundary FTI column(s) excluded from active FTI count,,,,,,,,,,,7,2/3/6/7,14,,,,,
x81zs_diffiso02,DIFFOGD132-N46-L-A:FTISL:OGD:CD:N3,DIFFOGD,A,DIFFOGD-<MOS>-A:FTISL:OGD:CD:<SKEW>,4200,0.000238095,"OGD DIFF: 7 active FTI columns/unit x 2 device diff tracks cut by each FTI (LO diff one side, HI diff other side) = 14 LKG paths/unit; x 5x60 unit cells = 4200; Scalar = 1/4200",1 unit-boundary FTI column(s) excluded from active FTI count,,,,,,,,,,,7,2/3/6/7,14,,,,,
x81zs_diffiso02,DIFFOGD132-N46-L-A:FTISL:OGD:CD:N2,DIFFOGD,A,DIFFOGD-<MOS>-A:FTISL:OGD:CD:<SKEW>,4200,0.000238095,"OGD DIFF: 7 active FTI columns/unit x 2 device diff tracks cut by each FTI (LO diff one side, HI diff other side) = 14 LKG paths/unit; x 5x60 unit cells = 4200; Scalar = 1/4200",1 unit-boundary FTI column(s) excluded from active FTI count,,,,,,,,,,,7,2/3/6/7,14,,,,,
x81zs_diffiso02,DIFFOGD132-N46-L-A:FTISL:OGD:CD:N1,DIFFOGD,A,DIFFOGD-<MOS>-A:FTISL:OGD:CD:<SKEW>,4200,0.000238095,"OGD DIFF: 7 active FTI columns/unit x 2 device diff tracks cut by each FTI (LO diff one side, HI diff other side) = 14 LKG paths/unit; x 5x60 unit cells = 4200; Scalar = 1/4200",1 unit-boundary FTI column(s) excluded from active FTI count,,,,,,,,,,,7,2/3/6/7,14,,,,,
x81zs_diffiso02,DIFFOGD132-N46-L-A:FTISL:OGD:CD:P1,DIFFOGD,A,DIFFOGD-<MOS>-A:FTISL:OGD:CD:<SKEW>,4200,0.000238095,"OGD DIFF: 7 active FTI columns/unit x 2 device diff tracks cut by each FTI (LO diff one side, HI diff other side) = 14 LKG paths/unit; x 5x60 unit cells = 4200; Scalar = 1/4200",1 unit-boundary FTI column(s) excluded from active FTI count,,,,,,,,,,,7,2/3/6/7,14,,,,,
x81zs_diffiso02,DIFFOGD132-N46-L-A:FTISL:OGD:CD:P2,DIFFOGD,A,DIFFOGD-<MOS>-A:FTISL:OGD:CD:<SKEW>,4200,0.000238095,"OGD DIFF: 7 active FTI columns/unit x 2 device diff tracks cut by each FTI (LO diff one side, HI diff other side) = 14 LKG paths/unit; x 5x60 unit cells = 4200; Scalar = 1/4200",1 unit-boundary FTI column(s) excluded from active FTI count,,,,,,,,,,,7,2/3/6/7,14,,,,,
x81zs_diffiso02,DIFFOGD132-N46-L-A:FTISL:OGD:CD:P3,DIFFOGD,A,DIFFOGD-<MOS>-A:FTISL:OGD:CD:<SKEW>,4200,0.000238095,"OGD DIFF: 7 active FTI columns/unit x 2 device diff tracks cut by each FTI (LO diff one side, HI diff other side) = 14 LKG paths/unit; x 5x60 unit cells = 4200; Scalar = 1/4200",1 unit-boundary FTI column(s) excluded from active FTI count,,,,,,,,,,,7,2/3/6/7,14,,,,,
x81zs_diffiso02,DIFFOGD132-N46-L-A:FTISL:OGD:CD:P4,DIFFOGD,A,DIFFOGD-<MOS>-A:FTISL:OGD:CD:<SKEW>,4200,0.000238095,"OGD DIFF: 7 active FTI columns/unit x 2 device diff tracks cut by each FTI (LO diff one side, HI diff other side) = 14 LKG paths/unit; x 5x60 unit cells = 4200; Scalar = 1/4200",1 unit-boundary FTI column(s) excluded from active FTI count,,,,,,,,,,,7,2/3/6/7,14,,,,,
x81zs_diffiso02,DIFFOGD132-N46-L-A:FTISL:OGD:CD:P5,DIFFOGD,A,DIFFOGD-<MOS>-A:FTISL:OGD:CD:<SKEW>,4200,0.000238095,"OGD DIFF: 7 active FTI columns/unit x 2 device diff tracks cut by each FTI (LO diff one side, HI diff other side) = 14 LKG paths/unit; x 5x60 unit cells = 4200; Scalar = 1/4200",1 unit-boundary FTI column(s) excluded from active FTI count,,,,,,,,,,,7,2/3/6/7,14,,,,,
x81zs_diffiso02,DIFFOGD132-N46-L-A:FTISL:PGD:CD:N5,DIFFOGD,A,DIFFOGD-<MOS>-A:FTISL:PGD:CD:<SKEW>,4200,0.000238095,"OGD DIFF: 7 active FTI columns/unit x 2 device diff tracks cut by each FTI (LO diff one side, HI diff other side) = 14 LKG paths/unit; x 5x60 unit cells = 4200; Scalar = 1/4200",1 unit-boundary FTI column(s) excluded from active FTI count,,,,,,,,,,,7,2/3/6/7,14,,,,,
x81zs_diffiso02,DIFFOGD132-N46-L-A:FTISL:PGD:CD:N4,DIFFOGD,A,DIFFOGD-<MOS>-A:FTISL:PGD:CD:<SKEW>,4200,0.000238095,"OGD DIFF: 7 active FTI columns/unit x 2 device diff tracks cut by each FTI (LO diff one side, HI diff other side) = 14 LKG paths/unit; x 5x60 unit cells = 4200; Scalar = 1/4200",1 unit-boundary FTI column(s) excluded from active FTI count,,,,,,,,,,,7,2/3/6/7,14,,,,,
x81zs_diffiso02,DIFFOGD132-N46-L-A:FTISL:PGD:CD:N3,DIFFOGD,A,DIFFOGD-<MOS>-A:FTISL:PGD:CD:<SKEW>,4200,0.000238095,"OGD DIFF: 7 active FTI columns/unit x 2 device diff tracks cut by each FTI (LO diff one side, HI diff other side) = 14 LKG paths/unit; x 5x60 unit cells = 4200; Scalar = 1/4200",1 unit-boundary FTI column(s) excluded from active FTI count,,,,,,,,,,,7,2/3/6/7,14,,,,,
x81zs_diffiso02,DIFFOGD132-N46-L-A:FTISL:PGD:CD:N2,DIFFOGD,A,DIFFOGD-<MOS>-A:FTISL:PGD:CD:<SKEW>,4200,0.000238095,"OGD DIFF: 7 active FTI columns/unit x 2 device diff tracks cut by each FTI (LO diff one side, HI diff other side) = 14 LKG paths/unit; x 5x60 unit cells = 4200; Scalar = 1/4200",1 unit-boundary FTI column(s) excluded from active FTI count,,,,,,,,,,,7,2/3/6/7,14,,,,,
x81zs_diffiso02,DIFFOGD132-N46-L-A:FTISL:PGD:CD:N1,DIFFOGD,A,DIFFOGD-<MOS>-A:FTISL:PGD:CD:<SKEW>,4200,0.000238095,"OGD DIFF: 7 active FTI columns/unit x 2 device diff tracks cut by each FTI (LO diff one side, HI diff other side) = 14 LKG paths/unit; x 5x60 unit cells = 4200; Scalar = 1/4200",1 unit-boundary FTI column(s) excluded from active FTI count,,,,,,,,,,,7,2/3/6/7,14,,,,,
x81zs_diffiso02,DIFFOGD132-N46-L-A:FTISL:PGD:CD:P1,DIFFOGD,A,DIFFOGD-<MOS>-A:FTISL:PGD:CD:<SKEW>,4200,0.000238095,"OGD DIFF: 7 active FTI columns/unit x 2 device diff tracks cut by each FTI (LO diff one side, HI diff other side) = 14 LKG paths/unit; x 5x60 unit cells = 4200; Scalar = 1/4200",1 unit-boundary FTI column(s) excluded from active FTI count,,,,,,,,,,,7,2/3/6/7,14,,,,,
x81zs_diffiso02,DIFFOGD132-N46-L-A:FTISL:PGD:CD:P2,DIFFOGD,A,DIFFOGD-<MOS>-A:FTISL:PGD:CD:<SKEW>,4200,0.000238095,"OGD DIFF: 7 active FTI columns/unit x 2 device diff tracks cut by each FTI (LO diff one side, HI diff other side) = 14 LKG paths/unit; x 5x60 unit cells = 4200; Scalar = 1/4200",1 unit-boundary FTI column(s) excluded from active FTI count,,,,,,,,,,,7,2/3/6/7,14,,,,,
x81zs_diffiso02,DIFFOGD132-N46-L-A:FTISL:PGD:CD:P3,DIFFOGD,A,DIFFOGD-<MOS>-A:FTISL:PGD:CD:<SKEW>,4200,0.000238095,"OGD DIFF: 7 active FTI columns/unit x 2 device diff tracks cut by each FTI (LO diff one side, HI diff other side) = 14 LKG paths/unit; x 5x60 unit cells = 4200; Scalar = 1/4200",1 unit-boundary FTI column(s) excluded from active FTI count,,,,,,,,,,,7,2/3/6/7,14,,,,,
x81zs_diffiso02,DIFFOGD132-N46-L-A:FTISL:PGD:CD:P4,DIFFOGD,A,DIFFOGD-<MOS>-A:FTISL:PGD:CD:<SKEW>,4200,0.000238095,"OGD DIFF: 7 active FTI columns/unit x 2 device diff tracks cut by each FTI (LO diff one side, HI diff other side) = 14 LKG paths/unit; x 5x60 unit cells = 4200; Scalar = 1/4200",1 unit-boundary FTI column(s) excluded from active FTI count,,,,,,,,,,,7,2/3/6/7,14,,,,,
x81zs_diffiso02,DIFFOGD132-N46-L-A:FTISL:PGD:CD:P5,DIFFOGD,A,DIFFOGD-<MOS>-A:FTISL:PGD:CD:<SKEW>,4200,0.000238095,"OGD DIFF: 7 active FTI columns/unit x 2 device diff tracks cut by each FTI (LO diff one side, HI diff other side) = 14 LKG paths/unit; x 5x60 unit cells = 4200; Scalar = 1/4200",1 unit-boundary FTI column(s) excluded from active FTI count,,,,,,,,,,,7,2/3/6/7,14,,,,,
x81zs_diffiso02,DIFFOGD132-N46-L-A:FTISL:OGD:REG:N6,DIFFOGD,A,DIFFOGD-<MOS>-A:FTISL:OGD:REG:<SKEW>,4200,0.000238095,"OGD DIFF: 7 active FTI columns/unit x 2 device diff tracks cut by each FTI (LO diff one side, HI diff other side) = 14 LKG paths/unit; x 5x60 unit cells = 4200; Scalar = 1/4200",1 unit-boundary FTI column(s) excluded from active FTI count,,,,,,,,,,,7,2/3/6/7,14,,,,,
x81zs_diffiso02,DIFFOGD132-N46-L-A:FTISL:OGD:REG:N4,DIFFOGD,A,DIFFOGD-<MOS>-A:FTISL:OGD:REG:<SKEW>,4200,0.000238095,"OGD DIFF: 7 active FTI columns/unit x 2 device diff tracks cut by each FTI (LO diff one side, HI diff other side) = 14 LKG paths/unit; x 5x60 unit cells = 4200; Scalar = 1/4200",1 unit-boundary FTI column(s) excluded from active FTI count,,,,,,,,,,,7,2/3/6/7,14,,,,,
x81zs_diffiso02,DIFFOGD132-N46-L-A:FTISL:OGD:REG:N2,DIFFOGD,A,DIFFOGD-<MOS>-A:FTISL:OGD:REG:<SKEW>,4200,0.000238095,"OGD DIFF: 7 active FTI columns/unit x 2 device diff tracks cut by each FTI (LO diff one side, HI diff other side) = 14 LKG paths/unit; x 5x60 unit cells = 4200; Scalar = 1/4200",1 unit-boundary FTI column(s) excluded from active FTI count,,,,,,,,,,,7,2/3/6/7,14,,,,,
x81zs_diffiso02,DIFFOGD132-N46-L-A:FTISL:OGD:REG:P2,DIFFOGD,A,DIFFOGD-<MOS>-A:FTISL:OGD:REG:<SKEW>,4200,0.000238095,"OGD DIFF: 7 active FTI columns/unit x 2 device diff tracks cut by each FTI (LO diff one side, HI diff other side) = 14 LKG paths/unit; x 5x60 unit cells = 4200; Scalar = 1/4200",1 unit-boundary FTI column(s) excluded from active FTI count,,,,,,,,,,,7,2/3/6/7,14,,,,,
x81zs_diffiso02,DIFFOGD132-N46-L-A:FTISL:OGD:REG:P4,DIFFOGD,A,DIFFOGD-<MOS>-A:FTISL:OGD:REG:<SKEW>,4200,0.000238095,"OGD DIFF: 7 active FTI columns/unit x 2 device diff tracks cut by each FTI (LO diff one side, HI diff other side) = 14 LKG paths/unit; x 5x60 unit cells = 4200; Scalar = 1/4200",1 unit-boundary FTI column(s) excluded from active FTI count,,,,,,,,,,,7,2/3/6/7,14,,,,,
x81zs_diffiso02,DIFFOGD132-N46-L-A:FTISL:OGD:REG:P6,DIFFOGD,A,DIFFOGD-<MOS>-A:FTISL:OGD:REG:<SKEW>,4200,0.000238095,"OGD DIFF: 7 active FTI columns/unit x 2 device diff tracks cut by each FTI (LO diff one side, HI diff other side) = 14 LKG paths/unit; x 5x60 unit cells = 4200; Scalar = 1/4200",1 unit-boundary FTI column(s) excluded from active FTI count,,,,,,,,,,,7,2/3/6/7,14,,,,,
x81zs_diffiso02,DIFFOGD132-N46-L-A:FTISL:PGD:REG:N6,DIFFOGD,A,DIFFOGD-<MOS>-A:FTISL:PGD:REG:<SKEW>,4200,0.000238095,"OGD DIFF: 7 active FTI columns/unit x 2 device diff tracks cut by each FTI (LO diff one side, HI diff other side) = 14 LKG paths/unit; x 5x60 unit cells = 4200; Scalar = 1/4200",1 unit-boundary FTI column(s) excluded from active FTI count,,,,,,,,,,,7,2/3/6/7,14,,,,,
x81zs_diffiso02,DIFFOGD132-N46-L-A:FTISL:PGD:REG:N4,DIFFOGD,A,DIFFOGD-<MOS>-A:FTISL:PGD:REG:<SKEW>,4200,0.000238095,"OGD DIFF: 7 active FTI columns/unit x 2 device diff tracks cut by each FTI (LO diff one side, HI diff other side) = 14 LKG paths/unit; x 5x60 unit cells = 4200; Scalar = 1/4200",1 unit-boundary FTI column(s) excluded from active FTI count,,,,,,,,,,,7,2/3/6/7,14,,,,,
x81zs_diffiso02,DIFFOGD132-N46-L-A:FTISL:PGD:REG:N2,DIFFOGD,A,DIFFOGD-<MOS>-A:FTISL:PGD:REG:<SKEW>,4200,0.000238095,"OGD DIFF: 7 active FTI columns/unit x 2 device diff tracks cut by each FTI (LO diff one side, HI diff other side) = 14 LKG paths/unit; x 5x60 unit cells = 4200; Scalar = 1/4200",1 unit-boundary FTI column(s) excluded from active FTI count,,,,,,,,,,,7,2/3/6/7,14,,,,,
x81zs_diffiso02,DIFFOGD132-N46-L-A:FTISL:PGD:REG:P2,DIFFOGD,A,DIFFOGD-<MOS>-A:FTISL:PGD:REG:<SKEW>,4200,0.000238095,"OGD DIFF: 7 active FTI columns/unit x 2 device diff tracks cut by each FTI (LO diff one side, HI diff other side) = 14 LKG paths/unit; x 5x60 unit cells = 4200; Scalar = 1/4200",1 unit-boundary FTI column(s) excluded from active FTI count,,,,,,,,,,,7,2/3/6/7,14,,,,,
x81zs_diffiso02,DIFFOGD132-N46-L-A:FTISL:PGD:REG:P4,DIFFOGD,A,DIFFOGD-<MOS>-A:FTISL:PGD:REG:<SKEW>,4200,0.000238095,"OGD DIFF: 7 active FTI columns/unit x 2 device diff tracks cut by each FTI (LO diff one side, HI diff other side) = 14 LKG paths/unit; x 5x60 unit cells = 4200; Scalar = 1/4200",1 unit-boundary FTI column(s) excluded from active FTI count,,,,,,,,,,,7,2/3/6/7,14,,,,,
x81zs_diffiso02,DIFFOGD132-N46-L-A:FTISL:PGD:REG:P6,DIFFOGD,A,DIFFOGD-<MOS>-A:FTISL:PGD:REG:<SKEW>,4200,0.000238095,"OGD DIFF: 7 active FTI columns/unit x 2 device diff tracks cut by each FTI (LO diff one side, HI diff other side) = 14 LKG paths/unit; x 5x60 unit cells = 4200; Scalar = 1/4200",1 unit-boundary FTI column(s) excluded from active FTI count,,,,,,,,,,,7,2/3/6/7,14,,,,,
x81zs_diffiso02,DIFFOGD132-P46-L-A:FTISL:SDR,DIFFOGD,A,DIFFOGD-<MOS>-A:FTISL:SDR,4200,0.000238095,"OGD DIFF: 7 active FTI columns/unit x 2 device diff tracks cut by each FTI (LO diff one side, HI diff other side) = 14 LKG paths/unit; x 5x60 unit cells = 4200; Scalar = 1/4200",1 unit-boundary FTI column(s) excluded from active FTI count,,,,,,,,,,,7,2/3/6/7,14,,,,,
x81zs_diffiso02,DIFFOGD132-P46-L-A:FTISL:OGD:CD:N5,DIFFOGD,A,DIFFOGD-<MOS>-A:FTISL:OGD:CD:<SKEW>,4200,0.000238095,"OGD DIFF: 7 active FTI columns/unit x 2 device diff tracks cut by each FTI (LO diff one side, HI diff other side) = 14 LKG paths/unit; x 5x60 unit cells = 4200; Scalar = 1/4200",1 unit-boundary FTI column(s) excluded from active FTI count,,,,,,,,,,,7,2/3/6/7,14,,,,,
x81zs_diffiso02,DIFFOGD132-P46-L-A:FTISL:OGD:CD:N4,DIFFOGD,A,DIFFOGD-<MOS>-A:FTISL:OGD:CD:<SKEW>,4200,0.000238095,"OGD DIFF: 7 active FTI columns/unit x 2 device diff tracks cut by each FTI (LO diff one side, HI diff other side) = 14 LKG paths/unit; x 5x60 unit cells = 4200; Scalar = 1/4200",1 unit-boundary FTI column(s) excluded from active FTI count,,,,,,,,,,,7,2/3/6/7,14,,,,,
x81zs_diffiso02,DIFFOGD132-P46-L-A:FTISL:OGD:CD:N3,DIFFOGD,A,DIFFOGD-<MOS>-A:FTISL:OGD:CD:<SKEW>,4200,0.000238095,"OGD DIFF: 7 active FTI columns/unit x 2 device diff tracks cut by each FTI (LO diff one side, HI diff other side) = 14 LKG paths/unit; x 5x60 unit cells = 4200; Scalar = 1/4200",1 unit-boundary FTI column(s) excluded from active FTI count,,,,,,,,,,,7,2/3/6/7,14,,,,,
x81zs_diffiso02,DIFFOGD132-P46-L-A:FTISL:OGD:CD:N2,DIFFOGD,A,DIFFOGD-<MOS>-A:FTISL:OGD:CD:<SKEW>,4200,0.000238095,"OGD DIFF: 7 active FTI columns/unit x 2 device diff tracks cut by each FTI (LO diff one side, HI diff other side) = 14 LKG paths/unit; x 5x60 unit cells = 4200; Scalar = 1/4200",1 unit-boundary FTI column(s) excluded from active FTI count,,,,,,,,,,,7,2/3/6/7,14,,,,,
x81zs_diffiso02,DIFFOGD132-P46-L-A:FTISL:OGD:CD:N1,DIFFOGD,A,DIFFOGD-<MOS>-A:FTISL:OGD:CD:<SKEW>,4200,0.000238095,"OGD DIFF: 7 active FTI columns/unit x 2 device diff tracks cut by each FTI (LO diff one side, HI diff other side) = 14 LKG paths/unit; x 5x60 unit cells = 4200; Scalar = 1/4200",1 unit-boundary FTI column(s) excluded from active FTI count,,,,,,,,,,,7,2/3/6/7,14,,,,,
x81zs_diffiso02,DIFFOGD132-P46-L-A:FTISL:OGD:CD:P1,DIFFOGD,A,DIFFOGD-<MOS>-A:FTISL:OGD:CD:<SKEW>,4200,0.000238095,"OGD DIFF: 7 active FTI columns/unit x 2 device diff tracks cut by each FTI (LO diff one side, HI diff other side) = 14 LKG paths/unit; x 5x60 unit cells = 4200; Scalar = 1/4200",1 unit-boundary FTI column(s) excluded from active FTI count,,,,,,,,,,,7,2/3/6/7,14,,,,,
x81zs_diffiso02,DIFFOGD132-P46-L-A:FTISL:OGD:CD:P2,DIFFOGD,A,DIFFOGD-<MOS>-A:FTISL:OGD:CD:<SKEW>,4200,0.000238095,"OGD DIFF: 7 active FTI columns/unit x 2 device diff tracks cut by each FTI (LO diff one side, HI diff other side) = 14 LKG paths/unit; x 5x60 unit cells = 4200; Scalar = 1/4200",1 unit-boundary FTI column(s) excluded from active FTI count,,,,,,,,,,,7,2/3/6/7,14,,,,,
x81zs_diffiso02,DIFFOGD132-P46-L-A:FTISL:OGD:CD:P3,DIFFOGD,A,DIFFOGD-<MOS>-A:FTISL:OGD:CD:<SKEW>,4200,0.000238095,"OGD DIFF: 7 active FTI columns/unit x 2 device diff tracks cut by each FTI (LO diff one side, HI diff other side) = 14 LKG paths/unit; x 5x60 unit cells = 4200; Scalar = 1/4200",1 unit-boundary FTI column(s) excluded from active FTI count,,,,,,,,,,,7,2/3/6/7,14,,,,,
x81zs_diffiso02,DIFFOGD132-P46-L-A:FTISL:OGD:CD:P4,DIFFOGD,A,DIFFOGD-<MOS>-A:FTISL:OGD:CD:<SKEW>,4200,0.000238095,"OGD DIFF: 7 active FTI columns/unit x 2 device diff tracks cut by each FTI (LO diff one side, HI diff other side) = 14 LKG paths/unit; x 5x60 unit cells = 4200; Scalar = 1/4200",1 unit-boundary FTI column(s) excluded from active FTI count,,,,,,,,,,,7,2/3/6/7,14,,,,,
x81zs_diffiso02,DIFFOGD132-P46-L-A:FTISL:OGD:CD:P5,DIFFOGD,A,DIFFOGD-<MOS>-A:FTISL:OGD:CD:<SKEW>,4200,0.000238095,"OGD DIFF: 7 active FTI columns/unit x 2 device diff tracks cut by each FTI (LO diff one side, HI diff other side) = 14 LKG paths/unit; x 5x60 unit cells = 4200; Scalar = 1/4200",1 unit-boundary FTI column(s) excluded from active FTI count,,,,,,,,,,,7,2/3/6/7,14,,,,,
x81zs_diffiso02,DIFFOGD132-P46-L-A:FTISL:PGD:CD:N5,DIFFOGD,A,DIFFOGD-<MOS>-A:FTISL:PGD:CD:<SKEW>,4200,0.000238095,"OGD DIFF: 7 active FTI columns/unit x 2 device diff tracks cut by each FTI (LO diff one side, HI diff other side) = 14 LKG paths/unit; x 5x60 unit cells = 4200; Scalar = 1/4200",1 unit-boundary FTI column(s) excluded from active FTI count,,,,,,,,,,,7,2/3/6/7,14,,,,,
x81zs_diffiso02,DIFFOGD132-P46-L-A:FTISL:PGD:CD:N4,DIFFOGD,A,DIFFOGD-<MOS>-A:FTISL:PGD:CD:<SKEW>,4200,0.000238095,"OGD DIFF: 7 active FTI columns/unit x 2 device diff tracks cut by each FTI (LO diff one side, HI diff other side) = 14 LKG paths/unit; x 5x60 unit cells = 4200; Scalar = 1/4200",1 unit-boundary FTI column(s) excluded from active FTI count,,,,,,,,,,,7,2/3/6/7,14,,,,,
x81zs_diffiso02,DIFFOGD132-P46-L-A:FTISL:PGD:CD:N3,DIFFOGD,A,DIFFOGD-<MOS>-A:FTISL:PGD:CD:<SKEW>,4200,0.000238095,"OGD DIFF: 7 active FTI columns/unit x 2 device diff tracks cut by each FTI (LO diff one side, HI diff other side) = 14 LKG paths/unit; x 5x60 unit cells = 4200; Scalar = 1/4200",1 unit-boundary FTI column(s) excluded from active FTI count,,,,,,,,,,,7,2/3/6/7,14,,,,,
x81zs_diffiso02,DIFFOGD132-P46-L-A:FTISL:PGD:CD:N2,DIFFOGD,A,DIFFOGD-<MOS>-A:FTISL:PGD:CD:<SKEW>,4200,0.000238095,"OGD DIFF: 7 active FTI columns/unit x 2 device diff tracks cut by each FTI (LO diff one side, HI diff other side) = 14 LKG paths/unit; x 5x60 unit cells = 4200; Scalar = 1/4200",1 unit-boundary FTI column(s) excluded from active FTI count,,,,,,,,,,,7,2/3/6/7,14,,,,,
x81zs_diffiso02,DIFFOGD132-P46-L-A:FTISL:PGD:CD:N1,DIFFOGD,A,DIFFOGD-<MOS>-A:FTISL:PGD:CD:<SKEW>,4200,0.000238095,"OGD DIFF: 7 active FTI columns/unit x 2 device diff tracks cut by each FTI (LO diff one side, HI diff other side) = 14 LKG paths/unit; x 5x60 unit cells = 4200; Scalar = 1/4200",1 unit-boundary FTI column(s) excluded from active FTI count,,,,,,,,,,,7,2/3/6/7,14,,,,,
x81zs_diffiso02,DIFFOGD132-P46-L-A:FTISL:PGD:CD:P1,DIFFOGD,A,DIFFOGD-<MOS>-A:FTISL:PGD:CD:<SKEW>,4200,0.000238095,"OGD DIFF: 7 active FTI columns/unit x 2 device diff tracks cut by each FTI (LO diff one side, HI diff other side) = 14 LKG paths/unit; x 5x60 unit cells = 4200; Scalar = 1/4200",1 unit-boundary FTI column(s) excluded from active FTI count,,,,,,,,,,,7,2/3/6/7,14,,,,,
x81zs_diffiso02,DIFFOGD132-P46-L-A:FTISL:PGD:CD:P2,DIFFOGD,A,DIFFOGD-<MOS>-A:FTISL:PGD:CD:<SKEW>,4200,0.000238095,"OGD DIFF: 7 active FTI columns/unit x 2 device diff tracks cut by each FTI (LO diff one side, HI diff other side) = 14 LKG paths/unit; x 5x60 unit cells = 4200; Scalar = 1/4200",1 unit-boundary FTI column(s) excluded from active FTI count,,,,,,,,,,,7,2/3/6/7,14,,,,,
x81zs_diffiso02,DIFFOGD132-P46-L-A:FTISL:PGD:CD:P3,DIFFOGD,A,DIFFOGD-<MOS>-A:FTISL:PGD:CD:<SKEW>,4200,0.000238095,"OGD DIFF: 7 active FTI columns/unit x 2 device diff tracks cut by each FTI (LO diff one side, HI diff other side) = 14 LKG paths/unit; x 5x60 unit cells = 4200; Scalar = 1/4200",1 unit-boundary FTI column(s) excluded from active FTI count,,,,,,,,,,,7,2/3/6/7,14,,,,,
x81zs_diffiso02,DIFFOGD132-P46-L-A:FTISL:PGD:CD:P4,DIFFOGD,A,DIFFOGD-<MOS>-A:FTISL:PGD:CD:<SKEW>,4200,0.000238095,"OGD DIFF: 7 active FTI columns/unit x 2 device diff tracks cut by each FTI (LO diff one side, HI diff other side) = 14 LKG paths/unit; x 5x60 unit cells = 4200; Scalar = 1/4200",1 unit-boundary FTI column(s) excluded from active FTI count,,,,,,,,,,,7,2/3/6/7,14,,,,,
x81zs_diffiso02,DIFFOGD132-P46-L-A:FTISL:PGD:CD:P5,DIFFOGD,A,DIFFOGD-<MOS>-A:FTISL:PGD:CD:<SKEW>,4200,0.000238095,"OGD DIFF: 7 active FTI columns/unit x 2 device diff tracks cut by each FTI (LO diff one side, HI diff other side) = 14 LKG paths/unit; x 5x60 unit cells = 4200; Scalar = 1/4200",1 unit-boundary FTI column(s) excluded from active FTI count,,,,,,,,,,,7,2/3/6/7,14,,,,,
x81zs_diffiso02,DIFFOGD132-P46-L-A:FTISL:OGD:REG:N6,DIFFOGD,A,DIFFOGD-<MOS>-A:FTISL:OGD:REG:<SKEW>,4200,0.000238095,"OGD DIFF: 7 active FTI columns/unit x 2 device diff tracks cut by each FTI (LO diff one side, HI diff other side) = 14 LKG paths/unit; x 5x60 unit cells = 4200; Scalar = 1/4200",1 unit-boundary FTI column(s) excluded from active FTI count,,,,,,,,,,,7,2/3/6/7,14,,,,,
x81zs_diffiso02,DIFFOGD132-P46-L-A:FTISL:OGD:REG:N4,DIFFOGD,A,DIFFOGD-<MOS>-A:FTISL:OGD:REG:<SKEW>,4200,0.000238095,"OGD DIFF: 7 active FTI columns/unit x 2 device diff tracks cut by each FTI (LO diff one side, HI diff other side) = 14 LKG paths/unit; x 5x60 unit cells = 4200; Scalar = 1/4200",1 unit-boundary FTI column(s) excluded from active FTI count,,,,,,,,,,,7,2/3/6/7,14,,,,,
x81zs_diffiso02,DIFFOGD132-P46-L-A:FTISL:OGD:REG:N2,DIFFOGD,A,DIFFOGD-<MOS>-A:FTISL:OGD:REG:<SKEW>,4200,0.000238095,"OGD DIFF: 7 active FTI columns/unit x 2 device diff tracks cut by each FTI (LO diff one side, HI diff other side) = 14 LKG paths/unit; x 5x60 unit cells = 4200; Scalar = 1/4200",1 unit-boundary FTI column(s) excluded from active FTI count,,,,,,,,,,,7,2/3/6/7,14,,,,,
x81zs_diffiso02,DIFFOGD132-P46-L-A:FTISL:OGD:REG:P2,DIFFOGD,A,DIFFOGD-<MOS>-A:FTISL:OGD:REG:<SKEW>,4200,0.000238095,"OGD DIFF: 7 active FTI columns/unit x 2 device diff tracks cut by each FTI (LO diff one side, HI diff other side) = 14 LKG paths/unit; x 5x60 unit cells = 4200; Scalar = 1/4200",1 unit-boundary FTI column(s) excluded from active FTI count,,,,,,,,,,,7,2/3/6/7,14,,,,,
x81zs_diffiso02,DIFFOGD132-P46-L-A:FTISL:OGD:REG:P4,DIFFOGD,A,DIFFOGD-<MOS>-A:FTISL:OGD:REG:<SKEW>,4200,0.000238095,"OGD DIFF: 7 active FTI columns/unit x 2 device diff tracks cut by each FTI (LO diff one side, HI diff other side) = 14 LKG paths/unit; x 5x60 unit cells = 4200; Scalar = 1/4200",1 unit-boundary FTI column(s) excluded from active FTI count,,,,,,,,,,,7,2/3/6/7,14,,,,,
x81zs_diffiso02,DIFFOGD132-P46-L-A:FTISL:OGD:REG:P6,DIFFOGD,A,DIFFOGD-<MOS>-A:FTISL:OGD:REG:<SKEW>,4200,0.000238095,"OGD DIFF: 7 active FTI columns/unit x 2 device diff tracks cut by each FTI (LO diff one side, HI diff other side) = 14 LKG paths/unit; x 5x60 unit cells = 4200; Scalar = 1/4200",1 unit-boundary FTI column(s) excluded from active FTI count,,,,,,,,,,,7,2/3/6/7,14,,,,,
x81zs_diffiso02,DIFFOGD132-P46-L-A:FTISL:PGD:REG:N6,DIFFOGD,A,DIFFOGD-<MOS>-A:FTISL:PGD:REG:<SKEW>,4200,0.000238095,"OGD DIFF: 7 active FTI columns/unit x 2 device diff tracks cut by each FTI (LO diff one side, HI diff other side) = 14 LKG paths/unit; x 5x60 unit cells = 4200; Scalar = 1/4200",1 unit-boundary FTI column(s) excluded from active FTI count,,,,,,,,,,,7,2/3/6/7,14,,,,,
x81zs_diffiso02,DIFFOGD132-P46-L-A:FTISL:PGD:REG:N4,DIFFOGD,A,DIFFOGD-<MOS>-A:FTISL:PGD:REG:<SKEW>,4200,0.000238095,"OGD DIFF: 7 active FTI columns/unit x 2 device diff tracks cut by each FTI (LO diff one side, HI diff other side) = 14 LKG paths/unit; x 5x60 unit cells = 4200; Scalar = 1/4200",1 unit-boundary FTI column(s) excluded from active FTI count,,,,,,,,,,,7,2/3/6/7,14,,,,,
x81zs_diffiso02,DIFFOGD132-P46-L-A:FTISL:PGD:REG:N2,DIFFOGD,A,DIFFOGD-<MOS>-A:FTISL:PGD:REG:<SKEW>,4200,0.000238095,"OGD DIFF: 7 active FTI columns/unit x 2 device diff tracks cut by each FTI (LO diff one side, HI diff other side) = 14 LKG paths/unit; x 5x60 unit cells = 4200; Scalar = 1/4200",1 unit-boundary FTI column(s) excluded from active FTI count,,,,,,,,,,,7,2/3/6/7,14,,,,,
x81zs_diffiso02,DIFFOGD132-P46-L-A:FTISL:PGD:REG:P2,DIFFOGD,A,DIFFOGD-<MOS>-A:FTISL:PGD:REG:<SKEW>,4200,0.000238095,"OGD DIFF: 7 active FTI columns/unit x 2 device diff tracks cut by each FTI (LO diff one side, HI diff other side) = 14 LKG paths/unit; x 5x60 unit cells = 4200; Scalar = 1/4200",1 unit-boundary FTI column(s) excluded from active FTI count,,,,,,,,,,,7,2/3/6/7,14,,,,,
x81zs_diffiso02,DIFFOGD132-P46-L-A:FTISL:PGD:REG:P4,DIFFOGD,A,DIFFOGD-<MOS>-A:FTISL:PGD:REG:<SKEW>,4200,0.000238095,"OGD DIFF: 7 active FTI columns/unit x 2 device diff tracks cut by each FTI (LO diff one side, HI diff other side) = 14 LKG paths/unit; x 5x60 unit cells = 4200; Scalar = 1/4200",1 unit-boundary FTI column(s) excluded from active FTI count,,,,,,,,,,,7,2/3/6/7,14,,,,,
x81zs_diffiso02,DIFFOGD132-P46-L-A:FTISL:PGD:REG:P6,DIFFOGD,A,DIFFOGD-<MOS>-A:FTISL:PGD:REG:<SKEW>,4200,0.000238095,"OGD DIFF: 7 active FTI columns/unit x 2 device diff tracks cut by each FTI (LO diff one side, HI diff other side) = 14 LKG paths/unit; x 5x60 unit cells = 4200; Scalar = 1/4200",1 unit-boundary FTI column(s) excluded from active FTI count,,,,,,,,,,,7,2/3/6/7,14,,,,,
x81zs_diffiso02,DIFFOGD110-N27-L-A:FTISL:SDR,DIFFOGD,A,DIFFOGD-<MOS>-A:FTISL:SDR,4200,0.000238095,"OGD DIFF: 7 active FTI columns/unit x 2 device diff tracks cut by each FTI (LO diff one side, HI diff other side) = 14 LKG paths/unit; x 5x60 unit cells = 4200; Scalar = 1/4200",1 unit-boundary FTI column(s) excluded from active FTI count,,,,,,,,,,,7,2/3/6/7,14,,,,,
x81zs_diffiso02,DIFFOGD110-N27-L-A:FTISL:OGD:CD:N5,DIFFOGD,A,DIFFOGD-<MOS>-A:FTISL:OGD:CD:<SKEW>,4200,0.000238095,"OGD DIFF: 7 active FTI columns/unit x 2 device diff tracks cut by each FTI (LO diff one side, HI diff other side) = 14 LKG paths/unit; x 5x60 unit cells = 4200; Scalar = 1/4200",1 unit-boundary FTI column(s) excluded from active FTI count,,,,,,,,,,,7,2/3/6/7,14,,,,,
x81zs_diffiso02,DIFFOGD110-N27-L-A:FTISL:OGD:CD:N4,DIFFOGD,A,DIFFOGD-<MOS>-A:FTISL:OGD:CD:<SKEW>,4200,0.000238095,"OGD DIFF: 7 active FTI columns/unit x 2 device diff tracks cut by each FTI (LO diff one side, HI diff other side) = 14 LKG paths/unit; x 5x60 unit cells = 4200; Scalar = 1/4200",1 unit-boundary FTI column(s) excluded from active FTI count,,,,,,,,,,,7,2/3/6/7,14,,,,,
x81zs_diffiso02,DIFFOGD110-N27-L-A:FTISL:OGD:CD:N3,DIFFOGD,A,DIFFOGD-<MOS>-A:FTISL:OGD:CD:<SKEW>,4200,0.000238095,"OGD DIFF: 7 active FTI columns/unit x 2 device diff tracks cut by each FTI (LO diff one side, HI diff other side) = 14 LKG paths/unit; x 5x60 unit cells = 4200; Scalar = 1/4200",1 unit-boundary FTI column(s) excluded from active FTI count,,,,,,,,,,,7,2/3/6/7,14,,,,,
x81zs_diffiso02,DIFFOGD110-N27-L-A:FTISL:OGD:CD:N2,DIFFOGD,A,DIFFOGD-<MOS>-A:FTISL:OGD:CD:<SKEW>,4200,0.000238095,"OGD DIFF: 7 active FTI columns/unit x 2 device diff tracks cut by each FTI (LO diff one side, HI diff other side) = 14 LKG paths/unit; x 5x60 unit cells = 4200; Scalar = 1/4200",1 unit-boundary FTI column(s) excluded from active FTI count,,,,,,,,,,,7,2/3/6/7,14,,,,,
x81zs_diffiso02,DIFFOGD110-N27-L-A:FTISL:OGD:CD:N1,DIFFOGD,A,DIFFOGD-<MOS>-A:FTISL:OGD:CD:<SKEW>,4200,0.000238095,"OGD DIFF: 7 active FTI columns/unit x 2 device diff tracks cut by each FTI (LO diff one side, HI diff other side) = 14 LKG paths/unit; x 5x60 unit cells = 4200; Scalar = 1/4200",1 unit-boundary FTI column(s) excluded from active FTI count,,,,,,,,,,,7,2/3/6/7,14,,,,,
x81zs_diffiso02,DIFFOGD110-N27-L-A:FTISL:OGD:CD:P1,DIFFOGD,A,DIFFOGD-<MOS>-A:FTISL:OGD:CD:<SKEW>,4200,0.000238095,"OGD DIFF: 7 active FTI columns/unit x 2 device diff tracks cut by each FTI (LO diff one side, HI diff other side) = 14 LKG paths/unit; x 5x60 unit cells = 4200; Scalar = 1/4200",1 unit-boundary FTI column(s) excluded from active FTI count,,,,,,,,,,,7,2/3/6/7,14,,,,,
x81zs_diffiso02,DIFFOGD110-N27-L-A:FTISL:OGD:CD:P2,DIFFOGD,A,DIFFOGD-<MOS>-A:FTISL:OGD:CD:<SKEW>,4200,0.000238095,"OGD DIFF: 7 active FTI columns/unit x 2 device diff tracks cut by each FTI (LO diff one side, HI diff other side) = 14 LKG paths/unit; x 5x60 unit cells = 4200; Scalar = 1/4200",1 unit-boundary FTI column(s) excluded from active FTI count,,,,,,,,,,,7,2/3/6/7,14,,,,,
x81zs_diffiso02,DIFFOGD110-N27-L-A:FTISL:OGD:CD:P3,DIFFOGD,A,DIFFOGD-<MOS>-A:FTISL:OGD:CD:<SKEW>,4200,0.000238095,"OGD DIFF: 7 active FTI columns/unit x 2 device diff tracks cut by each FTI (LO diff one side, HI diff other side) = 14 LKG paths/unit; x 5x60 unit cells = 4200; Scalar = 1/4200",1 unit-boundary FTI column(s) excluded from active FTI count,,,,,,,,,,,7,2/3/6/7,14,,,,,
x81zs_diffiso02,DIFFOGD110-N27-L-A:FTISL:OGD:CD:P4,DIFFOGD,A,DIFFOGD-<MOS>-A:FTISL:OGD:CD:<SKEW>,4200,0.000238095,"OGD DIFF: 7 active FTI columns/unit x 2 device diff tracks cut by each FTI (LO diff one side, HI diff other side) = 14 LKG paths/unit; x 5x60 unit cells = 4200; Scalar = 1/4200",1 unit-boundary FTI column(s) excluded from active FTI count,,,,,,,,,,,7,2/3/6/7,14,,,,,
x81zs_diffiso02,DIFFOGD110-N27-L-A:FTISL:OGD:CD:P5,DIFFOGD,A,DIFFOGD-<MOS>-A:FTISL:OGD:CD:<SKEW>,4200,0.000238095,"OGD DIFF: 7 active FTI columns/unit x 2 device diff tracks cut by each FTI (LO diff one side, HI diff other side) = 14 LKG paths/unit; x 5x60 unit cells = 4200; Scalar = 1/4200",1 unit-boundary FTI column(s) excluded from active FTI count,,,,,,,,,,,7,2/3/6/7,14,,,,,
x81zs_diffiso02,DIFFOGD110-N27-L-A:FTISL:PGD:CD:N5,DIFFOGD,A,DIFFOGD-<MOS>-A:FTISL:PGD:CD:<SKEW>,4200,0.000238095,"OGD DIFF: 7 active FTI columns/unit x 2 device diff tracks cut by each FTI (LO diff one side, HI diff other side) = 14 LKG paths/unit; x 5x60 unit cells = 4200; Scalar = 1/4200",1 unit-boundary FTI column(s) excluded from active FTI count,,,,,,,,,,,7,2/3/6/7,14,,,,,
x81zs_diffiso02,DIFFOGD110-N27-L-A:FTISL:PGD:CD:N4,DIFFOGD,A,DIFFOGD-<MOS>-A:FTISL:PGD:CD:<SKEW>,4200,0.000238095,"OGD DIFF: 7 active FTI columns/unit x 2 device diff tracks cut by each FTI (LO diff one side, HI diff other side) = 14 LKG paths/unit; x 5x60 unit cells = 4200; Scalar = 1/4200",1 unit-boundary FTI column(s) excluded from active FTI count,,,,,,,,,,,7,2/3/6/7,14,,,,,
x81zs_diffiso02,DIFFOGD110-N27-L-A:FTISL:PGD:CD:N3,DIFFOGD,A,DIFFOGD-<MOS>-A:FTISL:PGD:CD:<SKEW>,4200,0.000238095,"OGD DIFF: 7 active FTI columns/unit x 2 device diff tracks cut by each FTI (LO diff one side, HI diff other side) = 14 LKG paths/unit; x 5x60 unit cells = 4200; Scalar = 1/4200",1 unit-boundary FTI column(s) excluded from active FTI count,,,,,,,,,,,7,2/3/6/7,14,,,,,
x81zs_diffiso02,DIFFOGD110-N27-L-A:FTISL:PGD:CD:N2,DIFFOGD,A,DIFFOGD-<MOS>-A:FTISL:PGD:CD:<SKEW>,4200,0.000238095,"OGD DIFF: 7 active FTI columns/unit x 2 device diff tracks cut by each FTI (LO diff one side, HI diff other side) = 14 LKG paths/unit; x 5x60 unit cells = 4200; Scalar = 1/4200",1 unit-boundary FTI column(s) excluded from active FTI count,,,,,,,,,,,7,2/3/6/7,14,,,,,
x81zs_diffiso02,DIFFOGD110-N27-L-A:FTISL:PGD:CD:N1,DIFFOGD,A,DIFFOGD-<MOS>-A:FTISL:PGD:CD:<SKEW>,4200,0.000238095,"OGD DIFF: 7 active FTI columns/unit x 2 device diff tracks cut by each FTI (LO diff one side, HI diff other side) = 14 LKG paths/unit; x 5x60 unit cells = 4200; Scalar = 1/4200",1 unit-boundary FTI column(s) excluded from active FTI count,,,,,,,,,,,7,2/3/6/7,14,,,,,
x81zs_diffiso02,DIFFOGD110-N27-L-A:FTISL:PGD:CD:P1,DIFFOGD,A,DIFFOGD-<MOS>-A:FTISL:PGD:CD:<SKEW>,4200,0.000238095,"OGD DIFF: 7 active FTI columns/unit x 2 device diff tracks cut by each FTI (LO diff one side, HI diff other side) = 14 LKG paths/unit; x 5x60 unit cells = 4200; Scalar = 1/4200",1 unit-boundary FTI column(s) excluded from active FTI count,,,,,,,,,,,7,2/3/6/7,14,,,,,
x81zs_diffiso02,DIFFOGD110-N27-L-A:FTISL:PGD:CD:P2,DIFFOGD,A,DIFFOGD-<MOS>-A:FTISL:PGD:CD:<SKEW>,4200,0.000238095,"OGD DIFF: 7 active FTI columns/unit x 2 device diff tracks cut by each FTI (LO diff one side, HI diff other side) = 14 LKG paths/unit; x 5x60 unit cells = 4200; Scalar = 1/4200",1 unit-boundary FTI column(s) excluded from active FTI count,,,,,,,,,,,7,2/3/6/7,14,,,,,
x81zs_diffiso02,DIFFOGD110-N27-L-A:FTISL:PGD:CD:P3,DIFFOGD,A,DIFFOGD-<MOS>-A:FTISL:PGD:CD:<SKEW>,4200,0.000238095,"OGD DIFF: 7 active FTI columns/unit x 2 device diff tracks cut by each FTI (LO diff one side, HI diff other side) = 14 LKG paths/unit; x 5x60 unit cells = 4200; Scalar = 1/4200",1 unit-boundary FTI column(s) excluded from active FTI count,,,,,,,,,,,7,2/3/6/7,14,,,,,
x81zs_diffiso02,DIFFOGD110-N27-L-A:FTISL:PGD:CD:P4,DIFFOGD,A,DIFFOGD-<MOS>-A:FTISL:PGD:CD:<SKEW>,4200,0.000238095,"OGD DIFF: 7 active FTI columns/unit x 2 device diff tracks cut by each FTI (LO diff one side, HI diff other side) = 14 LKG paths/unit; x 5x60 unit cells = 4200; Scalar = 1/4200",1 unit-boundary FTI column(s) excluded from active FTI count,,,,,,,,,,,7,2/3/6/7,14,,,,,
x81zs_diffiso02,DIFFOGD110-N27-L-A:FTISL:PGD:CD:P5,DIFFOGD,A,DIFFOGD-<MOS>-A:FTISL:PGD:CD:<SKEW>,4200,0.000238095,"OGD DIFF: 7 active FTI columns/unit x 2 device diff tracks cut by each FTI (LO diff one side, HI diff other side) = 14 LKG paths/unit; x 5x60 unit cells = 4200; Scalar = 1/4200",1 unit-boundary FTI column(s) excluded from active FTI count,,,,,,,,,,,7,2/3/6/7,14,,,,,
x81zs_diffiso02,DIFFOGD110-N27-L-A:FTISL:OGD:REG:N6,DIFFOGD,A,DIFFOGD-<MOS>-A:FTISL:OGD:REG:<SKEW>,4200,0.000238095,"OGD DIFF: 7 active FTI columns/unit x 2 device diff tracks cut by each FTI (LO diff one side, HI diff other side) = 14 LKG paths/unit; x 5x60 unit cells = 4200; Scalar = 1/4200",1 unit-boundary FTI column(s) excluded from active FTI count,,,,,,,,,,,7,2/3/6/7,14,,,,,
x81zs_diffiso02,DIFFOGD110-N27-L-A:FTISL:OGD:REG:N4,DIFFOGD,A,DIFFOGD-<MOS>-A:FTISL:OGD:REG:<SKEW>,4200,0.000238095,"OGD DIFF: 7 active FTI columns/unit x 2 device diff tracks cut by each FTI (LO diff one side, HI diff other side) = 14 LKG paths/unit; x 5x60 unit cells = 4200; Scalar = 1/4200",1 unit-boundary FTI column(s) excluded from active FTI count,,,,,,,,,,,7,2/3/6/7,14,,,,,
x81zs_diffiso02,DIFFOGD110-N27-L-A:FTISL:OGD:REG:N2,DIFFOGD,A,DIFFOGD-<MOS>-A:FTISL:OGD:REG:<SKEW>,4200,0.000238095,"OGD DIFF: 7 active FTI columns/unit x 2 device diff tracks cut by each FTI (LO diff one side, HI diff other side) = 14 LKG paths/unit; x 5x60 unit cells = 4200; Scalar = 1/4200",1 unit-boundary FTI column(s) excluded from active FTI count,,,,,,,,,,,7,2/3/6/7,14,,,,,
x81zs_diffiso02,DIFFOGD110-N27-L-A:FTISL:OGD:REG:P2,DIFFOGD,A,DIFFOGD-<MOS>-A:FTISL:OGD:REG:<SKEW>,4200,0.000238095,"OGD DIFF: 7 active FTI columns/unit x 2 device diff tracks cut by each FTI (LO diff one side, HI diff other side) = 14 LKG paths/unit; x 5x60 unit cells = 4200; Scalar = 1/4200",1 unit-boundary FTI column(s) excluded from active FTI count,,,,,,,,,,,7,2/3/6/7,14,,,,,
x81zs_diffiso02,DIFFOGD110-N27-L-A:FTISL:OGD:REG:P4,DIFFOGD,A,DIFFOGD-<MOS>-A:FTISL:OGD:REG:<SKEW>,4200,0.000238095,"OGD DIFF: 7 active FTI columns/unit x 2 device diff tracks cut by each FTI (LO diff one side, HI diff other side) = 14 LKG paths/unit; x 5x60 unit cells = 4200; Scalar = 1/4200",1 unit-boundary FTI column(s) excluded from active FTI count,,,,,,,,,,,7,2/3/6/7,14,,,,,
x81zs_diffiso02,DIFFOGD110-N27-L-A:FTISL:OGD:REG:P6,DIFFOGD,A,DIFFOGD-<MOS>-A:FTISL:OGD:REG:<SKEW>,4200,0.000238095,"OGD DIFF: 7 active FTI columns/unit x 2 device diff tracks cut by each FTI (LO diff one side, HI diff other side) = 14 LKG paths/unit; x 5x60 unit cells = 4200; Scalar = 1/4200",1 unit-boundary FTI column(s) excluded from active FTI count,,,,,,,,,,,7,2/3/6/7,14,,,,,
x81zs_diffiso02,DIFFOGD110-N27-L-A:FTISL:PGD:REG:N6,DIFFOGD,A,DIFFOGD-<MOS>-A:FTISL:PGD:REG:<SKEW>,4200,0.000238095,"OGD DIFF: 7 active FTI columns/unit x 2 device diff tracks cut by each FTI (LO diff one side, HI diff other side) = 14 LKG paths/unit; x 5x60 unit cells = 4200; Scalar = 1/4200",1 unit-boundary FTI column(s) excluded from active FTI count,,,,,,,,,,,7,2/3/6/7,14,,,,,
x81zs_diffiso02,DIFFOGD110-N27-L-A:FTISL:PGD:REG:N4,DIFFOGD,A,DIFFOGD-<MOS>-A:FTISL:PGD:REG:<SKEW>,4200,0.000238095,"OGD DIFF: 7 active FTI columns/unit x 2 device diff tracks cut by each FTI (LO diff one side, HI diff other side) = 14 LKG paths/unit; x 5x60 unit cells = 4200; Scalar = 1/4200",1 unit-boundary FTI column(s) excluded from active FTI count,,,,,,,,,,,7,2/3/6/7,14,,,,,
x81zs_diffiso02,DIFFOGD110-N27-L-A:FTISL:PGD:REG:N2,DIFFOGD,A,DIFFOGD-<MOS>-A:FTISL:PGD:REG:<SKEW>,4200,0.000238095,"OGD DIFF: 7 active FTI columns/unit x 2 device diff tracks cut by each FTI (LO diff one side, HI diff other side) = 14 LKG paths/unit; x 5x60 unit cells = 4200; Scalar = 1/4200",1 unit-boundary FTI column(s) excluded from active FTI count,,,,,,,,,,,7,2/3/6/7,14,,,,,
x81zs_diffiso02,DIFFOGD110-N27-L-A:FTISL:PGD:REG:P2,DIFFOGD,A,DIFFOGD-<MOS>-A:FTISL:PGD:REG:<SKEW>,4200,0.000238095,"OGD DIFF: 7 active FTI columns/unit x 2 device diff tracks cut by each FTI (LO diff one side, HI diff other side) = 14 LKG paths/unit; x 5x60 unit cells = 4200; Scalar = 1/4200",1 unit-boundary FTI column(s) excluded from active FTI count,,,,,,,,,,,7,2/3/6/7,14,,,,,
x81zs_diffiso02,DIFFOGD110-N27-L-A:FTISL:PGD:REG:P6,DIFFOGD,A,DIFFOGD-<MOS>-A:FTISL:PGD:REG:<SKEW>,4200,0.000238095,"OGD DIFF: 7 active FTI columns/unit x 2 device diff tracks cut by each FTI (LO diff one side, HI diff other side) = 14 LKG paths/unit; x 5x60 unit cells = 4200; Scalar = 1/4200",1 unit-boundary FTI column(s) excluded from active FTI count,,,,,,,,,,,7,2/3/6/7,14,,,,,
x81zs_diffiso03,DIFFOGD110-P27-L-A:FTIML:SDR,DIFFOGD,A,DIFFOGD-<MOS>-A:FTIML:SDR,8400,0.000119048,"OGD DIFF: 7 active FTI columns/unit x 4 device diff tracks cut by each FTI (LO diff one side, HI diff other side) = 28 LKG paths/unit; x 5x60 unit cells = 8400; Scalar = 1/8400",1 unit-boundary FTI column(s) excluded from active FTI count,,,,,,,,,,,7,2/3/6/7,28,,,,,
x81zs_diffiso03,DIFFOGD110-P27-L-A:FTIML:OGD:CD:N5,DIFFOGD,A,DIFFOGD-<MOS>-A:FTIML:OGD:CD:<SKEW>,8400,0.000119048,"OGD DIFF: 7 active FTI columns/unit x 4 device diff tracks cut by each FTI (LO diff one side, HI diff other side) = 28 LKG paths/unit; x 5x60 unit cells = 8400; Scalar = 1/8400",1 unit-boundary FTI column(s) excluded from active FTI count,,,,,,,,,,,7,2/3/6/7,28,,,,,
x81zs_diffiso03,DIFFOGD110-P27-L-A:FTIML:OGD:CD:N4,DIFFOGD,A,DIFFOGD-<MOS>-A:FTIML:OGD:CD:<SKEW>,8400,0.000119048,"OGD DIFF: 7 active FTI columns/unit x 4 device diff tracks cut by each FTI (LO diff one side, HI diff other side) = 28 LKG paths/unit; x 5x60 unit cells = 8400; Scalar = 1/8400",1 unit-boundary FTI column(s) excluded from active FTI count,,,,,,,,,,,7,2/3/6/7,28,,,,,
x81zs_diffiso03,DIFFOGD110-P27-L-A:FTIML:OGD:CD:N3,DIFFOGD,A,DIFFOGD-<MOS>-A:FTIML:OGD:CD:<SKEW>,8400,0.000119048,"OGD DIFF: 7 active FTI columns/unit x 4 device diff tracks cut by each FTI (LO diff one side, HI diff other side) = 28 LKG paths/unit; x 5x60 unit cells = 8400; Scalar = 1/8400",1 unit-boundary FTI column(s) excluded from active FTI count,,,,,,,,,,,7,2/3/6/7,28,,,,,
x81zs_diffiso03,DIFFOGD110-P27-L-A:FTIML:OGD:CD:N2,DIFFOGD,A,DIFFOGD-<MOS>-A:FTIML:OGD:CD:<SKEW>,8400,0.000119048,"OGD DIFF: 7 active FTI columns/unit x 4 device diff tracks cut by each FTI (LO diff one side, HI diff other side) = 28 LKG paths/unit; x 5x60 unit cells = 8400; Scalar = 1/8400",1 unit-boundary FTI column(s) excluded from active FTI count,,,,,,,,,,,7,2/3/6/7,28,,,,,
x81zs_diffiso03,DIFFOGD110-P27-L-A:FTIML:OGD:CD:N1,DIFFOGD,A,DIFFOGD-<MOS>-A:FTIML:OGD:CD:<SKEW>,8400,0.000119048,"OGD DIFF: 7 active FTI columns/unit x 4 device diff tracks cut by each FTI (LO diff one side, HI diff other side) = 28 LKG paths/unit; x 5x60 unit cells = 8400; Scalar = 1/8400",1 unit-boundary FTI column(s) excluded from active FTI count,,,,,,,,,,,7,2/3/6/7,28,,,,,
x81zs_diffiso03,DIFFOGD110-P27-L-A:FTIML:OGD:CD:P1,DIFFOGD,A,DIFFOGD-<MOS>-A:FTIML:OGD:CD:<SKEW>,8400,0.000119048,"OGD DIFF: 7 active FTI columns/unit x 4 device diff tracks cut by each FTI (LO diff one side, HI diff other side) = 28 LKG paths/unit; x 5x60 unit cells = 8400; Scalar = 1/8400",1 unit-boundary FTI column(s) excluded from active FTI count,,,,,,,,,,,7,2/3/6/7,28,,,,,
x81zs_diffiso03,DIFFOGD110-P27-L-A:FTIML:OGD:CD:P2,DIFFOGD,A,DIFFOGD-<MOS>-A:FTIML:OGD:CD:<SKEW>,8400,0.000119048,"OGD DIFF: 7 active FTI columns/unit x 4 device diff tracks cut by each FTI (LO diff one side, HI diff other side) = 28 LKG paths/unit; x 5x60 unit cells = 8400; Scalar = 1/8400",1 unit-boundary FTI column(s) excluded from active FTI count,,,,,,,,,,,7,2/3/6/7,28,,,,,
x81zs_diffiso03,DIFFOGD110-P27-L-A:FTIML:OGD:CD:P3,DIFFOGD,A,DIFFOGD-<MOS>-A:FTIML:OGD:CD:<SKEW>,8400,0.000119048,"OGD DIFF: 7 active FTI columns/unit x 4 device diff tracks cut by each FTI (LO diff one side, HI diff other side) = 28 LKG paths/unit; x 5x60 unit cells = 8400; Scalar = 1/8400",1 unit-boundary FTI column(s) excluded from active FTI count,,,,,,,,,,,7,2/3/6/7,28,,,,,
x81zs_diffiso03,DIFFOGD110-P27-L-A:FTIML:OGD:CD:P4,DIFFOGD,A,DIFFOGD-<MOS>-A:FTIML:OGD:CD:<SKEW>,8400,0.000119048,"OGD DIFF: 7 active FTI columns/unit x 4 device diff tracks cut by each FTI (LO diff one side, HI diff other side) = 28 LKG paths/unit; x 5x60 unit cells = 8400; Scalar = 1/8400",1 unit-boundary FTI column(s) excluded from active FTI count,,,,,,,,,,,7,2/3/6/7,28,,,,,
x81zs_diffiso03,DIFFOGD110-P27-L-A:FTIML:OGD:CD:P5,DIFFOGD,A,DIFFOGD-<MOS>-A:FTIML:OGD:CD:<SKEW>,8400,0.000119048,"OGD DIFF: 7 active FTI columns/unit x 4 device diff tracks cut by each FTI (LO diff one side, HI diff other side) = 28 LKG paths/unit; x 5x60 unit cells = 8400; Scalar = 1/8400",1 unit-boundary FTI column(s) excluded from active FTI count,,,,,,,,,,,7,2/3/6/7,28,,,,,
x81zs_diffiso03,DIFFOGD110-P27-L-A:FTIML:PGD:CD:N5,DIFFOGD,A,DIFFOGD-<MOS>-A:FTIML:PGD:CD:<SKEW>,8400,0.000119048,"OGD DIFF: 7 active FTI columns/unit x 4 device diff tracks cut by each FTI (LO diff one side, HI diff other side) = 28 LKG paths/unit; x 5x60 unit cells = 8400; Scalar = 1/8400",1 unit-boundary FTI column(s) excluded from active FTI count,,,,,,,,,,,7,2/3/6/7,28,,,,,
x81zs_diffiso03,DIFFOGD110-P27-L-A:FTIML:PGD:CD:N4,DIFFOGD,A,DIFFOGD-<MOS>-A:FTIML:PGD:CD:<SKEW>,8400,0.000119048,"OGD DIFF: 7 active FTI columns/unit x 4 device diff tracks cut by each FTI (LO diff one side, HI diff other side) = 28 LKG paths/unit; x 5x60 unit cells = 8400; Scalar = 1/8400",1 unit-boundary FTI column(s) excluded from active FTI count,,,,,,,,,,,7,2/3/6/7,28,,,,,
x81zs_diffiso03,DIFFOGD110-P27-L-A:FTIML:PGD:CD:N3,DIFFOGD,A,DIFFOGD-<MOS>-A:FTIML:PGD:CD:<SKEW>,8400,0.000119048,"OGD DIFF: 7 active FTI columns/unit x 4 device diff tracks cut by each FTI (LO diff one side, HI diff other side) = 28 LKG paths/unit; x 5x60 unit cells = 8400; Scalar = 1/8400",1 unit-boundary FTI column(s) excluded from active FTI count,,,,,,,,,,,7,2/3/6/7,28,,,,,
x81zs_diffiso03,DIFFOGD110-P27-L-A:FTIML:PGD:CD:N2,DIFFOGD,A,DIFFOGD-<MOS>-A:FTIML:PGD:CD:<SKEW>,8400,0.000119048,"OGD DIFF: 7 active FTI columns/unit x 4 device diff tracks cut by each FTI (LO diff one side, HI diff other side) = 28 LKG paths/unit; x 5x60 unit cells = 8400; Scalar = 1/8400",1 unit-boundary FTI column(s) excluded from active FTI count,,,,,,,,,,,7,2/3/6/7,28,,,,,
x81zs_diffiso03,DIFFOGD110-P27-L-A:FTIML:PGD:CD:N1,DIFFOGD,A,DIFFOGD-<MOS>-A:FTIML:PGD:CD:<SKEW>,8400,0.000119048,"OGD DIFF: 7 active FTI columns/unit x 4 device diff tracks cut by each FTI (LO diff one side, HI diff other side) = 28 LKG paths/unit; x 5x60 unit cells = 8400; Scalar = 1/8400",1 unit-boundary FTI column(s) excluded from active FTI count,,,,,,,,,,,7,2/3/6/7,28,,,,,
x81zs_diffiso03,DIFFOGD110-P27-L-A:FTIML:PGD:CD:P1,DIFFOGD,A,DIFFOGD-<MOS>-A:FTIML:PGD:CD:<SKEW>,8400,0.000119048,"OGD DIFF: 7 active FTI columns/unit x 4 device diff tracks cut by each FTI (LO diff one side, HI diff other side) = 28 LKG paths/unit; x 5x60 unit cells = 8400; Scalar = 1/8400",1 unit-boundary FTI column(s) excluded from active FTI count,,,,,,,,,,,7,2/3/6/7,28,,,,,
x81zs_diffiso03,DIFFOGD110-P27-L-A:FTIML:PGD:CD:P2,DIFFOGD,A,DIFFOGD-<MOS>-A:FTIML:PGD:CD:<SKEW>,8400,0.000119048,"OGD DIFF: 7 active FTI columns/unit x 4 device diff tracks cut by each FTI (LO diff one side, HI diff other side) = 28 LKG paths/unit; x 5x60 unit cells = 8400; Scalar = 1/8400",1 unit-boundary FTI column(s) excluded from active FTI count,,,,,,,,,,,7,2/3/6/7,28,,,,,
x81zs_diffiso03,DIFFOGD110-P27-L-A:FTIML:PGD:CD:P3,DIFFOGD,A,DIFFOGD-<MOS>-A:FTIML:PGD:CD:<SKEW>,8400,0.000119048,"OGD DIFF: 7 active FTI columns/unit x 4 device diff tracks cut by each FTI (LO diff one side, HI diff other side) = 28 LKG paths/unit; x 5x60 unit cells = 8400; Scalar = 1/8400",1 unit-boundary FTI column(s) excluded from active FTI count,,,,,,,,,,,7,2/3/6/7,28,,,,,
x81zs_diffiso03,DIFFOGD110-P27-L-A:FTIML:PGD:CD:P4,DIFFOGD,A,DIFFOGD-<MOS>-A:FTIML:PGD:CD:<SKEW>,8400,0.000119048,"OGD DIFF: 7 active FTI columns/unit x 4 device diff tracks cut by each FTI (LO diff one side, HI diff other side) = 28 LKG paths/unit; x 5x60 unit cells = 8400; Scalar = 1/8400",1 unit-boundary FTI column(s) excluded from active FTI count,,,,,,,,,,,7,2/3/6/7,28,,,,,
x81zs_diffiso03,DIFFOGD110-P27-L-A:FTIML:PGD:CD:P5,DIFFOGD,A,DIFFOGD-<MOS>-A:FTIML:PGD:CD:<SKEW>,8400,0.000119048,"OGD DIFF: 7 active FTI columns/unit x 4 device diff tracks cut by each FTI (LO diff one side, HI diff other side) = 28 LKG paths/unit; x 5x60 unit cells = 8400; Scalar = 1/8400",1 unit-boundary FTI column(s) excluded from active FTI count,,,,,,,,,,,7,2/3/6/7,28,,,,,
x81zs_diffiso03,DIFFOGD110-P27-L-A:FTIML:OGD:REG:N6,DIFFOGD,A,DIFFOGD-<MOS>-A:FTIML:OGD:REG:<SKEW>,8400,0.000119048,"OGD DIFF: 7 active FTI columns/unit x 4 device diff tracks cut by each FTI (LO diff one side, HI diff other side) = 28 LKG paths/unit; x 5x60 unit cells = 8400; Scalar = 1/8400",1 unit-boundary FTI column(s) excluded from active FTI count,,,,,,,,,,,7,2/3/6/7,28,,,,,
x81zs_diffiso03,DIFFOGD110-P27-L-A:FTIML:OGD:REG:N4,DIFFOGD,A,DIFFOGD-<MOS>-A:FTIML:OGD:REG:<SKEW>,8400,0.000119048,"OGD DIFF: 7 active FTI columns/unit x 4 device diff tracks cut by each FTI (LO diff one side, HI diff other side) = 28 LKG paths/unit; x 5x60 unit cells = 8400; Scalar = 1/8400",1 unit-boundary FTI column(s) excluded from active FTI count,,,,,,,,,,,7,2/3/6/7,28,,,,,
x81zs_diffiso03,DIFFOGD110-P27-L-A:FTIML:OGD:REG:N2,DIFFOGD,A,DIFFOGD-<MOS>-A:FTIML:OGD:REG:<SKEW>,8400,0.000119048,"OGD DIFF: 7 active FTI columns/unit x 4 device diff tracks cut by each FTI (LO diff one side, HI diff other side) = 28 LKG paths/unit; x 5x60 unit cells = 8400; Scalar = 1/8400",1 unit-boundary FTI column(s) excluded from active FTI count,,,,,,,,,,,7,2/3/6/7,28,,,,,
x81zs_diffiso03,DIFFOGD110-P27-L-A:FTIML:OGD:REG:P2,DIFFOGD,A,DIFFOGD-<MOS>-A:FTIML:OGD:REG:<SKEW>,8400,0.000119048,"OGD DIFF: 7 active FTI columns/unit x 4 device diff tracks cut by each FTI (LO diff one side, HI diff other side) = 28 LKG paths/unit; x 5x60 unit cells = 8400; Scalar = 1/8400",1 unit-boundary FTI column(s) excluded from active FTI count,,,,,,,,,,,7,2/3/6/7,28,,,,,
x81zs_diffiso03,DIFFOGD110-P27-L-A:FTIML:OGD:REG:P4,DIFFOGD,A,DIFFOGD-<MOS>-A:FTIML:OGD:REG:<SKEW>,8400,0.000119048,"OGD DIFF: 7 active FTI columns/unit x 4 device diff tracks cut by each FTI (LO diff one side, HI diff other side) = 28 LKG paths/unit; x 5x60 unit cells = 8400; Scalar = 1/8400",1 unit-boundary FTI column(s) excluded from active FTI count,,,,,,,,,,,7,2/3/6/7,28,,,,,
x81zs_diffiso03,DIFFOGD110-P27-L-A:FTIML:OGD:REG:P6,DIFFOGD,A,DIFFOGD-<MOS>-A:FTIML:OGD:REG:<SKEW>,8400,0.000119048,"OGD DIFF: 7 active FTI columns/unit x 4 device diff tracks cut by each FTI (LO diff one side, HI diff other side) = 28 LKG paths/unit; x 5x60 unit cells = 8400; Scalar = 1/8400",1 unit-boundary FTI column(s) excluded from active FTI count,,,,,,,,,,,7,2/3/6/7,28,,,,,
x81zs_diffiso03,DIFFOGD110-P27-L-A:FTIML:PGD:REG:N6,DIFFOGD,A,DIFFOGD-<MOS>-A:FTIML:PGD:REG:<SKEW>,8400,0.000119048,"OGD DIFF: 7 active FTI columns/unit x 4 device diff tracks cut by each FTI (LO diff one side, HI diff other side) = 28 LKG paths/unit; x 5x60 unit cells = 8400; Scalar = 1/8400",1 unit-boundary FTI column(s) excluded from active FTI count,,,,,,,,,,,7,2/3/6/7,28,,,,,
x81zs_diffiso03,DIFFOGD110-P27-L-A:FTIML:PGD:REG:N4,DIFFOGD,A,DIFFOGD-<MOS>-A:FTIML:PGD:REG:<SKEW>,8400,0.000119048,"OGD DIFF: 7 active FTI columns/unit x 4 device diff tracks cut by each FTI (LO diff one side, HI diff other side) = 28 LKG paths/unit; x 5x60 unit cells = 8400; Scalar = 1/8400",1 unit-boundary FTI column(s) excluded from active FTI count,,,,,,,,,,,7,2/3/6/7,28,,,,,
x81zs_diffiso03,DIFFOGD110-P27-L-A:FTIML:PGD:REG:N2,DIFFOGD,A,DIFFOGD-<MOS>-A:FTIML:PGD:REG:<SKEW>,8400,0.000119048,"OGD DIFF: 7 active FTI columns/unit x 4 device diff tracks cut by each FTI (LO diff one side, HI diff other side) = 28 LKG paths/unit; x 5x60 unit cells = 8400; Scalar = 1/8400",1 unit-boundary FTI column(s) excluded from active FTI count,,,,,,,,,,,7,2/3/6/7,28,,,,,
x81zs_diffiso03,DIFFOGD110-P27-L-A:FTIML:PGD:REG:P2,DIFFOGD,A,DIFFOGD-<MOS>-A:FTIML:PGD:REG:<SKEW>,8400,0.000119048,"OGD DIFF: 7 active FTI columns/unit x 4 device diff tracks cut by each FTI (LO diff one side, HI diff other side) = 28 LKG paths/unit; x 5x60 unit cells = 8400; Scalar = 1/8400",1 unit-boundary FTI column(s) excluded from active FTI count,,,,,,,,,,,7,2/3/6/7,28,,,,,
x81zs_diffiso03,DIFFOGD110-P27-L-A:FTIML:PGD:REG:P4,DIFFOGD,A,DIFFOGD-<MOS>-A:FTIML:PGD:REG:<SKEW>,8400,0.000119048,"OGD DIFF: 7 active FTI columns/unit x 4 device diff tracks cut by each FTI (LO diff one side, HI diff other side) = 28 LKG paths/unit; x 5x60 unit cells = 8400; Scalar = 1/8400",1 unit-boundary FTI column(s) excluded from active FTI count,,,,,,,,,,,7,2/3/6/7,28,,,,,
x81zs_diffiso03,DIFFOGD110-P27-L-A:FTIML:PGD:REG:P6,DIFFOGD,A,DIFFOGD-<MOS>-A:FTIML:PGD:REG:<SKEW>,8400,0.000119048,"OGD DIFF: 7 active FTI columns/unit x 4 device diff tracks cut by each FTI (LO diff one side, HI diff other side) = 28 LKG paths/unit; x 5x60 unit cells = 8400; Scalar = 1/8400",1 unit-boundary FTI column(s) excluded from active FTI count,,,,,,,,,,,7,2/3/6/7,28,,,,,
x81zs_diffiso03,DIFFOGD132-N31-L-A:FTIML:SDR,DIFFOGD,A,DIFFOGD-<MOS>-A:FTIML:SDR,8400,0.000119048,"OGD DIFF: 7 active FTI columns/unit x 4 device diff tracks cut by each FTI (LO diff one side, HI diff other side) = 28 LKG paths/unit; x 5x60 unit cells = 8400; Scalar = 1/8400",1 unit-boundary FTI column(s) excluded from active FTI count,,,,,,,,,,,7,2/3/6/7,28,,,,,
x81zs_diffiso03,DIFFOGD132-N31-L-A:FTIML:OGD:CD:N5,DIFFOGD,A,DIFFOGD-<MOS>-A:FTIML:OGD:CD:<SKEW>,8400,0.000119048,"OGD DIFF: 7 active FTI columns/unit x 4 device diff tracks cut by each FTI (LO diff one side, HI diff other side) = 28 LKG paths/unit; x 5x60 unit cells = 8400; Scalar = 1/8400",1 unit-boundary FTI column(s) excluded from active FTI count,,,,,,,,,,,7,2/3/6/7,28,,,,,
x81zs_diffiso03,DIFFOGD132-N31-L-A:FTIML:OGD:CD:N4,DIFFOGD,A,DIFFOGD-<MOS>-A:FTIML:OGD:CD:<SKEW>,8400,0.000119048,"OGD DIFF: 7 active FTI columns/unit x 4 device diff tracks cut by each FTI (LO diff one side, HI diff other side) = 28 LKG paths/unit; x 5x60 unit cells = 8400; Scalar = 1/8400",1 unit-boundary FTI column(s) excluded from active FTI count,,,,,,,,,,,7,2/3/6/7,28,,,,,
x81zs_diffiso03,DIFFOGD132-N31-L-A:FTIML:OGD:CD:N3,DIFFOGD,A,DIFFOGD-<MOS>-A:FTIML:OGD:CD:<SKEW>,8400,0.000119048,"OGD DIFF: 7 active FTI columns/unit x 4 device diff tracks cut by each FTI (LO diff one side, HI diff other side) = 28 LKG paths/unit; x 5x60 unit cells = 8400; Scalar = 1/8400",1 unit-boundary FTI column(s) excluded from active FTI count,,,,,,,,,,,7,2/3/6/7,28,,,,,
x81zs_diffiso03,DIFFOGD132-N31-L-A:FTIML:OGD:CD:N2,DIFFOGD,A,DIFFOGD-<MOS>-A:FTIML:OGD:CD:<SKEW>,8400,0.000119048,"OGD DIFF: 7 active FTI columns/unit x 4 device diff tracks cut by each FTI (LO diff one side, HI diff other side) = 28 LKG paths/unit; x 5x60 unit cells = 8400; Scalar = 1/8400",1 unit-boundary FTI column(s) excluded from active FTI count,,,,,,,,,,,7,2/3/6/7,28,,,,,
x81zs_diffiso03,DIFFOGD132-N31-L-A:FTIML:OGD:CD:N1,DIFFOGD,A,DIFFOGD-<MOS>-A:FTIML:OGD:CD:<SKEW>,8400,0.000119048,"OGD DIFF: 7 active FTI columns/unit x 4 device diff tracks cut by each FTI (LO diff one side, HI diff other side) = 28 LKG paths/unit; x 5x60 unit cells = 8400; Scalar = 1/8400",1 unit-boundary FTI column(s) excluded from active FTI count,,,,,,,,,,,7,2/3/6/7,28,,,,,
x81zs_diffiso03,DIFFOGD132-N31-L-A:FTIML:OGD:CD:P1,DIFFOGD,A,DIFFOGD-<MOS>-A:FTIML:OGD:CD:<SKEW>,8400,0.000119048,"OGD DIFF: 7 active FTI columns/unit x 4 device diff tracks cut by each FTI (LO diff one side, HI diff other side) = 28 LKG paths/unit; x 5x60 unit cells = 8400; Scalar = 1/8400",1 unit-boundary FTI column(s) excluded from active FTI count,,,,,,,,,,,7,2/3/6/7,28,,,,,
x81zs_diffiso03,DIFFOGD132-N31-L-A:FTIML:OGD:CD:P2,DIFFOGD,A,DIFFOGD-<MOS>-A:FTIML:OGD:CD:<SKEW>,8400,0.000119048,"OGD DIFF: 7 active FTI columns/unit x 4 device diff tracks cut by each FTI (LO diff one side, HI diff other side) = 28 LKG paths/unit; x 5x60 unit cells = 8400; Scalar = 1/8400",1 unit-boundary FTI column(s) excluded from active FTI count,,,,,,,,,,,7,2/3/6/7,28,,,,,
x81zs_diffiso03,DIFFOGD132-N31-L-A:FTIML:OGD:CD:P3,DIFFOGD,A,DIFFOGD-<MOS>-A:FTIML:OGD:CD:<SKEW>,8400,0.000119048,"OGD DIFF: 7 active FTI columns/unit x 4 device diff tracks cut by each FTI (LO diff one side, HI diff other side) = 28 LKG paths/unit; x 5x60 unit cells = 8400; Scalar = 1/8400",1 unit-boundary FTI column(s) excluded from active FTI count,,,,,,,,,,,7,2/3/6/7,28,,,,,
x81zs_diffiso03,DIFFOGD132-N31-L-A:FTIML:OGD:CD:P4,DIFFOGD,A,DIFFOGD-<MOS>-A:FTIML:OGD:CD:<SKEW>,8400,0.000119048,"OGD DIFF: 7 active FTI columns/unit x 4 device diff tracks cut by each FTI (LO diff one side, HI diff other side) = 28 LKG paths/unit; x 5x60 unit cells = 8400; Scalar = 1/8400",1 unit-boundary FTI column(s) excluded from active FTI count,,,,,,,,,,,7,2/3/6/7,28,,,,,
x81zs_diffiso03,DIFFOGD132-N31-L-A:FTIML:OGD:CD:P5,DIFFOGD,A,DIFFOGD-<MOS>-A:FTIML:OGD:CD:<SKEW>,8400,0.000119048,"OGD DIFF: 7 active FTI columns/unit x 4 device diff tracks cut by each FTI (LO diff one side, HI diff other side) = 28 LKG paths/unit; x 5x60 unit cells = 8400; Scalar = 1/8400",1 unit-boundary FTI column(s) excluded from active FTI count,,,,,,,,,,,7,2/3/6/7,28,,,,,
x81zs_diffiso03,DIFFOGD132-N31-L-A:FTIML:PGD:CD:N5,DIFFOGD,A,DIFFOGD-<MOS>-A:FTIML:PGD:CD:<SKEW>,8400,0.000119048,"OGD DIFF: 7 active FTI columns/unit x 4 device diff tracks cut by each FTI (LO diff one side, HI diff other side) = 28 LKG paths/unit; x 5x60 unit cells = 8400; Scalar = 1/8400",1 unit-boundary FTI column(s) excluded from active FTI count,,,,,,,,,,,7,2/3/6/7,28,,,,,
x81zs_diffiso03,DIFFOGD132-N31-L-A:FTIML:PGD:CD:N4,DIFFOGD,A,DIFFOGD-<MOS>-A:FTIML:PGD:CD:<SKEW>,8400,0.000119048,"OGD DIFF: 7 active FTI columns/unit x 4 device diff tracks cut by each FTI (LO diff one side, HI diff other side) = 28 LKG paths/unit; x 5x60 unit cells = 8400; Scalar = 1/8400",1 unit-boundary FTI column(s) excluded from active FTI count,,,,,,,,,,,7,2/3/6/7,28,,,,,
x81zs_diffiso03,DIFFOGD132-N31-L-A:FTIML:PGD:CD:N3,DIFFOGD,A,DIFFOGD-<MOS>-A:FTIML:PGD:CD:<SKEW>,8400,0.000119048,"OGD DIFF: 7 active FTI columns/unit x 4 device diff tracks cut by each FTI (LO diff one side, HI diff other side) = 28 LKG paths/unit; x 5x60 unit cells = 8400; Scalar = 1/8400",1 unit-boundary FTI column(s) excluded from active FTI count,,,,,,,,,,,7,2/3/6/7,28,,,,,
x81zs_diffiso03,DIFFOGD132-N31-L-A:FTIML:PGD:CD:N2,DIFFOGD,A,DIFFOGD-<MOS>-A:FTIML:PGD:CD:<SKEW>,8400,0.000119048,"OGD DIFF: 7 active FTI columns/unit x 4 device diff tracks cut by each FTI (LO diff one side, HI diff other side) = 28 LKG paths/unit; x 5x60 unit cells = 8400; Scalar = 1/8400",1 unit-boundary FTI column(s) excluded from active FTI count,,,,,,,,,,,7,2/3/6/7,28,,,,,
x81zs_diffiso03,DIFFOGD132-N31-L-A:FTIML:PGD:CD:N1,DIFFOGD,A,DIFFOGD-<MOS>-A:FTIML:PGD:CD:<SKEW>,8400,0.000119048,"OGD DIFF: 7 active FTI columns/unit x 4 device diff tracks cut by each FTI (LO diff one side, HI diff other side) = 28 LKG paths/unit; x 5x60 unit cells = 8400; Scalar = 1/8400",1 unit-boundary FTI column(s) excluded from active FTI count,,,,,,,,,,,7,2/3/6/7,28,,,,,
x81zs_diffiso03,DIFFOGD132-N31-L-A:FTIML:PGD:CD:P1,DIFFOGD,A,DIFFOGD-<MOS>-A:FTIML:PGD:CD:<SKEW>,8400,0.000119048,"OGD DIFF: 7 active FTI columns/unit x 4 device diff tracks cut by each FTI (LO diff one side, HI diff other side) = 28 LKG paths/unit; x 5x60 unit cells = 8400; Scalar = 1/8400",1 unit-boundary FTI column(s) excluded from active FTI count,,,,,,,,,,,7,2/3/6/7,28,,,,,
x81zs_diffiso03,DIFFOGD132-N31-L-A:FTIML:PGD:CD:P2,DIFFOGD,A,DIFFOGD-<MOS>-A:FTIML:PGD:CD:<SKEW>,8400,0.000119048,"OGD DIFF: 7 active FTI columns/unit x 4 device diff tracks cut by each FTI (LO diff one side, HI diff other side) = 28 LKG paths/unit; x 5x60 unit cells = 8400; Scalar = 1/8400",1 unit-boundary FTI column(s) excluded from active FTI count,,,,,,,,,,,7,2/3/6/7,28,,,,,
x81zs_diffiso03,DIFFOGD132-N31-L-A:FTIML:PGD:CD:P3,DIFFOGD,A,DIFFOGD-<MOS>-A:FTIML:PGD:CD:<SKEW>,8400,0.000119048,"OGD DIFF: 7 active FTI columns/unit x 4 device diff tracks cut by each FTI (LO diff one side, HI diff other side) = 28 LKG paths/unit; x 5x60 unit cells = 8400; Scalar = 1/8400",1 unit-boundary FTI column(s) excluded from active FTI count,,,,,,,,,,,7,2/3/6/7,28,,,,,
x81zs_diffiso03,DIFFOGD132-N31-L-A:FTIML:PGD:CD:P4,DIFFOGD,A,DIFFOGD-<MOS>-A:FTIML:PGD:CD:<SKEW>,8400,0.000119048,"OGD DIFF: 7 active FTI columns/unit x 4 device diff tracks cut by each FTI (LO diff one side, HI diff other side) = 28 LKG paths/unit; x 5x60 unit cells = 8400; Scalar = 1/8400",1 unit-boundary FTI column(s) excluded from active FTI count,,,,,,,,,,,7,2/3/6/7,28,,,,,
x81zs_diffiso03,DIFFOGD132-N31-L-A:FTIML:PGD:CD:P5,DIFFOGD,A,DIFFOGD-<MOS>-A:FTIML:PGD:CD:<SKEW>,8400,0.000119048,"OGD DIFF: 7 active FTI columns/unit x 4 device diff tracks cut by each FTI (LO diff one side, HI diff other side) = 28 LKG paths/unit; x 5x60 unit cells = 8400; Scalar = 1/8400",1 unit-boundary FTI column(s) excluded from active FTI count,,,,,,,,,,,7,2/3/6/7,28,,,,,
x81zs_diffiso03,DIFFOGD132-N31-L-A:FTIML:OGD:REG:N6,DIFFOGD,A,DIFFOGD-<MOS>-A:FTIML:OGD:REG:<SKEW>,8400,0.000119048,"OGD DIFF: 7 active FTI columns/unit x 4 device diff tracks cut by each FTI (LO diff one side, HI diff other side) = 28 LKG paths/unit; x 5x60 unit cells = 8400; Scalar = 1/8400",1 unit-boundary FTI column(s) excluded from active FTI count,,,,,,,,,,,7,2/3/6/7,28,,,,,
x81zs_diffiso03,DIFFOGD132-N31-L-A:FTIML:OGD:REG:N4,DIFFOGD,A,DIFFOGD-<MOS>-A:FTIML:OGD:REG:<SKEW>,8400,0.000119048,"OGD DIFF: 7 active FTI columns/unit x 4 device diff tracks cut by each FTI (LO diff one side, HI diff other side) = 28 LKG paths/unit; x 5x60 unit cells = 8400; Scalar = 1/8400",1 unit-boundary FTI column(s) excluded from active FTI count,,,,,,,,,,,7,2/3/6/7,28,,,,,
x81zs_diffiso03,DIFFOGD132-N31-L-A:FTIML:OGD:REG:N2,DIFFOGD,A,DIFFOGD-<MOS>-A:FTIML:OGD:REG:<SKEW>,8400,0.000119048,"OGD DIFF: 7 active FTI columns/unit x 4 device diff tracks cut by each FTI (LO diff one side, HI diff other side) = 28 LKG paths/unit; x 5x60 unit cells = 8400; Scalar = 1/8400",1 unit-boundary FTI column(s) excluded from active FTI count,,,,,,,,,,,7,2/3/6/7,28,,,,,
x81zs_diffiso03,DIFFOGD132-N31-L-A:FTIML:OGD:REG:P2,DIFFOGD,A,DIFFOGD-<MOS>-A:FTIML:OGD:REG:<SKEW>,8400,0.000119048,"OGD DIFF: 7 active FTI columns/unit x 4 device diff tracks cut by each FTI (LO diff one side, HI diff other side) = 28 LKG paths/unit; x 5x60 unit cells = 8400; Scalar = 1/8400",1 unit-boundary FTI column(s) excluded from active FTI count,,,,,,,,,,,7,2/3/6/7,28,,,,,
x81zs_diffiso03,DIFFOGD132-N31-L-A:FTIML:OGD:REG:P4,DIFFOGD,A,DIFFOGD-<MOS>-A:FTIML:OGD:REG:<SKEW>,8400,0.000119048,"OGD DIFF: 7 active FTI columns/unit x 4 device diff tracks cut by each FTI (LO diff one side, HI diff other side) = 28 LKG paths/unit; x 5x60 unit cells = 8400; Scalar = 1/8400",1 unit-boundary FTI column(s) excluded from active FTI count,,,,,,,,,,,7,2/3/6/7,28,,,,,
x81zs_diffiso03,DIFFOGD132-N31-L-A:FTIML:OGD:REG:P6,DIFFOGD,A,DIFFOGD-<MOS>-A:FTIML:OGD:REG:<SKEW>,8400,0.000119048,"OGD DIFF: 7 active FTI columns/unit x 4 device diff tracks cut by each FTI (LO diff one side, HI diff other side) = 28 LKG paths/unit; x 5x60 unit cells = 8400; Scalar = 1/8400",1 unit-boundary FTI column(s) excluded from active FTI count,,,,,,,,,,,7,2/3/6/7,28,,,,,
x81zs_diffiso03,DIFFOGD132-N31-L-A:FTIML:PGD:REG:N6,DIFFOGD,A,DIFFOGD-<MOS>-A:FTIML:PGD:REG:<SKEW>,8400,0.000119048,"OGD DIFF: 7 active FTI columns/unit x 4 device diff tracks cut by each FTI (LO diff one side, HI diff other side) = 28 LKG paths/unit; x 5x60 unit cells = 8400; Scalar = 1/8400",1 unit-boundary FTI column(s) excluded from active FTI count,,,,,,,,,,,7,2/3/6/7,28,,,,,
x81zs_diffiso03,DIFFOGD132-N31-L-A:FTIML:PGD:REG:N4,DIFFOGD,A,DIFFOGD-<MOS>-A:FTIML:PGD:REG:<SKEW>,8400,0.000119048,"OGD DIFF: 7 active FTI columns/unit x 4 device diff tracks cut by each FTI (LO diff one side, HI diff other side) = 28 LKG paths/unit; x 5x60 unit cells = 8400; Scalar = 1/8400",1 unit-boundary FTI column(s) excluded from active FTI count,,,,,,,,,,,7,2/3/6/7,28,,,,,
x81zs_diffiso03,DIFFOGD132-N31-L-A:FTIML:PGD:REG:N2,DIFFOGD,A,DIFFOGD-<MOS>-A:FTIML:PGD:REG:<SKEW>,8400,0.000119048,"OGD DIFF: 7 active FTI columns/unit x 4 device diff tracks cut by each FTI (LO diff one side, HI diff other side) = 28 LKG paths/unit; x 5x60 unit cells = 8400; Scalar = 1/8400",1 unit-boundary FTI column(s) excluded from active FTI count,,,,,,,,,,,7,2/3/6/7,28,,,,,
x81zs_diffiso03,DIFFOGD132-N31-L-A:FTIML:PGD:REG:P2,DIFFOGD,A,DIFFOGD-<MOS>-A:FTIML:PGD:REG:<SKEW>,8400,0.000119048,"OGD DIFF: 7 active FTI columns/unit x 4 device diff tracks cut by each FTI (LO diff one side, HI diff other side) = 28 LKG paths/unit; x 5x60 unit cells = 8400; Scalar = 1/8400",1 unit-boundary FTI column(s) excluded from active FTI count,,,,,,,,,,,7,2/3/6/7,28,,,,,
x81zs_diffiso03,DIFFOGD132-N31-L-A:FTIML:PGD:REG:P4,DIFFOGD,A,DIFFOGD-<MOS>-A:FTIML:PGD:REG:<SKEW>,8400,0.000119048,"OGD DIFF: 7 active FTI columns/unit x 4 device diff tracks cut by each FTI (LO diff one side, HI diff other side) = 28 LKG paths/unit; x 5x60 unit cells = 8400; Scalar = 1/8400",1 unit-boundary FTI column(s) excluded from active FTI count,,,,,,,,,,,7,2/3/6/7,28,,,,,
x81zs_diffiso03,DIFFOGD132-N31-L-A:FTIML:PGD:REG:P6,DIFFOGD,A,DIFFOGD-<MOS>-A:FTIML:PGD:REG:<SKEW>,8400,0.000119048,"OGD DIFF: 7 active FTI columns/unit x 4 device diff tracks cut by each FTI (LO diff one side, HI diff other side) = 28 LKG paths/unit; x 5x60 unit cells = 8400; Scalar = 1/8400",1 unit-boundary FTI column(s) excluded from active FTI count,,,,,,,,,,,7,2/3/6/7,28,,,,,
x81zs_diffiso03,DIFFOGD132-P31-L-A:FTIML:SDR,DIFFOGD,A,DIFFOGD-<MOS>-A:FTIML:SDR,8400,0.000119048,"OGD DIFF: 7 active FTI columns/unit x 4 device diff tracks cut by each FTI (LO diff one side, HI diff other side) = 28 LKG paths/unit; x 5x60 unit cells = 8400; Scalar = 1/8400",1 unit-boundary FTI column(s) excluded from active FTI count,,,,,,,,,,,7,2/3/6/7,28,,,,,
x81zs_diffiso03,DIFFOGD132-P31-L-A:FTIML:OGD:CD:N5,DIFFOGD,A,DIFFOGD-<MOS>-A:FTIML:OGD:CD:<SKEW>,8400,0.000119048,"OGD DIFF: 7 active FTI columns/unit x 4 device diff tracks cut by each FTI (LO diff one side, HI diff other side) = 28 LKG paths/unit; x 5x60 unit cells = 8400; Scalar = 1/8400",1 unit-boundary FTI column(s) excluded from active FTI count,,,,,,,,,,,7,2/3/6/7,28,,,,,
x81zs_diffiso03,DIFFOGD132-P31-L-A:FTIML:OGD:CD:N4,DIFFOGD,A,DIFFOGD-<MOS>-A:FTIML:OGD:CD:<SKEW>,8400,0.000119048,"OGD DIFF: 7 active FTI columns/unit x 4 device diff tracks cut by each FTI (LO diff one side, HI diff other side) = 28 LKG paths/unit; x 5x60 unit cells = 8400; Scalar = 1/8400",1 unit-boundary FTI column(s) excluded from active FTI count,,,,,,,,,,,7,2/3/6/7,28,,,,,
x81zs_diffiso03,DIFFOGD132-P31-L-A:FTIML:OGD:CD:N3,DIFFOGD,A,DIFFOGD-<MOS>-A:FTIML:OGD:CD:<SKEW>,8400,0.000119048,"OGD DIFF: 7 active FTI columns/unit x 4 device diff tracks cut by each FTI (LO diff one side, HI diff other side) = 28 LKG paths/unit; x 5x60 unit cells = 8400; Scalar = 1/8400",1 unit-boundary FTI column(s) excluded from active FTI count,,,,,,,,,,,7,2/3/6/7,28,,,,,
x81zs_diffiso03,DIFFOGD132-P31-L-A:FTIML:OGD:CD:N2,DIFFOGD,A,DIFFOGD-<MOS>-A:FTIML:OGD:CD:<SKEW>,8400,0.000119048,"OGD DIFF: 7 active FTI columns/unit x 4 device diff tracks cut by each FTI (LO diff one side, HI diff other side) = 28 LKG paths/unit; x 5x60 unit cells = 8400; Scalar = 1/8400",1 unit-boundary FTI column(s) excluded from active FTI count,,,,,,,,,,,7,2/3/6/7,28,,,,,
x81zs_diffiso03,DIFFOGD132-P31-L-A:FTIML:OGD:CD:N1,DIFFOGD,A,DIFFOGD-<MOS>-A:FTIML:OGD:CD:<SKEW>,8400,0.000119048,"OGD DIFF: 7 active FTI columns/unit x 4 device diff tracks cut by each FTI (LO diff one side, HI diff other side) = 28 LKG paths/unit; x 5x60 unit cells = 8400; Scalar = 1/8400",1 unit-boundary FTI column(s) excluded from active FTI count,,,,,,,,,,,7,2/3/6/7,28,,,,,
x81zs_diffiso03,DIFFOGD132-P31-L-A:FTIML:OGD:CD:P1,DIFFOGD,A,DIFFOGD-<MOS>-A:FTIML:OGD:CD:<SKEW>,8400,0.000119048,"OGD DIFF: 7 active FTI columns/unit x 4 device diff tracks cut by each FTI (LO diff one side, HI diff other side) = 28 LKG paths/unit; x 5x60 unit cells = 8400; Scalar = 1/8400",1 unit-boundary FTI column(s) excluded from active FTI count,,,,,,,,,,,7,2/3/6/7,28,,,,,
x81zs_diffiso03,DIFFOGD132-P31-L-A:FTIML:OGD:CD:P2,DIFFOGD,A,DIFFOGD-<MOS>-A:FTIML:OGD:CD:<SKEW>,8400,0.000119048,"OGD DIFF: 7 active FTI columns/unit x 4 device diff tracks cut by each FTI (LO diff one side, HI diff other side) = 28 LKG paths/unit; x 5x60 unit cells = 8400; Scalar = 1/8400",1 unit-boundary FTI column(s) excluded from active FTI count,,,,,,,,,,,7,2/3/6/7,28,,,,,
x81zs_diffiso03,DIFFOGD132-P31-L-A:FTIML:OGD:CD:P3,DIFFOGD,A,DIFFOGD-<MOS>-A:FTIML:OGD:CD:<SKEW>,8400,0.000119048,"OGD DIFF: 7 active FTI columns/unit x 4 device diff tracks cut by each FTI (LO diff one side, HI diff other side) = 28 LKG paths/unit; x 5x60 unit cells = 8400; Scalar = 1/8400",1 unit-boundary FTI column(s) excluded from active FTI count,,,,,,,,,,,7,2/3/6/7,28,,,,,
x81zs_diffiso03,DIFFOGD132-P31-L-A:FTIML:OGD:CD:P4,DIFFOGD,A,DIFFOGD-<MOS>-A:FTIML:OGD:CD:<SKEW>,8400,0.000119048,"OGD DIFF: 7 active FTI columns/unit x 4 device diff tracks cut by each FTI (LO diff one side, HI diff other side) = 28 LKG paths/unit; x 5x60 unit cells = 8400; Scalar = 1/8400",1 unit-boundary FTI column(s) excluded from active FTI count,,,,,,,,,,,7,2/3/6/7,28,,,,,
x81zs_diffiso03,DIFFOGD132-P31-L-A:FTIML:OGD:CD:P5,DIFFOGD,A,DIFFOGD-<MOS>-A:FTIML:OGD:CD:<SKEW>,8400,0.000119048,"OGD DIFF: 7 active FTI columns/unit x 4 device diff tracks cut by each FTI (LO diff one side, HI diff other side) = 28 LKG paths/unit; x 5x60 unit cells = 8400; Scalar = 1/8400",1 unit-boundary FTI column(s) excluded from active FTI count,,,,,,,,,,,7,2/3/6/7,28,,,,,
x81zs_diffiso03,DIFFOGD132-P31-L-A:FTIML:PGD:CD:N5,DIFFOGD,A,DIFFOGD-<MOS>-A:FTIML:PGD:CD:<SKEW>,8400,0.000119048,"OGD DIFF: 7 active FTI columns/unit x 4 device diff tracks cut by each FTI (LO diff one side, HI diff other side) = 28 LKG paths/unit; x 5x60 unit cells = 8400; Scalar = 1/8400",1 unit-boundary FTI column(s) excluded from active FTI count,,,,,,,,,,,7,2/3/6/7,28,,,,,
x81zs_diffiso03,DIFFOGD132-P31-L-A:FTIML:PGD:CD:N4,DIFFOGD,A,DIFFOGD-<MOS>-A:FTIML:PGD:CD:<SKEW>,8400,0.000119048,"OGD DIFF: 7 active FTI columns/unit x 4 device diff tracks cut by each FTI (LO diff one side, HI diff other side) = 28 LKG paths/unit; x 5x60 unit cells = 8400; Scalar = 1/8400",1 unit-boundary FTI column(s) excluded from active FTI count,,,,,,,,,,,7,2/3/6/7,28,,,,,
x81zs_diffiso03,DIFFOGD132-P31-L-A:FTIML:PGD:CD:N3,DIFFOGD,A,DIFFOGD-<MOS>-A:FTIML:PGD:CD:<SKEW>,8400,0.000119048,"OGD DIFF: 7 active FTI columns/unit x 4 device diff tracks cut by each FTI (LO diff one side, HI diff other side) = 28 LKG paths/unit; x 5x60 unit cells = 8400; Scalar = 1/8400",1 unit-boundary FTI column(s) excluded from active FTI count,,,,,,,,,,,7,2/3/6/7,28,,,,,
x81zs_diffiso03,DIFFOGD132-P31-L-A:FTIML:PGD:CD:N2,DIFFOGD,A,DIFFOGD-<MOS>-A:FTIML:PGD:CD:<SKEW>,8400,0.000119048,"OGD DIFF: 7 active FTI columns/unit x 4 device diff tracks cut by each FTI (LO diff one side, HI diff other side) = 28 LKG paths/unit; x 5x60 unit cells = 8400; Scalar = 1/8400",1 unit-boundary FTI column(s) excluded from active FTI count,,,,,,,,,,,7,2/3/6/7,28,,,,,
x81zs_diffiso03,DIFFOGD132-P31-L-A:FTIML:PGD:CD:N1,DIFFOGD,A,DIFFOGD-<MOS>-A:FTIML:PGD:CD:<SKEW>,8400,0.000119048,"OGD DIFF: 7 active FTI columns/unit x 4 device diff tracks cut by each FTI (LO diff one side, HI diff other side) = 28 LKG paths/unit; x 5x60 unit cells = 8400; Scalar = 1/8400",1 unit-boundary FTI column(s) excluded from active FTI count,,,,,,,,,,,7,2/3/6/7,28,,,,,
x81zs_diffiso03,DIFFOGD132-P31-L-A:FTIML:PGD:CD:P1,DIFFOGD,A,DIFFOGD-<MOS>-A:FTIML:PGD:CD:<SKEW>,8400,0.000119048,"OGD DIFF: 7 active FTI columns/unit x 4 device diff tracks cut by each FTI (LO diff one side, HI diff other side) = 28 LKG paths/unit; x 5x60 unit cells = 8400; Scalar = 1/8400",1 unit-boundary FTI column(s) excluded from active FTI count,,,,,,,,,,,7,2/3/6/7,28,,,,,
x81zs_diffiso03,DIFFOGD132-P31-L-A:FTIML:PGD:CD:P2,DIFFOGD,A,DIFFOGD-<MOS>-A:FTIML:PGD:CD:<SKEW>,8400,0.000119048,"OGD DIFF: 7 active FTI columns/unit x 4 device diff tracks cut by each FTI (LO diff one side, HI diff other side) = 28 LKG paths/unit; x 5x60 unit cells = 8400; Scalar = 1/8400",1 unit-boundary FTI column(s) excluded from active FTI count,,,,,,,,,,,7,2/3/6/7,28,,,,,
x81zs_diffiso03,DIFFOGD132-P31-L-A:FTIML:PGD:CD:P3,DIFFOGD,A,DIFFOGD-<MOS>-A:FTIML:PGD:CD:<SKEW>,8400,0.000119048,"OGD DIFF: 7 active FTI columns/unit x 4 device diff tracks cut by each FTI (LO diff one side, HI diff other side) = 28 LKG paths/unit; x 5x60 unit cells = 8400; Scalar = 1/8400",1 unit-boundary FTI column(s) excluded from active FTI count,,,,,,,,,,,7,2/3/6/7,28,,,,,
x81zs_diffiso03,DIFFOGD132-P31-L-A:FTIML:PGD:CD:P4,DIFFOGD,A,DIFFOGD-<MOS>-A:FTIML:PGD:CD:<SKEW>,8400,0.000119048,"OGD DIFF: 7 active FTI columns/unit x 4 device diff tracks cut by each FTI (LO diff one side, HI diff other side) = 28 LKG paths/unit; x 5x60 unit cells = 8400; Scalar = 1/8400",1 unit-boundary FTI column(s) excluded from active FTI count,,,,,,,,,,,7,2/3/6/7,28,,,,,
x81zs_diffiso03,DIFFOGD132-P31-L-A:FTIML:PGD:CD:P5,DIFFOGD,A,DIFFOGD-<MOS>-A:FTIML:PGD:CD:<SKEW>,8400,0.000119048,"OGD DIFF: 7 active FTI columns/unit x 4 device diff tracks cut by each FTI (LO diff one side, HI diff other side) = 28 LKG paths/unit; x 5x60 unit cells = 8400; Scalar = 1/8400",1 unit-boundary FTI column(s) excluded from active FTI count,,,,,,,,,,,7,2/3/6/7,28,,,,,
x81zs_diffiso03,DIFFOGD132-P31-L-A:FTIML:OGD:REG:N6,DIFFOGD,A,DIFFOGD-<MOS>-A:FTIML:OGD:REG:<SKEW>,8400,0.000119048,"OGD DIFF: 7 active FTI columns/unit x 4 device diff tracks cut by each FTI (LO diff one side, HI diff other side) = 28 LKG paths/unit; x 5x60 unit cells = 8400; Scalar = 1/8400",1 unit-boundary FTI column(s) excluded from active FTI count,,,,,,,,,,,7,2/3/6/7,28,,,,,
x81zs_diffiso03,DIFFOGD132-P31-L-A:FTIML:OGD:REG:N4,DIFFOGD,A,DIFFOGD-<MOS>-A:FTIML:OGD:REG:<SKEW>,8400,0.000119048,"OGD DIFF: 7 active FTI columns/unit x 4 device diff tracks cut by each FTI (LO diff one side, HI diff other side) = 28 LKG paths/unit; x 5x60 unit cells = 8400; Scalar = 1/8400",1 unit-boundary FTI column(s) excluded from active FTI count,,,,,,,,,,,7,2/3/6/7,28,,,,,
x81zs_diffiso03,DIFFOGD132-P31-L-A:FTIML:OGD:REG:N2,DIFFOGD,A,DIFFOGD-<MOS>-A:FTIML:OGD:REG:<SKEW>,8400,0.000119048,"OGD DIFF: 7 active FTI columns/unit x 4 device diff tracks cut by each FTI (LO diff one side, HI diff other side) = 28 LKG paths/unit; x 5x60 unit cells = 8400; Scalar = 1/8400",1 unit-boundary FTI column(s) excluded from active FTI count,,,,,,,,,,,7,2/3/6/7,28,,,,,
x81zs_diffiso03,DIFFOGD132-P31-L-A:FTIML:OGD:REG:P2,DIFFOGD,A,DIFFOGD-<MOS>-A:FTIML:OGD:REG:<SKEW>,8400,0.000119048,"OGD DIFF: 7 active FTI columns/unit x 4 device diff tracks cut by each FTI (LO diff one side, HI diff other side) = 28 LKG paths/unit; x 5x60 unit cells = 8400; Scalar = 1/8400",1 unit-boundary FTI column(s) excluded from active FTI count,,,,,,,,,,,7,2/3/6/7,28,,,,,
x81zs_diffiso03,DIFFOGD132-P31-L-A:FTIML:OGD:REG:P4,DIFFOGD,A,DIFFOGD-<MOS>-A:FTIML:OGD:REG:<SKEW>,8400,0.000119048,"OGD DIFF: 7 active FTI columns/unit x 4 device diff tracks cut by each FTI (LO diff one side, HI diff other side) = 28 LKG paths/unit; x 5x60 unit cells = 8400; Scalar = 1/8400",1 unit-boundary FTI column(s) excluded from active FTI count,,,,,,,,,,,7,2/3/6/7,28,,,,,
x81zs_diffiso03,DIFFOGD132-P31-L-A:FTIML:OGD:REG:P6,DIFFOGD,A,DIFFOGD-<MOS>-A:FTIML:OGD:REG:<SKEW>,8400,0.000119048,"OGD DIFF: 7 active FTI columns/unit x 4 device diff tracks cut by each FTI (LO diff one side, HI diff other side) = 28 LKG paths/unit; x 5x60 unit cells = 8400; Scalar = 1/8400",1 unit-boundary FTI column(s) excluded from active FTI count,,,,,,,,,,,7,2/3/6/7,28,,,,,
x81zs_diffiso03,DIFFOGD132-P31-L-A:FTIML:PGD:REG:N6,DIFFOGD,A,DIFFOGD-<MOS>-A:FTIML:PGD:REG:<SKEW>,8400,0.000119048,"OGD DIFF: 7 active FTI columns/unit x 4 device diff tracks cut by each FTI (LO diff one side, HI diff other side) = 28 LKG paths/unit; x 5x60 unit cells = 8400; Scalar = 1/8400",1 unit-boundary FTI column(s) excluded from active FTI count,,,,,,,,,,,7,2/3/6/7,28,,,,,
x81zs_diffiso03,DIFFOGD132-P31-L-A:FTIML:PGD:REG:N4,DIFFOGD,A,DIFFOGD-<MOS>-A:FTIML:PGD:REG:<SKEW>,8400,0.000119048,"OGD DIFF: 7 active FTI columns/unit x 4 device diff tracks cut by each FTI (LO diff one side, HI diff other side) = 28 LKG paths/unit; x 5x60 unit cells = 8400; Scalar = 1/8400",1 unit-boundary FTI column(s) excluded from active FTI count,,,,,,,,,,,7,2/3/6/7,28,,,,,
x81zs_diffiso03,DIFFOGD132-P31-L-A:FTIML:PGD:REG:N2,DIFFOGD,A,DIFFOGD-<MOS>-A:FTIML:PGD:REG:<SKEW>,8400,0.000119048,"OGD DIFF: 7 active FTI columns/unit x 4 device diff tracks cut by each FTI (LO diff one side, HI diff other side) = 28 LKG paths/unit; x 5x60 unit cells = 8400; Scalar = 1/8400",1 unit-boundary FTI column(s) excluded from active FTI count,,,,,,,,,,,7,2/3/6/7,28,,,,,
x81zs_diffiso03,DIFFOGD132-P31-L-A:FTIML:PGD:REG:P2,DIFFOGD,A,DIFFOGD-<MOS>-A:FTIML:PGD:REG:<SKEW>,8400,0.000119048,"OGD DIFF: 7 active FTI columns/unit x 4 device diff tracks cut by each FTI (LO diff one side, HI diff other side) = 28 LKG paths/unit; x 5x60 unit cells = 8400; Scalar = 1/8400",1 unit-boundary FTI column(s) excluded from active FTI count,,,,,,,,,,,7,2/3/6/7,28,,,,,
x81zs_diffiso03,DIFFOGD132-P31-L-A:FTIML:PGD:REG:P4,DIFFOGD,A,DIFFOGD-<MOS>-A:FTIML:PGD:REG:<SKEW>,8400,0.000119048,"OGD DIFF: 7 active FTI columns/unit x 4 device diff tracks cut by each FTI (LO diff one side, HI diff other side) = 28 LKG paths/unit; x 5x60 unit cells = 8400; Scalar = 1/8400",1 unit-boundary FTI column(s) excluded from active FTI count,,,,,,,,,,,7,2/3/6/7,28,,,,,
x81zs_epiepi01,EPIEPI132-NZ5-L-A:SDR:PGD:REF:1TRK_1PP,EPIEPI,A,EPIEPI-<MOS>-A:SDR:PGD:REF:1TRK_1PP,5760,0.000173611,PGD ETE: 12 active epi/TCN (VT) columns/unit x 2 LO<->HI tip-to-tip pair(s) each (LO1 tracks 6;14 vs HI1 tracks 9;11) = 24 LKG paths/unit; x 4x60 unit cells = 5760; Scalar = 1/5760,,,,,,,,,,,,,,,12,24,2,6/14,9/11
x81zs_epiepi01,EPIEPI132-PZ5-L-A:SDR:PGD:REF:1TRK_1PP,EPIEPI,A,EPIEPI-<MOS>-A:SDR:PGD:REF:1TRK_1PP,5760,0.000173611,PGD ETE: 12 active epi/TCN (VT) columns/unit x 2 LO<->HI tip-to-tip pair(s) each (LO1 tracks 6;14 vs HI1 tracks 9;11) = 24 LKG paths/unit; x 4x60 unit cells = 5760; Scalar = 1/5760,,,,,,,,,,,,,,,12,24,2,6/14,9/11
x81zs_epiepi01,EPIEPI132-NPZ5-L-A:SDR:PGD:REF:1TRK_1PP,EPIEPI,A,EPIEPI-<MOS>-A:SDR:PGD:REF:1TRK_1PP,5760,0.000173611,PGD ETE: 12 active epi/TCN (VT) columns/unit x 2 LO<->HI tip-to-tip pair(s) each (LO1 tracks 6;14 vs HI1 tracks 9;11) = 24 LKG paths/unit; x 4x60 unit cells = 5760; Scalar = 1/5760,,,,,,,,,,,,,,,12,24,2,6/14,9/11
x81zs_epiepi01,EPIEPI165-NZ7-L-A:SDR:PGD:REF:1TRK_1PP,EPIEPI,A,EPIEPI-<MOS>-A:SDR:PGD:REF:1TRK_1PP,5760,0.000173611,PGD ETE: 12 active epi/TCN (VT) columns/unit x 2 LO<->HI tip-to-tip pair(s) each (LO1 tracks 7;17 vs HI1 tracks 11;13) = 24 LKG paths/unit; x 4x60 unit cells = 5760; Scalar = 1/5760,,,,,,,,,,,,,,,12,24,2,7/17,11/13
x81zs_epiepi01,EPIEPI165-PZ7-L-A:SDR:PGD:REF:1TRK_1PP,EPIEPI,A,EPIEPI-<MOS>-A:SDR:PGD:REF:1TRK_1PP,5760,0.000173611,PGD ETE: 12 active epi/TCN (VT) columns/unit x 2 LO<->HI tip-to-tip pair(s) each (LO1 tracks 7;17 vs HI1 tracks 11;13) = 24 LKG paths/unit; x 4x60 unit cells = 5760; Scalar = 1/5760,,,,,,,,,,,,,,,12,24,2,7/17,11/13
x81zs_epiepi01,EPIEPI165-NPZ7-L-A:SDR:PGD:REF:1TRK_1PP,EPIEPI,A,EPIEPI-<MOS>-A:SDR:PGD:REF:1TRK_1PP,5760,0.000173611,PGD ETE: 12 active epi/TCN (VT) columns/unit x 2 LO<->HI tip-to-tip pair(s) each (LO1 tracks 7;17 vs HI1 tracks 11;13) = 24 LKG paths/unit; x 4x60 unit cells = 5760; Scalar = 1/5760,,,,,,,,,,,,,,,12,24,2,7/17,11/13
x81zs_epiepi01,EPIEPI132-NZ5-L-A:SDR:PGD:REF:2TRK_1PP,EPIEPI,A,EPIEPI-<MOS>-A:SDR:PGD:REF:2TRK_1PP,5760,0.000173611,PGD ETE: 12 active epi/TCN (VT) columns/unit x 2 LO<->HI tip-to-tip pair(s) each (LO1 tracks 4;16 vs HI1 tracks 9;11) = 24 LKG paths/unit; x 4x60 unit cells = 5760; Scalar = 1/5760,,,,,,,,,,,,,,,12,24,2,4/16,9/11
x81zs_epiepi01,EPIEPI132-PZ5-L-A:SDR:PGD:REF:2TRK_1PP,EPIEPI,A,EPIEPI-<MOS>-A:SDR:PGD:REF:2TRK_1PP,5760,0.000173611,PGD ETE: 12 active epi/TCN (VT) columns/unit x 2 LO<->HI tip-to-tip pair(s) each (LO1 tracks 4;16 vs HI1 tracks 9;11) = 24 LKG paths/unit; x 4x60 unit cells = 5760; Scalar = 1/5760,,,,,,,,,,,,,,,12,24,2,4/16,9/11
x81zs_epiepi01,EPIEPI132-NPZ5-L-A:SDR:PGD:REF:2TRK_1PP,EPIEPI,A,EPIEPI-<MOS>-A:SDR:PGD:REF:2TRK_1PP,5760,0.000173611,PGD ETE: 12 active epi/TCN (VT) columns/unit x 2 LO<->HI tip-to-tip pair(s) each (LO1 tracks 4;16 vs HI1 tracks 9;11) = 24 LKG paths/unit; x 4x60 unit cells = 5760; Scalar = 1/5760,,,,,,,,,,,,,,,12,24,2,4/16,9/11
x81zs_epiepi01,EPIEPI165-NZ7-L-A:SDR:PGD:REF:2TRK_1PP,EPIEPI,A,EPIEPI-<MOS>-A:SDR:PGD:REF:2TRK_1PP,5760,0.000173611,PGD ETE: 12 active epi/TCN (VT) columns/unit x 2 LO<->HI tip-to-tip pair(s) each (LO1 tracks 4;20 vs HI1 tracks 11;13) = 24 LKG paths/unit; x 4x60 unit cells = 5760; Scalar = 1/5760,,,,,,,,,,,,,,,12,24,2,4/20,11/13
x81zs_epiepi01,EPIEPI165-PZ7-L-A:SDR:PGD:REF:2TRK_1PP,EPIEPI,A,EPIEPI-<MOS>-A:SDR:PGD:REF:2TRK_1PP,5760,0.000173611,PGD ETE: 12 active epi/TCN (VT) columns/unit x 2 LO<->HI tip-to-tip pair(s) each (LO1 tracks 4;20 vs HI1 tracks 11;13) = 24 LKG paths/unit; x 4x60 unit cells = 5760; Scalar = 1/5760,,,,,,,,,,,,,,,12,24,2,4/20,11/13
x81zs_epiepi01,EPIEPI165-NPZ7-L-A:SDR:PGD:REF:2TRK_1PP,EPIEPI,A,EPIEPI-<MOS>-A:SDR:PGD:REF:2TRK_1PP,5760,0.000173611,PGD ETE: 12 active epi/TCN (VT) columns/unit x 2 LO<->HI tip-to-tip pair(s) each (LO1 tracks 4;20 vs HI1 tracks 11;13) = 24 LKG paths/unit; x 4x60 unit cells = 5760; Scalar = 1/5760,,,,,,,,,,,,,,,12,24,2,4/20,11/13
x81zs_epiepi01,EPIEPI132-NPZ5-L-A:GLK_OGD_DEN:1TRK_1PP,EPIEPI,A,EPIEPI-<MOS>-A:GLK_OGD_DEN:1TRK_1PP,5760,0.000173611,PGD ETE: 12 active epi/TCN (VT) columns/unit x 2 LO<->HI tip-to-tip pair(s) each (LO1 tracks 6;14 vs HI1 tracks 9;11) = 24 LKG paths/unit; x 4x60 unit cells = 5760; Scalar = 1/5760,,,,,,,,,,,,,,,12,24,2,6/14,9/11
x81zs_epiepi01,EPIEPI132-NPZ5-L-A:PLG_OGD_DEN:1TRK_1PP,EPIEPI,A,EPIEPI-<MOS>-A:PLG_OGD_DEN:1TRK_1PP,5760,0.000173611,PGD ETE: 12 active epi/TCN (VT) columns/unit x 2 LO<->HI tip-to-tip pair(s) each (LO1 tracks 6;14 vs HI1 tracks 9;11) = 24 LKG paths/unit; x 4x60 unit cells = 5760; Scalar = 1/5760,,,,,,,,,,,,,,,12,24,2,6/14,9/11
x81zs_epiepi01,EPIEPI132-NPZ5-L-A:LNK_OGD_DEN:1TRK_1PP,EPIEPI,A,EPIEPI-<MOS>-A:LNK_OGD_DEN:1TRK_1PP,5760,0.000173611,PGD ETE: 12 active epi/TCN (VT) columns/unit x 2 LO<->HI tip-to-tip pair(s) each (LO1 tracks 6;14 vs HI1 tracks 9;11) = 24 LKG paths/unit; x 4x60 unit cells = 5760; Scalar = 1/5760,,,,,,,,,,,,,,,12,24,2,6/14,9/11
x81zs_epiepi01,EPIEPI132-NZ5-L-A:NPXL:PGD:REF:1TRK_1PP,EPIEPI,A,EPIEPI-<MOS>-A:NPXL:PGD:REF:1TRK_1PP,5760,0.000173611,PGD ETE: 12 active epi/TCN (VT) columns/unit x 2 LO<->HI tip-to-tip pair(s) each (LO1 tracks 6;14 vs HI1 tracks 9;11) = 24 LKG paths/unit; x 4x60 unit cells = 5760; Scalar = 1/5760,,,,,,,,,,,,,,,12,24,2,6/14,9/11
x81zs_epiepi01,EPIEPI132-PZ5-L-A:NPXL:PGD:REF:1TRK_1PP,EPIEPI,A,EPIEPI-<MOS>-A:NPXL:PGD:REF:1TRK_1PP,5760,0.000173611,PGD ETE: 12 active epi/TCN (VT) columns/unit x 2 LO<->HI tip-to-tip pair(s) each (LO1 tracks 6;14 vs HI1 tracks 9;11) = 24 LKG paths/unit; x 4x60 unit cells = 5760; Scalar = 1/5760,,,,,,,,,,,,,,,12,24,2,6/14,9/11
x81zs_epiepi01,EPIEPI132-NPZ5-L-A:NPXL:PGD:REF:1TRK_1PP,EPIEPI,A,EPIEPI-<MOS>-A:NPXL:PGD:REF:1TRK_1PP,5760,0.000173611,PGD ETE: 12 active epi/TCN (VT) columns/unit x 2 LO<->HI tip-to-tip pair(s) each (LO1 tracks 6;14 vs HI1 tracks 9;11) = 24 LKG paths/unit; x 4x60 unit cells = 5760; Scalar = 1/5760,,,,,,,,,,,,,,,12,24,2,6/14,9/11
x81zs_epiepi01,EPIEPI165-NZ7-L-A:NPXL:PGD:REF:1TRK_1PP,EPIEPI,A,EPIEPI-<MOS>-A:NPXL:PGD:REF:1TRK_1PP,5760,0.000173611,PGD ETE: 12 active epi/TCN (VT) columns/unit x 2 LO<->HI tip-to-tip pair(s) each (LO1 tracks 7;17 vs HI1 tracks 11;13) = 24 LKG paths/unit; x 4x60 unit cells = 5760; Scalar = 1/5760,,,,,,,,,,,,,,,12,24,2,7/17,11/13
x81zs_epiepi01,EPIEPI165-PZ7-L-A:NPXL:PGD:REF:1TRK_1PP,EPIEPI,A,EPIEPI-<MOS>-A:NPXL:PGD:REF:1TRK_1PP,5760,0.000173611,PGD ETE: 12 active epi/TCN (VT) columns/unit x 2 LO<->HI tip-to-tip pair(s) each (LO1 tracks 7;17 vs HI1 tracks 11;13) = 24 LKG paths/unit; x 4x60 unit cells = 5760; Scalar = 1/5760,,,,,,,,,,,,,,,12,24,2,7/17,11/13
x81zs_epiepi01,EPIEPI165-NPZ7-L-A:NPXL:PGD:REF:1TRK_1PP,EPIEPI,A,EPIEPI-<MOS>-A:NPXL:PGD:REF:1TRK_1PP,5760,0.000173611,PGD ETE: 12 active epi/TCN (VT) columns/unit x 2 LO<->HI tip-to-tip pair(s) each (LO1 tracks 7;17 vs HI1 tracks 11;13) = 24 LKG paths/unit; x 4x60 unit cells = 5760; Scalar = 1/5760,,,,,,,,,,,,,,,12,24,2,7/17,11/13
x81zs_epiepi01,EPIEPI132-NZ5-L-A:NPXL:PGD:REF:2TRK_1PP,EPIEPI,A,EPIEPI-<MOS>-A:NPXL:PGD:REF:2TRK_1PP,5760,0.000173611,PGD ETE: 12 active epi/TCN (VT) columns/unit x 2 LO<->HI tip-to-tip pair(s) each (LO1 tracks 4;16 vs HI1 tracks 9;11) = 24 LKG paths/unit; x 4x60 unit cells = 5760; Scalar = 1/5760,,,,,,,,,,,,,,,12,24,2,4/16,9/11
x81zs_epiepi01,EPIEPI132-PZ5-L-A:NPXL:PGD:REF:2TRK_1PP,EPIEPI,A,EPIEPI-<MOS>-A:NPXL:PGD:REF:2TRK_1PP,5760,0.000173611,PGD ETE: 12 active epi/TCN (VT) columns/unit x 2 LO<->HI tip-to-tip pair(s) each (LO1 tracks 4;16 vs HI1 tracks 9;11) = 24 LKG paths/unit; x 4x60 unit cells = 5760; Scalar = 1/5760,,,,,,,,,,,,,,,12,24,2,4/16,9/11
x81zs_epiepi01,EPIEPI132-NPZ5-L-A:NPXL:PGD:REF:2TRK_1PP,EPIEPI,A,EPIEPI-<MOS>-A:NPXL:PGD:REF:2TRK_1PP,5760,0.000173611,PGD ETE: 12 active epi/TCN (VT) columns/unit x 2 LO<->HI tip-to-tip pair(s) each (LO1 tracks 4;16 vs HI1 tracks 9;11) = 24 LKG paths/unit; x 4x60 unit cells = 5760; Scalar = 1/5760,,,,,,,,,,,,,,,12,24,2,4/16,9/11
x81zs_epiepi01,EPIEPI165-NZ7-L-A:NPXL:PGD:REF:2TRK_1PP,EPIEPI,A,EPIEPI-<MOS>-A:NPXL:PGD:REF:2TRK_1PP,5760,0.000173611,PGD ETE: 12 active epi/TCN (VT) columns/unit x 2 LO<->HI tip-to-tip pair(s) each (LO1 tracks 4;20 vs HI1 tracks 11;13) = 24 LKG paths/unit; x 4x60 unit cells = 5760; Scalar = 1/5760,,,,,,,,,,,,,,,12,24,2,4/20,11/13
x81zs_epiepi01,EPIEPI165-PZ7-L-A:NPXL:PGD:REF:2TRK_1PP,EPIEPI,A,EPIEPI-<MOS>-A:NPXL:PGD:REF:2TRK_1PP,5760,0.000173611,PGD ETE: 12 active epi/TCN (VT) columns/unit x 2 LO<->HI tip-to-tip pair(s) each (LO1 tracks 4;20 vs HI1 tracks 11;13) = 24 LKG paths/unit; x 4x60 unit cells = 5760; Scalar = 1/5760,,,,,,,,,,,,,,,12,24,2,4/20,11/13
x81zs_epiepi01,EPIEPI165-NPZ7-L-A:NPXL:PGD:REF:2TRK_1PP,EPIEPI,A,EPIEPI-<MOS>-A:NPXL:PGD:REF:2TRK_1PP,5760,0.000173611,PGD ETE: 12 active epi/TCN (VT) columns/unit x 2 LO<->HI tip-to-tip pair(s) each (LO1 tracks 4;20 vs HI1 tracks 11;13) = 24 LKG paths/unit; x 4x60 unit cells = 5760; Scalar = 1/5760,,,,,,,,,,,,,,,12,24,2,4/20,11/13
x81zs_epiepi01,EPIEPI132-NPZ5-L-A:NPXL_PLG_OGD_DEN:1TRK_1PP,EPIEPI,A,EPIEPI-<MOS>-A:NPXL_PLG_OGD_DEN:1TRK_1PP,5760,0.000173611,PGD ETE: 12 active epi/TCN (VT) columns/unit x 2 LO<->HI tip-to-tip pair(s) each (LO1 tracks 6;14 vs HI1 tracks 9;11) = 24 LKG paths/unit; x 4x60 unit cells = 5760; Scalar = 1/5760,,,,,,,,,,,,,,,12,24,2,6/14,9/11
x81zs_epiepi01,EPIEPI132-NPZ5-L-A:NPXL_LNK_OGD_DEN:1TRK_1PP,EPIEPI,A,EPIEPI-<MOS>-A:NPXL_LNK_OGD_DEN:1TRK_1PP,5760,0.000173611,PGD ETE: 12 active epi/TCN (VT) columns/unit x 2 LO<->HI tip-to-tip pair(s) each (LO1 tracks 6;14 vs HI1 tracks 9;11) = 24 LKG paths/unit; x 4x60 unit cells = 5760; Scalar = 1/5760,,,,,,,,,,,,,,,12,24,2,6/14,9/11
x81zs_epiepi01,EPIEPI132-NZ5-L-A:SDR:PGD:NES:OUTERTRK,EPIEPI,A,EPIEPI-<MOS>-A:SDR:PGD:NES:OUTERTRK,5760,0.000173611,PGD ETE: 12 active epi/TCN (VT) columns/unit x 2 LO<->HI tip-to-tip pair(s) each (LO1 tracks 4;16 vs HI1 tracks 9;11) = 24 LKG paths/unit; x 4x60 unit cells = 5760; Scalar = 1/5760,,,,,,,,,,,,,,,12,24,2,4/16,9/11
x81zs_epiepi01,EPIEPI132-NZ5-L-A:SDR:PGD:NES:INNERTRK,EPIEPI,A,EPIEPI-<MOS>-A:SDR:PGD:NES:INNERTRK,5760,0.000173611,PGD ETE: 12 active epi/TCN (VT) columns/unit x 2 LO<->HI tip-to-tip pair(s) each (LO1 tracks 4;16 vs HI1 tracks 9;11) = 24 LKG paths/unit; x 4x60 unit cells = 5760; Scalar = 1/5760,,,,,,,,,,,,,,,12,24,2,4/16,9/11
x81zs_epiepi01,EPIEPI132-NZ5-L-A:SDR:PGD:NES:BOTHTRK,EPIEPI,A,EPIEPI-<MOS>-A:SDR:PGD:NES:BOTHTRK,5760,0.000173611,PGD ETE: 12 active epi/TCN (VT) columns/unit x 2 LO<->HI tip-to-tip pair(s) each (LO1 tracks 4;16 vs HI1 tracks 9;11) = 24 LKG paths/unit; x 4x60 unit cells = 5760; Scalar = 1/5760,,,,,,,,,,,,,,,12,24,2,4/16,9/11
x81zs_epiepi01,EPIEPI132-PZ5-L-A:SDR:PGD:ESD:OUTERTRK,EPIEPI,A,EPIEPI-<MOS>-A:SDR:PGD:ESD:OUTERTRK,5760,0.000173611,PGD ETE: 12 active epi/TCN (VT) columns/unit x 2 LO<->HI tip-to-tip pair(s) each (LO1 tracks 4;16 vs HI1 tracks 9;11) = 24 LKG paths/unit; x 4x60 unit cells = 5760; Scalar = 1/5760,,,,,,,,,,,,,,,12,24,2,4/16,9/11
x81zs_epiepi01,EPIEPI132-PZ5-L-A:SDR:PGD:ESD:INNERTRK,EPIEPI,A,EPIEPI-<MOS>-A:SDR:PGD:ESD:INNERTRK,5760,0.000173611,PGD ETE: 12 active epi/TCN (VT) columns/unit x 2 LO<->HI tip-to-tip pair(s) each (LO1 tracks 4;16 vs HI1 tracks 9;11) = 24 LKG paths/unit; x 4x60 unit cells = 5760; Scalar = 1/5760,,,,,,,,,,,,,,,12,24,2,4/16,9/11
x81zs_epiepi01,EPIEPI132-PZ5-L-A:SDR:PGD:ESD:BOTHTRK,EPIEPI,A,EPIEPI-<MOS>-A:SDR:PGD:ESD:BOTHTRK,5760,0.000173611,PGD ETE: 12 active epi/TCN (VT) columns/unit x 2 LO<->HI tip-to-tip pair(s) each (LO1 tracks 4;16 vs HI1 tracks 9;11) = 24 LKG paths/unit; x 4x60 unit cells = 5760; Scalar = 1/5760,,,,,,,,,,,,,,,12,24,2,4/16,9/11
x81zs_epiepi01,EPIEPI132-NPZ5-L-A:SDR:PGD:NES:2TRK_1PP,EPIEPI,A,EPIEPI-<MOS>-A:SDR:PGD:NES:2TRK_1PP,5760,0.000173611,PGD ETE: 12 active epi/TCN (VT) columns/unit x 2 LO<->HI tip-to-tip pair(s) each (LO1 tracks 4;16 vs HI1 tracks 9;11) = 24 LKG paths/unit; x 4x60 unit cells = 5760; Scalar = 1/5760,,,,,,,,,,,,,,,12,24,2,4/16,9/11
x81zs_epiepi01,EPIEPI132-NPZ5-L-A:SDR:PGD:ESD:2TRK_1PP,EPIEPI,A,EPIEPI-<MOS>-A:SDR:PGD:ESD:2TRK_1PP,5760,0.000173611,PGD ETE: 12 active epi/TCN (VT) columns/unit x 2 LO<->HI tip-to-tip pair(s) each (LO1 tracks 4;16 vs HI1 tracks 9;11) = 24 LKG paths/unit; x 4x60 unit cells = 5760; Scalar = 1/5760,,,,,,,,,,,,,,,12,24,2,4/16,9/11
x81zs_epiepi01,EPIEPI132-NPZ5-L-A:SDR:PGD:NESESD:2TRK_1PP,EPIEPI,A,EPIEPI-<MOS>-A:SDR:PGD:NESESD:2TRK_1PP,5760,0.000173611,PGD ETE: 12 active epi/TCN (VT) columns/unit x 2 LO<->HI tip-to-tip pair(s) each (LO1 tracks 4;16 vs HI1 tracks 9;11) = 24 LKG paths/unit; x 4x60 unit cells = 5760; Scalar = 1/5760,,,,,,,,,,,,,,,12,24,2,4/16,9/11
x81zs_epiepi01,EPIEPI132-NZ5-L-A:PXL:PGD:REG:N8,EPIEPI,A,EPIEPI-<MOS>-A:PXL:PGD:REG:<SKEW>,5760,0.000173611,PGD ETE: 12 active epi/TCN (VT) columns/unit x 2 LO<->HI tip-to-tip pair(s) each (LO1 tracks 4;16 vs HI1 tracks 9;11) = 24 LKG paths/unit; x 4x60 unit cells = 5760; Scalar = 1/5760,,,,,,,,,,,,,,,12,24,2,4/16,9/11
x81zs_epiepi01,EPIEPI132-NZ5-L-A:PXL:PGD:REG:N6,EPIEPI,A,EPIEPI-<MOS>-A:PXL:PGD:REG:<SKEW>,5760,0.000173611,PGD ETE: 12 active epi/TCN (VT) columns/unit x 2 LO<->HI tip-to-tip pair(s) each (LO1 tracks 4;16 vs HI1 tracks 9;11) = 24 LKG paths/unit; x 4x60 unit cells = 5760; Scalar = 1/5760,,,,,,,,,,,,,,,12,24,2,4/16,9/11
x81zs_epiepi01,EPIEPI132-NZ5-L-A:PXL:PGD:REG:N3,EPIEPI,A,EPIEPI-<MOS>-A:PXL:PGD:REG:<SKEW>,5760,0.000173611,PGD ETE: 12 active epi/TCN (VT) columns/unit x 2 LO<->HI tip-to-tip pair(s) each (LO1 tracks 4;16 vs HI1 tracks 9;11) = 24 LKG paths/unit; x 4x60 unit cells = 5760; Scalar = 1/5760,,,,,,,,,,,,,,,12,24,2,4/16,9/11
x81zs_epiepi01,EPIEPI132-NZ5-L-A:PXL:PGD:REG:NOM,EPIEPI,A,EPIEPI-<MOS>-A:PXL:PGD:REG:NOM,5760,0.000173611,PGD ETE: 12 active epi/TCN (VT) columns/unit x 2 LO<->HI tip-to-tip pair(s) each (LO1 tracks 4;16 vs HI1 tracks 9;11) = 24 LKG paths/unit; x 4x60 unit cells = 5760; Scalar = 1/5760,,,,,,,,,,,,,,,12,24,2,4/16,9/11
x81zs_epiepi01,EPIEPI132-NZ5-L-A:PXL:PGD:REG:P3,EPIEPI,A,EPIEPI-<MOS>-A:PXL:PGD:REG:<SKEW>,5760,0.000173611,PGD ETE: 12 active epi/TCN (VT) columns/unit x 2 LO<->HI tip-to-tip pair(s) each (LO1 tracks 4;16 vs HI1 tracks 9;11) = 24 LKG paths/unit; x 4x60 unit cells = 5760; Scalar = 1/5760,,,,,,,,,,,,,,,12,24,2,4/16,9/11
x81zs_epiepi01,EPIEPI132-NZ5-L-A:PXL:PGD:REG:P6,EPIEPI,A,EPIEPI-<MOS>-A:PXL:PGD:REG:<SKEW>,5760,0.000173611,PGD ETE: 12 active epi/TCN (VT) columns/unit x 2 LO<->HI tip-to-tip pair(s) each (LO1 tracks 4;16 vs HI1 tracks 9;11) = 24 LKG paths/unit; x 4x60 unit cells = 5760; Scalar = 1/5760,,,,,,,,,,,,,,,12,24,2,4/16,9/11
x81zs_epiepi01,EPIEPI132-NZ5-L-A:PXL:PGD:REG:P8,EPIEPI,A,EPIEPI-<MOS>-A:PXL:PGD:REG:<SKEW>,5760,0.000173611,PGD ETE: 12 active epi/TCN (VT) columns/unit x 2 LO<->HI tip-to-tip pair(s) each (LO1 tracks 4;16 vs HI1 tracks 9;11) = 24 LKG paths/unit; x 4x60 unit cells = 5760; Scalar = 1/5760,,,,,,,,,,,,,,,12,24,2,4/16,9/11
x81zs_epiepi01,EPIEPI132-NZ5-L-A:PXL:PGD:CD:N5,EPIEPI,A,EPIEPI-<MOS>-A:PXL:PGD:CD:<SKEW>,5760,0.000173611,PGD ETE: 12 active epi/TCN (VT) columns/unit x 2 LO<->HI tip-to-tip pair(s) each (LO1 tracks 4;16 vs HI1 tracks 9;11) = 24 LKG paths/unit; x 4x60 unit cells = 5760; Scalar = 1/5760,,,,,,,,,,,,,,,12,24,2,4/16,9/11
x81zs_epiepi01,EPIEPI132-NZ5-L-A:PXL:PGD:CD:N3,EPIEPI,A,EPIEPI-<MOS>-A:PXL:PGD:CD:<SKEW>,5760,0.000173611,PGD ETE: 12 active epi/TCN (VT) columns/unit x 2 LO<->HI tip-to-tip pair(s) each (LO1 tracks 4;16 vs HI1 tracks 9;11) = 24 LKG paths/unit; x 4x60 unit cells = 5760; Scalar = 1/5760,,,,,,,,,,,,,,,12,24,2,4/16,9/11
x81zs_epiepi01,EPIEPI132-NZ5-L-A:PXL:PGD:CD:N1,EPIEPI,A,EPIEPI-<MOS>-A:PXL:PGD:CD:<SKEW>,5760,0.000173611,PGD ETE: 12 active epi/TCN (VT) columns/unit x 2 LO<->HI tip-to-tip pair(s) each (LO1 tracks 4;16 vs HI1 tracks 9;11) = 24 LKG paths/unit; x 4x60 unit cells = 5760; Scalar = 1/5760,,,,,,,,,,,,,,,12,24,2,4/16,9/11
x81zs_epiepi01,EPIEPI132-NZ5-L-A:PXL:PGD:CD:NOM,EPIEPI,A,EPIEPI-<MOS>-A:PXL:PGD:CD:NOM,5760,0.000173611,PGD ETE: 12 active epi/TCN (VT) columns/unit x 2 LO<->HI tip-to-tip pair(s) each (LO1 tracks 4;16 vs HI1 tracks 9;11) = 24 LKG paths/unit; x 4x60 unit cells = 5760; Scalar = 1/5760,,,,,,,,,,,,,,,12,24,2,4/16,9/11
x81zs_epiepi01,EPIEPI132-NZ5-L-A:PXL:PGD:CD:P1,EPIEPI,A,EPIEPI-<MOS>-A:PXL:PGD:CD:<SKEW>,5760,0.000173611,PGD ETE: 12 active epi/TCN (VT) columns/unit x 2 LO<->HI tip-to-tip pair(s) each (LO1 tracks 4;16 vs HI1 tracks 9;11) = 24 LKG paths/unit; x 4x60 unit cells = 5760; Scalar = 1/5760,,,,,,,,,,,,,,,12,24,2,4/16,9/11
x81zs_epiepi01,EPIEPI132-NZ5-L-A:PXL:PGD:CD:P3,EPIEPI,A,EPIEPI-<MOS>-A:PXL:PGD:CD:<SKEW>,5760,0.000173611,PGD ETE: 12 active epi/TCN (VT) columns/unit x 2 LO<->HI tip-to-tip pair(s) each (LO1 tracks 4;16 vs HI1 tracks 9;11) = 24 LKG paths/unit; x 4x60 unit cells = 5760; Scalar = 1/5760,,,,,,,,,,,,,,,12,24,2,4/16,9/11
x81zs_epiepi01,EPIEPI132-NZ5-L-A:PXL:PGD:CD:P5,EPIEPI,A,EPIEPI-<MOS>-A:PXL:PGD:CD:<SKEW>,5760,0.000173611,PGD ETE: 12 active epi/TCN (VT) columns/unit x 2 LO<->HI tip-to-tip pair(s) each (LO1 tracks 4;16 vs HI1 tracks 9;11) = 24 LKG paths/unit; x 4x60 unit cells = 5760; Scalar = 1/5760,,,,,,,,,,,,,,,12,24,2,4/16,9/11
x81zs_epiepi01,EPIEPI132-PZ5-L-A:PXL:PGD:REG:N8,EPIEPI,A,EPIEPI-<MOS>-A:PXL:PGD:REG:<SKEW>,5760,0.000173611,PGD ETE: 12 active epi/TCN (VT) columns/unit x 2 LO<->HI tip-to-tip pair(s) each (LO1 tracks 4;16 vs HI1 tracks 9;11) = 24 LKG paths/unit; x 4x60 unit cells = 5760; Scalar = 1/5760,,,,,,,,,,,,,,,12,24,2,4/16,9/11
x81zs_epiepi01,EPIEPI132-PZ5-L-A:PXL:PGD:REG:N6,EPIEPI,A,EPIEPI-<MOS>-A:PXL:PGD:REG:<SKEW>,5760,0.000173611,PGD ETE: 12 active epi/TCN (VT) columns/unit x 2 LO<->HI tip-to-tip pair(s) each (LO1 tracks 4;16 vs HI1 tracks 9;11) = 24 LKG paths/unit; x 4x60 unit cells = 5760; Scalar = 1/5760,,,,,,,,,,,,,,,12,24,2,4/16,9/11
x81zs_epiepi01,EPIEPI132-PZ5-L-A:PXL:PGD:REG:N3,EPIEPI,A,EPIEPI-<MOS>-A:PXL:PGD:REG:<SKEW>,5760,0.000173611,PGD ETE: 12 active epi/TCN (VT) columns/unit x 2 LO<->HI tip-to-tip pair(s) each (LO1 tracks 4;16 vs HI1 tracks 9;11) = 24 LKG paths/unit; x 4x60 unit cells = 5760; Scalar = 1/5760,,,,,,,,,,,,,,,12,24,2,4/16,9/11
x81zs_epiepi01,EPIEPI132-PZ5-L-A:PXL:PGD:REG:NOM,EPIEPI,A,EPIEPI-<MOS>-A:PXL:PGD:REG:NOM,5760,0.000173611,PGD ETE: 12 active epi/TCN (VT) columns/unit x 2 LO<->HI tip-to-tip pair(s) each (LO1 tracks 4;16 vs HI1 tracks 9;11) = 24 LKG paths/unit; x 4x60 unit cells = 5760; Scalar = 1/5760,,,,,,,,,,,,,,,12,24,2,4/16,9/11
x81zs_epiepi01,EPIEPI132-PZ5-L-A:PXL:PGD:REG:P3,EPIEPI,A,EPIEPI-<MOS>-A:PXL:PGD:REG:<SKEW>,5760,0.000173611,PGD ETE: 12 active epi/TCN (VT) columns/unit x 2 LO<->HI tip-to-tip pair(s) each (LO1 tracks 4;16 vs HI1 tracks 9;11) = 24 LKG paths/unit; x 4x60 unit cells = 5760; Scalar = 1/5760,,,,,,,,,,,,,,,12,24,2,4/16,9/11
x81zs_epiepi01,EPIEPI132-PZ5-L-A:PXL:PGD:REG:P6,EPIEPI,A,EPIEPI-<MOS>-A:PXL:PGD:REG:<SKEW>,5760,0.000173611,PGD ETE: 12 active epi/TCN (VT) columns/unit x 2 LO<->HI tip-to-tip pair(s) each (LO1 tracks 4;16 vs HI1 tracks 9;11) = 24 LKG paths/unit; x 4x60 unit cells = 5760; Scalar = 1/5760,,,,,,,,,,,,,,,12,24,2,4/16,9/11
x81zs_epiepi01,EPIEPI132-PZ5-L-A:PXL:PGD:REG:P8,EPIEPI,A,EPIEPI-<MOS>-A:PXL:PGD:REG:<SKEW>,5760,0.000173611,PGD ETE: 12 active epi/TCN (VT) columns/unit x 2 LO<->HI tip-to-tip pair(s) each (LO1 tracks 4;16 vs HI1 tracks 9;11) = 24 LKG paths/unit; x 4x60 unit cells = 5760; Scalar = 1/5760,,,,,,,,,,,,,,,12,24,2,4/16,9/11
x81zs_epiepi01,EPIEPI132-PZ5-L-A:PXL:PGD:CD:N5,EPIEPI,A,EPIEPI-<MOS>-A:PXL:PGD:CD:<SKEW>,5760,0.000173611,PGD ETE: 12 active epi/TCN (VT) columns/unit x 2 LO<->HI tip-to-tip pair(s) each (LO1 tracks 4;16 vs HI1 tracks 9;11) = 24 LKG paths/unit; x 4x60 unit cells = 5760; Scalar = 1/5760,,,,,,,,,,,,,,,12,24,2,4/16,9/11
x81zs_epiepi01,EPIEPI132-PZ5-L-A:PXL:PGD:CD:N3,EPIEPI,A,EPIEPI-<MOS>-A:PXL:PGD:CD:<SKEW>,5760,0.000173611,PGD ETE: 12 active epi/TCN (VT) columns/unit x 2 LO<->HI tip-to-tip pair(s) each (LO1 tracks 4;16 vs HI1 tracks 9;11) = 24 LKG paths/unit; x 4x60 unit cells = 5760; Scalar = 1/5760,,,,,,,,,,,,,,,12,24,2,4/16,9/11
x81zs_epiepi01,EPIEPI132-PZ5-L-A:PXL:PGD:CD:N1,EPIEPI,A,EPIEPI-<MOS>-A:PXL:PGD:CD:<SKEW>,5760,0.000173611,PGD ETE: 12 active epi/TCN (VT) columns/unit x 2 LO<->HI tip-to-tip pair(s) each (LO1 tracks 4;16 vs HI1 tracks 9;11) = 24 LKG paths/unit; x 4x60 unit cells = 5760; Scalar = 1/5760,,,,,,,,,,,,,,,12,24,2,4/16,9/11
x81zs_epiepi01,EPIEPI132-PZ5-L-A:PXL:PGD:CD:NOM,EPIEPI,A,EPIEPI-<MOS>-A:PXL:PGD:CD:NOM,5760,0.000173611,PGD ETE: 12 active epi/TCN (VT) columns/unit x 2 LO<->HI tip-to-tip pair(s) each (LO1 tracks 4;16 vs HI1 tracks 9;11) = 24 LKG paths/unit; x 4x60 unit cells = 5760; Scalar = 1/5760,,,,,,,,,,,,,,,12,24,2,4/16,9/11
x81zs_epiepi01,EPIEPI132-PZ5-L-A:PXL:PGD:CD:P1,EPIEPI,A,EPIEPI-<MOS>-A:PXL:PGD:CD:<SKEW>,5760,0.000173611,PGD ETE: 12 active epi/TCN (VT) columns/unit x 2 LO<->HI tip-to-tip pair(s) each (LO1 tracks 4;16 vs HI1 tracks 9;11) = 24 LKG paths/unit; x 4x60 unit cells = 5760; Scalar = 1/5760,,,,,,,,,,,,,,,12,24,2,4/16,9/11
x81zs_epiepi01,EPIEPI132-PZ5-L-A:PXL:PGD:CD:P3,EPIEPI,A,EPIEPI-<MOS>-A:PXL:PGD:CD:<SKEW>,5760,0.000173611,PGD ETE: 12 active epi/TCN (VT) columns/unit x 2 LO<->HI tip-to-tip pair(s) each (LO1 tracks 4;16 vs HI1 tracks 9;11) = 24 LKG paths/unit; x 4x60 unit cells = 5760; Scalar = 1/5760,,,,,,,,,,,,,,,12,24,2,4/16,9/11
x81zs_epiepi01,EPIEPI132-PZ5-L-A:PXL:PGD:CD:P5,EPIEPI,A,EPIEPI-<MOS>-A:PXL:PGD:CD:<SKEW>,5760,0.000173611,PGD ETE: 12 active epi/TCN (VT) columns/unit x 2 LO<->HI tip-to-tip pair(s) each (LO1 tracks 4;16 vs HI1 tracks 9;11) = 24 LKG paths/unit; x 4x60 unit cells = 5760; Scalar = 1/5760,,,,,,,,,,,,,,,12,24,2,4/16,9/11
x81zs_epiepi01,EPIEPI132-NPZ5-L-C:PXL:PGD:REG:N8,EPIEPI,C,EPIEPI-<MOS>-C:PXL:PGD:REG:<SKEW>,11520,8.68056e-05,PGD ETE: 24 active epi/TCN (VT) columns/unit x 2 LO<->HI tip-to-tip pair(s) each (LO1 tracks 4;6;14;16 vs HI1 tracks 9;10;11) = 48 LKG paths/unit; x 4x60 unit cells = 11520; Scalar = 1/11520,,,,,,,,,,,,,,,24,48,2,4/6/14/16,9/10/11
x81zs_epiepi01,EPIEPI132-NPZ5-L-C:PXL:PGD:REG:N6,EPIEPI,C,EPIEPI-<MOS>-C:PXL:PGD:REG:<SKEW>,11520,8.68056e-05,PGD ETE: 24 active epi/TCN (VT) columns/unit x 2 LO<->HI tip-to-tip pair(s) each (LO1 tracks 4;6;14;16 vs HI1 tracks 9;10;11) = 48 LKG paths/unit; x 4x60 unit cells = 11520; Scalar = 1/11520,,,,,,,,,,,,,,,24,48,2,4/6/14/16,9/10/11
x81zs_epiepi01,EPIEPI132-NPZ5-L-C:PXL:PGD:REG:N3,EPIEPI,C,EPIEPI-<MOS>-C:PXL:PGD:REG:<SKEW>,11520,8.68056e-05,PGD ETE: 24 active epi/TCN (VT) columns/unit x 2 LO<->HI tip-to-tip pair(s) each (LO1 tracks 4;6;14;16 vs HI1 tracks 9;10;11) = 48 LKG paths/unit; x 4x60 unit cells = 11520; Scalar = 1/11520,,,,,,,,,,,,,,,24,48,2,4/6/14/16,9/10/11
x81zs_epiepi01,EPIEPI132-NPZ5-L-C:PXL:PGD:REG:NOM,EPIEPI,C,EPIEPI-<MOS>-C:PXL:PGD:REG:NOM,11520,8.68056e-05,PGD ETE: 24 active epi/TCN (VT) columns/unit x 2 LO<->HI tip-to-tip pair(s) each (LO1 tracks 4;6;14;16 vs HI1 tracks 9;10;11) = 48 LKG paths/unit; x 4x60 unit cells = 11520; Scalar = 1/11520,,,,,,,,,,,,,,,24,48,2,4/6/14/16,9/10/11
x81zs_epiepi01,EPIEPI132-NPZ5-L-C:PXL:PGD:REG:P3,EPIEPI,C,EPIEPI-<MOS>-C:PXL:PGD:REG:<SKEW>,11520,8.68056e-05,PGD ETE: 24 active epi/TCN (VT) columns/unit x 2 LO<->HI tip-to-tip pair(s) each (LO1 tracks 4;6;14;16 vs HI1 tracks 9;10;11) = 48 LKG paths/unit; x 4x60 unit cells = 11520; Scalar = 1/11520,,,,,,,,,,,,,,,24,48,2,4/6/14/16,9/10/11
x81zs_epiepi01,EPIEPI132-NPZ5-L-C:PXL:PGD:REG:P6,EPIEPI,C,EPIEPI-<MOS>-C:PXL:PGD:REG:<SKEW>,11520,8.68056e-05,PGD ETE: 24 active epi/TCN (VT) columns/unit x 2 LO<->HI tip-to-tip pair(s) each (LO1 tracks 4;6;14;16 vs HI1 tracks 9;10;11) = 48 LKG paths/unit; x 4x60 unit cells = 11520; Scalar = 1/11520,,,,,,,,,,,,,,,24,48,2,4/6/14/16,9/10/11
x81zs_epiepi01,EPIEPI132-NPZ5-L-C:PXL:PGD:REG:P8,EPIEPI,C,EPIEPI-<MOS>-C:PXL:PGD:REG:<SKEW>,11520,8.68056e-05,PGD ETE: 24 active epi/TCN (VT) columns/unit x 2 LO<->HI tip-to-tip pair(s) each (LO1 tracks 4;6;14;16 vs HI1 tracks 9;10;11) = 48 LKG paths/unit; x 4x60 unit cells = 11520; Scalar = 1/11520,,,,,,,,,,,,,,,24,48,2,4/6/14/16,9/10/11
x81zs_epiepi01,EPIEPI165-NPZ7-L-C:SDR:PGD:DEN:NOM,EPIEPI,C,EPIEPI-<MOS>-C:SDR:PGD:DEN:NOM,11520,8.68056e-05,PGD ETE: 24 active epi/TCN (VT) columns/unit x 2 LO<->HI tip-to-tip pair(s) each (LO1 tracks 4;7;17;20 vs HI1 tracks 11;12;13) = 48 LKG paths/unit; x 4x60 unit cells = 11520; Scalar = 1/11520,,,,,,,,,,,,,,,24,48,2,4/7/17/20,11/12/13
x81zs_epiepi01,EPIEPI132-NPZ5-L-B:FTI:OGD:CD:N5,EPIEPI,B,EPIEPI-<MOS>-B:FTI:OGD:CD:<SKEW>,5760,0.000173611,PGD ETE: 12 active epi/TCN (VT) columns/unit x 2 LO<->HI tip-to-tip pair(s) each (LO1 tracks 4;16 vs HI1 tracks 9;11) = 24 LKG paths/unit; x 4x60 unit cells = 5760; Scalar = 1/5760,,,,,,,,,,,,,,,12,24,2,4/16,9/11
x81zs_epiepi01,EPIEPI132-NPZ5-L-B:FTI:OGD:CD:N3,EPIEPI,B,EPIEPI-<MOS>-B:FTI:OGD:CD:<SKEW>,5760,0.000173611,PGD ETE: 12 active epi/TCN (VT) columns/unit x 2 LO<->HI tip-to-tip pair(s) each (LO1 tracks 4;16 vs HI1 tracks 9;11) = 24 LKG paths/unit; x 4x60 unit cells = 5760; Scalar = 1/5760,,,,,,,,,,,,,,,12,24,2,4/16,9/11
x81zs_epiepi01,EPIEPI132-NPZ5-L-B:FTI:OGD:CD:NOM,EPIEPI,B,EPIEPI-<MOS>-B:FTI:OGD:CD:NOM,5760,0.000173611,PGD ETE: 12 active epi/TCN (VT) columns/unit x 2 LO<->HI tip-to-tip pair(s) each (LO1 tracks 4;16 vs HI1 tracks 9;11) = 24 LKG paths/unit; x 4x60 unit cells = 5760; Scalar = 1/5760,,,,,,,,,,,,,,,12,24,2,4/16,9/11
x81zs_epiepi01,EPIEPI132-NPZ5-L-B:FTI:OGD:CD:P3,EPIEPI,B,EPIEPI-<MOS>-B:FTI:OGD:CD:<SKEW>,5760,0.000173611,PGD ETE: 12 active epi/TCN (VT) columns/unit x 2 LO<->HI tip-to-tip pair(s) each (LO1 tracks 4;16 vs HI1 tracks 9;11) = 24 LKG paths/unit; x 4x60 unit cells = 5760; Scalar = 1/5760,,,,,,,,,,,,,,,12,24,2,4/16,9/11
x81zs_epiepi01,EPIEPI132-NPZ5-L-B:FTI:OGD:CD:P5,EPIEPI,B,EPIEPI-<MOS>-B:FTI:OGD:CD:<SKEW>,5760,0.000173611,PGD ETE: 12 active epi/TCN (VT) columns/unit x 2 LO<->HI tip-to-tip pair(s) each (LO1 tracks 4;16 vs HI1 tracks 9;11) = 24 LKG paths/unit; x 4x60 unit cells = 5760; Scalar = 1/5760,,,,,,,,,,,,,,,12,24,2,4/16,9/11
x81zs_epiepi01,EPIEPI165-NPZ7-L-C:PXL:PGD:CD:N5,EPIEPI,C,EPIEPI-<MOS>-C:PXL:PGD:CD:<SKEW>,11520,8.68056e-05,PGD ETE: 24 active epi/TCN (VT) columns/unit x 2 LO<->HI tip-to-tip pair(s) each (LO1 tracks 4;7;17;20 vs HI1 tracks 11;12;13) = 48 LKG paths/unit; x 4x60 unit cells = 11520; Scalar = 1/11520,,,,,,,,,,,,,,,24,48,2,4/7/17/20,11/12/13
x81zs_epiepi01,EPIEPI165-NPZ7-L-C:PXL:PGD:CD:N3,EPIEPI,C,EPIEPI-<MOS>-C:PXL:PGD:CD:<SKEW>,11520,8.68056e-05,PGD ETE: 24 active epi/TCN (VT) columns/unit x 2 LO<->HI tip-to-tip pair(s) each (LO1 tracks 4;7;17;20 vs HI1 tracks 11;12;13) = 48 LKG paths/unit; x 4x60 unit cells = 11520; Scalar = 1/11520,,,,,,,,,,,,,,,24,48,2,4/7/17/20,11/12/13
x81zs_epiepi01,EPIEPI165-NPZ7-L-C:PXL:PGD:CD:N1,EPIEPI,C,EPIEPI-<MOS>-C:PXL:PGD:CD:<SKEW>,11520,8.68056e-05,PGD ETE: 24 active epi/TCN (VT) columns/unit x 2 LO<->HI tip-to-tip pair(s) each (LO1 tracks 4;7;17;20 vs HI1 tracks 11;12;13) = 48 LKG paths/unit; x 4x60 unit cells = 11520; Scalar = 1/11520,,,,,,,,,,,,,,,24,48,2,4/7/17/20,11/12/13
x81zs_epiepi01,EPIEPI165-NPZ7-L-C:PXL:PGD:CD:NOM,EPIEPI,C,EPIEPI-<MOS>-C:PXL:PGD:CD:NOM,11520,8.68056e-05,PGD ETE: 24 active epi/TCN (VT) columns/unit x 2 LO<->HI tip-to-tip pair(s) each (LO1 tracks 4;7;17;20 vs HI1 tracks 11;12;13) = 48 LKG paths/unit; x 4x60 unit cells = 11520; Scalar = 1/11520,,,,,,,,,,,,,,,24,48,2,4/7/17/20,11/12/13
x81zs_epiepi01,EPIEPI165-NPZ7-L-C:PXL:PGD:CD:P1,EPIEPI,C,EPIEPI-<MOS>-C:PXL:PGD:CD:<SKEW>,11520,8.68056e-05,PGD ETE: 24 active epi/TCN (VT) columns/unit x 2 LO<->HI tip-to-tip pair(s) each (LO1 tracks 4;7;17;20 vs HI1 tracks 11;12;13) = 48 LKG paths/unit; x 4x60 unit cells = 11520; Scalar = 1/11520,,,,,,,,,,,,,,,24,48,2,4/7/17/20,11/12/13
x81zs_epiepi01,EPIEPI165-NPZ7-L-C:PXL:PGD:CD:P3,EPIEPI,C,EPIEPI-<MOS>-C:PXL:PGD:CD:<SKEW>,11520,8.68056e-05,PGD ETE: 24 active epi/TCN (VT) columns/unit x 2 LO<->HI tip-to-tip pair(s) each (LO1 tracks 4;7;17;20 vs HI1 tracks 11;12;13) = 48 LKG paths/unit; x 4x60 unit cells = 11520; Scalar = 1/11520,,,,,,,,,,,,,,,24,48,2,4/7/17/20,11/12/13
x81zs_epiepi01,EPIEPI165-NPZ7-L-C:PXL:PGD:CD:P5,EPIEPI,C,EPIEPI-<MOS>-C:PXL:PGD:CD:<SKEW>,11520,8.68056e-05,PGD ETE: 24 active epi/TCN (VT) columns/unit x 2 LO<->HI tip-to-tip pair(s) each (LO1 tracks 4;7;17;20 vs HI1 tracks 11;12;13) = 48 LKG paths/unit; x 4x60 unit cells = 11520; Scalar = 1/11520,,,,,,,,,,,,,,,24,48,2,4/7/17/20,11/12/13
x81zs_epiepi01,EPIEPI165-NPZ7-L-C:NPXL:PGD:REF:2TRK_1PP,EPIEPI,C,EPIEPI-<MOS>-C:NPXL:PGD:REF:2TRK_1PP,11520,8.68056e-05,PGD ETE: 24 active epi/TCN (VT) columns/unit x 2 LO<->HI tip-to-tip pair(s) each (LO1 tracks 4;7;17;20 vs HI1 tracks 11;12;13) = 48 LKG paths/unit; x 4x60 unit cells = 11520; Scalar = 1/11520,,,,,,,,,,,,,,,24,48,2,4/7/17/20,11/12/13
x81zs_epiepi01,EPIEPI132-NPZ5-L-B:NPXL_FTI:OGD:CD:N5,EPIEPI,B,EPIEPI-<MOS>-B:NPXL_FTI:OGD:CD:<SKEW>,5760,0.000173611,PGD ETE: 12 active epi/TCN (VT) columns/unit x 2 LO<->HI tip-to-tip pair(s) each (LO1 tracks 4;16 vs HI1 tracks 9;11) = 24 LKG paths/unit; x 4x60 unit cells = 5760; Scalar = 1/5760,,,,,,,,,,,,,,,12,24,2,4/16,9/11
x81zs_epiepi01,EPIEPI132-NPZ5-L-B:NPXL_FTI:OGD:CD:N3,EPIEPI,B,EPIEPI-<MOS>-B:NPXL_FTI:OGD:CD:<SKEW>,5760,0.000173611,PGD ETE: 12 active epi/TCN (VT) columns/unit x 2 LO<->HI tip-to-tip pair(s) each (LO1 tracks 4;16 vs HI1 tracks 9;11) = 24 LKG paths/unit; x 4x60 unit cells = 5760; Scalar = 1/5760,,,,,,,,,,,,,,,12,24,2,4/16,9/11
x81zs_epiepi01,EPIEPI132-NPZ5-L-B:NPXL_FTI:OGD:CD:NOM,EPIEPI,B,EPIEPI-<MOS>-B:NPXL_FTI:OGD:CD:NOM,5760,0.000173611,PGD ETE: 12 active epi/TCN (VT) columns/unit x 2 LO<->HI tip-to-tip pair(s) each (LO1 tracks 4;16 vs HI1 tracks 9;11) = 24 LKG paths/unit; x 4x60 unit cells = 5760; Scalar = 1/5760,,,,,,,,,,,,,,,12,24,2,4/16,9/11
x81zs_epiepi01,EPIEPI132-NPZ5-L-B:NPXL_FTI:OGD:CD:P3,EPIEPI,B,EPIEPI-<MOS>-B:NPXL_FTI:OGD:CD:<SKEW>,5760,0.000173611,PGD ETE: 12 active epi/TCN (VT) columns/unit x 2 LO<->HI tip-to-tip pair(s) each (LO1 tracks 4;16 vs HI1 tracks 9;11) = 24 LKG paths/unit; x 4x60 unit cells = 5760; Scalar = 1/5760,,,,,,,,,,,,,,,12,24,2,4/16,9/11
x81zs_epiepi01,EPIEPI132-NPZ5-L-B:NPXL_FTI:OGD:CD:P5,EPIEPI,B,EPIEPI-<MOS>-B:NPXL_FTI:OGD:CD:<SKEW>,5760,0.000173611,PGD ETE: 12 active epi/TCN (VT) columns/unit x 2 LO<->HI tip-to-tip pair(s) each (LO1 tracks 4;16 vs HI1 tracks 9;11) = 24 LKG paths/unit; x 4x60 unit cells = 5760; Scalar = 1/5760,,,,,,,,,,,,,,,12,24,2,4/16,9/11
x81zs_epiepi01,EPIEPI165-NPZ7-L-B:NPXL_FTI:OGD:CD:N5,EPIEPI,B,EPIEPI-<MOS>-B:NPXL_FTI:OGD:CD:<SKEW>,5760,0.000173611,PGD ETE: 12 active epi/TCN (VT) columns/unit x 2 LO<->HI tip-to-tip pair(s) each (LO1 tracks 4;20 vs HI1 tracks 11;13) = 24 LKG paths/unit; x 4x60 unit cells = 5760; Scalar = 1/5760,,,,,,,,,,,,,,,12,24,2,4/20,11/13
x81zs_epiepi01,EPIEPI165-NPZ7-L-B:NPXL_FTI:OGD:CD:N3,EPIEPI,B,EPIEPI-<MOS>-B:NPXL_FTI:OGD:CD:<SKEW>,5760,0.000173611,PGD ETE: 12 active epi/TCN (VT) columns/unit x 2 LO<->HI tip-to-tip pair(s) each (LO1 tracks 4;20 vs HI1 tracks 11;13) = 24 LKG paths/unit; x 4x60 unit cells = 5760; Scalar = 1/5760,,,,,,,,,,,,,,,12,24,2,4/20,11/13
x81zs_epiepi01,EPIEPI165-NPZ7-L-B:NPXL_FTI:OGD:CD:NOM,EPIEPI,B,EPIEPI-<MOS>-B:NPXL_FTI:OGD:CD:NOM,5760,0.000173611,PGD ETE: 12 active epi/TCN (VT) columns/unit x 2 LO<->HI tip-to-tip pair(s) each (LO1 tracks 4;20 vs HI1 tracks 11;13) = 24 LKG paths/unit; x 4x60 unit cells = 5760; Scalar = 1/5760,,,,,,,,,,,,,,,12,24,2,4/20,11/13
x81zs_epiepi01,EPIEPI165-NPZ7-L-B:NPXL_FTI:OGD:CD:P3,EPIEPI,B,EPIEPI-<MOS>-B:NPXL_FTI:OGD:CD:<SKEW>,5760,0.000173611,PGD ETE: 12 active epi/TCN (VT) columns/unit x 2 LO<->HI tip-to-tip pair(s) each (LO1 tracks 4;20 vs HI1 tracks 11;13) = 24 LKG paths/unit; x 4x60 unit cells = 5760; Scalar = 1/5760,,,,,,,,,,,,,,,12,24,2,4/20,11/13
x81zs_epiepi01,EPIEPI165-NPZ7-L-B:NPXL_FTI:OGD:CD:P5,EPIEPI,B,EPIEPI-<MOS>-B:NPXL_FTI:OGD:CD:<SKEW>,5760,0.000173611,PGD ETE: 12 active epi/TCN (VT) columns/unit x 2 LO<->HI tip-to-tip pair(s) each (LO1 tracks 4;20 vs HI1 tracks 11;13) = 24 LKG paths/unit; x 4x60 unit cells = 5760; Scalar = 1/5760,,,,,,,,,,,,,,,12,24,2,4/20,11/13
x81zs_epiepi01,EPIEPI132-NPZ5-L-D:NPXL:PGD:DEN:2TRK_1PP,EPIEPI,D,EPIEPI-<MOS>-D:NPXL:PGD:DEN:2TRK_1PP,5760,0.000173611,PGD ETE: 12 active epi/TCN (VT) columns/unit x 2 LO<->HI tip-to-tip pair(s) each (LO1 tracks 6;14 vs HI1 tracks 9;11) = 24 LKG paths/unit; x 4x60 unit cells = 5760; Scalar = 1/5760,,,,,,,,,,,,,,,12,24,2,6/14,9/11
x81zs_epiepi02,EPIEPI132-NZ5-L-A:NDBI_SDR:PGD:REF:1TRK_1PP,EPIEPI,A,EPIEPI-<MOS>-A:NDBI_SDR:PGD:REF:1TRK_1PP,5760,0.000173611,PGD ETE: 12 active epi/TCN (VT) columns/unit x 2 LO<->HI tip-to-tip pair(s) each (LO1 tracks 6;14 vs HI1 tracks 9;11) = 24 LKG paths/unit; x 4x60 unit cells = 5760; Scalar = 1/5760,,,,,,,,,,,,,,,12,24,2,6/14,9/11
x81zs_epiepi02,EPIEPI132-PZ5-L-A:NDBI_SDR:PGD:REF:1TRK_1PP,EPIEPI,A,EPIEPI-<MOS>-A:NDBI_SDR:PGD:REF:1TRK_1PP,5760,0.000173611,PGD ETE: 12 active epi/TCN (VT) columns/unit x 2 LO<->HI tip-to-tip pair(s) each (LO1 tracks 6;14 vs HI1 tracks 9;11) = 24 LKG paths/unit; x 4x60 unit cells = 5760; Scalar = 1/5760,,,,,,,,,,,,,,,12,24,2,6/14,9/11
x81zs_epiepi02,EPIEPI132-NPZ5-L-A:NDBI_SDR:PGD:REF:1TRK_1PP,EPIEPI,A,EPIEPI-<MOS>-A:NDBI_SDR:PGD:REF:1TRK_1PP,5760,0.000173611,PGD ETE: 12 active epi/TCN (VT) columns/unit x 2 LO<->HI tip-to-tip pair(s) each (LO1 tracks 6;14 vs HI1 tracks 9;11) = 24 LKG paths/unit; x 4x60 unit cells = 5760; Scalar = 1/5760,,,,,,,,,,,,,,,12,24,2,6/14,9/11
x81zs_epiepi02,EPIEPI165-NZ7-L-A:NDBI_SDR:PGD:REF:1TRK_1PP,EPIEPI,A,EPIEPI-<MOS>-A:NDBI_SDR:PGD:REF:1TRK_1PP,5760,0.000173611,PGD ETE: 12 active epi/TCN (VT) columns/unit x 2 LO<->HI tip-to-tip pair(s) each (LO1 tracks 7;17 vs HI1 tracks 11;13) = 24 LKG paths/unit; x 4x60 unit cells = 5760; Scalar = 1/5760,,,,,,,,,,,,,,,12,24,2,7/17,11/13
x81zs_epiepi02,EPIEPI165-PZ7-L-A:NDBI_SDR:PGD:REF:1TRK_1PP,EPIEPI,A,EPIEPI-<MOS>-A:NDBI_SDR:PGD:REF:1TRK_1PP,5760,0.000173611,PGD ETE: 12 active epi/TCN (VT) columns/unit x 2 LO<->HI tip-to-tip pair(s) each (LO1 tracks 7;17 vs HI1 tracks 11;13) = 24 LKG paths/unit; x 4x60 unit cells = 5760; Scalar = 1/5760,,,,,,,,,,,,,,,12,24,2,7/17,11/13
x81zs_epiepi02,EPIEPI165-NPZ7-L-A:NDBI_SDR:PGD:REF:1TRK_1PP,EPIEPI,A,EPIEPI-<MOS>-A:NDBI_SDR:PGD:REF:1TRK_1PP,5760,0.000173611,PGD ETE: 12 active epi/TCN (VT) columns/unit x 2 LO<->HI tip-to-tip pair(s) each (LO1 tracks 7;17 vs HI1 tracks 11;13) = 24 LKG paths/unit; x 4x60 unit cells = 5760; Scalar = 1/5760,,,,,,,,,,,,,,,12,24,2,7/17,11/13
x81zs_epiepi02,EPIEPI132-NZ5-L-A:NDBI_SDR:PGD:REF:2TRK_1PP,EPIEPI,A,EPIEPI-<MOS>-A:NDBI_SDR:PGD:REF:2TRK_1PP,5760,0.000173611,PGD ETE: 12 active epi/TCN (VT) columns/unit x 2 LO<->HI tip-to-tip pair(s) each (LO1 tracks 4;16 vs HI1 tracks 9;11) = 24 LKG paths/unit; x 4x60 unit cells = 5760; Scalar = 1/5760,,,,,,,,,,,,,,,12,24,2,4/16,9/11
x81zs_epiepi02,EPIEPI132-PZ5-L-A:NDBI_SDR:PGD:REF:2TRK_1PP,EPIEPI,A,EPIEPI-<MOS>-A:NDBI_SDR:PGD:REF:2TRK_1PP,5760,0.000173611,PGD ETE: 12 active epi/TCN (VT) columns/unit x 2 LO<->HI tip-to-tip pair(s) each (LO1 tracks 4;16 vs HI1 tracks 9;11) = 24 LKG paths/unit; x 4x60 unit cells = 5760; Scalar = 1/5760,,,,,,,,,,,,,,,12,24,2,4/16,9/11
x81zs_epiepi02,EPIEPI132-NPZ5-L-A:NDBI_SDR:PGD:REF:2TRK_1PP,EPIEPI,A,EPIEPI-<MOS>-A:NDBI_SDR:PGD:REF:2TRK_1PP,5760,0.000173611,PGD ETE: 12 active epi/TCN (VT) columns/unit x 2 LO<->HI tip-to-tip pair(s) each (LO1 tracks 4;16 vs HI1 tracks 9;11) = 24 LKG paths/unit; x 4x60 unit cells = 5760; Scalar = 1/5760,,,,,,,,,,,,,,,12,24,2,4/16,9/11
x81zs_epiepi02,EPIEPI165-NZ7-L-A:NDBI_SDR:PGD:REF:2TRK_1PP,EPIEPI,A,EPIEPI-<MOS>-A:NDBI_SDR:PGD:REF:2TRK_1PP,5760,0.000173611,PGD ETE: 12 active epi/TCN (VT) columns/unit x 2 LO<->HI tip-to-tip pair(s) each (LO1 tracks 4;20 vs HI1 tracks 11;13) = 24 LKG paths/unit; x 4x60 unit cells = 5760; Scalar = 1/5760,,,,,,,,,,,,,,,12,24,2,4/20,11/13
x81zs_epiepi02,EPIEPI165-PZ7-L-A:NDBI_SDR:PGD:REF:2TRK_1PP,EPIEPI,A,EPIEPI-<MOS>-A:NDBI_SDR:PGD:REF:2TRK_1PP,5760,0.000173611,PGD ETE: 12 active epi/TCN (VT) columns/unit x 2 LO<->HI tip-to-tip pair(s) each (LO1 tracks 4;20 vs HI1 tracks 11;13) = 24 LKG paths/unit; x 4x60 unit cells = 5760; Scalar = 1/5760,,,,,,,,,,,,,,,12,24,2,4/20,11/13
x81zs_epiepi02,EPIEPI165-NPZ7-L-A:NDBI_SDR:PGD:REF:2TRK_1PP,EPIEPI,A,EPIEPI-<MOS>-A:NDBI_SDR:PGD:REF:2TRK_1PP,5760,0.000173611,PGD ETE: 12 active epi/TCN (VT) columns/unit x 2 LO<->HI tip-to-tip pair(s) each (LO1 tracks 4;20 vs HI1 tracks 11;13) = 24 LKG paths/unit; x 4x60 unit cells = 5760; Scalar = 1/5760,,,,,,,,,,,,,,,12,24,2,4/20,11/13
x81zs_epiepi02,EPIEPI132-NPZ5-L-A:NDBI_GLK_OGD_DEN:1TRK_1PP,EPIEPI,A,EPIEPI-<MOS>-A:NDBI_GLK_OGD_DEN:1TRK_1PP,5760,0.000173611,PGD ETE: 12 active epi/TCN (VT) columns/unit x 2 LO<->HI tip-to-tip pair(s) each (LO1 tracks 6;14 vs HI1 tracks 9;11) = 24 LKG paths/unit; x 4x60 unit cells = 5760; Scalar = 1/5760,,,,,,,,,,,,,,,12,24,2,6/14,9/11
x81zs_epiepi02,EPIEPI132-NPZ5-L-A:NDBI_PLG_OGD_DEN:1TRK_1PP,EPIEPI,A,EPIEPI-<MOS>-A:NDBI_PLG_OGD_DEN:1TRK_1PP,5760,0.000173611,PGD ETE: 12 active epi/TCN (VT) columns/unit x 2 LO<->HI tip-to-tip pair(s) each (LO1 tracks 6;14 vs HI1 tracks 9;11) = 24 LKG paths/unit; x 4x60 unit cells = 5760; Scalar = 1/5760,,,,,,,,,,,,,,,12,24,2,6/14,9/11
x81zs_epiepi02,EPIEPI132-NPZ5-L-A:NDBI_LNK_OGD_DEN:1TRK_1PP,EPIEPI,A,EPIEPI-<MOS>-A:NDBI_LNK_OGD_DEN:1TRK_1PP,5760,0.000173611,PGD ETE: 12 active epi/TCN (VT) columns/unit x 2 LO<->HI tip-to-tip pair(s) each (LO1 tracks 6;14 vs HI1 tracks 9;11) = 24 LKG paths/unit; x 4x60 unit cells = 5760; Scalar = 1/5760,,,,,,,,,,,,,,,12,24,2,6/14,9/11
x81zs_epiepi02,EPIEPI132-NZ5-L-A:NDBI_NPXL:PGD:REF:1TRK_1PP,EPIEPI,A,EPIEPI-<MOS>-A:NDBI_NPXL:PGD:REF:1TRK_1PP,5760,0.000173611,PGD ETE: 12 active epi/TCN (VT) columns/unit x 2 LO<->HI tip-to-tip pair(s) each (LO1 tracks 6;14 vs HI1 tracks 9;11) = 24 LKG paths/unit; x 4x60 unit cells = 5760; Scalar = 1/5760,,,,,,,,,,,,,,,12,24,2,6/14,9/11
x81zs_epiepi02,EPIEPI132-PZ5-L-A:NDBI_NPXL:PGD:REF:1TRK_1PP,EPIEPI,A,EPIEPI-<MOS>-A:NDBI_NPXL:PGD:REF:1TRK_1PP,5760,0.000173611,PGD ETE: 12 active epi/TCN (VT) columns/unit x 2 LO<->HI tip-to-tip pair(s) each (LO1 tracks 6;14 vs HI1 tracks 9;11) = 24 LKG paths/unit; x 4x60 unit cells = 5760; Scalar = 1/5760,,,,,,,,,,,,,,,12,24,2,6/14,9/11
x81zs_epiepi02,EPIEPI132-NPZ5-L-A:NDBI_NPXL:PGD:REF:1TRK_1PP,EPIEPI,A,EPIEPI-<MOS>-A:NDBI_NPXL:PGD:REF:1TRK_1PP,5760,0.000173611,PGD ETE: 12 active epi/TCN (VT) columns/unit x 2 LO<->HI tip-to-tip pair(s) each (LO1 tracks 6;14 vs HI1 tracks 9;11) = 24 LKG paths/unit; x 4x60 unit cells = 5760; Scalar = 1/5760,,,,,,,,,,,,,,,12,24,2,6/14,9/11
x81zs_epiepi02,EPIEPI165-NZ7-L-A:NDBI_NPXL:PGD:REF:1TRK_1PP,EPIEPI,A,EPIEPI-<MOS>-A:NDBI_NPXL:PGD:REF:1TRK_1PP,5760,0.000173611,PGD ETE: 12 active epi/TCN (VT) columns/unit x 2 LO<->HI tip-to-tip pair(s) each (LO1 tracks 7;17 vs HI1 tracks 11;13) = 24 LKG paths/unit; x 4x60 unit cells = 5760; Scalar = 1/5760,,,,,,,,,,,,,,,12,24,2,7/17,11/13
x81zs_epiepi02,EPIEPI165-PZ7-L-A:NDBI_NPXL:PGD:REF:1TRK_1PP,EPIEPI,A,EPIEPI-<MOS>-A:NDBI_NPXL:PGD:REF:1TRK_1PP,5760,0.000173611,PGD ETE: 12 active epi/TCN (VT) columns/unit x 2 LO<->HI tip-to-tip pair(s) each (LO1 tracks 7;17 vs HI1 tracks 11;13) = 24 LKG paths/unit; x 4x60 unit cells = 5760; Scalar = 1/5760,,,,,,,,,,,,,,,12,24,2,7/17,11/13
x81zs_epiepi02,EPIEPI165-NPZ7-L-A:NDBI_NPXL:PGD:REF:1TRK_1PP,EPIEPI,A,EPIEPI-<MOS>-A:NDBI_NPXL:PGD:REF:1TRK_1PP,5760,0.000173611,PGD ETE: 12 active epi/TCN (VT) columns/unit x 2 LO<->HI tip-to-tip pair(s) each (LO1 tracks 7;17 vs HI1 tracks 11;13) = 24 LKG paths/unit; x 4x60 unit cells = 5760; Scalar = 1/5760,,,,,,,,,,,,,,,12,24,2,7/17,11/13
x81zs_epiepi02,EPIEPI132-NZ5-L-A:NDBI_NPXL:PGD:REF:2TRK_1PP,EPIEPI,A,EPIEPI-<MOS>-A:NDBI_NPXL:PGD:REF:2TRK_1PP,5760,0.000173611,PGD ETE: 12 active epi/TCN (VT) columns/unit x 2 LO<->HI tip-to-tip pair(s) each (LO1 tracks 4;16 vs HI1 tracks 9;11) = 24 LKG paths/unit; x 4x60 unit cells = 5760; Scalar = 1/5760,,,,,,,,,,,,,,,12,24,2,4/16,9/11
x81zs_epiepi02,EPIEPI132-PZ5-L-A:NDBI_NPXL:PGD:REF:2TRK_1PP,EPIEPI,A,EPIEPI-<MOS>-A:NDBI_NPXL:PGD:REF:2TRK_1PP,5760,0.000173611,PGD ETE: 12 active epi/TCN (VT) columns/unit x 2 LO<->HI tip-to-tip pair(s) each (LO1 tracks 4;16 vs HI1 tracks 9;11) = 24 LKG paths/unit; x 4x60 unit cells = 5760; Scalar = 1/5760,,,,,,,,,,,,,,,12,24,2,4/16,9/11
x81zs_epiepi02,EPIEPI132-NPZ5-L-A:NDBI_NPXL:PGD:REF:2TRK_1PP,EPIEPI,A,EPIEPI-<MOS>-A:NDBI_NPXL:PGD:REF:2TRK_1PP,5760,0.000173611,PGD ETE: 12 active epi/TCN (VT) columns/unit x 2 LO<->HI tip-to-tip pair(s) each (LO1 tracks 4;16 vs HI1 tracks 9;11) = 24 LKG paths/unit; x 4x60 unit cells = 5760; Scalar = 1/5760,,,,,,,,,,,,,,,12,24,2,4/16,9/11
x81zs_epiepi02,EPIEPI165-NZ7-L-A:NDBI_NPXL:PGD:REF:2TRK_1PP,EPIEPI,A,EPIEPI-<MOS>-A:NDBI_NPXL:PGD:REF:2TRK_1PP,5760,0.000173611,PGD ETE: 12 active epi/TCN (VT) columns/unit x 2 LO<->HI tip-to-tip pair(s) each (LO1 tracks 4;20 vs HI1 tracks 11;13) = 24 LKG paths/unit; x 4x60 unit cells = 5760; Scalar = 1/5760,,,,,,,,,,,,,,,12,24,2,4/20,11/13
x81zs_epiepi02,EPIEPI165-PZ7-L-A:NDBI_NPXL:PGD:REF:2TRK_1PP,EPIEPI,A,EPIEPI-<MOS>-A:NDBI_NPXL:PGD:REF:2TRK_1PP,5760,0.000173611,PGD ETE: 12 active epi/TCN (VT) columns/unit x 2 LO<->HI tip-to-tip pair(s) each (LO1 tracks 4;20 vs HI1 tracks 11;13) = 24 LKG paths/unit; x 4x60 unit cells = 5760; Scalar = 1/5760,,,,,,,,,,,,,,,12,24,2,4/20,11/13
x81zs_epiepi02,EPIEPI165-NPZ7-L-A:NDBI_NPXL:PGD:REF:2TRK_1PP,EPIEPI,A,EPIEPI-<MOS>-A:NDBI_NPXL:PGD:REF:2TRK_1PP,5760,0.000173611,PGD ETE: 12 active epi/TCN (VT) columns/unit x 2 LO<->HI tip-to-tip pair(s) each (LO1 tracks 4;20 vs HI1 tracks 11;13) = 24 LKG paths/unit; x 4x60 unit cells = 5760; Scalar = 1/5760,,,,,,,,,,,,,,,12,24,2,4/20,11/13
x81zs_epiepi02,EPIEPI132-NPZ5-L-A:NDBI_NPXL_PLG_OGD_DEN:1TRK_1PP,EPIEPI,A,EPIEPI-<MOS>-A:NDBI_NPXL_PLG_OGD_DEN:1TRK_1PP,5760,0.000173611,PGD ETE: 12 active epi/TCN (VT) columns/unit x 2 LO<->HI tip-to-tip pair(s) each (LO1 tracks 6;14 vs HI1 tracks 9;11) = 24 LKG paths/unit; x 4x60 unit cells = 5760; Scalar = 1/5760,,,,,,,,,,,,,,,12,24,2,6/14,9/11
x81zs_epiepi02,EPIEPI132-NPZ5-L-A:NDBI_NPXL_LNK_OGD_DEN:1TRK_1PP,EPIEPI,A,EPIEPI-<MOS>-A:NDBI_NPXL_LNK_OGD_DEN:1TRK_1PP,5760,0.000173611,PGD ETE: 12 active epi/TCN (VT) columns/unit x 2 LO<->HI tip-to-tip pair(s) each (LO1 tracks 6;14 vs HI1 tracks 9;11) = 24 LKG paths/unit; x 4x60 unit cells = 5760; Scalar = 1/5760,,,,,,,,,,,,,,,12,24,2,6/14,9/11
x81zs_epiepi02,EPIEPI132-NZ5-L-A:NDBI_SDR:PGD:NES:OUTERTRK,EPIEPI,A,EPIEPI-<MOS>-A:NDBI_SDR:PGD:NES:OUTERTRK,5760,0.000173611,PGD ETE: 12 active epi/TCN (VT) columns/unit x 2 LO<->HI tip-to-tip pair(s) each (LO1 tracks 4;16 vs HI1 tracks 9;11) = 24 LKG paths/unit; x 4x60 unit cells = 5760; Scalar = 1/5760,,,,,,,,,,,,,,,12,24,2,4/16,9/11
x81zs_epiepi02,EPIEPI132-NZ5-L-A:NDBI_SDR:PGD:NES:INNERTRK,EPIEPI,A,EPIEPI-<MOS>-A:NDBI_SDR:PGD:NES:INNERTRK,5760,0.000173611,PGD ETE: 12 active epi/TCN (VT) columns/unit x 2 LO<->HI tip-to-tip pair(s) each (LO1 tracks 4;16 vs HI1 tracks 9;11) = 24 LKG paths/unit; x 4x60 unit cells = 5760; Scalar = 1/5760,,,,,,,,,,,,,,,12,24,2,4/16,9/11
x81zs_epiepi02,EPIEPI132-NZ5-L-A:NDBI_SDR:PGD:NES:BOTHTRK,EPIEPI,A,EPIEPI-<MOS>-A:NDBI_SDR:PGD:NES:BOTHTRK,5760,0.000173611,PGD ETE: 12 active epi/TCN (VT) columns/unit x 2 LO<->HI tip-to-tip pair(s) each (LO1 tracks 4;16 vs HI1 tracks 9;11) = 24 LKG paths/unit; x 4x60 unit cells = 5760; Scalar = 1/5760,,,,,,,,,,,,,,,12,24,2,4/16,9/11
x81zs_epiepi02,EPIEPI132-PZ5-L-A:NDBI_SDR:PGD:ESD:OUTERTRK,EPIEPI,A,EPIEPI-<MOS>-A:NDBI_SDR:PGD:ESD:OUTERTRK,5760,0.000173611,PGD ETE: 12 active epi/TCN (VT) columns/unit x 2 LO<->HI tip-to-tip pair(s) each (LO1 tracks 4;16 vs HI1 tracks 9;11) = 24 LKG paths/unit; x 4x60 unit cells = 5760; Scalar = 1/5760,,,,,,,,,,,,,,,12,24,2,4/16,9/11
x81zs_epiepi02,EPIEPI132-PZ5-L-A:NDBI_SDR:PGD:ESD:INNERTRK,EPIEPI,A,EPIEPI-<MOS>-A:NDBI_SDR:PGD:ESD:INNERTRK,5760,0.000173611,PGD ETE: 12 active epi/TCN (VT) columns/unit x 2 LO<->HI tip-to-tip pair(s) each (LO1 tracks 4;16 vs HI1 tracks 9;11) = 24 LKG paths/unit; x 4x60 unit cells = 5760; Scalar = 1/5760,,,,,,,,,,,,,,,12,24,2,4/16,9/11
x81zs_epiepi02,EPIEPI132-PZ5-L-A:NDBI_SDR:PGD:ESD:BOTHTRK,EPIEPI,A,EPIEPI-<MOS>-A:NDBI_SDR:PGD:ESD:BOTHTRK,5760,0.000173611,PGD ETE: 12 active epi/TCN (VT) columns/unit x 2 LO<->HI tip-to-tip pair(s) each (LO1 tracks 4;16 vs HI1 tracks 9;11) = 24 LKG paths/unit; x 4x60 unit cells = 5760; Scalar = 1/5760,,,,,,,,,,,,,,,12,24,2,4/16,9/11
x81zs_epiepi02,EPIEPI132-NPZ5-L-A:NDBI_SDR:PGD:NES:2TRK_1PP,EPIEPI,A,EPIEPI-<MOS>-A:NDBI_SDR:PGD:NES:2TRK_1PP,5760,0.000173611,PGD ETE: 12 active epi/TCN (VT) columns/unit x 2 LO<->HI tip-to-tip pair(s) each (LO1 tracks 4;16 vs HI1 tracks 9;11) = 24 LKG paths/unit; x 4x60 unit cells = 5760; Scalar = 1/5760,,,,,,,,,,,,,,,12,24,2,4/16,9/11
x81zs_epiepi02,EPIEPI132-NPZ5-L-A:NDBI_SDR:PGD:ESD:2TRK_1PP,EPIEPI,A,EPIEPI-<MOS>-A:NDBI_SDR:PGD:ESD:2TRK_1PP,5760,0.000173611,PGD ETE: 12 active epi/TCN (VT) columns/unit x 2 LO<->HI tip-to-tip pair(s) each (LO1 tracks 4;16 vs HI1 tracks 9;11) = 24 LKG paths/unit; x 4x60 unit cells = 5760; Scalar = 1/5760,,,,,,,,,,,,,,,12,24,2,4/16,9/11
x81zs_epiepi02,EPIEPI132-NPZ5-L-A:NDBI_SDR:PGD:NESESD:2TRK_1PP,EPIEPI,A,EPIEPI-<MOS>-A:NDBI_SDR:PGD:NESESD:2TRK_1PP,5760,0.000173611,PGD ETE: 12 active epi/TCN (VT) columns/unit x 2 LO<->HI tip-to-tip pair(s) each (LO1 tracks 4;16 vs HI1 tracks 9;11) = 24 LKG paths/unit; x 4x60 unit cells = 5760; Scalar = 1/5760,,,,,,,,,,,,,,,12,24,2,4/16,9/11
x81zs_epiepi02,EPIEPI132-NZ5-L-A:NDBI_PXL:PGD:REG:N8,EPIEPI,A,EPIEPI-<MOS>-A:NDBI_PXL:PGD:REG:<SKEW>,5760,0.000173611,PGD ETE: 12 active epi/TCN (VT) columns/unit x 2 LO<->HI tip-to-tip pair(s) each (LO1 tracks 4;16 vs HI1 tracks 9;11) = 24 LKG paths/unit; x 4x60 unit cells = 5760; Scalar = 1/5760,,,,,,,,,,,,,,,12,24,2,4/16,9/11
x81zs_epiepi02,EPIEPI132-NZ5-L-A:NDBI_PXL:PGD:REG:N6,EPIEPI,A,EPIEPI-<MOS>-A:NDBI_PXL:PGD:REG:<SKEW>,5760,0.000173611,PGD ETE: 12 active epi/TCN (VT) columns/unit x 2 LO<->HI tip-to-tip pair(s) each (LO1 tracks 4;16 vs HI1 tracks 9;11) = 24 LKG paths/unit; x 4x60 unit cells = 5760; Scalar = 1/5760,,,,,,,,,,,,,,,12,24,2,4/16,9/11
x81zs_epiepi02,EPIEPI132-NZ5-L-A:NDBI_PXL:PGD:REG:N3,EPIEPI,A,EPIEPI-<MOS>-A:NDBI_PXL:PGD:REG:<SKEW>,5760,0.000173611,PGD ETE: 12 active epi/TCN (VT) columns/unit x 2 LO<->HI tip-to-tip pair(s) each (LO1 tracks 4;16 vs HI1 tracks 9;11) = 24 LKG paths/unit; x 4x60 unit cells = 5760; Scalar = 1/5760,,,,,,,,,,,,,,,12,24,2,4/16,9/11
x81zs_epiepi02,EPIEPI132-NZ5-L-A:NDBI_PXL:PGD:REG:NOM,EPIEPI,A,EPIEPI-<MOS>-A:NDBI_PXL:PGD:REG:NOM,5760,0.000173611,PGD ETE: 12 active epi/TCN (VT) columns/unit x 2 LO<->HI tip-to-tip pair(s) each (LO1 tracks 4;16 vs HI1 tracks 9;11) = 24 LKG paths/unit; x 4x60 unit cells = 5760; Scalar = 1/5760,,,,,,,,,,,,,,,12,24,2,4/16,9/11
x81zs_epiepi02,EPIEPI132-NZ5-L-A:NDBI_PXL:PGD:REG:P3,EPIEPI,A,EPIEPI-<MOS>-A:NDBI_PXL:PGD:REG:<SKEW>,5760,0.000173611,PGD ETE: 12 active epi/TCN (VT) columns/unit x 2 LO<->HI tip-to-tip pair(s) each (LO1 tracks 4;16 vs HI1 tracks 9;11) = 24 LKG paths/unit; x 4x60 unit cells = 5760; Scalar = 1/5760,,,,,,,,,,,,,,,12,24,2,4/16,9/11
x81zs_epiepi02,EPIEPI132-NZ5-L-A:NDBI_PXL:PGD:REG:P6,EPIEPI,A,EPIEPI-<MOS>-A:NDBI_PXL:PGD:REG:<SKEW>,5760,0.000173611,PGD ETE: 12 active epi/TCN (VT) columns/unit x 2 LO<->HI tip-to-tip pair(s) each (LO1 tracks 4;16 vs HI1 tracks 9;11) = 24 LKG paths/unit; x 4x60 unit cells = 5760; Scalar = 1/5760,,,,,,,,,,,,,,,12,24,2,4/16,9/11
x81zs_epiepi02,EPIEPI132-NZ5-L-A:NDBI_PXL:PGD:REG:P8,EPIEPI,A,EPIEPI-<MOS>-A:NDBI_PXL:PGD:REG:<SKEW>,5760,0.000173611,PGD ETE: 12 active epi/TCN (VT) columns/unit x 2 LO<->HI tip-to-tip pair(s) each (LO1 tracks 4;16 vs HI1 tracks 9;11) = 24 LKG paths/unit; x 4x60 unit cells = 5760; Scalar = 1/5760,,,,,,,,,,,,,,,12,24,2,4/16,9/11
x81zs_epiepi02,EPIEPI132-NZ5-L-A:NDBI_PXL:PGD:CD:N5,EPIEPI,A,EPIEPI-<MOS>-A:NDBI_PXL:PGD:CD:<SKEW>,5760,0.000173611,PGD ETE: 12 active epi/TCN (VT) columns/unit x 2 LO<->HI tip-to-tip pair(s) each (LO1 tracks 4;16 vs HI1 tracks 9;11) = 24 LKG paths/unit; x 4x60 unit cells = 5760; Scalar = 1/5760,,,,,,,,,,,,,,,12,24,2,4/16,9/11
x81zs_epiepi02,EPIEPI132-NZ5-L-A:NDBI_PXL:PGD:CD:N3,EPIEPI,A,EPIEPI-<MOS>-A:NDBI_PXL:PGD:CD:<SKEW>,5760,0.000173611,PGD ETE: 12 active epi/TCN (VT) columns/unit x 2 LO<->HI tip-to-tip pair(s) each (LO1 tracks 4;16 vs HI1 tracks 9;11) = 24 LKG paths/unit; x 4x60 unit cells = 5760; Scalar = 1/5760,,,,,,,,,,,,,,,12,24,2,4/16,9/11
x81zs_epiepi02,EPIEPI132-NZ5-L-A:NDBI_PXL:PGD:CD:N1,EPIEPI,A,EPIEPI-<MOS>-A:NDBI_PXL:PGD:CD:<SKEW>,5760,0.000173611,PGD ETE: 12 active epi/TCN (VT) columns/unit x 2 LO<->HI tip-to-tip pair(s) each (LO1 tracks 4;16 vs HI1 tracks 9;11) = 24 LKG paths/unit; x 4x60 unit cells = 5760; Scalar = 1/5760,,,,,,,,,,,,,,,12,24,2,4/16,9/11
x81zs_epiepi02,EPIEPI132-NZ5-L-A:NDBI_PXL:PGD:CD:NOM,EPIEPI,A,EPIEPI-<MOS>-A:NDBI_PXL:PGD:CD:NOM,5760,0.000173611,PGD ETE: 12 active epi/TCN (VT) columns/unit x 2 LO<->HI tip-to-tip pair(s) each (LO1 tracks 4;16 vs HI1 tracks 9;11) = 24 LKG paths/unit; x 4x60 unit cells = 5760; Scalar = 1/5760,,,,,,,,,,,,,,,12,24,2,4/16,9/11
x81zs_epiepi02,EPIEPI132-NZ5-L-A:NDBI_PXL:PGD:CD:P1,EPIEPI,A,EPIEPI-<MOS>-A:NDBI_PXL:PGD:CD:<SKEW>,5760,0.000173611,PGD ETE: 12 active epi/TCN (VT) columns/unit x 2 LO<->HI tip-to-tip pair(s) each (LO1 tracks 4;16 vs HI1 tracks 9;11) = 24 LKG paths/unit; x 4x60 unit cells = 5760; Scalar = 1/5760,,,,,,,,,,,,,,,12,24,2,4/16,9/11
x81zs_epiepi02,EPIEPI132-NZ5-L-A:NDBI_PXL:PGD:CD:P3,EPIEPI,A,EPIEPI-<MOS>-A:NDBI_PXL:PGD:CD:<SKEW>,5760,0.000173611,PGD ETE: 12 active epi/TCN (VT) columns/unit x 2 LO<->HI tip-to-tip pair(s) each (LO1 tracks 4;16 vs HI1 tracks 9;11) = 24 LKG paths/unit; x 4x60 unit cells = 5760; Scalar = 1/5760,,,,,,,,,,,,,,,12,24,2,4/16,9/11
x81zs_epiepi02,EPIEPI132-NZ5-L-A:NDBI_PXL:PGD:CD:P5,EPIEPI,A,EPIEPI-<MOS>-A:NDBI_PXL:PGD:CD:<SKEW>,5760,0.000173611,PGD ETE: 12 active epi/TCN (VT) columns/unit x 2 LO<->HI tip-to-tip pair(s) each (LO1 tracks 4;16 vs HI1 tracks 9;11) = 24 LKG paths/unit; x 4x60 unit cells = 5760; Scalar = 1/5760,,,,,,,,,,,,,,,12,24,2,4/16,9/11
x81zs_epiepi02,EPIEPI132-PZ5-L-A:NDBI_PXL:PGD:REG:N8,EPIEPI,A,EPIEPI-<MOS>-A:NDBI_PXL:PGD:REG:<SKEW>,5760,0.000173611,PGD ETE: 12 active epi/TCN (VT) columns/unit x 2 LO<->HI tip-to-tip pair(s) each (LO1 tracks 4;16 vs HI1 tracks 9;11) = 24 LKG paths/unit; x 4x60 unit cells = 5760; Scalar = 1/5760,,,,,,,,,,,,,,,12,24,2,4/16,9/11
x81zs_epiepi02,EPIEPI132-PZ5-L-A:NDBI_PXL:PGD:REG:N6,EPIEPI,A,EPIEPI-<MOS>-A:NDBI_PXL:PGD:REG:<SKEW>,5760,0.000173611,PGD ETE: 12 active epi/TCN (VT) columns/unit x 2 LO<->HI tip-to-tip pair(s) each (LO1 tracks 4;16 vs HI1 tracks 9;11) = 24 LKG paths/unit; x 4x60 unit cells = 5760; Scalar = 1/5760,,,,,,,,,,,,,,,12,24,2,4/16,9/11
x81zs_epiepi02,EPIEPI132-PZ5-L-A:NDBI_PXL:PGD:REG:N3,EPIEPI,A,EPIEPI-<MOS>-A:NDBI_PXL:PGD:REG:<SKEW>,5760,0.000173611,PGD ETE: 12 active epi/TCN (VT) columns/unit x 2 LO<->HI tip-to-tip pair(s) each (LO1 tracks 4;16 vs HI1 tracks 9;11) = 24 LKG paths/unit; x 4x60 unit cells = 5760; Scalar = 1/5760,,,,,,,,,,,,,,,12,24,2,4/16,9/11
x81zs_epiepi02,EPIEPI132-PZ5-L-A:NDBI_PXL:PGD:REG:NOM,EPIEPI,A,EPIEPI-<MOS>-A:NDBI_PXL:PGD:REG:NOM,5760,0.000173611,PGD ETE: 12 active epi/TCN (VT) columns/unit x 2 LO<->HI tip-to-tip pair(s) each (LO1 tracks 4;16 vs HI1 tracks 9;11) = 24 LKG paths/unit; x 4x60 unit cells = 5760; Scalar = 1/5760,,,,,,,,,,,,,,,12,24,2,4/16,9/11
x81zs_epiepi02,EPIEPI132-PZ5-L-A:NDBI_PXL:PGD:REG:P3,EPIEPI,A,EPIEPI-<MOS>-A:NDBI_PXL:PGD:REG:<SKEW>,5760,0.000173611,PGD ETE: 12 active epi/TCN (VT) columns/unit x 2 LO<->HI tip-to-tip pair(s) each (LO1 tracks 4;16 vs HI1 tracks 9;11) = 24 LKG paths/unit; x 4x60 unit cells = 5760; Scalar = 1/5760,,,,,,,,,,,,,,,12,24,2,4/16,9/11
x81zs_epiepi02,EPIEPI132-PZ5-L-A:NDBI_PXL:PGD:REG:P6,EPIEPI,A,EPIEPI-<MOS>-A:NDBI_PXL:PGD:REG:<SKEW>,5760,0.000173611,PGD ETE: 12 active epi/TCN (VT) columns/unit x 2 LO<->HI tip-to-tip pair(s) each (LO1 tracks 4;16 vs HI1 tracks 9;11) = 24 LKG paths/unit; x 4x60 unit cells = 5760; Scalar = 1/5760,,,,,,,,,,,,,,,12,24,2,4/16,9/11
x81zs_epiepi02,EPIEPI132-PZ5-L-A:NDBI_PXL:PGD:REG:P8,EPIEPI,A,EPIEPI-<MOS>-A:NDBI_PXL:PGD:REG:<SKEW>,5760,0.000173611,PGD ETE: 12 active epi/TCN (VT) columns/unit x 2 LO<->HI tip-to-tip pair(s) each (LO1 tracks 4;16 vs HI1 tracks 9;11) = 24 LKG paths/unit; x 4x60 unit cells = 5760; Scalar = 1/5760,,,,,,,,,,,,,,,12,24,2,4/16,9/11
x81zs_epiepi02,EPIEPI132-PZ5-L-A:NDBI_PXL:PGD:CD:N5,EPIEPI,A,EPIEPI-<MOS>-A:NDBI_PXL:PGD:CD:<SKEW>,5760,0.000173611,PGD ETE: 12 active epi/TCN (VT) columns/unit x 2 LO<->HI tip-to-tip pair(s) each (LO1 tracks 4;16 vs HI1 tracks 9;11) = 24 LKG paths/unit; x 4x60 unit cells = 5760; Scalar = 1/5760,,,,,,,,,,,,,,,12,24,2,4/16,9/11
x81zs_epiepi02,EPIEPI132-PZ5-L-A:NDBI_PXL:PGD:CD:N3,EPIEPI,A,EPIEPI-<MOS>-A:NDBI_PXL:PGD:CD:<SKEW>,5760,0.000173611,PGD ETE: 12 active epi/TCN (VT) columns/unit x 2 LO<->HI tip-to-tip pair(s) each (LO1 tracks 4;16 vs HI1 tracks 9;11) = 24 LKG paths/unit; x 4x60 unit cells = 5760; Scalar = 1/5760,,,,,,,,,,,,,,,12,24,2,4/16,9/11
x81zs_epiepi02,EPIEPI132-PZ5-L-A:NDBI_PXL:PGD:CD:N1,EPIEPI,A,EPIEPI-<MOS>-A:NDBI_PXL:PGD:CD:<SKEW>,5760,0.000173611,PGD ETE: 12 active epi/TCN (VT) columns/unit x 2 LO<->HI tip-to-tip pair(s) each (LO1 tracks 4;16 vs HI1 tracks 9;11) = 24 LKG paths/unit; x 4x60 unit cells = 5760; Scalar = 1/5760,,,,,,,,,,,,,,,12,24,2,4/16,9/11
x81zs_epiepi02,EPIEPI132-PZ5-L-A:NDBI_PXL:PGD:CD:NOM,EPIEPI,A,EPIEPI-<MOS>-A:NDBI_PXL:PGD:CD:NOM,5760,0.000173611,PGD ETE: 12 active epi/TCN (VT) columns/unit x 2 LO<->HI tip-to-tip pair(s) each (LO1 tracks 4;16 vs HI1 tracks 9;11) = 24 LKG paths/unit; x 4x60 unit cells = 5760; Scalar = 1/5760,,,,,,,,,,,,,,,12,24,2,4/16,9/11
x81zs_epiepi02,EPIEPI132-PZ5-L-A:NDBI_PXL:PGD:CD:P1,EPIEPI,A,EPIEPI-<MOS>-A:NDBI_PXL:PGD:CD:<SKEW>,5760,0.000173611,PGD ETE: 12 active epi/TCN (VT) columns/unit x 2 LO<->HI tip-to-tip pair(s) each (LO1 tracks 4;16 vs HI1 tracks 9;11) = 24 LKG paths/unit; x 4x60 unit cells = 5760; Scalar = 1/5760,,,,,,,,,,,,,,,12,24,2,4/16,9/11
x81zs_epiepi02,EPIEPI132-PZ5-L-A:NDBI_PXL:PGD:CD:P3,EPIEPI,A,EPIEPI-<MOS>-A:NDBI_PXL:PGD:CD:<SKEW>,5760,0.000173611,PGD ETE: 12 active epi/TCN (VT) columns/unit x 2 LO<->HI tip-to-tip pair(s) each (LO1 tracks 4;16 vs HI1 tracks 9;11) = 24 LKG paths/unit; x 4x60 unit cells = 5760; Scalar = 1/5760,,,,,,,,,,,,,,,12,24,2,4/16,9/11
x81zs_epiepi02,EPIEPI132-PZ5-L-A:NDBI_PXL:PGD:CD:P5,EPIEPI,A,EPIEPI-<MOS>-A:NDBI_PXL:PGD:CD:<SKEW>,5760,0.000173611,PGD ETE: 12 active epi/TCN (VT) columns/unit x 2 LO<->HI tip-to-tip pair(s) each (LO1 tracks 4;16 vs HI1 tracks 9;11) = 24 LKG paths/unit; x 4x60 unit cells = 5760; Scalar = 1/5760,,,,,,,,,,,,,,,12,24,2,4/16,9/11
x81zs_epiepi02,EPIEPI132-NPZ5-L-C:NDBI_PXL:PGD:REG:N8,EPIEPI,C,EPIEPI-<MOS>-C:NDBI_PXL:PGD:REG:<SKEW>,11520,8.68056e-05,PGD ETE: 24 active epi/TCN (VT) columns/unit x 2 LO<->HI tip-to-tip pair(s) each (LO1 tracks 4;6;14;16 vs HI1 tracks 9;10;11) = 48 LKG paths/unit; x 4x60 unit cells = 11520; Scalar = 1/11520,,,,,,,,,,,,,,,24,48,2,4/6/14/16,9/10/11
x81zs_epiepi02,EPIEPI132-NPZ5-L-C:NDBI_PXL:PGD:REG:N6,EPIEPI,C,EPIEPI-<MOS>-C:NDBI_PXL:PGD:REG:<SKEW>,11520,8.68056e-05,PGD ETE: 24 active epi/TCN (VT) columns/unit x 2 LO<->HI tip-to-tip pair(s) each (LO1 tracks 4;6;14;16 vs HI1 tracks 9;10;11) = 48 LKG paths/unit; x 4x60 unit cells = 11520; Scalar = 1/11520,,,,,,,,,,,,,,,24,48,2,4/6/14/16,9/10/11
x81zs_epiepi02,EPIEPI132-NPZ5-L-C:NDBI_PXL:PGD:REG:N3,EPIEPI,C,EPIEPI-<MOS>-C:NDBI_PXL:PGD:REG:<SKEW>,11520,8.68056e-05,PGD ETE: 24 active epi/TCN (VT) columns/unit x 2 LO<->HI tip-to-tip pair(s) each (LO1 tracks 4;6;14;16 vs HI1 tracks 9;10;11) = 48 LKG paths/unit; x 4x60 unit cells = 11520; Scalar = 1/11520,,,,,,,,,,,,,,,24,48,2,4/6/14/16,9/10/11
x81zs_epiepi02,EPIEPI132-NPZ5-L-C:NDBI_PXL:PGD:REG:NOM,EPIEPI,C,EPIEPI-<MOS>-C:NDBI_PXL:PGD:REG:NOM,11520,8.68056e-05,PGD ETE: 24 active epi/TCN (VT) columns/unit x 2 LO<->HI tip-to-tip pair(s) each (LO1 tracks 4;6;14;16 vs HI1 tracks 9;10;11) = 48 LKG paths/unit; x 4x60 unit cells = 11520; Scalar = 1/11520,,,,,,,,,,,,,,,24,48,2,4/6/14/16,9/10/11
x81zs_epiepi02,EPIEPI132-NPZ5-L-C:NDBI_PXL:PGD:REG:P3,EPIEPI,C,EPIEPI-<MOS>-C:NDBI_PXL:PGD:REG:<SKEW>,11520,8.68056e-05,PGD ETE: 24 active epi/TCN (VT) columns/unit x 2 LO<->HI tip-to-tip pair(s) each (LO1 tracks 4;6;14;16 vs HI1 tracks 9;10;11) = 48 LKG paths/unit; x 4x60 unit cells = 11520; Scalar = 1/11520,,,,,,,,,,,,,,,24,48,2,4/6/14/16,9/10/11
x81zs_epiepi02,EPIEPI132-NPZ5-L-C:NDBI_PXL:PGD:REG:P6,EPIEPI,C,EPIEPI-<MOS>-C:NDBI_PXL:PGD:REG:<SKEW>,11520,8.68056e-05,PGD ETE: 24 active epi/TCN (VT) columns/unit x 2 LO<->HI tip-to-tip pair(s) each (LO1 tracks 4;6;14;16 vs HI1 tracks 9;10;11) = 48 LKG paths/unit; x 4x60 unit cells = 11520; Scalar = 1/11520,,,,,,,,,,,,,,,24,48,2,4/6/14/16,9/10/11
x81zs_epiepi02,EPIEPI132-NPZ5-L-C:NDBI_PXL:PGD:REG:P8,EPIEPI,C,EPIEPI-<MOS>-C:NDBI_PXL:PGD:REG:<SKEW>,11520,8.68056e-05,PGD ETE: 24 active epi/TCN (VT) columns/unit x 2 LO<->HI tip-to-tip pair(s) each (LO1 tracks 4;6;14;16 vs HI1 tracks 9;10;11) = 48 LKG paths/unit; x 4x60 unit cells = 11520; Scalar = 1/11520,,,,,,,,,,,,,,,24,48,2,4/6/14/16,9/10/11
x81zs_epiepi02,EPIEPI165-NPZ7-L-C:NDBI_SDR:PGD:DEN:NOM,EPIEPI,C,EPIEPI-<MOS>-C:NDBI_SDR:PGD:DEN:NOM,11520,8.68056e-05,PGD ETE: 24 active epi/TCN (VT) columns/unit x 2 LO<->HI tip-to-tip pair(s) each (LO1 tracks 4;7;17;20 vs HI1 tracks 11;12;13) = 48 LKG paths/unit; x 4x60 unit cells = 11520; Scalar = 1/11520,,,,,,,,,,,,,,,24,48,2,4/7/17/20,11/12/13
x81zs_epiepi02,EPIEPI132-NPZ5-L-B:NDBI_FTI:OGD:CD:N5,EPIEPI,B,EPIEPI-<MOS>-B:NDBI_FTI:OGD:CD:<SKEW>,5760,0.000173611,PGD ETE: 12 active epi/TCN (VT) columns/unit x 2 LO<->HI tip-to-tip pair(s) each (LO1 tracks 4;16 vs HI1 tracks 9;11) = 24 LKG paths/unit; x 4x60 unit cells = 5760; Scalar = 1/5760,,,,,,,,,,,,,,,12,24,2,4/16,9/11
x81zs_epiepi02,EPIEPI132-NPZ5-L-B:NDBI_FTI:OGD:CD:N3,EPIEPI,B,EPIEPI-<MOS>-B:NDBI_FTI:OGD:CD:<SKEW>,5760,0.000173611,PGD ETE: 12 active epi/TCN (VT) columns/unit x 2 LO<->HI tip-to-tip pair(s) each (LO1 tracks 4;16 vs HI1 tracks 9;11) = 24 LKG paths/unit; x 4x60 unit cells = 5760; Scalar = 1/5760,,,,,,,,,,,,,,,12,24,2,4/16,9/11
x81zs_epiepi02,EPIEPI132-NPZ5-L-B:NDBI_FTI:OGD:CD:NOM,EPIEPI,B,EPIEPI-<MOS>-B:NDBI_FTI:OGD:CD:NOM,5760,0.000173611,PGD ETE: 12 active epi/TCN (VT) columns/unit x 2 LO<->HI tip-to-tip pair(s) each (LO1 tracks 4;16 vs HI1 tracks 9;11) = 24 LKG paths/unit; x 4x60 unit cells = 5760; Scalar = 1/5760,,,,,,,,,,,,,,,12,24,2,4/16,9/11
x81zs_epiepi02,EPIEPI132-NPZ5-L-B:NDBI_FTI:OGD:CD:P3,EPIEPI,B,EPIEPI-<MOS>-B:NDBI_FTI:OGD:CD:<SKEW>,5760,0.000173611,PGD ETE: 12 active epi/TCN (VT) columns/unit x 2 LO<->HI tip-to-tip pair(s) each (LO1 tracks 4;16 vs HI1 tracks 9;11) = 24 LKG paths/unit; x 4x60 unit cells = 5760; Scalar = 1/5760,,,,,,,,,,,,,,,12,24,2,4/16,9/11
x81zs_epiepi02,EPIEPI132-NPZ5-L-B:NDBI_FTI:OGD:CD:P5,EPIEPI,B,EPIEPI-<MOS>-B:NDBI_FTI:OGD:CD:<SKEW>,5760,0.000173611,PGD ETE: 12 active epi/TCN (VT) columns/unit x 2 LO<->HI tip-to-tip pair(s) each (LO1 tracks 4;16 vs HI1 tracks 9;11) = 24 LKG paths/unit; x 4x60 unit cells = 5760; Scalar = 1/5760,,,,,,,,,,,,,,,12,24,2,4/16,9/11
x81zs_epiepi02,EPIEPI165-NPZ7-L-C:NDBI_PXL:PGD:CD:N5,EPIEPI,C,EPIEPI-<MOS>-C:NDBI_PXL:PGD:CD:<SKEW>,11520,8.68056e-05,PGD ETE: 24 active epi/TCN (VT) columns/unit x 2 LO<->HI tip-to-tip pair(s) each (LO1 tracks 4;7;17;20 vs HI1 tracks 11;12;13) = 48 LKG paths/unit; x 4x60 unit cells = 11520; Scalar = 1/11520,,,,,,,,,,,,,,,24,48,2,4/7/17/20,11/12/13
x81zs_epiepi02,EPIEPI165-NPZ7-L-C:NDBI_PXL:PGD:CD:N3,EPIEPI,C,EPIEPI-<MOS>-C:NDBI_PXL:PGD:CD:<SKEW>,11520,8.68056e-05,PGD ETE: 24 active epi/TCN (VT) columns/unit x 2 LO<->HI tip-to-tip pair(s) each (LO1 tracks 4;7;17;20 vs HI1 tracks 11;12;13) = 48 LKG paths/unit; x 4x60 unit cells = 11520; Scalar = 1/11520,,,,,,,,,,,,,,,24,48,2,4/7/17/20,11/12/13
x81zs_epiepi02,EPIEPI165-NPZ7-L-C:NDBI_PXL:PGD:CD:N1,EPIEPI,C,EPIEPI-<MOS>-C:NDBI_PXL:PGD:CD:<SKEW>,11520,8.68056e-05,PGD ETE: 24 active epi/TCN (VT) columns/unit x 2 LO<->HI tip-to-tip pair(s) each (LO1 tracks 4;7;17;20 vs HI1 tracks 11;12;13) = 48 LKG paths/unit; x 4x60 unit cells = 11520; Scalar = 1/11520,,,,,,,,,,,,,,,24,48,2,4/7/17/20,11/12/13
x81zs_epiepi02,EPIEPI165-NPZ7-L-C:NDBI_PXL:PGD:CD:NOM,EPIEPI,C,EPIEPI-<MOS>-C:NDBI_PXL:PGD:CD:NOM,11520,8.68056e-05,PGD ETE: 24 active epi/TCN (VT) columns/unit x 2 LO<->HI tip-to-tip pair(s) each (LO1 tracks 4;7;17;20 vs HI1 tracks 11;12;13) = 48 LKG paths/unit; x 4x60 unit cells = 11520; Scalar = 1/11520,,,,,,,,,,,,,,,24,48,2,4/7/17/20,11/12/13
x81zs_epiepi02,EPIEPI165-NPZ7-L-C:NDBI_PXL:PGD:CD:P1,EPIEPI,C,EPIEPI-<MOS>-C:NDBI_PXL:PGD:CD:<SKEW>,11520,8.68056e-05,PGD ETE: 24 active epi/TCN (VT) columns/unit x 2 LO<->HI tip-to-tip pair(s) each (LO1 tracks 4;7;17;20 vs HI1 tracks 11;12;13) = 48 LKG paths/unit; x 4x60 unit cells = 11520; Scalar = 1/11520,,,,,,,,,,,,,,,24,48,2,4/7/17/20,11/12/13
x81zs_epiepi02,EPIEPI165-NPZ7-L-C:NDBI_PXL:PGD:CD:P3,EPIEPI,C,EPIEPI-<MOS>-C:NDBI_PXL:PGD:CD:<SKEW>,11520,8.68056e-05,PGD ETE: 24 active epi/TCN (VT) columns/unit x 2 LO<->HI tip-to-tip pair(s) each (LO1 tracks 4;7;17;20 vs HI1 tracks 11;12;13) = 48 LKG paths/unit; x 4x60 unit cells = 11520; Scalar = 1/11520,,,,,,,,,,,,,,,24,48,2,4/7/17/20,11/12/13
x81zs_epiepi02,EPIEPI165-NPZ7-L-C:NDBI_PXL:PGD:CD:P5,EPIEPI,C,EPIEPI-<MOS>-C:NDBI_PXL:PGD:CD:<SKEW>,11520,8.68056e-05,PGD ETE: 24 active epi/TCN (VT) columns/unit x 2 LO<->HI tip-to-tip pair(s) each (LO1 tracks 4;7;17;20 vs HI1 tracks 11;12;13) = 48 LKG paths/unit; x 4x60 unit cells = 11520; Scalar = 1/11520,,,,,,,,,,,,,,,24,48,2,4/7/17/20,11/12/13
x81zs_epiepi02,EPIEPI165-NPZ7-L-C:NDBI_NPXL:PGD:REF:2TRK_1PP,EPIEPI,C,EPIEPI-<MOS>-C:NDBI_NPXL:PGD:REF:2TRK_1PP,11520,8.68056e-05,PGD ETE: 24 active epi/TCN (VT) columns/unit x 2 LO<->HI tip-to-tip pair(s) each (LO1 tracks 4;7;17;20 vs HI1 tracks 11;12;13) = 48 LKG paths/unit; x 4x60 unit cells = 11520; Scalar = 1/11520,,,,,,,,,,,,,,,24,48,2,4/7/17/20,11/12/13
x81zs_epiepi02,EPIEPI132-NPZ5-L-B:NDBI_NPXL_FTI:OGD:CD:N5,EPIEPI,B,EPIEPI-<MOS>-B:NDBI_NPXL_FTI:OGD:CD:<SKEW>,5760,0.000173611,PGD ETE: 12 active epi/TCN (VT) columns/unit x 2 LO<->HI tip-to-tip pair(s) each (LO1 tracks 4;16 vs HI1 tracks 9;11) = 24 LKG paths/unit; x 4x60 unit cells = 5760; Scalar = 1/5760,,,,,,,,,,,,,,,12,24,2,4/16,9/11
x81zs_epiepi02,EPIEPI132-NPZ5-L-B:NDBI_NPXL_FTI:OGD:CD:N3,EPIEPI,B,EPIEPI-<MOS>-B:NDBI_NPXL_FTI:OGD:CD:<SKEW>,5760,0.000173611,PGD ETE: 12 active epi/TCN (VT) columns/unit x 2 LO<->HI tip-to-tip pair(s) each (LO1 tracks 4;16 vs HI1 tracks 9;11) = 24 LKG paths/unit; x 4x60 unit cells = 5760; Scalar = 1/5760,,,,,,,,,,,,,,,12,24,2,4/16,9/11
x81zs_epiepi02,EPIEPI132-NPZ5-L-B:NDBI_NPXL_FTI:OGD:CD:NOM,EPIEPI,B,EPIEPI-<MOS>-B:NDBI_NPXL_FTI:OGD:CD:NOM,5760,0.000173611,PGD ETE: 12 active epi/TCN (VT) columns/unit x 2 LO<->HI tip-to-tip pair(s) each (LO1 tracks 4;16 vs HI1 tracks 9;11) = 24 LKG paths/unit; x 4x60 unit cells = 5760; Scalar = 1/5760,,,,,,,,,,,,,,,12,24,2,4/16,9/11
x81zs_epiepi02,EPIEPI132-NPZ5-L-B:NDBI_NPXL_FTI:OGD:CD:P3,EPIEPI,B,EPIEPI-<MOS>-B:NDBI_NPXL_FTI:OGD:CD:<SKEW>,5760,0.000173611,PGD ETE: 12 active epi/TCN (VT) columns/unit x 2 LO<->HI tip-to-tip pair(s) each (LO1 tracks 4;16 vs HI1 tracks 9;11) = 24 LKG paths/unit; x 4x60 unit cells = 5760; Scalar = 1/5760,,,,,,,,,,,,,,,12,24,2,4/16,9/11
x81zs_epiepi02,EPIEPI132-NPZ5-L-B:NDBI_NPXL_FTI:OGD:CD:P5,EPIEPI,B,EPIEPI-<MOS>-B:NDBI_NPXL_FTI:OGD:CD:<SKEW>,5760,0.000173611,PGD ETE: 12 active epi/TCN (VT) columns/unit x 2 LO<->HI tip-to-tip pair(s) each (LO1 tracks 4;16 vs HI1 tracks 9;11) = 24 LKG paths/unit; x 4x60 unit cells = 5760; Scalar = 1/5760,,,,,,,,,,,,,,,12,24,2,4/16,9/11
x81zs_epiepi02,EPIEPI165-NPZ7-L-B:NDBI_NPXL_FTI:OGD:CD:N5,EPIEPI,B,EPIEPI-<MOS>-B:NDBI_NPXL_FTI:OGD:CD:<SKEW>,5760,0.000173611,PGD ETE: 12 active epi/TCN (VT) columns/unit x 2 LO<->HI tip-to-tip pair(s) each (LO1 tracks 4;20 vs HI1 tracks 11;13) = 24 LKG paths/unit; x 4x60 unit cells = 5760; Scalar = 1/5760,,,,,,,,,,,,,,,12,24,2,4/20,11/13
x81zs_epiepi02,EPIEPI165-NPZ7-L-B:NDBI_NPXL_FTI:OGD:CD:N3,EPIEPI,B,EPIEPI-<MOS>-B:NDBI_NPXL_FTI:OGD:CD:<SKEW>,5760,0.000173611,PGD ETE: 12 active epi/TCN (VT) columns/unit x 2 LO<->HI tip-to-tip pair(s) each (LO1 tracks 4;20 vs HI1 tracks 11;13) = 24 LKG paths/unit; x 4x60 unit cells = 5760; Scalar = 1/5760,,,,,,,,,,,,,,,12,24,2,4/20,11/13
x81zs_epiepi02,EPIEPI165-NPZ7-L-B:NDBI_NPXL_FTI:OGD:CD:NOM,EPIEPI,B,EPIEPI-<MOS>-B:NDBI_NPXL_FTI:OGD:CD:NOM,5760,0.000173611,PGD ETE: 12 active epi/TCN (VT) columns/unit x 2 LO<->HI tip-to-tip pair(s) each (LO1 tracks 4;20 vs HI1 tracks 11;13) = 24 LKG paths/unit; x 4x60 unit cells = 5760; Scalar = 1/5760,,,,,,,,,,,,,,,12,24,2,4/20,11/13
x81zs_epiepi02,EPIEPI165-NPZ7-L-B:NDBI_NPXL_FTI:OGD:CD:P3,EPIEPI,B,EPIEPI-<MOS>-B:NDBI_NPXL_FTI:OGD:CD:<SKEW>,5760,0.000173611,PGD ETE: 12 active epi/TCN (VT) columns/unit x 2 LO<->HI tip-to-tip pair(s) each (LO1 tracks 4;20 vs HI1 tracks 11;13) = 24 LKG paths/unit; x 4x60 unit cells = 5760; Scalar = 1/5760,,,,,,,,,,,,,,,12,24,2,4/20,11/13
x81zs_epiepi02,EPIEPI165-NPZ7-L-B:NDBI_NPXL_FTI:OGD:CD:P5,EPIEPI,B,EPIEPI-<MOS>-B:NDBI_NPXL_FTI:OGD:CD:<SKEW>,5760,0.000173611,PGD ETE: 12 active epi/TCN (VT) columns/unit x 2 LO<->HI tip-to-tip pair(s) each (LO1 tracks 4;20 vs HI1 tracks 11;13) = 24 LKG paths/unit; x 4x60 unit cells = 5760; Scalar = 1/5760,,,,,,,,,,,,,,,12,24,2,4/20,11/13
x81zs_epiepi02,EPIEPI132-NPZ5-L-D:NDBI_NPXL:PGD:DEN:2TRK_1PP,EPIEPI,D,EPIEPI-<MOS>-D:NDBI_NPXL:PGD:DEN:2TRK_1PP,5760,0.000173611,PGD ETE: 12 active epi/TCN (VT) columns/unit x 2 LO<->HI tip-to-tip pair(s) each (LO1 tracks 6;14 vs HI1 tracks 9;11) = 24 LKG paths/unit; x 4x60 unit cells = 5760; Scalar = 1/5760,,,,,,,,,,,,,,,12,24,2,6/14,9/11
x81zs_epitcn01,TCNTCN132-NZ5-L-A:SDR:PGD:REF:1TRK_1PP,TCNTCN,A,TCNTCN-<MOS>-A:SDR:PGD:REF:1TRK_1PP,5760,0.000173611,PGD ETE: 12 active TCN (VT) columns/unit x 2 LO<->HI tip-to-tip pair(s) each (LO1 tracks 6;14 vs HI1 tracks 9;11) = 24 LKG paths/unit; x 4x60 unit cells = 5760; Scalar = 1/5760,,,,,,,,,,,,,,,12,24,2,6/14,9/11
x81zs_epitcn01,TCNTCN132-PZ5-L-A:SDR:PGD:REF:1TRK_1PP,TCNTCN,A,TCNTCN-<MOS>-A:SDR:PGD:REF:1TRK_1PP,5760,0.000173611,PGD ETE: 12 active TCN (VT) columns/unit x 2 LO<->HI tip-to-tip pair(s) each (LO1 tracks 6;14 vs HI1 tracks 9;11) = 24 LKG paths/unit; x 4x60 unit cells = 5760; Scalar = 1/5760,,,,,,,,,,,,,,,12,24,2,6/14,9/11
x81zs_epitcn01,TCNTCN132-NPZ5-L-A:SDR:PGD:REF:1TRK_1PP,TCNTCN,A,TCNTCN-<MOS>-A:SDR:PGD:REF:1TRK_1PP,5760,0.000173611,PGD ETE: 12 active TCN (VT) columns/unit x 2 LO<->HI tip-to-tip pair(s) each (LO1 tracks 6;14 vs HI1 tracks 9;11) = 24 LKG paths/unit; x 4x60 unit cells = 5760; Scalar = 1/5760,,,,,,,,,,,,,,,12,24,2,6/14,9/11
x81zs_epitcn01,TCNTCN165-NZ7-L-A:SDR:PGD:REF:1TRK_1PP,TCNTCN,A,TCNTCN-<MOS>-A:SDR:PGD:REF:1TRK_1PP,5760,0.000173611,PGD ETE: 12 active TCN (VT) columns/unit x 2 LO<->HI tip-to-tip pair(s) each (LO1 tracks 7;17 vs HI1 tracks 11;13) = 24 LKG paths/unit; x 4x60 unit cells = 5760; Scalar = 1/5760,,,,,,,,,,,,,,,12,24,2,7/17,11/13
x81zs_epitcn01,TCNTCN165-PZ7-L-A:SDR:PGD:REF:1TRK_1PP,TCNTCN,A,TCNTCN-<MOS>-A:SDR:PGD:REF:1TRK_1PP,5760,0.000173611,PGD ETE: 12 active TCN (VT) columns/unit x 2 LO<->HI tip-to-tip pair(s) each (LO1 tracks 7;17 vs HI1 tracks 11;13) = 24 LKG paths/unit; x 4x60 unit cells = 5760; Scalar = 1/5760,,,,,,,,,,,,,,,12,24,2,7/17,11/13
x81zs_epitcn01,TCNTCN165-NPZ7-L-A:SDR:PGD:REF:1TRK_1PP,TCNTCN,A,TCNTCN-<MOS>-A:SDR:PGD:REF:1TRK_1PP,5760,0.000173611,PGD ETE: 12 active TCN (VT) columns/unit x 2 LO<->HI tip-to-tip pair(s) each (LO1 tracks 7;17 vs HI1 tracks 11;13) = 24 LKG paths/unit; x 4x60 unit cells = 5760; Scalar = 1/5760,,,,,,,,,,,,,,,12,24,2,7/17,11/13
x81zs_epitcn01,TCNTCN132-NZ5-L-A:SDR:PGD:REF:2TRK_1PP,TCNTCN,A,TCNTCN-<MOS>-A:SDR:PGD:REF:2TRK_1PP,5760,0.000173611,PGD ETE: 12 active TCN (VT) columns/unit x 2 LO<->HI tip-to-tip pair(s) each (LO1 tracks 4;16 vs HI1 tracks 9;11) = 24 LKG paths/unit; x 4x60 unit cells = 5760; Scalar = 1/5760,,,,,,,,,,,,,,,12,24,2,4/16,9/11
x81zs_epitcn01,TCNTCN132-PZ5-L-A:SDR:PGD:REF:2TRK_1PP,TCNTCN,A,TCNTCN-<MOS>-A:SDR:PGD:REF:2TRK_1PP,5760,0.000173611,PGD ETE: 12 active TCN (VT) columns/unit x 2 LO<->HI tip-to-tip pair(s) each (LO1 tracks 4;16 vs HI1 tracks 9;11) = 24 LKG paths/unit; x 4x60 unit cells = 5760; Scalar = 1/5760,,,,,,,,,,,,,,,12,24,2,4/16,9/11
x81zs_epitcn01,TCNTCN132-NPZ5-L-A:SDR:PGD:REF:2TRK_1PP,TCNTCN,A,TCNTCN-<MOS>-A:SDR:PGD:REF:2TRK_1PP,5760,0.000173611,PGD ETE: 12 active TCN (VT) columns/unit x 2 LO<->HI tip-to-tip pair(s) each (LO1 tracks 4;16 vs HI1 tracks 9;11) = 24 LKG paths/unit; x 4x60 unit cells = 5760; Scalar = 1/5760,,,,,,,,,,,,,,,12,24,2,4/16,9/11
x81zs_epitcn01,TCNTCN165-NZ7-L-A:SDR:PGD:REF:2TRK_1PP,TCNTCN,A,TCNTCN-<MOS>-A:SDR:PGD:REF:2TRK_1PP,5760,0.000173611,PGD ETE: 12 active TCN (VT) columns/unit x 2 LO<->HI tip-to-tip pair(s) each (LO1 tracks 4;20 vs HI1 tracks 11;13) = 24 LKG paths/unit; x 4x60 unit cells = 5760; Scalar = 1/5760,,,,,,,,,,,,,,,12,24,2,4/20,11/13
x81zs_epitcn01,TCNTCN165-PZ7-L-A:SDR:PGD:REF:2TRK_1PP,TCNTCN,A,TCNTCN-<MOS>-A:SDR:PGD:REF:2TRK_1PP,5760,0.000173611,PGD ETE: 12 active TCN (VT) columns/unit x 2 LO<->HI tip-to-tip pair(s) each (LO1 tracks 4;20 vs HI1 tracks 11;13) = 24 LKG paths/unit; x 4x60 unit cells = 5760; Scalar = 1/5760,,,,,,,,,,,,,,,12,24,2,4/20,11/13
x81zs_epitcn01,TCNTCN165-NPZ7-L-A:SDR:PGD:REF:2TRK_1PP,TCNTCN,A,TCNTCN-<MOS>-A:SDR:PGD:REF:2TRK_1PP,5760,0.000173611,PGD ETE: 12 active TCN (VT) columns/unit x 2 LO<->HI tip-to-tip pair(s) each (LO1 tracks 4;20 vs HI1 tracks 11;13) = 24 LKG paths/unit; x 4x60 unit cells = 5760; Scalar = 1/5760,,,,,,,,,,,,,,,12,24,2,4/20,11/13
x81zs_epitcn01,TCNTCN132-NPZ5-L-B:VCR:PGD:CD:N4,TCNTCN,B,TCNTCN-<MOS>-B:VCR:PGD:CD:<SKEW>,5760,0.000173611,PGD ETE: 12 active TCN (VT) columns/unit x 2 LO<->HI tip-to-tip pair(s) each (LO1 tracks 6;14 vs HI1 tracks 4;16) = 24 LKG paths/unit; x 4x60 unit cells = 5760; Scalar = 1/5760,,,,,,,,,,,,,,,12,24,2,6/14,4/16
x81zs_epitcn01,TCNTCN132-NPZ5-L-B:VCR:PGD:CD:N2,TCNTCN,B,TCNTCN-<MOS>-B:VCR:PGD:CD:<SKEW>,5760,0.000173611,PGD ETE: 12 active TCN (VT) columns/unit x 2 LO<->HI tip-to-tip pair(s) each (LO1 tracks 6;14 vs HI1 tracks 4;16) = 24 LKG paths/unit; x 4x60 unit cells = 5760; Scalar = 1/5760,,,,,,,,,,,,,,,12,24,2,6/14,4/16
x81zs_epitcn01,TCNTCN132-NPZ5-L-B:VCR:PGD:CD:NOM,TCNTCN,B,TCNTCN-<MOS>-B:VCR:PGD:CD:NOM,5760,0.000173611,PGD ETE: 12 active TCN (VT) columns/unit x 2 LO<->HI tip-to-tip pair(s) each (LO1 tracks 6;14 vs HI1 tracks 4;16) = 24 LKG paths/unit; x 4x60 unit cells = 5760; Scalar = 1/5760,,,,,,,,,,,,,,,12,24,2,6/14,4/16
x81zs_epitcn01,TCNTCN132-NPZ5-L-B:VCR:PGD:CD:P2,TCNTCN,B,TCNTCN-<MOS>-B:VCR:PGD:CD:<SKEW>,5760,0.000173611,PGD ETE: 12 active TCN (VT) columns/unit x 2 LO<->HI tip-to-tip pair(s) each (LO1 tracks 6;14 vs HI1 tracks 4;16) = 24 LKG paths/unit; x 4x60 unit cells = 5760; Scalar = 1/5760,,,,,,,,,,,,,,,12,24,2,6/14,4/16
x81zs_epitcn01,TCNTCN132-NPZ5-L-B:VCR:PGD:CD:P4,TCNTCN,B,TCNTCN-<MOS>-B:VCR:PGD:CD:<SKEW>,5760,0.000173611,PGD ETE: 12 active TCN (VT) columns/unit x 2 LO<->HI tip-to-tip pair(s) each (LO1 tracks 6;14 vs HI1 tracks 4;16) = 24 LKG paths/unit; x 4x60 unit cells = 5760; Scalar = 1/5760,,,,,,,,,,,,,,,12,24,2,6/14,4/16
x81zs_epitcn01,TCNTCN132-NPZ5-L-B:VCR:PGD:REG:N4,TCNTCN,B,TCNTCN-<MOS>-B:VCR:PGD:REG:<SKEW>,5760,0.000173611,PGD ETE: 12 active TCN (VT) columns/unit x 2 LO<->HI tip-to-tip pair(s) each (LO1 tracks 6;14 vs HI1 tracks 4;16) = 24 LKG paths/unit; x 4x60 unit cells = 5760; Scalar = 1/5760,,,,,,,,,,,,,,,12,24,2,6/14,4/16
x81zs_epitcn01,TCNTCN132-NPZ5-L-B:VCR:PGD:REG:N2,TCNTCN,B,TCNTCN-<MOS>-B:VCR:PGD:REG:<SKEW>,5760,0.000173611,PGD ETE: 12 active TCN (VT) columns/unit x 2 LO<->HI tip-to-tip pair(s) each (LO1 tracks 6;14 vs HI1 tracks 4;16) = 24 LKG paths/unit; x 4x60 unit cells = 5760; Scalar = 1/5760,,,,,,,,,,,,,,,12,24,2,6/14,4/16
x81zs_epitcn01,TCNTCN132-NPZ5-L-B:VCR:PGD:REG:NOM,TCNTCN,B,TCNTCN-<MOS>-B:VCR:PGD:REG:NOM,5760,0.000173611,PGD ETE: 12 active TCN (VT) columns/unit x 2 LO<->HI tip-to-tip pair(s) each (LO1 tracks 6;14 vs HI1 tracks 4;16) = 24 LKG paths/unit; x 4x60 unit cells = 5760; Scalar = 1/5760,,,,,,,,,,,,,,,12,24,2,6/14,4/16
x81zs_epitcn01,TCNTCN132-NPZ5-L-B:VCR:PGD:REG:P2,TCNTCN,B,TCNTCN-<MOS>-B:VCR:PGD:REG:<SKEW>,5760,0.000173611,PGD ETE: 12 active TCN (VT) columns/unit x 2 LO<->HI tip-to-tip pair(s) each (LO1 tracks 6;14 vs HI1 tracks 4;16) = 24 LKG paths/unit; x 4x60 unit cells = 5760; Scalar = 1/5760,,,,,,,,,,,,,,,12,24,2,6/14,4/16
x81zs_epitcn01,TCNTCN132-NPZ5-L-B:VCR:PGD:REG:P4,TCNTCN,B,TCNTCN-<MOS>-B:VCR:PGD:REG:<SKEW>,5760,0.000173611,PGD ETE: 12 active TCN (VT) columns/unit x 2 LO<->HI tip-to-tip pair(s) each (LO1 tracks 6;14 vs HI1 tracks 4;16) = 24 LKG paths/unit; x 4x60 unit cells = 5760; Scalar = 1/5760,,,,,,,,,,,,,,,12,24,2,6/14,4/16
x81zs_epitcn01,TCNTCN132-NPZ5-L-A:GLK_OGD_DEN:1TRK_1PP,TCNTCN,A,TCNTCN-<MOS>-A:GLK_OGD_DEN:1TRK_1PP,5760,0.000173611,PGD ETE: 12 active TCN (VT) columns/unit x 2 LO<->HI tip-to-tip pair(s) each (LO1 tracks 6;14 vs HI1 tracks 9;11) = 24 LKG paths/unit; x 4x60 unit cells = 5760; Scalar = 1/5760,,,,,,,,,,,,,,,12,24,2,6/14,9/11
x81zs_epitcn01,TCNTCN132-NPZ5-L-A:PLG_OGD_DEN:1TRK_1PP,TCNTCN,A,TCNTCN-<MOS>-A:PLG_OGD_DEN:1TRK_1PP,5760,0.000173611,PGD ETE: 12 active TCN (VT) columns/unit x 2 LO<->HI tip-to-tip pair(s) each (LO1 tracks 6;14 vs HI1 tracks 9;11) = 24 LKG paths/unit; x 4x60 unit cells = 5760; Scalar = 1/5760,,,,,,,,,,,,,,,12,24,2,6/14,9/11
x81zs_epitcn01,TCNTCN132-NPZ5-L-A:LNK_OGD_DEN:1TRK_1PP,TCNTCN,A,TCNTCN-<MOS>-A:LNK_OGD_DEN:1TRK_1PP,5760,0.000173611,PGD ETE: 12 active TCN (VT) columns/unit x 2 LO<->HI tip-to-tip pair(s) each (LO1 tracks 6;14 vs HI1 tracks 9;11) = 24 LKG paths/unit; x 4x60 unit cells = 5760; Scalar = 1/5760,,,,,,,,,,,,,,,12,24,2,6/14,9/11
x81zs_epitcn01,TCNTCN132-NPZ5-L-A:TCP:PGD:CD:N2,TCNTCN,A,TCNTCN-<MOS>-A:TCP:PGD:CD:<SKEW>,5760,0.000173611,PGD ETE: 12 active TCN (VT) columns/unit x 2 LO<->HI tip-to-tip pair(s) each (LO1 tracks 4;16 vs HI1 tracks 9;11) = 24 LKG paths/unit; x 4x60 unit cells = 5760; Scalar = 1/5760,,,,,,,,,,,,,,,12,24,2,4/16,9/11
x81zs_epitcn01,TCNTCN132-NPZ5-L-A:TCP:PGD:CD:N1,TCNTCN,A,TCNTCN-<MOS>-A:TCP:PGD:CD:<SKEW>,5760,0.000173611,PGD ETE: 12 active TCN (VT) columns/unit x 2 LO<->HI tip-to-tip pair(s) each (LO1 tracks 4;16 vs HI1 tracks 9;11) = 24 LKG paths/unit; x 4x60 unit cells = 5760; Scalar = 1/5760,,,,,,,,,,,,,,,12,24,2,4/16,9/11
x81zs_epitcn01,TCNTCN132-NPZ5-L-A:TCP:PGD:CD:NOM,TCNTCN,A,TCNTCN-<MOS>-A:TCP:PGD:CD:NOM,5760,0.000173611,PGD ETE: 12 active TCN (VT) columns/unit x 2 LO<->HI tip-to-tip pair(s) each (LO1 tracks 4;16 vs HI1 tracks 9;11) = 24 LKG paths/unit; x 4x60 unit cells = 5760; Scalar = 1/5760,,,,,,,,,,,,,,,12,24,2,4/16,9/11
x81zs_epitcn01,TCNTCN132-NPZ5-L-A:TCP:PGD:CD:P1,TCNTCN,A,TCNTCN-<MOS>-A:TCP:PGD:CD:<SKEW>,5760,0.000173611,PGD ETE: 12 active TCN (VT) columns/unit x 2 LO<->HI tip-to-tip pair(s) each (LO1 tracks 4;16 vs HI1 tracks 9;11) = 24 LKG paths/unit; x 4x60 unit cells = 5760; Scalar = 1/5760,,,,,,,,,,,,,,,12,24,2,4/16,9/11
x81zs_epitcn01,TCNTCN132-NPZ5-L-A:TCP:PGD:CD:P2,TCNTCN,A,TCNTCN-<MOS>-A:TCP:PGD:CD:<SKEW>,5760,0.000173611,PGD ETE: 12 active TCN (VT) columns/unit x 2 LO<->HI tip-to-tip pair(s) each (LO1 tracks 4;16 vs HI1 tracks 9;11) = 24 LKG paths/unit; x 4x60 unit cells = 5760; Scalar = 1/5760,,,,,,,,,,,,,,,12,24,2,4/16,9/11
x81zs_epitcn01,TCNTCN132-NPZ5-L-A:TCP:PGD:CD:P4,TCNTCN,A,TCNTCN-<MOS>-A:TCP:PGD:CD:<SKEW>,5760,0.000173611,PGD ETE: 12 active TCN (VT) columns/unit x 2 LO<->HI tip-to-tip pair(s) each (LO1 tracks 4;16 vs HI1 tracks 9;11) = 24 LKG paths/unit; x 4x60 unit cells = 5760; Scalar = 1/5760,,,,,,,,,,,,,,,12,24,2,4/16,9/11
x81zs_epitcn01,TCNTCN132-NPZ5-L-A:TCP:PGD:CD:P6,TCNTCN,A,TCNTCN-<MOS>-A:TCP:PGD:CD:<SKEW>,5760,0.000173611,PGD ETE: 12 active TCN (VT) columns/unit x 2 LO<->HI tip-to-tip pair(s) each (LO1 tracks 4;16 vs HI1 tracks 9;11) = 24 LKG paths/unit; x 4x60 unit cells = 5760; Scalar = 1/5760,,,,,,,,,,,,,,,12,24,2,4/16,9/11
x81zs_epitcn01,TCNTCN132-NPZ5-L-A:TCP:PGD:CD:P8,TCNTCN,A,TCNTCN-<MOS>-A:TCP:PGD:CD:<SKEW>,5760,0.000173611,PGD ETE: 12 active TCN (VT) columns/unit x 2 LO<->HI tip-to-tip pair(s) each (LO1 tracks 4;16 vs HI1 tracks 9;11) = 24 LKG paths/unit; x 4x60 unit cells = 5760; Scalar = 1/5760,,,,,,,,,,,,,,,12,24,2,4/16,9/11
x81zs_epitcn01,TCNTCN132-NPZ5-L-A:TCP:PGD:REG:N5,TCNTCN,A,TCNTCN-<MOS>-A:TCP:PGD:REG:<SKEW>,5760,0.000173611,PGD ETE: 12 active TCN (VT) columns/unit x 2 LO<->HI tip-to-tip pair(s) each (LO1 tracks 4;16 vs HI1 tracks 9;11) = 24 LKG paths/unit; x 4x60 unit cells = 5760; Scalar = 1/5760,,,,,,,,,,,,,,,12,24,2,4/16,9/11
x81zs_epitcn01,TCNTCN132-NPZ5-L-A:TCP:PGD:REG:N3,TCNTCN,A,TCNTCN-<MOS>-A:TCP:PGD:REG:<SKEW>,5760,0.000173611,PGD ETE: 12 active TCN (VT) columns/unit x 2 LO<->HI tip-to-tip pair(s) each (LO1 tracks 4;16 vs HI1 tracks 9;11) = 24 LKG paths/unit; x 4x60 unit cells = 5760; Scalar = 1/5760,,,,,,,,,,,,,,,12,24,2,4/16,9/11
x81zs_epitcn01,TCNTCN132-NPZ5-L-A:TCP:PGD:REG:N1,TCNTCN,A,TCNTCN-<MOS>-A:TCP:PGD:REG:<SKEW>,5760,0.000173611,PGD ETE: 12 active TCN (VT) columns/unit x 2 LO<->HI tip-to-tip pair(s) each (LO1 tracks 4;16 vs HI1 tracks 9;11) = 24 LKG paths/unit; x 4x60 unit cells = 5760; Scalar = 1/5760,,,,,,,,,,,,,,,12,24,2,4/16,9/11
x81zs_epitcn01,TCNTCN132-NPZ5-L-A:TCP:PGD:REG:NOM,TCNTCN,A,TCNTCN-<MOS>-A:TCP:PGD:REG:NOM,5760,0.000173611,PGD ETE: 12 active TCN (VT) columns/unit x 2 LO<->HI tip-to-tip pair(s) each (LO1 tracks 4;16 vs HI1 tracks 9;11) = 24 LKG paths/unit; x 4x60 unit cells = 5760; Scalar = 1/5760,,,,,,,,,,,,,,,12,24,2,4/16,9/11
x81zs_epitcn01,TCNTCN132-NPZ5-L-A:TCP:PGD:REG:P1,TCNTCN,A,TCNTCN-<MOS>-A:TCP:PGD:REG:<SKEW>,5760,0.000173611,PGD ETE: 12 active TCN (VT) columns/unit x 2 LO<->HI tip-to-tip pair(s) each (LO1 tracks 4;16 vs HI1 tracks 9;11) = 24 LKG paths/unit; x 4x60 unit cells = 5760; Scalar = 1/5760,,,,,,,,,,,,,,,12,24,2,4/16,9/11
x81zs_epitcn01,TCNTCN132-NPZ5-L-A:TCP:PGD:REG:P3,TCNTCN,A,TCNTCN-<MOS>-A:TCP:PGD:REG:<SKEW>,5760,0.000173611,PGD ETE: 12 active TCN (VT) columns/unit x 2 LO<->HI tip-to-tip pair(s) each (LO1 tracks 4;16 vs HI1 tracks 9;11) = 24 LKG paths/unit; x 4x60 unit cells = 5760; Scalar = 1/5760,,,,,,,,,,,,,,,12,24,2,4/16,9/11
x81zs_epitcn01,TCNTCN132-NPZ5-L-A:TCP:PGD:REG:P5,TCNTCN,A,TCNTCN-<MOS>-A:TCP:PGD:REG:<SKEW>,5760,0.000173611,PGD ETE: 12 active TCN (VT) columns/unit x 2 LO<->HI tip-to-tip pair(s) each (LO1 tracks 4;16 vs HI1 tracks 9;11) = 24 LKG paths/unit; x 4x60 unit cells = 5760; Scalar = 1/5760,,,,,,,,,,,,,,,12,24,2,4/16,9/11
x81zs_epitcn01,EPIEPI132-NZ5-L-A:SDR:PGD:REF:1TRK_1PP,EPIEPI,A,EPIEPI-<MOS>-A:SDR:PGD:REF:1TRK_1PP,5760,0.000173611,PGD ETE: 12 active epi/TCN (VT) columns/unit x 2 LO<->HI tip-to-tip pair(s) each (LO1 tracks 6;14 vs HI1 tracks 9;11) = 24 LKG paths/unit; x 4x60 unit cells = 5760; Scalar = 1/5760,,,,,,,,,,,,,,,12,24,2,6/14,9/11
x81zs_epitcn01,EPIEPI132-PZ5-L-A:SDR:PGD:REF:1TRK_1PP,EPIEPI,A,EPIEPI-<MOS>-A:SDR:PGD:REF:1TRK_1PP,5760,0.000173611,PGD ETE: 12 active epi/TCN (VT) columns/unit x 2 LO<->HI tip-to-tip pair(s) each (LO1 tracks 6;14 vs HI1 tracks 9;11) = 24 LKG paths/unit; x 4x60 unit cells = 5760; Scalar = 1/5760,,,,,,,,,,,,,,,12,24,2,6/14,9/11
x81zs_epitcn01,EPIEPI132-NPZ5-L-A:SDR:PGD:REF:1TRK_1PP,EPIEPI,A,EPIEPI-<MOS>-A:SDR:PGD:REF:1TRK_1PP,5760,0.000173611,PGD ETE: 12 active epi/TCN (VT) columns/unit x 2 LO<->HI tip-to-tip pair(s) each (LO1 tracks 6;14 vs HI1 tracks 9;11) = 24 LKG paths/unit; x 4x60 unit cells = 5760; Scalar = 1/5760,,,,,,,,,,,,,,,12,24,2,6/14,9/11
x81zs_epitcn01,EPIEPI165-NZ7-L-A:SDR:PGD:REF:1TRK_1PP,EPIEPI,A,EPIEPI-<MOS>-A:SDR:PGD:REF:1TRK_1PP,5760,0.000173611,PGD ETE: 12 active epi/TCN (VT) columns/unit x 2 LO<->HI tip-to-tip pair(s) each (LO1 tracks 7;17 vs HI1 tracks 11;13) = 24 LKG paths/unit; x 4x60 unit cells = 5760; Scalar = 1/5760,,,,,,,,,,,,,,,12,24,2,7/17,11/13
x81zs_epitcn01,EPIEPI165-PZ7-L-A:SDR:PGD:REF:1TRK_1PP,EPIEPI,A,EPIEPI-<MOS>-A:SDR:PGD:REF:1TRK_1PP,5760,0.000173611,PGD ETE: 12 active epi/TCN (VT) columns/unit x 2 LO<->HI tip-to-tip pair(s) each (LO1 tracks 7;17 vs HI1 tracks 11;13) = 24 LKG paths/unit; x 4x60 unit cells = 5760; Scalar = 1/5760,,,,,,,,,,,,,,,12,24,2,7/17,11/13
x81zs_epitcn01,EPIEPI165-NPZ7-L-A:SDR:PGD:REF:1TRK_1PP,EPIEPI,A,EPIEPI-<MOS>-A:SDR:PGD:REF:1TRK_1PP,5760,0.000173611,PGD ETE: 12 active epi/TCN (VT) columns/unit x 2 LO<->HI tip-to-tip pair(s) each (LO1 tracks 7;17 vs HI1 tracks 11;13) = 24 LKG paths/unit; x 4x60 unit cells = 5760; Scalar = 1/5760,,,,,,,,,,,,,,,12,24,2,7/17,11/13
x81zs_epitcn01,EPIEPI132-NZ5-L-A:SDR:PGD:REF:2TRK_1PP,EPIEPI,A,EPIEPI-<MOS>-A:SDR:PGD:REF:2TRK_1PP,5760,0.000173611,PGD ETE: 12 active epi/TCN (VT) columns/unit x 2 LO<->HI tip-to-tip pair(s) each (LO1 tracks 4;16 vs HI1 tracks 9;11) = 24 LKG paths/unit; x 4x60 unit cells = 5760; Scalar = 1/5760,,,,,,,,,,,,,,,12,24,2,4/16,9/11
x81zs_epitcn01,EPIEPI132-PZ5-L-A:SDR:PGD:REF:2TRK_1PP,EPIEPI,A,EPIEPI-<MOS>-A:SDR:PGD:REF:2TRK_1PP,5760,0.000173611,PGD ETE: 12 active epi/TCN (VT) columns/unit x 2 LO<->HI tip-to-tip pair(s) each (LO1 tracks 4;16 vs HI1 tracks 9;11) = 24 LKG paths/unit; x 4x60 unit cells = 5760; Scalar = 1/5760,,,,,,,,,,,,,,,12,24,2,4/16,9/11
x81zs_epitcn01,EPIEPI132-NPZ5-L-A:SDR:PGD:REF:2TRK_1PP,EPIEPI,A,EPIEPI-<MOS>-A:SDR:PGD:REF:2TRK_1PP,5760,0.000173611,PGD ETE: 12 active epi/TCN (VT) columns/unit x 2 LO<->HI tip-to-tip pair(s) each (LO1 tracks 4;16 vs HI1 tracks 9;11) = 24 LKG paths/unit; x 4x60 unit cells = 5760; Scalar = 1/5760,,,,,,,,,,,,,,,12,24,2,4/16,9/11
x81zs_epitcn01,EPIEPI165-NZ7-L-A:SDR:PGD:REF:2TRK_1PP,EPIEPI,A,EPIEPI-<MOS>-A:SDR:PGD:REF:2TRK_1PP,5760,0.000173611,PGD ETE: 12 active epi/TCN (VT) columns/unit x 2 LO<->HI tip-to-tip pair(s) each (LO1 tracks 4;20 vs HI1 tracks 11;13) = 24 LKG paths/unit; x 4x60 unit cells = 5760; Scalar = 1/5760,,,,,,,,,,,,,,,12,24,2,4/20,11/13
x81zs_epitcn01,EPIEPI165-PZ7-L-A:SDR:PGD:REF:2TRK_1PP,EPIEPI,A,EPIEPI-<MOS>-A:SDR:PGD:REF:2TRK_1PP,5760,0.000173611,PGD ETE: 12 active epi/TCN (VT) columns/unit x 2 LO<->HI tip-to-tip pair(s) each (LO1 tracks 4;20 vs HI1 tracks 11;13) = 24 LKG paths/unit; x 4x60 unit cells = 5760; Scalar = 1/5760,,,,,,,,,,,,,,,12,24,2,4/20,11/13
x81zs_epitcn01,EPIEPI165-NPZ7-L-A:SDR:PGD:REF:2TRK_1PP,EPIEPI,A,EPIEPI-<MOS>-A:SDR:PGD:REF:2TRK_1PP,5760,0.000173611,PGD ETE: 12 active epi/TCN (VT) columns/unit x 2 LO<->HI tip-to-tip pair(s) each (LO1 tracks 4;20 vs HI1 tracks 11;13) = 24 LKG paths/unit; x 4x60 unit cells = 5760; Scalar = 1/5760,,,,,,,,,,,,,,,12,24,2,4/20,11/13
x81zs_epitcn01,EPIEPI132-NPZ5-L-A:GLK_OGD_DEN:1TRK_1PP,EPIEPI,A,EPIEPI-<MOS>-A:GLK_OGD_DEN:1TRK_1PP,5760,0.000173611,PGD ETE: 12 active epi/TCN (VT) columns/unit x 2 LO<->HI tip-to-tip pair(s) each (LO1 tracks 6;14 vs HI1 tracks 9;11) = 24 LKG paths/unit; x 4x60 unit cells = 5760; Scalar = 1/5760,,,,,,,,,,,,,,,12,24,2,6/14,9/11
x81zs_epitcn01,EPIEPI132-NPZ5-L-A:PLG_OGD_DEN:1TRK_1PP,EPIEPI,A,EPIEPI-<MOS>-A:PLG_OGD_DEN:1TRK_1PP,5760,0.000173611,PGD ETE: 12 active epi/TCN (VT) columns/unit x 2 LO<->HI tip-to-tip pair(s) each (LO1 tracks 6;14 vs HI1 tracks 9;11) = 24 LKG paths/unit; x 4x60 unit cells = 5760; Scalar = 1/5760,,,,,,,,,,,,,,,12,24,2,6/14,9/11
x81zs_epitcn01,EPIEPI132-NPZ5-L-A:LNK_OGD_DEN:1TRK_1PP,EPIEPI,A,EPIEPI-<MOS>-A:LNK_OGD_DEN:1TRK_1PP,5760,0.000173611,PGD ETE: 12 active epi/TCN (VT) columns/unit x 2 LO<->HI tip-to-tip pair(s) each (LO1 tracks 6;14 vs HI1 tracks 9;11) = 24 LKG paths/unit; x 4x60 unit cells = 5760; Scalar = 1/5760,,,,,,,,,,,,,,,12,24,2,6/14,9/11
x81zs_epitcn01,EPIEPI132-NZ5-L-A:NPXL:PGD:REF:1TRK_1PP,EPIEPI,A,EPIEPI-<MOS>-A:NPXL:PGD:REF:1TRK_1PP,5760,0.000173611,PGD ETE: 12 active epi/TCN (VT) columns/unit x 2 LO<->HI tip-to-tip pair(s) each (LO1 tracks 6;14 vs HI1 tracks 9;11) = 24 LKG paths/unit; x 4x60 unit cells = 5760; Scalar = 1/5760,,,,,,,,,,,,,,,12,24,2,6/14,9/11
x81zs_epitcn01,EPIEPI132-PZ5-L-A:NPXL:PGD:REF:1TRK_1PP,EPIEPI,A,EPIEPI-<MOS>-A:NPXL:PGD:REF:1TRK_1PP,5760,0.000173611,PGD ETE: 12 active epi/TCN (VT) columns/unit x 2 LO<->HI tip-to-tip pair(s) each (LO1 tracks 6;14 vs HI1 tracks 9;11) = 24 LKG paths/unit; x 4x60 unit cells = 5760; Scalar = 1/5760,,,,,,,,,,,,,,,12,24,2,6/14,9/11
x81zs_epitcn01,EPIEPI132-NPZ5-L-A:NPXL:PGD:REF:1TRK_1PP,EPIEPI,A,EPIEPI-<MOS>-A:NPXL:PGD:REF:1TRK_1PP,5760,0.000173611,PGD ETE: 12 active epi/TCN (VT) columns/unit x 2 LO<->HI tip-to-tip pair(s) each (LO1 tracks 6;14 vs HI1 tracks 9;11) = 24 LKG paths/unit; x 4x60 unit cells = 5760; Scalar = 1/5760,,,,,,,,,,,,,,,12,24,2,6/14,9/11
x81zs_epitcn01,EPIEPI165-NZ7-L-A:NPXL:PGD:REF:1TRK_1PP,EPIEPI,A,EPIEPI-<MOS>-A:NPXL:PGD:REF:1TRK_1PP,5760,0.000173611,PGD ETE: 12 active epi/TCN (VT) columns/unit x 2 LO<->HI tip-to-tip pair(s) each (LO1 tracks 7;17 vs HI1 tracks 11;13) = 24 LKG paths/unit; x 4x60 unit cells = 5760; Scalar = 1/5760,,,,,,,,,,,,,,,12,24,2,7/17,11/13
x81zs_epitcn01,EPIEPI165-PZ7-L-A:NPXL:PGD:REF:1TRK_1PP,EPIEPI,A,EPIEPI-<MOS>-A:NPXL:PGD:REF:1TRK_1PP,5760,0.000173611,PGD ETE: 12 active epi/TCN (VT) columns/unit x 2 LO<->HI tip-to-tip pair(s) each (LO1 tracks 7;17 vs HI1 tracks 11;13) = 24 LKG paths/unit; x 4x60 unit cells = 5760; Scalar = 1/5760,,,,,,,,,,,,,,,12,24,2,7/17,11/13
x81zs_epitcn01,EPIEPI165-NPZ7-L-A:NPXL:PGD:REF:1TRK_1PP,EPIEPI,A,EPIEPI-<MOS>-A:NPXL:PGD:REF:1TRK_1PP,5760,0.000173611,PGD ETE: 12 active epi/TCN (VT) columns/unit x 2 LO<->HI tip-to-tip pair(s) each (LO1 tracks 7;17 vs HI1 tracks 11;13) = 24 LKG paths/unit; x 4x60 unit cells = 5760; Scalar = 1/5760,,,,,,,,,,,,,,,12,24,2,7/17,11/13
x81zs_epitcn01,EPIEPI132-NZ5-L-A:NPXL:PGD:REF:2TRK_1PP,EPIEPI,A,EPIEPI-<MOS>-A:NPXL:PGD:REF:2TRK_1PP,5760,0.000173611,PGD ETE: 12 active epi/TCN (VT) columns/unit x 2 LO<->HI tip-to-tip pair(s) each (LO1 tracks 4;16 vs HI1 tracks 9;11) = 24 LKG paths/unit; x 4x60 unit cells = 5760; Scalar = 1/5760,,,,,,,,,,,,,,,12,24,2,4/16,9/11
x81zs_epitcn01,EPIEPI132-PZ5-L-A:NPXL:PGD:REF:2TRK_1PP,EPIEPI,A,EPIEPI-<MOS>-A:NPXL:PGD:REF:2TRK_1PP,5760,0.000173611,PGD ETE: 12 active epi/TCN (VT) columns/unit x 2 LO<->HI tip-to-tip pair(s) each (LO1 tracks 4;16 vs HI1 tracks 9;11) = 24 LKG paths/unit; x 4x60 unit cells = 5760; Scalar = 1/5760,,,,,,,,,,,,,,,12,24,2,4/16,9/11
x81zs_epitcn01,EPIEPI132-NPZ5-L-A:NPXL:PGD:REF:2TRK_1PP,EPIEPI,A,EPIEPI-<MOS>-A:NPXL:PGD:REF:2TRK_1PP,5760,0.000173611,PGD ETE: 12 active epi/TCN (VT) columns/unit x 2 LO<->HI tip-to-tip pair(s) each (LO1 tracks 4;16 vs HI1 tracks 9;11) = 24 LKG paths/unit; x 4x60 unit cells = 5760; Scalar = 1/5760,,,,,,,,,,,,,,,12,24,2,4/16,9/11
x81zs_epitcn01,EPIEPI165-NZ7-L-A:NPXL:PGD:REF:2TRK_1PP,EPIEPI,A,EPIEPI-<MOS>-A:NPXL:PGD:REF:2TRK_1PP,5760,0.000173611,PGD ETE: 12 active epi/TCN (VT) columns/unit x 2 LO<->HI tip-to-tip pair(s) each (LO1 tracks 4;20 vs HI1 tracks 11;13) = 24 LKG paths/unit; x 4x60 unit cells = 5760; Scalar = 1/5760,,,,,,,,,,,,,,,12,24,2,4/20,11/13
x81zs_epitcn01,EPIEPI165-PZ7-L-A:NPXL:PGD:REF:2TRK_1PP,EPIEPI,A,EPIEPI-<MOS>-A:NPXL:PGD:REF:2TRK_1PP,5760,0.000173611,PGD ETE: 12 active epi/TCN (VT) columns/unit x 2 LO<->HI tip-to-tip pair(s) each (LO1 tracks 4;20 vs HI1 tracks 11;13) = 24 LKG paths/unit; x 4x60 unit cells = 5760; Scalar = 1/5760,,,,,,,,,,,,,,,12,24,2,4/20,11/13
x81zs_epitcn01,EPIEPI165-NPZ7-L-A:NPXL:PGD:REF:2TRK_1PP,EPIEPI,A,EPIEPI-<MOS>-A:NPXL:PGD:REF:2TRK_1PP,5760,0.000173611,PGD ETE: 12 active epi/TCN (VT) columns/unit x 2 LO<->HI tip-to-tip pair(s) each (LO1 tracks 4;20 vs HI1 tracks 11;13) = 24 LKG paths/unit; x 4x60 unit cells = 5760; Scalar = 1/5760,,,,,,,,,,,,,,,12,24,2,4/20,11/13
x81zs_epitcn01,EPIEPI132-NPZ5-L-A:NPXL_PLG_OGD_DEN:1TRK_1PP,EPIEPI,A,EPIEPI-<MOS>-A:NPXL_PLG_OGD_DEN:1TRK_1PP,5760,0.000173611,PGD ETE: 12 active epi/TCN (VT) columns/unit x 2 LO<->HI tip-to-tip pair(s) each (LO1 tracks 6;14 vs HI1 tracks 9;11) = 24 LKG paths/unit; x 4x60 unit cells = 5760; Scalar = 1/5760,,,,,,,,,,,,,,,12,24,2,6/14,9/11
x81zs_epitcn01,EPIEPI132-NPZ5-L-A:NPXL_LNK_OGD_DEN:1TRK_1PP,EPIEPI,A,EPIEPI-<MOS>-A:NPXL_LNK_OGD_DEN:1TRK_1PP,5760,0.000173611,PGD ETE: 12 active epi/TCN (VT) columns/unit x 2 LO<->HI tip-to-tip pair(s) each (LO1 tracks 6;14 vs HI1 tracks 9;11) = 24 LKG paths/unit; x 4x60 unit cells = 5760; Scalar = 1/5760,,,,,,,,,,,,,,,12,24,2,6/14,9/11
x81zs_epitcn01,EPIEPI132-NZ5-L-A:SDR:PGD:NES:OUTERTRK,EPIEPI,A,EPIEPI-<MOS>-A:SDR:PGD:NES:OUTERTRK,5760,0.000173611,PGD ETE: 12 active epi/TCN (VT) columns/unit x 2 LO<->HI tip-to-tip pair(s) each (LO1 tracks 4;16 vs HI1 tracks 9;11) = 24 LKG paths/unit; x 4x60 unit cells = 5760; Scalar = 1/5760,,,,,,,,,,,,,,,12,24,2,4/16,9/11
x81zs_epitcn01,EPIEPI132-NZ5-L-A:SDR:PGD:NES:INNERTRK,EPIEPI,A,EPIEPI-<MOS>-A:SDR:PGD:NES:INNERTRK,5760,0.000173611,PGD ETE: 12 active epi/TCN (VT) columns/unit x 2 LO<->HI tip-to-tip pair(s) each (LO1 tracks 4;16 vs HI1 tracks 9;11) = 24 LKG paths/unit; x 4x60 unit cells = 5760; Scalar = 1/5760,,,,,,,,,,,,,,,12,24,2,4/16,9/11
x81zs_epitcn01,EPIEPI132-NZ5-L-A:SDR:PGD:NES:BOTHTRK,EPIEPI,A,EPIEPI-<MOS>-A:SDR:PGD:NES:BOTHTRK,5760,0.000173611,PGD ETE: 12 active epi/TCN (VT) columns/unit x 2 LO<->HI tip-to-tip pair(s) each (LO1 tracks 4;16 vs HI1 tracks 9;11) = 24 LKG paths/unit; x 4x60 unit cells = 5760; Scalar = 1/5760,,,,,,,,,,,,,,,12,24,2,4/16,9/11
x81zs_epitcn01,EPIEPI132-PZ5-L-A:SDR:PGD:ESD:OUTERTRK,EPIEPI,A,EPIEPI-<MOS>-A:SDR:PGD:ESD:OUTERTRK,5760,0.000173611,PGD ETE: 12 active epi/TCN (VT) columns/unit x 2 LO<->HI tip-to-tip pair(s) each (LO1 tracks 4;16 vs HI1 tracks 9;11) = 24 LKG paths/unit; x 4x60 unit cells = 5760; Scalar = 1/5760,,,,,,,,,,,,,,,12,24,2,4/16,9/11
x81zs_epitcn01,EPIEPI132-PZ5-L-A:SDR:PGD:ESD:INNERTRK,EPIEPI,A,EPIEPI-<MOS>-A:SDR:PGD:ESD:INNERTRK,5760,0.000173611,PGD ETE: 12 active epi/TCN (VT) columns/unit x 2 LO<->HI tip-to-tip pair(s) each (LO1 tracks 4;16 vs HI1 tracks 9;11) = 24 LKG paths/unit; x 4x60 unit cells = 5760; Scalar = 1/5760,,,,,,,,,,,,,,,12,24,2,4/16,9/11
x81zs_epitcn01,EPIEPI132-PZ5-L-A:SDR:PGD:ESD:BOTHTRK,EPIEPI,A,EPIEPI-<MOS>-A:SDR:PGD:ESD:BOTHTRK,5760,0.000173611,PGD ETE: 12 active epi/TCN (VT) columns/unit x 2 LO<->HI tip-to-tip pair(s) each (LO1 tracks 4;16 vs HI1 tracks 9;11) = 24 LKG paths/unit; x 4x60 unit cells = 5760; Scalar = 1/5760,,,,,,,,,,,,,,,12,24,2,4/16,9/11
x81zs_epitcn01,EPIEPI132-NPZ5-L-A:SDR:PGD:NES:2TRK_1PP,EPIEPI,A,EPIEPI-<MOS>-A:SDR:PGD:NES:2TRK_1PP,5760,0.000173611,PGD ETE: 12 active epi/TCN (VT) columns/unit x 2 LO<->HI tip-to-tip pair(s) each (LO1 tracks 4;16 vs HI1 tracks 9;11) = 24 LKG paths/unit; x 4x60 unit cells = 5760; Scalar = 1/5760,,,,,,,,,,,,,,,12,24,2,4/16,9/11
x81zs_epitcn01,EPIEPI132-NPZ5-L-A:SDR:PGD:ESD:2TRK_1PP,EPIEPI,A,EPIEPI-<MOS>-A:SDR:PGD:ESD:2TRK_1PP,5760,0.000173611,PGD ETE: 12 active epi/TCN (VT) columns/unit x 2 LO<->HI tip-to-tip pair(s) each (LO1 tracks 4;16 vs HI1 tracks 9;11) = 24 LKG paths/unit; x 4x60 unit cells = 5760; Scalar = 1/5760,,,,,,,,,,,,,,,12,24,2,4/16,9/11
x81zs_epitcn01,EPIEPI132-NPZ5-L-A:SDR:PGD:NESESD:2TRK_1PP,EPIEPI,A,EPIEPI-<MOS>-A:SDR:PGD:NESESD:2TRK_1PP,5760,0.000173611,PGD ETE: 12 active epi/TCN (VT) columns/unit x 2 LO<->HI tip-to-tip pair(s) each (LO1 tracks 4;16 vs HI1 tracks 9;11) = 24 LKG paths/unit; x 4x60 unit cells = 5760; Scalar = 1/5760,,,,,,,,,,,,,,,12,24,2,4/16,9/11
x81zs_epitcn01,EPIEPI132-NZ5-L-A:NDBI_SDR:PGD:REF:1TRK_1PP,EPIEPI,A,EPIEPI-<MOS>-A:NDBI_SDR:PGD:REF:1TRK_1PP,5760,0.000173611,PGD ETE: 12 active epi/TCN (VT) columns/unit x 2 LO<->HI tip-to-tip pair(s) each (LO1 tracks 6;14 vs HI1 tracks 9;11) = 24 LKG paths/unit; x 4x60 unit cells = 5760; Scalar = 1/5760,,,,,,,,,,,,,,,12,24,2,6/14,9/11
x81zs_epitcn01,EPIEPI132-PZ5-L-A:NDBI_SDR:PGD:REF:1TRK_1PP,EPIEPI,A,EPIEPI-<MOS>-A:NDBI_SDR:PGD:REF:1TRK_1PP,5760,0.000173611,PGD ETE: 12 active epi/TCN (VT) columns/unit x 2 LO<->HI tip-to-tip pair(s) each (LO1 tracks 6;14 vs HI1 tracks 9;11) = 24 LKG paths/unit; x 4x60 unit cells = 5760; Scalar = 1/5760,,,,,,,,,,,,,,,12,24,2,6/14,9/11
x81zs_epitcn01,EPIEPI132-NPZ5-L-A:NDBI_SDR:PGD:REF:1TRK_1PP,EPIEPI,A,EPIEPI-<MOS>-A:NDBI_SDR:PGD:REF:1TRK_1PP,5760,0.000173611,PGD ETE: 12 active epi/TCN (VT) columns/unit x 2 LO<->HI tip-to-tip pair(s) each (LO1 tracks 6;14 vs HI1 tracks 9;11) = 24 LKG paths/unit; x 4x60 unit cells = 5760; Scalar = 1/5760,,,,,,,,,,,,,,,12,24,2,6/14,9/11
x81zs_epitcn01,EPIEPI165-NZ7-L-A:NDBI_SDR:PGD:REF:1TRK_1PP,EPIEPI,A,EPIEPI-<MOS>-A:NDBI_SDR:PGD:REF:1TRK_1PP,5760,0.000173611,PGD ETE: 12 active epi/TCN (VT) columns/unit x 2 LO<->HI tip-to-tip pair(s) each (LO1 tracks 7;17 vs HI1 tracks 11;13) = 24 LKG paths/unit; x 4x60 unit cells = 5760; Scalar = 1/5760,,,,,,,,,,,,,,,12,24,2,7/17,11/13
x81zs_epitcn01,EPIEPI165-PZ7-L-A:NDBI_SDR:PGD:REF:1TRK_1PP,EPIEPI,A,EPIEPI-<MOS>-A:NDBI_SDR:PGD:REF:1TRK_1PP,5760,0.000173611,PGD ETE: 12 active epi/TCN (VT) columns/unit x 2 LO<->HI tip-to-tip pair(s) each (LO1 tracks 7;17 vs HI1 tracks 11;13) = 24 LKG paths/unit; x 4x60 unit cells = 5760; Scalar = 1/5760,,,,,,,,,,,,,,,12,24,2,7/17,11/13
x81zs_epitcn01,EPIEPI165-NPZ7-L-A:NDBI_SDR:PGD:REF:1TRK_1PP,EPIEPI,A,EPIEPI-<MOS>-A:NDBI_SDR:PGD:REF:1TRK_1PP,5760,0.000173611,PGD ETE: 12 active epi/TCN (VT) columns/unit x 2 LO<->HI tip-to-tip pair(s) each (LO1 tracks 7;17 vs HI1 tracks 11;13) = 24 LKG paths/unit; x 4x60 unit cells = 5760; Scalar = 1/5760,,,,,,,,,,,,,,,12,24,2,7/17,11/13
x81zs_epitcn01,EPIEPI132-NZ5-L-A:NDBI_SDR:PGD:REF:2TRK_1PP,EPIEPI,A,EPIEPI-<MOS>-A:NDBI_SDR:PGD:REF:2TRK_1PP,5760,0.000173611,PGD ETE: 12 active epi/TCN (VT) columns/unit x 2 LO<->HI tip-to-tip pair(s) each (LO1 tracks 4;16 vs HI1 tracks 9;11) = 24 LKG paths/unit; x 4x60 unit cells = 5760; Scalar = 1/5760,,,,,,,,,,,,,,,12,24,2,4/16,9/11
x81zs_epitcn01,EPIEPI132-PZ5-L-A:NDBI_SDR:PGD:REF:2TRK_1PP,EPIEPI,A,EPIEPI-<MOS>-A:NDBI_SDR:PGD:REF:2TRK_1PP,5760,0.000173611,PGD ETE: 12 active epi/TCN (VT) columns/unit x 2 LO<->HI tip-to-tip pair(s) each (LO1 tracks 4;16 vs HI1 tracks 9;11) = 24 LKG paths/unit; x 4x60 unit cells = 5760; Scalar = 1/5760,,,,,,,,,,,,,,,12,24,2,4/16,9/11
x81zs_epitcn01,EPIEPI132-NPZ5-L-A:NDBI_SDR:PGD:REF:2TRK_1PP,EPIEPI,A,EPIEPI-<MOS>-A:NDBI_SDR:PGD:REF:2TRK_1PP,5760,0.000173611,PGD ETE: 12 active epi/TCN (VT) columns/unit x 2 LO<->HI tip-to-tip pair(s) each (LO1 tracks 4;16 vs HI1 tracks 9;11) = 24 LKG paths/unit; x 4x60 unit cells = 5760; Scalar = 1/5760,,,,,,,,,,,,,,,12,24,2,4/16,9/11
x81zs_epitcn01,EPIEPI165-NZ7-L-A:NDBI_SDR:PGD:REF:2TRK_1PP,EPIEPI,A,EPIEPI-<MOS>-A:NDBI_SDR:PGD:REF:2TRK_1PP,5760,0.000173611,PGD ETE: 12 active epi/TCN (VT) columns/unit x 2 LO<->HI tip-to-tip pair(s) each (LO1 tracks 4;20 vs HI1 tracks 11;13) = 24 LKG paths/unit; x 4x60 unit cells = 5760; Scalar = 1/5760,,,,,,,,,,,,,,,12,24,2,4/20,11/13
x81zs_epitcn01,EPIEPI165-PZ7-L-A:NDBI_SDR:PGD:REF:2TRK_1PP,EPIEPI,A,EPIEPI-<MOS>-A:NDBI_SDR:PGD:REF:2TRK_1PP,5760,0.000173611,PGD ETE: 12 active epi/TCN (VT) columns/unit x 2 LO<->HI tip-to-tip pair(s) each (LO1 tracks 4;20 vs HI1 tracks 11;13) = 24 LKG paths/unit; x 4x60 unit cells = 5760; Scalar = 1/5760,,,,,,,,,,,,,,,12,24,2,4/20,11/13
x81zs_epitcn01,EPIEPI165-NPZ7-L-A:NDBI_SDR:PGD:REF:2TRK_1PP,EPIEPI,A,EPIEPI-<MOS>-A:NDBI_SDR:PGD:REF:2TRK_1PP,5760,0.000173611,PGD ETE: 12 active epi/TCN (VT) columns/unit x 2 LO<->HI tip-to-tip pair(s) each (LO1 tracks 4;20 vs HI1 tracks 11;13) = 24 LKG paths/unit; x 4x60 unit cells = 5760; Scalar = 1/5760,,,,,,,,,,,,,,,12,24,2,4/20,11/13
x81zs_epitcn01,EPIEPI132-NPZ5-L-A:NDBI_GLK_OGD_DEN:1TRK_1PP,EPIEPI,A,EPIEPI-<MOS>-A:NDBI_GLK_OGD_DEN:1TRK_1PP,5760,0.000173611,PGD ETE: 12 active epi/TCN (VT) columns/unit x 2 LO<->HI tip-to-tip pair(s) each (LO1 tracks 6;14 vs HI1 tracks 9;11) = 24 LKG paths/unit; x 4x60 unit cells = 5760; Scalar = 1/5760,,,,,,,,,,,,,,,12,24,2,6/14,9/11
x81zs_epitcn01,EPIEPI132-NPZ5-L-A:NDBI_PLG_OGD_DEN:1TRK_1PP,EPIEPI,A,EPIEPI-<MOS>-A:NDBI_PLG_OGD_DEN:1TRK_1PP,5760,0.000173611,PGD ETE: 12 active epi/TCN (VT) columns/unit x 2 LO<->HI tip-to-tip pair(s) each (LO1 tracks 6;14 vs HI1 tracks 9;11) = 24 LKG paths/unit; x 4x60 unit cells = 5760; Scalar = 1/5760,,,,,,,,,,,,,,,12,24,2,6/14,9/11
x81zs_epitcn01,EPIEPI132-NPZ5-L-A:NDBI_LNK_OGD_DEN:1TRK_1PP,EPIEPI,A,EPIEPI-<MOS>-A:NDBI_LNK_OGD_DEN:1TRK_1PP,5760,0.000173611,PGD ETE: 12 active epi/TCN (VT) columns/unit x 2 LO<->HI tip-to-tip pair(s) each (LO1 tracks 6;14 vs HI1 tracks 9;11) = 24 LKG paths/unit; x 4x60 unit cells = 5760; Scalar = 1/5760,,,,,,,,,,,,,,,12,24,2,6/14,9/11
x81zs_gategate01,GATEGATE132-NZ5-H-A:SDR:PGD:REF:1TRK_1PP,GATEGATE,A,GATEGATE-<MOS>-A:SDR:PGD:REF:1TRK_1PP,10800,9.25926e-05,PGD ETE: 18 active gate (VG) columns/unit x 2 LO<->HI tip-to-tip pair(s) each (LO1 tracks 6;14 vs HI1 tracks 9;11) = 36 LKG paths/unit; x 5x60 unit cells = 10800; Scalar = 1/10800,,,,,,,,,,,,,,,18,36,2,6/14,9/11
x81zs_gategate01,GATEGATE132-NPZ5-H-A:SDR:PGD:REF:1TRK_1PP,GATEGATE,A,GATEGATE-<MOS>-A:SDR:PGD:REF:1TRK_1PP,10800,9.25926e-05,PGD ETE: 18 active gate (VG) columns/unit x 2 LO<->HI tip-to-tip pair(s) each (LO1 tracks 6;14 vs HI1 tracks 9;11) = 36 LKG paths/unit; x 5x60 unit cells = 10800; Scalar = 1/10800,,,,,,,,,,,,,,,18,36,2,6/14,9/11
x81zs_gategate01,GATEGATE132-PZ5-H-A:SDR:PGD:REF:1TRK_1PP,GATEGATE,A,GATEGATE-<MOS>-A:SDR:PGD:REF:1TRK_1PP,10800,9.25926e-05,PGD ETE: 18 active gate (VG) columns/unit x 2 LO<->HI tip-to-tip pair(s) each (LO1 tracks 6;14 vs HI1 tracks 9;11) = 36 LKG paths/unit; x 5x60 unit cells = 10800; Scalar = 1/10800,,,,,,,,,,,,,,,18,36,2,6/14,9/11
x81zs_gategate01,GATEGATE132-NZ5-S-A:SDR:PGD:REF:1TRK_1PP,GATEGATE,A,GATEGATE-<MOS>-A:SDR:PGD:REF:1TRK_1PP,10800,9.25926e-05,PGD ETE: 18 active gate (VG) columns/unit x 2 LO<->HI tip-to-tip pair(s) each (LO1 tracks 6;14 vs HI1 tracks 9;11) = 36 LKG paths/unit; x 5x60 unit cells = 10800; Scalar = 1/10800,,,,,,,,,,,,,,,18,36,2,6/14,9/11
x81zs_gategate01,GATEGATE132-NPZ5-S-A:SDR:PGD:REF:1TRK_1PP,GATEGATE,A,GATEGATE-<MOS>-A:SDR:PGD:REF:1TRK_1PP,10800,9.25926e-05,PGD ETE: 18 active gate (VG) columns/unit x 2 LO<->HI tip-to-tip pair(s) each (LO1 tracks 6;14 vs HI1 tracks 9;11) = 36 LKG paths/unit; x 5x60 unit cells = 10800; Scalar = 1/10800,,,,,,,,,,,,,,,18,36,2,6/14,9/11
x81zs_gategate01,GATEGATE132-PZ5-S-A:SDR:PGD:REF:1TRK_1PP,GATEGATE,A,GATEGATE-<MOS>-A:SDR:PGD:REF:1TRK_1PP,10800,9.25926e-05,PGD ETE: 18 active gate (VG) columns/unit x 2 LO<->HI tip-to-tip pair(s) each (LO1 tracks 6;14 vs HI1 tracks 9;11) = 36 LKG paths/unit; x 5x60 unit cells = 10800; Scalar = 1/10800,,,,,,,,,,,,,,,18,36,2,6/14,9/11
x81zs_gategate01,GATEGATE132-NZ5-L-A:SDR:PGD:REF:1TRK_1PP,GATEGATE,A,GATEGATE-<MOS>-A:SDR:PGD:REF:1TRK_1PP,10800,9.25926e-05,PGD ETE: 18 active gate (VG) columns/unit x 2 LO<->HI tip-to-tip pair(s) each (LO1 tracks 6;14 vs HI1 tracks 9;11) = 36 LKG paths/unit; x 5x60 unit cells = 10800; Scalar = 1/10800,,,,,,,,,,,,,,,18,36,2,6/14,9/11
x81zs_gategate01,GATEGATE132-NPZ5-L-A:SDR:PGD:REF:1TRK_1PP,GATEGATE,A,GATEGATE-<MOS>-A:SDR:PGD:REF:1TRK_1PP,10800,9.25926e-05,PGD ETE: 18 active gate (VG) columns/unit x 2 LO<->HI tip-to-tip pair(s) each (LO1 tracks 6;14 vs HI1 tracks 9;11) = 36 LKG paths/unit; x 5x60 unit cells = 10800; Scalar = 1/10800,,,,,,,,,,,,,,,18,36,2,6/14,9/11
x81zs_gategate01,GATEGATE132-PZ5-L-A:SDR:PGD:REF:1TRK_1PP,GATEGATE,A,GATEGATE-<MOS>-A:SDR:PGD:REF:1TRK_1PP,10800,9.25926e-05,PGD ETE: 18 active gate (VG) columns/unit x 2 LO<->HI tip-to-tip pair(s) each (LO1 tracks 6;14 vs HI1 tracks 9;11) = 36 LKG paths/unit; x 5x60 unit cells = 10800; Scalar = 1/10800,,,,,,,,,,,,,,,18,36,2,6/14,9/11
x81zs_gategate01,GATEGATE132-NZ5-U-A:SDR:PGD:REF:1TRK_1PP,GATEGATE,A,GATEGATE-<MOS>-A:SDR:PGD:REF:1TRK_1PP,10800,9.25926e-05,PGD ETE: 18 active gate (VG) columns/unit x 2 LO<->HI tip-to-tip pair(s) each (LO1 tracks 6;14 vs HI1 tracks 9;11) = 36 LKG paths/unit; x 5x60 unit cells = 10800; Scalar = 1/10800,,,,,,,,,,,,,,,18,36,2,6/14,9/11
x81zs_gategate01,GATEGATE132-NPZ5-U-A:SDR:PGD:REF:1TRK_1PP,GATEGATE,A,GATEGATE-<MOS>-A:SDR:PGD:REF:1TRK_1PP,10800,9.25926e-05,PGD ETE: 18 active gate (VG) columns/unit x 2 LO<->HI tip-to-tip pair(s) each (LO1 tracks 6;14 vs HI1 tracks 9;11) = 36 LKG paths/unit; x 5x60 unit cells = 10800; Scalar = 1/10800,,,,,,,,,,,,,,,18,36,2,6/14,9/11
x81zs_gategate01,GATEGATE132-PZ5-U-A:SDR:PGD:REF:1TRK_1PP,GATEGATE,A,GATEGATE-<MOS>-A:SDR:PGD:REF:1TRK_1PP,10800,9.25926e-05,PGD ETE: 18 active gate (VG) columns/unit x 2 LO<->HI tip-to-tip pair(s) each (LO1 tracks 6;14 vs HI1 tracks 9;11) = 36 LKG paths/unit; x 5x60 unit cells = 10800; Scalar = 1/10800,,,,,,,,,,,,,,,18,36,2,6/14,9/11
x81zs_gategate01,GATEGATE132-NZ5-UL-A:SDR:PGD:REF:1TRK_1PP,GATEGATE,A,GATEGATE-<MOS>-A:SDR:PGD:REF:1TRK_1PP,10800,9.25926e-05,PGD ETE: 18 active gate (VG) columns/unit x 2 LO<->HI tip-to-tip pair(s) each (LO1 tracks 6;14 vs HI1 tracks 9;11) = 36 LKG paths/unit; x 5x60 unit cells = 10800; Scalar = 1/10800,,,,,,,,,,,,,,,18,36,2,6/14,9/11
x81zs_gategate01,GATEGATE132-NPZ5-UL-A:SDR:PGD:REF:1TRK_1PP,GATEGATE,A,GATEGATE-<MOS>-A:SDR:PGD:REF:1TRK_1PP,10800,9.25926e-05,PGD ETE: 18 active gate (VG) columns/unit x 2 LO<->HI tip-to-tip pair(s) each (LO1 tracks 6;14 vs HI1 tracks 9;11) = 36 LKG paths/unit; x 5x60 unit cells = 10800; Scalar = 1/10800,,,,,,,,,,,,,,,18,36,2,6/14,9/11
x81zs_gategate01,GATEGATE132-PZ5-UL-A:SDR:PGD:REF:1TRK_1PP,GATEGATE,A,GATEGATE-<MOS>-A:SDR:PGD:REF:1TRK_1PP,10800,9.25926e-05,PGD ETE: 18 active gate (VG) columns/unit x 2 LO<->HI tip-to-tip pair(s) each (LO1 tracks 6;14 vs HI1 tracks 9;11) = 36 LKG paths/unit; x 5x60 unit cells = 10800; Scalar = 1/10800,,,,,,,,,,,,,,,18,36,2,6/14,9/11
x81zs_gategate01,GATEGATE132-NZ5-E-A:SDR:PGD:REF:1TRK_1PP,GATEGATE,A,GATEGATE-<MOS>-A:SDR:PGD:REF:1TRK_1PP,10800,9.25926e-05,PGD ETE: 18 active gate (VG) columns/unit x 2 LO<->HI tip-to-tip pair(s) each (LO1 tracks 6;14 vs HI1 tracks 9;11) = 36 LKG paths/unit; x 5x60 unit cells = 10800; Scalar = 1/10800,,,,,,,,,,,,,,,18,36,2,6/14,9/11
x81zs_gategate01,GATEGATE132-NPZ5-E-A:SDR:PGD:REF:1TRK_1PP,GATEGATE,A,GATEGATE-<MOS>-A:SDR:PGD:REF:1TRK_1PP,10800,9.25926e-05,PGD ETE: 18 active gate (VG) columns/unit x 2 LO<->HI tip-to-tip pair(s) each (LO1 tracks 6;14 vs HI1 tracks 9;11) = 36 LKG paths/unit; x 5x60 unit cells = 10800; Scalar = 1/10800,,,,,,,,,,,,,,,18,36,2,6/14,9/11
x81zs_gategate01,GATEGATE132-PZ5-E-A:SDR:PGD:REF:1TRK_1PP,GATEGATE,A,GATEGATE-<MOS>-A:SDR:PGD:REF:1TRK_1PP,10800,9.25926e-05,PGD ETE: 18 active gate (VG) columns/unit x 2 LO<->HI tip-to-tip pair(s) each (LO1 tracks 6;14 vs HI1 tracks 9;11) = 36 LKG paths/unit; x 5x60 unit cells = 10800; Scalar = 1/10800,,,,,,,,,,,,,,,18,36,2,6/14,9/11
x81zs_gategate01,GATEGATE165-NZ7-H-A:SDR:PGD:REF:1TRK_1PP,GATEGATE,A,GATEGATE-<MOS>-A:SDR:PGD:REF:1TRK_1PP,10800,9.25926e-05,PGD ETE: 18 active gate (VG) columns/unit x 2 LO<->HI tip-to-tip pair(s) each (LO1 tracks 7;17 vs HI1 tracks 11;13) = 36 LKG paths/unit; x 5x60 unit cells = 10800; Scalar = 1/10800,,,,,,,,,,,,,,,18,36,2,7/17,11/13
x81zs_gategate01,GATEGATE165-NPZ7-H-A:SDR:PGD:REF:1TRK_1PP,GATEGATE,A,GATEGATE-<MOS>-A:SDR:PGD:REF:1TRK_1PP,10800,9.25926e-05,PGD ETE: 18 active gate (VG) columns/unit x 2 LO<->HI tip-to-tip pair(s) each (LO1 tracks 7;17 vs HI1 tracks 11;13) = 36 LKG paths/unit; x 5x60 unit cells = 10800; Scalar = 1/10800,,,,,,,,,,,,,,,18,36,2,7/17,11/13
x81zs_gategate01,GATEGATE165-PZ7-H-A:SDR:PGD:REF:1TRK_1PP,GATEGATE,A,GATEGATE-<MOS>-A:SDR:PGD:REF:1TRK_1PP,10800,9.25926e-05,PGD ETE: 18 active gate (VG) columns/unit x 2 LO<->HI tip-to-tip pair(s) each (LO1 tracks 7;17 vs HI1 tracks 11;13) = 36 LKG paths/unit; x 5x60 unit cells = 10800; Scalar = 1/10800,,,,,,,,,,,,,,,18,36,2,7/17,11/13
x81zs_gategate01,GATEGATE165-NZ7-S-A:SDR:PGD:REF:1TRK_1PP,GATEGATE,A,GATEGATE-<MOS>-A:SDR:PGD:REF:1TRK_1PP,10800,9.25926e-05,PGD ETE: 18 active gate (VG) columns/unit x 2 LO<->HI tip-to-tip pair(s) each (LO1 tracks 7;17 vs HI1 tracks 11;13) = 36 LKG paths/unit; x 5x60 unit cells = 10800; Scalar = 1/10800,,,,,,,,,,,,,,,18,36,2,7/17,11/13
x81zs_gategate01,GATEGATE165-NPZ7-S-A:SDR:PGD:REF:1TRK_1PP,GATEGATE,A,GATEGATE-<MOS>-A:SDR:PGD:REF:1TRK_1PP,10800,9.25926e-05,PGD ETE: 18 active gate (VG) columns/unit x 2 LO<->HI tip-to-tip pair(s) each (LO1 tracks 7;17 vs HI1 tracks 11;13) = 36 LKG paths/unit; x 5x60 unit cells = 10800; Scalar = 1/10800,,,,,,,,,,,,,,,18,36,2,7/17,11/13
x81zs_gategate01,GATEGATE165-PZ7-S-A:SDR:PGD:REF:1TRK_1PP,GATEGATE,A,GATEGATE-<MOS>-A:SDR:PGD:REF:1TRK_1PP,10800,9.25926e-05,PGD ETE: 18 active gate (VG) columns/unit x 2 LO<->HI tip-to-tip pair(s) each (LO1 tracks 7;17 vs HI1 tracks 11;13) = 36 LKG paths/unit; x 5x60 unit cells = 10800; Scalar = 1/10800,,,,,,,,,,,,,,,18,36,2,7/17,11/13
x81zs_gategate01,GATEGATE165-NZ7-L-A:SDR:PGD:REF:1TRK_1PP,GATEGATE,A,GATEGATE-<MOS>-A:SDR:PGD:REF:1TRK_1PP,10800,9.25926e-05,PGD ETE: 18 active gate (VG) columns/unit x 2 LO<->HI tip-to-tip pair(s) each (LO1 tracks 7;17 vs HI1 tracks 11;13) = 36 LKG paths/unit; x 5x60 unit cells = 10800; Scalar = 1/10800,,,,,,,,,,,,,,,18,36,2,7/17,11/13
x81zs_gategate01,GATEGATE165-NPZ7-L-A:SDR:PGD:REF:1TRK_1PP,GATEGATE,A,GATEGATE-<MOS>-A:SDR:PGD:REF:1TRK_1PP,10800,9.25926e-05,PGD ETE: 18 active gate (VG) columns/unit x 2 LO<->HI tip-to-tip pair(s) each (LO1 tracks 7;17 vs HI1 tracks 11;13) = 36 LKG paths/unit; x 5x60 unit cells = 10800; Scalar = 1/10800,,,,,,,,,,,,,,,18,36,2,7/17,11/13
x81zs_gategate01,GATEGATE165-PZ7-L-A:SDR:PGD:REF:1TRK_1PP,GATEGATE,A,GATEGATE-<MOS>-A:SDR:PGD:REF:1TRK_1PP,10800,9.25926e-05,PGD ETE: 18 active gate (VG) columns/unit x 2 LO<->HI tip-to-tip pair(s) each (LO1 tracks 7;17 vs HI1 tracks 11;13) = 36 LKG paths/unit; x 5x60 unit cells = 10800; Scalar = 1/10800,,,,,,,,,,,,,,,18,36,2,7/17,11/13
x81zs_gategate01,GATEGATE165-NZ7-U-A:SDR:PGD:REF:1TRK_1PP,GATEGATE,A,GATEGATE-<MOS>-A:SDR:PGD:REF:1TRK_1PP,10800,9.25926e-05,PGD ETE: 18 active gate (VG) columns/unit x 2 LO<->HI tip-to-tip pair(s) each (LO1 tracks 7;17 vs HI1 tracks 11;13) = 36 LKG paths/unit; x 5x60 unit cells = 10800; Scalar = 1/10800,,,,,,,,,,,,,,,18,36,2,7/17,11/13
x81zs_gategate01,GATEGATE165-NPZ7-U-A:SDR:PGD:REF:1TRK_1PP,GATEGATE,A,GATEGATE-<MOS>-A:SDR:PGD:REF:1TRK_1PP,10800,9.25926e-05,PGD ETE: 18 active gate (VG) columns/unit x 2 LO<->HI tip-to-tip pair(s) each (LO1 tracks 7;17 vs HI1 tracks 11;13) = 36 LKG paths/unit; x 5x60 unit cells = 10800; Scalar = 1/10800,,,,,,,,,,,,,,,18,36,2,7/17,11/13
x81zs_gategate01,GATEGATE165-PZ7-U-A:SDR:PGD:REF:1TRK_1PP,GATEGATE,A,GATEGATE-<MOS>-A:SDR:PGD:REF:1TRK_1PP,10800,9.25926e-05,PGD ETE: 18 active gate (VG) columns/unit x 2 LO<->HI tip-to-tip pair(s) each (LO1 tracks 7;17 vs HI1 tracks 11;13) = 36 LKG paths/unit; x 5x60 unit cells = 10800; Scalar = 1/10800,,,,,,,,,,,,,,,18,36,2,7/17,11/13
x81zs_gategate01,GATEGATE165-NZ7-UL-A:SDR:PGD:REF:1TRK_1PP,GATEGATE,A,GATEGATE-<MOS>-A:SDR:PGD:REF:1TRK_1PP,10800,9.25926e-05,PGD ETE: 18 active gate (VG) columns/unit x 2 LO<->HI tip-to-tip pair(s) each (LO1 tracks 7;17 vs HI1 tracks 11;13) = 36 LKG paths/unit; x 5x60 unit cells = 10800; Scalar = 1/10800,,,,,,,,,,,,,,,18,36,2,7/17,11/13
x81zs_gategate01,GATEGATE165-NPZ7-UL-A:SDR:PGD:REF:1TRK_1PP,GATEGATE,A,GATEGATE-<MOS>-A:SDR:PGD:REF:1TRK_1PP,10800,9.25926e-05,PGD ETE: 18 active gate (VG) columns/unit x 2 LO<->HI tip-to-tip pair(s) each (LO1 tracks 7;17 vs HI1 tracks 11;13) = 36 LKG paths/unit; x 5x60 unit cells = 10800; Scalar = 1/10800,,,,,,,,,,,,,,,18,36,2,7/17,11/13
x81zs_gategate01,GATEGATE165-PZ7-UL-A:SDR:PGD:REF:1TRK_1PP,GATEGATE,A,GATEGATE-<MOS>-A:SDR:PGD:REF:1TRK_1PP,10800,9.25926e-05,PGD ETE: 18 active gate (VG) columns/unit x 2 LO<->HI tip-to-tip pair(s) each (LO1 tracks 7;17 vs HI1 tracks 11;13) = 36 LKG paths/unit; x 5x60 unit cells = 10800; Scalar = 1/10800,,,,,,,,,,,,,,,18,36,2,7/17,11/13
x81zs_gategate01,GATEGATE165-NZ7-E-A:SDR:PGD:REF:1TRK_1PP,GATEGATE,A,GATEGATE-<MOS>-A:SDR:PGD:REF:1TRK_1PP,10800,9.25926e-05,PGD ETE: 18 active gate (VG) columns/unit x 2 LO<->HI tip-to-tip pair(s) each (LO1 tracks 7;17 vs HI1 tracks 11;13) = 36 LKG paths/unit; x 5x60 unit cells = 10800; Scalar = 1/10800,,,,,,,,,,,,,,,18,36,2,7/17,11/13
x81zs_gategate01,GATEGATE165-NPZ7-E-A:SDR:PGD:REF:1TRK_1PP,GATEGATE,A,GATEGATE-<MOS>-A:SDR:PGD:REF:1TRK_1PP,10800,9.25926e-05,PGD ETE: 18 active gate (VG) columns/unit x 2 LO<->HI tip-to-tip pair(s) each (LO1 tracks 7;17 vs HI1 tracks 11;13) = 36 LKG paths/unit; x 5x60 unit cells = 10800; Scalar = 1/10800,,,,,,,,,,,,,,,18,36,2,7/17,11/13
x81zs_gategate01,GATEGATE165-PZ7-E-A:SDR:PGD:REF:1TRK_1PP,GATEGATE,A,GATEGATE-<MOS>-A:SDR:PGD:REF:1TRK_1PP,10800,9.25926e-05,PGD ETE: 18 active gate (VG) columns/unit x 2 LO<->HI tip-to-tip pair(s) each (LO1 tracks 7;17 vs HI1 tracks 11;13) = 36 LKG paths/unit; x 5x60 unit cells = 10800; Scalar = 1/10800,,,,,,,,,,,,,,,18,36,2,7/17,11/13
x81zs_gategate01,GATEGATE110-NZ1-H-A:SDR:PGD:REF:2TRK_1PP,GATEGATE,A,GATEGATE-<MOS>-A:SDR:PGD:REF:2TRK_1PP,10800,9.25926e-05,PGD ETE: 18 active gate (VG) columns/unit x 2 LO<->HI tip-to-tip pair(s) each (LO1 tracks 4;16 vs HI1 tracks 9;11) = 36 LKG paths/unit; x 5x60 unit cells = 10800; Scalar = 1/10800,,,,,,,,,,,,,,,18,36,2,4/16,9/11
x81zs_gategate01,GATEGATE110-NPZ1-H-A:SDR:PGD:REF:2TRK_1PP,GATEGATE,A,GATEGATE-<MOS>-A:SDR:PGD:REF:2TRK_1PP,10800,9.25926e-05,PGD ETE: 18 active gate (VG) columns/unit x 2 LO<->HI tip-to-tip pair(s) each (LO1 tracks 4;16 vs HI1 tracks 9;11) = 36 LKG paths/unit; x 5x60 unit cells = 10800; Scalar = 1/10800,,,,,,,,,,,,,,,18,36,2,4/16,9/11
x81zs_gategate01,GATEGATE110-PZ1-H-A:SDR:PGD:REF:2TRK_1PP,GATEGATE,A,GATEGATE-<MOS>-A:SDR:PGD:REF:2TRK_1PP,10800,9.25926e-05,PGD ETE: 18 active gate (VG) columns/unit x 2 LO<->HI tip-to-tip pair(s) each (LO1 tracks 4;16 vs HI1 tracks 9;11) = 36 LKG paths/unit; x 5x60 unit cells = 10800; Scalar = 1/10800,,,,,,,,,,,,,,,18,36,2,4/16,9/11
x81zs_gategate01,GATEGATE110-NZ1-S-A:SDR:PGD:REF:2TRK_1PP,GATEGATE,A,GATEGATE-<MOS>-A:SDR:PGD:REF:2TRK_1PP,10800,9.25926e-05,PGD ETE: 18 active gate (VG) columns/unit x 2 LO<->HI tip-to-tip pair(s) each (LO1 tracks 4;16 vs HI1 tracks 9;11) = 36 LKG paths/unit; x 5x60 unit cells = 10800; Scalar = 1/10800,,,,,,,,,,,,,,,18,36,2,4/16,9/11
x81zs_gategate01,GATEGATE110-NPZ1-S-A:SDR:PGD:REF:2TRK_1PP,GATEGATE,A,GATEGATE-<MOS>-A:SDR:PGD:REF:2TRK_1PP,10800,9.25926e-05,PGD ETE: 18 active gate (VG) columns/unit x 2 LO<->HI tip-to-tip pair(s) each (LO1 tracks 4;16 vs HI1 tracks 9;11) = 36 LKG paths/unit; x 5x60 unit cells = 10800; Scalar = 1/10800,,,,,,,,,,,,,,,18,36,2,4/16,9/11
x81zs_gategate01,GATEGATE110-PZ1-S-A:SDR:PGD:REF:2TRK_1PP,GATEGATE,A,GATEGATE-<MOS>-A:SDR:PGD:REF:2TRK_1PP,10800,9.25926e-05,PGD ETE: 18 active gate (VG) columns/unit x 2 LO<->HI tip-to-tip pair(s) each (LO1 tracks 4;16 vs HI1 tracks 9;11) = 36 LKG paths/unit; x 5x60 unit cells = 10800; Scalar = 1/10800,,,,,,,,,,,,,,,18,36,2,4/16,9/11
x81zs_gategate01,GATEGATE110-NZ1-L-A:SDR:PGD:REF:2TRK_1PP,GATEGATE,A,GATEGATE-<MOS>-A:SDR:PGD:REF:2TRK_1PP,10800,9.25926e-05,PGD ETE: 18 active gate (VG) columns/unit x 2 LO<->HI tip-to-tip pair(s) each (LO1 tracks 4;16 vs HI1 tracks 9;11) = 36 LKG paths/unit; x 5x60 unit cells = 10800; Scalar = 1/10800,,,,,,,,,,,,,,,18,36,2,4/16,9/11
x81zs_gategate01,GATEGATE110-NPZ1-L-A:SDR:PGD:REF:2TRK_1PP,GATEGATE,A,GATEGATE-<MOS>-A:SDR:PGD:REF:2TRK_1PP,10800,9.25926e-05,PGD ETE: 18 active gate (VG) columns/unit x 2 LO<->HI tip-to-tip pair(s) each (LO1 tracks 4;16 vs HI1 tracks 9;11) = 36 LKG paths/unit; x 5x60 unit cells = 10800; Scalar = 1/10800,,,,,,,,,,,,,,,18,36,2,4/16,9/11
x81zs_gategate01,GATEGATE110-PZ1-L-A:SDR:PGD:REF:2TRK_1PP,GATEGATE,A,GATEGATE-<MOS>-A:SDR:PGD:REF:2TRK_1PP,10800,9.25926e-05,PGD ETE: 18 active gate (VG) columns/unit x 2 LO<->HI tip-to-tip pair(s) each (LO1 tracks 4;16 vs HI1 tracks 9;11) = 36 LKG paths/unit; x 5x60 unit cells = 10800; Scalar = 1/10800,,,,,,,,,,,,,,,18,36,2,4/16,9/11
x81zs_gategate01,GATEGATE110-NZ1-U-A:SDR:PGD:REF:2TRK_1PP,GATEGATE,A,GATEGATE-<MOS>-A:SDR:PGD:REF:2TRK_1PP,10800,9.25926e-05,PGD ETE: 18 active gate (VG) columns/unit x 2 LO<->HI tip-to-tip pair(s) each (LO1 tracks 4;16 vs HI1 tracks 9;11) = 36 LKG paths/unit; x 5x60 unit cells = 10800; Scalar = 1/10800,,,,,,,,,,,,,,,18,36,2,4/16,9/11
x81zs_gategate01,GATEGATE110-NPZ1-U-A:SDR:PGD:REF:2TRK_1PP,GATEGATE,A,GATEGATE-<MOS>-A:SDR:PGD:REF:2TRK_1PP,10800,9.25926e-05,PGD ETE: 18 active gate (VG) columns/unit x 2 LO<->HI tip-to-tip pair(s) each (LO1 tracks 4;16 vs HI1 tracks 9;11) = 36 LKG paths/unit; x 5x60 unit cells = 10800; Scalar = 1/10800,,,,,,,,,,,,,,,18,36,2,4/16,9/11
x81zs_gategate01,GATEGATE110-PZ1-U-A:SDR:PGD:REF:2TRK_1PP,GATEGATE,A,GATEGATE-<MOS>-A:SDR:PGD:REF:2TRK_1PP,10800,9.25926e-05,PGD ETE: 18 active gate (VG) columns/unit x 2 LO<->HI tip-to-tip pair(s) each (LO1 tracks 4;16 vs HI1 tracks 9;11) = 36 LKG paths/unit; x 5x60 unit cells = 10800; Scalar = 1/10800,,,,,,,,,,,,,,,18,36,2,4/16,9/11
x81zs_gategate01,GATEGATE110-NZ1-UL-A:SDR:PGD:REF:2TRK_1PP,GATEGATE,A,GATEGATE-<MOS>-A:SDR:PGD:REF:2TRK_1PP,10800,9.25926e-05,PGD ETE: 18 active gate (VG) columns/unit x 2 LO<->HI tip-to-tip pair(s) each (LO1 tracks 4;16 vs HI1 tracks 9;11) = 36 LKG paths/unit; x 5x60 unit cells = 10800; Scalar = 1/10800,,,,,,,,,,,,,,,18,36,2,4/16,9/11
x81zs_gategate01,GATEGATE110-NPZ1-UL-A:SDR:PGD:REF:2TRK_1PP,GATEGATE,A,GATEGATE-<MOS>-A:SDR:PGD:REF:2TRK_1PP,10800,9.25926e-05,PGD ETE: 18 active gate (VG) columns/unit x 2 LO<->HI tip-to-tip pair(s) each (LO1 tracks 4;16 vs HI1 tracks 9;11) = 36 LKG paths/unit; x 5x60 unit cells = 10800; Scalar = 1/10800,,,,,,,,,,,,,,,18,36,2,4/16,9/11
x81zs_gategate01,GATEGATE110-PZ1-UL-A:SDR:PGD:REF:2TRK_1PP,GATEGATE,A,GATEGATE-<MOS>-A:SDR:PGD:REF:2TRK_1PP,10800,9.25926e-05,PGD ETE: 18 active gate (VG) columns/unit x 2 LO<->HI tip-to-tip pair(s) each (LO1 tracks 4;16 vs HI1 tracks 9;11) = 36 LKG paths/unit; x 5x60 unit cells = 10800; Scalar = 1/10800,,,,,,,,,,,,,,,18,36,2,4/16,9/11
x81zs_gategate01,GATEGATE110-NZ1-E-A:SDR:PGD:REF:2TRK_1PP,GATEGATE,A,GATEGATE-<MOS>-A:SDR:PGD:REF:2TRK_1PP,10800,9.25926e-05,PGD ETE: 18 active gate (VG) columns/unit x 2 LO<->HI tip-to-tip pair(s) each (LO1 tracks 4;16 vs HI1 tracks 9;11) = 36 LKG paths/unit; x 5x60 unit cells = 10800; Scalar = 1/10800,,,,,,,,,,,,,,,18,36,2,4/16,9/11
x81zs_gategate01,GATEGATE110-NPZ1-E-A:SDR:PGD:REF:2TRK_1PP,GATEGATE,A,GATEGATE-<MOS>-A:SDR:PGD:REF:2TRK_1PP,10800,9.25926e-05,PGD ETE: 18 active gate (VG) columns/unit x 2 LO<->HI tip-to-tip pair(s) each (LO1 tracks 4;16 vs HI1 tracks 9;11) = 36 LKG paths/unit; x 5x60 unit cells = 10800; Scalar = 1/10800,,,,,,,,,,,,,,,18,36,2,4/16,9/11
x81zs_gategate01,GATEGATE110-PZ1-E-A:SDR:PGD:REF:2TRK_1PP,GATEGATE,A,GATEGATE-<MOS>-A:SDR:PGD:REF:2TRK_1PP,10800,9.25926e-05,PGD ETE: 18 active gate (VG) columns/unit x 2 LO<->HI tip-to-tip pair(s) each (LO1 tracks 4;16 vs HI1 tracks 9;11) = 36 LKG paths/unit; x 5x60 unit cells = 10800; Scalar = 1/10800,,,,,,,,,,,,,,,18,36,2,4/16,9/11
x81zs_gategate01,GATEGATE132-NZ5-H-A:SDR:PGD:REF:2TRK_1PP,GATEGATE,A,GATEGATE-<MOS>-A:SDR:PGD:REF:2TRK_1PP,10800,9.25926e-05,PGD ETE: 18 active gate (VG) columns/unit x 2 LO<->HI tip-to-tip pair(s) each (LO1 tracks 4;16 vs HI1 tracks 9;11) = 36 LKG paths/unit; x 5x60 unit cells = 10800; Scalar = 1/10800,,,,,,,,,,,,,,,18,36,2,4/16,9/11
x81zs_gategate01,GATEGATE132-NPZ5-H-A:SDR:PGD:REF:2TRK_1PP,GATEGATE,A,GATEGATE-<MOS>-A:SDR:PGD:REF:2TRK_1PP,10800,9.25926e-05,PGD ETE: 18 active gate (VG) columns/unit x 2 LO<->HI tip-to-tip pair(s) each (LO1 tracks 4;16 vs HI1 tracks 9;11) = 36 LKG paths/unit; x 5x60 unit cells = 10800; Scalar = 1/10800,,,,,,,,,,,,,,,18,36,2,4/16,9/11
x81zs_gategate01,GATEGATE132-PZ5-H-A:SDR:PGD:REF:2TRK_1PP,GATEGATE,A,GATEGATE-<MOS>-A:SDR:PGD:REF:2TRK_1PP,10800,9.25926e-05,PGD ETE: 18 active gate (VG) columns/unit x 2 LO<->HI tip-to-tip pair(s) each (LO1 tracks 4;16 vs HI1 tracks 9;11) = 36 LKG paths/unit; x 5x60 unit cells = 10800; Scalar = 1/10800,,,,,,,,,,,,,,,18,36,2,4/16,9/11
x81zs_gategate01,GATEGATE132-NZ5-S-A:SDR:PGD:REF:2TRK_1PP,GATEGATE,A,GATEGATE-<MOS>-A:SDR:PGD:REF:2TRK_1PP,10800,9.25926e-05,PGD ETE: 18 active gate (VG) columns/unit x 2 LO<->HI tip-to-tip pair(s) each (LO1 tracks 4;16 vs HI1 tracks 9;11) = 36 LKG paths/unit; x 5x60 unit cells = 10800; Scalar = 1/10800,,,,,,,,,,,,,,,18,36,2,4/16,9/11
x81zs_gategate01,GATEGATE132-NPZ5-S-A:SDR:PGD:REF:2TRK_1PP,GATEGATE,A,GATEGATE-<MOS>-A:SDR:PGD:REF:2TRK_1PP,10800,9.25926e-05,PGD ETE: 18 active gate (VG) columns/unit x 2 LO<->HI tip-to-tip pair(s) each (LO1 tracks 4;16 vs HI1 tracks 9;11) = 36 LKG paths/unit; x 5x60 unit cells = 10800; Scalar = 1/10800,,,,,,,,,,,,,,,18,36,2,4/16,9/11
x81zs_gategate01,GATEGATE132-PZ5-S-A:SDR:PGD:REF:2TRK_1PP,GATEGATE,A,GATEGATE-<MOS>-A:SDR:PGD:REF:2TRK_1PP,10800,9.25926e-05,PGD ETE: 18 active gate (VG) columns/unit x 2 LO<->HI tip-to-tip pair(s) each (LO1 tracks 4;16 vs HI1 tracks 9;11) = 36 LKG paths/unit; x 5x60 unit cells = 10800; Scalar = 1/10800,,,,,,,,,,,,,,,18,36,2,4/16,9/11
x81zs_gategate01,GATEGATE132-NZ5-L-A:SDR:PGD:REF:2TRK_1PP,GATEGATE,A,GATEGATE-<MOS>-A:SDR:PGD:REF:2TRK_1PP,10800,9.25926e-05,PGD ETE: 18 active gate (VG) columns/unit x 2 LO<->HI tip-to-tip pair(s) each (LO1 tracks 4;16 vs HI1 tracks 9;11) = 36 LKG paths/unit; x 5x60 unit cells = 10800; Scalar = 1/10800,,,,,,,,,,,,,,,18,36,2,4/16,9/11
x81zs_gategate01,GATEGATE132-NPZ5-L-A:SDR:PGD:REF:2TRK_1PP,GATEGATE,A,GATEGATE-<MOS>-A:SDR:PGD:REF:2TRK_1PP,10800,9.25926e-05,PGD ETE: 18 active gate (VG) columns/unit x 2 LO<->HI tip-to-tip pair(s) each (LO1 tracks 4;16 vs HI1 tracks 9;11) = 36 LKG paths/unit; x 5x60 unit cells = 10800; Scalar = 1/10800,,,,,,,,,,,,,,,18,36,2,4/16,9/11
x81zs_gategate01,GATEGATE132-PZ5-L-A:SDR:PGD:REF:2TRK_1PP,GATEGATE,A,GATEGATE-<MOS>-A:SDR:PGD:REF:2TRK_1PP,10800,9.25926e-05,PGD ETE: 18 active gate (VG) columns/unit x 2 LO<->HI tip-to-tip pair(s) each (LO1 tracks 4;16 vs HI1 tracks 9;11) = 36 LKG paths/unit; x 5x60 unit cells = 10800; Scalar = 1/10800,,,,,,,,,,,,,,,18,36,2,4/16,9/11
x81zs_gategate01,GATEGATE132-NZ5-U-A:SDR:PGD:REF:2TRK_1PP,GATEGATE,A,GATEGATE-<MOS>-A:SDR:PGD:REF:2TRK_1PP,10800,9.25926e-05,PGD ETE: 18 active gate (VG) columns/unit x 2 LO<->HI tip-to-tip pair(s) each (LO1 tracks 4;16 vs HI1 tracks 9;11) = 36 LKG paths/unit; x 5x60 unit cells = 10800; Scalar = 1/10800,,,,,,,,,,,,,,,18,36,2,4/16,9/11
x81zs_gategate01,GATEGATE132-NPZ5-U-A:SDR:PGD:REF:2TRK_1PP,GATEGATE,A,GATEGATE-<MOS>-A:SDR:PGD:REF:2TRK_1PP,10800,9.25926e-05,PGD ETE: 18 active gate (VG) columns/unit x 2 LO<->HI tip-to-tip pair(s) each (LO1 tracks 4;16 vs HI1 tracks 9;11) = 36 LKG paths/unit; x 5x60 unit cells = 10800; Scalar = 1/10800,,,,,,,,,,,,,,,18,36,2,4/16,9/11
x81zs_gategate01,GATEGATE132-PZ5-U-A:SDR:PGD:REF:2TRK_1PP,GATEGATE,A,GATEGATE-<MOS>-A:SDR:PGD:REF:2TRK_1PP,10800,9.25926e-05,PGD ETE: 18 active gate (VG) columns/unit x 2 LO<->HI tip-to-tip pair(s) each (LO1 tracks 4;16 vs HI1 tracks 9;11) = 36 LKG paths/unit; x 5x60 unit cells = 10800; Scalar = 1/10800,,,,,,,,,,,,,,,18,36,2,4/16,9/11
x81zs_gategate01,GATEGATE132-NZ5-UL-A:SDR:PGD:REF:2TRK_1PP,GATEGATE,A,GATEGATE-<MOS>-A:SDR:PGD:REF:2TRK_1PP,10800,9.25926e-05,PGD ETE: 18 active gate (VG) columns/unit x 2 LO<->HI tip-to-tip pair(s) each (LO1 tracks 4;16 vs HI1 tracks 9;11) = 36 LKG paths/unit; x 5x60 unit cells = 10800; Scalar = 1/10800,,,,,,,,,,,,,,,18,36,2,4/16,9/11
x81zs_gategate01,GATEGATE132-NPZ5-UL-A:SDR:PGD:REF:2TRK_1PP,GATEGATE,A,GATEGATE-<MOS>-A:SDR:PGD:REF:2TRK_1PP,10800,9.25926e-05,PGD ETE: 18 active gate (VG) columns/unit x 2 LO<->HI tip-to-tip pair(s) each (LO1 tracks 4;16 vs HI1 tracks 9;11) = 36 LKG paths/unit; x 5x60 unit cells = 10800; Scalar = 1/10800,,,,,,,,,,,,,,,18,36,2,4/16,9/11
x81zs_gategate01,GATEGATE132-PZ5-UL-A:SDR:PGD:REF:2TRK_1PP,GATEGATE,A,GATEGATE-<MOS>-A:SDR:PGD:REF:2TRK_1PP,10800,9.25926e-05,PGD ETE: 18 active gate (VG) columns/unit x 2 LO<->HI tip-to-tip pair(s) each (LO1 tracks 4;16 vs HI1 tracks 9;11) = 36 LKG paths/unit; x 5x60 unit cells = 10800; Scalar = 1/10800,,,,,,,,,,,,,,,18,36,2,4/16,9/11
x81zs_gategate01,GATEGATE132-NZ5-E-A:SDR:PGD:REF:2TRK_1PP,GATEGATE,A,GATEGATE-<MOS>-A:SDR:PGD:REF:2TRK_1PP,10800,9.25926e-05,PGD ETE: 18 active gate (VG) columns/unit x 2 LO<->HI tip-to-tip pair(s) each (LO1 tracks 4;16 vs HI1 tracks 9;11) = 36 LKG paths/unit; x 5x60 unit cells = 10800; Scalar = 1/10800,,,,,,,,,,,,,,,18,36,2,4/16,9/11
x81zs_gategate01,GATEGATE132-NPZ5-E-A:SDR:PGD:REF:2TRK_1PP,GATEGATE,A,GATEGATE-<MOS>-A:SDR:PGD:REF:2TRK_1PP,10800,9.25926e-05,PGD ETE: 18 active gate (VG) columns/unit x 2 LO<->HI tip-to-tip pair(s) each (LO1 tracks 4;16 vs HI1 tracks 9;11) = 36 LKG paths/unit; x 5x60 unit cells = 10800; Scalar = 1/10800,,,,,,,,,,,,,,,18,36,2,4/16,9/11
x81zs_gategate01,GATEGATE132-PZ5-E-A:SDR:PGD:REF:2TRK_1PP,GATEGATE,A,GATEGATE-<MOS>-A:SDR:PGD:REF:2TRK_1PP,10800,9.25926e-05,PGD ETE: 18 active gate (VG) columns/unit x 2 LO<->HI tip-to-tip pair(s) each (LO1 tracks 4;16 vs HI1 tracks 9;11) = 36 LKG paths/unit; x 5x60 unit cells = 10800; Scalar = 1/10800,,,,,,,,,,,,,,,18,36,2,4/16,9/11
x81zs_gategate01,GATEGATE165-NZ7-H-A:SDR:PGD:REF:2TRK_1PP,GATEGATE,A,GATEGATE-<MOS>-A:SDR:PGD:REF:2TRK_1PP,10800,9.25926e-05,PGD ETE: 18 active gate (VG) columns/unit x 2 LO<->HI tip-to-tip pair(s) each (LO1 tracks 4;20 vs HI1 tracks 11;13) = 36 LKG paths/unit; x 5x60 unit cells = 10800; Scalar = 1/10800,,,,,,,,,,,,,,,18,36,2,4/20,11/13
x81zs_gategate01,GATEGATE165-NPZ7-H-A:SDR:PGD:REF:2TRK_1PP,GATEGATE,A,GATEGATE-<MOS>-A:SDR:PGD:REF:2TRK_1PP,10800,9.25926e-05,PGD ETE: 18 active gate (VG) columns/unit x 2 LO<->HI tip-to-tip pair(s) each (LO1 tracks 4;20 vs HI1 tracks 11;13) = 36 LKG paths/unit; x 5x60 unit cells = 10800; Scalar = 1/10800,,,,,,,,,,,,,,,18,36,2,4/20,11/13
x81zs_gategate01,GATEGATE165-PZ7-H-A:SDR:PGD:REF:2TRK_1PP,GATEGATE,A,GATEGATE-<MOS>-A:SDR:PGD:REF:2TRK_1PP,10800,9.25926e-05,PGD ETE: 18 active gate (VG) columns/unit x 2 LO<->HI tip-to-tip pair(s) each (LO1 tracks 4;20 vs HI1 tracks 11;13) = 36 LKG paths/unit; x 5x60 unit cells = 10800; Scalar = 1/10800,,,,,,,,,,,,,,,18,36,2,4/20,11/13
x81zs_gategate01,GATEGATE165-NZ7-S-A:SDR:PGD:REF:2TRK_1PP,GATEGATE,A,GATEGATE-<MOS>-A:SDR:PGD:REF:2TRK_1PP,10800,9.25926e-05,PGD ETE: 18 active gate (VG) columns/unit x 2 LO<->HI tip-to-tip pair(s) each (LO1 tracks 4;20 vs HI1 tracks 11;13) = 36 LKG paths/unit; x 5x60 unit cells = 10800; Scalar = 1/10800,,,,,,,,,,,,,,,18,36,2,4/20,11/13
x81zs_gategate01,GATEGATE165-NPZ7-S-A:SDR:PGD:REF:2TRK_1PP,GATEGATE,A,GATEGATE-<MOS>-A:SDR:PGD:REF:2TRK_1PP,10800,9.25926e-05,PGD ETE: 18 active gate (VG) columns/unit x 2 LO<->HI tip-to-tip pair(s) each (LO1 tracks 4;20 vs HI1 tracks 11;13) = 36 LKG paths/unit; x 5x60 unit cells = 10800; Scalar = 1/10800,,,,,,,,,,,,,,,18,36,2,4/20,11/13
x81zs_gategate01,GATEGATE165-PZ7-S-A:SDR:PGD:REF:2TRK_1PP,GATEGATE,A,GATEGATE-<MOS>-A:SDR:PGD:REF:2TRK_1PP,10800,9.25926e-05,PGD ETE: 18 active gate (VG) columns/unit x 2 LO<->HI tip-to-tip pair(s) each (LO1 tracks 4;20 vs HI1 tracks 11;13) = 36 LKG paths/unit; x 5x60 unit cells = 10800; Scalar = 1/10800,,,,,,,,,,,,,,,18,36,2,4/20,11/13
x81zs_gategate01,GATEGATE165-NZ7-L-A:SDR:PGD:REF:2TRK_1PP,GATEGATE,A,GATEGATE-<MOS>-A:SDR:PGD:REF:2TRK_1PP,10800,9.25926e-05,PGD ETE: 18 active gate (VG) columns/unit x 2 LO<->HI tip-to-tip pair(s) each (LO1 tracks 4;20 vs HI1 tracks 11;13) = 36 LKG paths/unit; x 5x60 unit cells = 10800; Scalar = 1/10800,,,,,,,,,,,,,,,18,36,2,4/20,11/13
x81zs_gategate01,GATEGATE165-NPZ7-L-A:SDR:PGD:REF:2TRK_1PP,GATEGATE,A,GATEGATE-<MOS>-A:SDR:PGD:REF:2TRK_1PP,10800,9.25926e-05,PGD ETE: 18 active gate (VG) columns/unit x 2 LO<->HI tip-to-tip pair(s) each (LO1 tracks 4;20 vs HI1 tracks 11;13) = 36 LKG paths/unit; x 5x60 unit cells = 10800; Scalar = 1/10800,,,,,,,,,,,,,,,18,36,2,4/20,11/13
x81zs_gategate01,GATEGATE165-PZ7-L-A:SDR:PGD:REF:2TRK_1PP,GATEGATE,A,GATEGATE-<MOS>-A:SDR:PGD:REF:2TRK_1PP,10800,9.25926e-05,PGD ETE: 18 active gate (VG) columns/unit x 2 LO<->HI tip-to-tip pair(s) each (LO1 tracks 4;20 vs HI1 tracks 11;13) = 36 LKG paths/unit; x 5x60 unit cells = 10800; Scalar = 1/10800,,,,,,,,,,,,,,,18,36,2,4/20,11/13
x81zs_gategate01,GATEGATE165-NZ7-U-A:SDR:PGD:REF:2TRK_1PP,GATEGATE,A,GATEGATE-<MOS>-A:SDR:PGD:REF:2TRK_1PP,10800,9.25926e-05,PGD ETE: 18 active gate (VG) columns/unit x 2 LO<->HI tip-to-tip pair(s) each (LO1 tracks 4;20 vs HI1 tracks 11;13) = 36 LKG paths/unit; x 5x60 unit cells = 10800; Scalar = 1/10800,,,,,,,,,,,,,,,18,36,2,4/20,11/13
x81zs_gategate01,GATEGATE165-NPZ7-U-A:SDR:PGD:REF:2TRK_1PP,GATEGATE,A,GATEGATE-<MOS>-A:SDR:PGD:REF:2TRK_1PP,10800,9.25926e-05,PGD ETE: 18 active gate (VG) columns/unit x 2 LO<->HI tip-to-tip pair(s) each (LO1 tracks 4;20 vs HI1 tracks 11;13) = 36 LKG paths/unit; x 5x60 unit cells = 10800; Scalar = 1/10800,,,,,,,,,,,,,,,18,36,2,4/20,11/13
x81zs_gategate01,GATEGATE165-PZ7-U-A:SDR:PGD:REF:2TRK_1PP,GATEGATE,A,GATEGATE-<MOS>-A:SDR:PGD:REF:2TRK_1PP,10800,9.25926e-05,PGD ETE: 18 active gate (VG) columns/unit x 2 LO<->HI tip-to-tip pair(s) each (LO1 tracks 4;20 vs HI1 tracks 11;13) = 36 LKG paths/unit; x 5x60 unit cells = 10800; Scalar = 1/10800,,,,,,,,,,,,,,,18,36,2,4/20,11/13
x81zs_gategate01,GATEGATE165-NZ7-UL-A:SDR:PGD:REF:2TRK_1PP,GATEGATE,A,GATEGATE-<MOS>-A:SDR:PGD:REF:2TRK_1PP,10800,9.25926e-05,PGD ETE: 18 active gate (VG) columns/unit x 2 LO<->HI tip-to-tip pair(s) each (LO1 tracks 4;20 vs HI1 tracks 11;13) = 36 LKG paths/unit; x 5x60 unit cells = 10800; Scalar = 1/10800,,,,,,,,,,,,,,,18,36,2,4/20,11/13
x81zs_gategate01,GATEGATE165-NPZ7-UL-A:SDR:PGD:REF:2TRK_1PP,GATEGATE,A,GATEGATE-<MOS>-A:SDR:PGD:REF:2TRK_1PP,10800,9.25926e-05,PGD ETE: 18 active gate (VG) columns/unit x 2 LO<->HI tip-to-tip pair(s) each (LO1 tracks 4;20 vs HI1 tracks 11;13) = 36 LKG paths/unit; x 5x60 unit cells = 10800; Scalar = 1/10800,,,,,,,,,,,,,,,18,36,2,4/20,11/13
x81zs_gategate01,GATEGATE165-PZ7-UL-A:SDR:PGD:REF:2TRK_1PP,GATEGATE,A,GATEGATE-<MOS>-A:SDR:PGD:REF:2TRK_1PP,10800,9.25926e-05,PGD ETE: 18 active gate (VG) columns/unit x 2 LO<->HI tip-to-tip pair(s) each (LO1 tracks 4;20 vs HI1 tracks 11;13) = 36 LKG paths/unit; x 5x60 unit cells = 10800; Scalar = 1/10800,,,,,,,,,,,,,,,18,36,2,4/20,11/13
x81zs_gategate01,GATEGATE165-NZ7-E-A:SDR:PGD:REF:2TRK_1PP,GATEGATE,A,GATEGATE-<MOS>-A:SDR:PGD:REF:2TRK_1PP,10800,9.25926e-05,PGD ETE: 18 active gate (VG) columns/unit x 2 LO<->HI tip-to-tip pair(s) each (LO1 tracks 4;20 vs HI1 tracks 11;13) = 36 LKG paths/unit; x 5x60 unit cells = 10800; Scalar = 1/10800,,,,,,,,,,,,,,,18,36,2,4/20,11/13
x81zs_gategate01,GATEGATE165-NPZ7-E-A:SDR:PGD:REF:2TRK_1PP,GATEGATE,A,GATEGATE-<MOS>-A:SDR:PGD:REF:2TRK_1PP,10800,9.25926e-05,PGD ETE: 18 active gate (VG) columns/unit x 2 LO<->HI tip-to-tip pair(s) each (LO1 tracks 4;20 vs HI1 tracks 11;13) = 36 LKG paths/unit; x 5x60 unit cells = 10800; Scalar = 1/10800,,,,,,,,,,,,,,,18,36,2,4/20,11/13
x81zs_gategate01,GATEGATE165-PZ7-E-A:SDR:PGD:REF:2TRK_1PP,GATEGATE,A,GATEGATE-<MOS>-A:SDR:PGD:REF:2TRK_1PP,10800,9.25926e-05,PGD ETE: 18 active gate (VG) columns/unit x 2 LO<->HI tip-to-tip pair(s) each (LO1 tracks 4;20 vs HI1 tracks 11;13) = 36 LKG paths/unit; x 5x60 unit cells = 10800; Scalar = 1/10800,,,,,,,,,,,,,,,18,36,2,4/20,11/13
x81zs_gategate02,GATEGATE132-NZ5-H-A:SDR:PGD:REF:OC1,GATEGATE,A,GATEGATE-<MOS>-A:SDR:PGD:REF:OC1,10800,9.25926e-05,PGD ETE: 18 active gate (VG) columns/unit x 2 LO<->HI tip-to-tip pair(s) each (LO1 tracks 4;16 vs HI1 tracks 9;11) = 36 LKG paths/unit; x 5x60 unit cells = 10800; Scalar = 1/10800,vias missing on some LO1/HI1 tracks (variant); SDR-equivalent track set used,,,,,,,,,,,,,,18,36,2,4/16,9/11
x81zs_gategate02,GATEGATE132-NPZ5-H-A:SDR:PGD:REF:OC1,GATEGATE,A,GATEGATE-<MOS>-A:SDR:PGD:REF:OC1,10800,9.25926e-05,PGD ETE: 18 active gate (VG) columns/unit x 2 LO<->HI tip-to-tip pair(s) each (LO1 tracks 4;16 vs HI1 tracks 9;11) = 36 LKG paths/unit; x 5x60 unit cells = 10800; Scalar = 1/10800,vias missing on some LO1/HI1 tracks (variant); SDR-equivalent track set used,,,,,,,,,,,,,,18,36,2,4/16,9/11
x81zs_gategate02,GATEGATE132-PZ5-H-A:SDR:PGD:REF:OC1,GATEGATE,A,GATEGATE-<MOS>-A:SDR:PGD:REF:OC1,10800,9.25926e-05,PGD ETE: 18 active gate (VG) columns/unit x 2 LO<->HI tip-to-tip pair(s) each (LO1 tracks 4;16 vs HI1 tracks 9;11) = 36 LKG paths/unit; x 5x60 unit cells = 10800; Scalar = 1/10800,vias missing on some LO1/HI1 tracks (variant); SDR-equivalent track set used,,,,,,,,,,,,,,18,36,2,4/16,9/11
x81zs_gategate02,GATEGATE132-NZ5-S-A:SDR:PGD:REF:OC1,GATEGATE,A,GATEGATE-<MOS>-A:SDR:PGD:REF:OC1,10800,9.25926e-05,PGD ETE: 18 active gate (VG) columns/unit x 2 LO<->HI tip-to-tip pair(s) each (LO1 tracks 4;16 vs HI1 tracks 9;11) = 36 LKG paths/unit; x 5x60 unit cells = 10800; Scalar = 1/10800,vias missing on some LO1/HI1 tracks (variant); SDR-equivalent track set used,,,,,,,,,,,,,,18,36,2,4/16,9/11
x81zs_gategate02,GATEGATE132-NPZ5-S-A:SDR:PGD:REF:OC1,GATEGATE,A,GATEGATE-<MOS>-A:SDR:PGD:REF:OC1,10800,9.25926e-05,PGD ETE: 18 active gate (VG) columns/unit x 2 LO<->HI tip-to-tip pair(s) each (LO1 tracks 4;16 vs HI1 tracks 9;11) = 36 LKG paths/unit; x 5x60 unit cells = 10800; Scalar = 1/10800,vias missing on some LO1/HI1 tracks (variant); SDR-equivalent track set used,,,,,,,,,,,,,,18,36,2,4/16,9/11
x81zs_gategate02,GATEGATE132-PZ5-S-A:SDR:PGD:REF:OC1,GATEGATE,A,GATEGATE-<MOS>-A:SDR:PGD:REF:OC1,10800,9.25926e-05,PGD ETE: 18 active gate (VG) columns/unit x 2 LO<->HI tip-to-tip pair(s) each (LO1 tracks 4;16 vs HI1 tracks 9;11) = 36 LKG paths/unit; x 5x60 unit cells = 10800; Scalar = 1/10800,vias missing on some LO1/HI1 tracks (variant); SDR-equivalent track set used,,,,,,,,,,,,,,18,36,2,4/16,9/11
x81zs_gategate02,GATEGATE132-NZ5-L-A:SDR:PGD:REF:OC1,GATEGATE,A,GATEGATE-<MOS>-A:SDR:PGD:REF:OC1,10800,9.25926e-05,PGD ETE: 18 active gate (VG) columns/unit x 2 LO<->HI tip-to-tip pair(s) each (LO1 tracks 4;16 vs HI1 tracks 9;11) = 36 LKG paths/unit; x 5x60 unit cells = 10800; Scalar = 1/10800,vias missing on some LO1/HI1 tracks (variant); SDR-equivalent track set used,,,,,,,,,,,,,,18,36,2,4/16,9/11
x81zs_gategate02,GATEGATE132-NPZ5-L-A:SDR:PGD:REF:OC1,GATEGATE,A,GATEGATE-<MOS>-A:SDR:PGD:REF:OC1,10800,9.25926e-05,PGD ETE: 18 active gate (VG) columns/unit x 2 LO<->HI tip-to-tip pair(s) each (LO1 tracks 4;16 vs HI1 tracks 9;11) = 36 LKG paths/unit; x 5x60 unit cells = 10800; Scalar = 1/10800,vias missing on some LO1/HI1 tracks (variant); SDR-equivalent track set used,,,,,,,,,,,,,,18,36,2,4/16,9/11
x81zs_gategate02,GATEGATE132-PZ5-L-A:SDR:PGD:REF:OC1,GATEGATE,A,GATEGATE-<MOS>-A:SDR:PGD:REF:OC1,10800,9.25926e-05,PGD ETE: 18 active gate (VG) columns/unit x 2 LO<->HI tip-to-tip pair(s) each (LO1 tracks 4;16 vs HI1 tracks 9;11) = 36 LKG paths/unit; x 5x60 unit cells = 10800; Scalar = 1/10800,vias missing on some LO1/HI1 tracks (variant); SDR-equivalent track set used,,,,,,,,,,,,,,18,36,2,4/16,9/11
x81zs_gategate02,GATEGATE132-NZ5-U-A:SDR:PGD:REF:OC1,GATEGATE,A,GATEGATE-<MOS>-A:SDR:PGD:REF:OC1,10800,9.25926e-05,PGD ETE: 18 active gate (VG) columns/unit x 2 LO<->HI tip-to-tip pair(s) each (LO1 tracks 4;16 vs HI1 tracks 9;11) = 36 LKG paths/unit; x 5x60 unit cells = 10800; Scalar = 1/10800,vias missing on some LO1/HI1 tracks (variant); SDR-equivalent track set used,,,,,,,,,,,,,,18,36,2,4/16,9/11
x81zs_gategate02,GATEGATE132-NPZ5-U-A:SDR:PGD:REF:OC1,GATEGATE,A,GATEGATE-<MOS>-A:SDR:PGD:REF:OC1,10800,9.25926e-05,PGD ETE: 18 active gate (VG) columns/unit x 2 LO<->HI tip-to-tip pair(s) each (LO1 tracks 4;16 vs HI1 tracks 9;11) = 36 LKG paths/unit; x 5x60 unit cells = 10800; Scalar = 1/10800,vias missing on some LO1/HI1 tracks (variant); SDR-equivalent track set used,,,,,,,,,,,,,,18,36,2,4/16,9/11
x81zs_gategate02,GATEGATE132-PZ5-U-A:SDR:PGD:REF:OC1,GATEGATE,A,GATEGATE-<MOS>-A:SDR:PGD:REF:OC1,10800,9.25926e-05,PGD ETE: 18 active gate (VG) columns/unit x 2 LO<->HI tip-to-tip pair(s) each (LO1 tracks 4;16 vs HI1 tracks 9;11) = 36 LKG paths/unit; x 5x60 unit cells = 10800; Scalar = 1/10800,vias missing on some LO1/HI1 tracks (variant); SDR-equivalent track set used,,,,,,,,,,,,,,18,36,2,4/16,9/11
x81zs_gategate02,GATEGATE132-NZ5-UL-A:SDR:PGD:REF:OC1,GATEGATE,A,GATEGATE-<MOS>-A:SDR:PGD:REF:OC1,10800,9.25926e-05,PGD ETE: 18 active gate (VG) columns/unit x 2 LO<->HI tip-to-tip pair(s) each (LO1 tracks 4;16 vs HI1 tracks 9;11) = 36 LKG paths/unit; x 5x60 unit cells = 10800; Scalar = 1/10800,vias missing on some LO1/HI1 tracks (variant); SDR-equivalent track set used,,,,,,,,,,,,,,18,36,2,4/16,9/11
x81zs_gategate02,GATEGATE132-NPZ5-UL-A:SDR:PGD:REF:OC1,GATEGATE,A,GATEGATE-<MOS>-A:SDR:PGD:REF:OC1,10800,9.25926e-05,PGD ETE: 18 active gate (VG) columns/unit x 2 LO<->HI tip-to-tip pair(s) each (LO1 tracks 4;16 vs HI1 tracks 9;11) = 36 LKG paths/unit; x 5x60 unit cells = 10800; Scalar = 1/10800,vias missing on some LO1/HI1 tracks (variant); SDR-equivalent track set used,,,,,,,,,,,,,,18,36,2,4/16,9/11
x81zs_gategate02,GATEGATE132-PZ5-UL-A:SDR:PGD:REF:OC1,GATEGATE,A,GATEGATE-<MOS>-A:SDR:PGD:REF:OC1,10800,9.25926e-05,PGD ETE: 18 active gate (VG) columns/unit x 2 LO<->HI tip-to-tip pair(s) each (LO1 tracks 4;16 vs HI1 tracks 9;11) = 36 LKG paths/unit; x 5x60 unit cells = 10800; Scalar = 1/10800,vias missing on some LO1/HI1 tracks (variant); SDR-equivalent track set used,,,,,,,,,,,,,,18,36,2,4/16,9/11
x81zs_gategate02,GATEGATE132-NZ5-E-A:SDR:PGD:REF:OC1,GATEGATE,A,GATEGATE-<MOS>-A:SDR:PGD:REF:OC1,10800,9.25926e-05,PGD ETE: 18 active gate (VG) columns/unit x 2 LO<->HI tip-to-tip pair(s) each (LO1 tracks 4;16 vs HI1 tracks 9;11) = 36 LKG paths/unit; x 5x60 unit cells = 10800; Scalar = 1/10800,vias missing on some LO1/HI1 tracks (variant); SDR-equivalent track set used,,,,,,,,,,,,,,18,36,2,4/16,9/11
x81zs_gategate02,GATEGATE132-NPZ5-E-A:SDR:PGD:REF:OC1,GATEGATE,A,GATEGATE-<MOS>-A:SDR:PGD:REF:OC1,10800,9.25926e-05,PGD ETE: 18 active gate (VG) columns/unit x 2 LO<->HI tip-to-tip pair(s) each (LO1 tracks 4;16 vs HI1 tracks 9;11) = 36 LKG paths/unit; x 5x60 unit cells = 10800; Scalar = 1/10800,vias missing on some LO1/HI1 tracks (variant); SDR-equivalent track set used,,,,,,,,,,,,,,18,36,2,4/16,9/11
x81zs_gategate02,GATEGATE132-PZ5-E-A:SDR:PGD:REF:OC1,GATEGATE,A,GATEGATE-<MOS>-A:SDR:PGD:REF:OC1,10800,9.25926e-05,PGD ETE: 18 active gate (VG) columns/unit x 2 LO<->HI tip-to-tip pair(s) each (LO1 tracks 4;16 vs HI1 tracks 9;11) = 36 LKG paths/unit; x 5x60 unit cells = 10800; Scalar = 1/10800,vias missing on some LO1/HI1 tracks (variant); SDR-equivalent track set used,,,,,,,,,,,,,,18,36,2,4/16,9/11
x81zs_gategate02,GATEGATE165-NZ7-H-A:SDR:PGD:REF:OC1,GATEGATE,A,GATEGATE-<MOS>-A:SDR:PGD:REF:OC1,10800,9.25926e-05,PGD ETE: 18 active gate (VG) columns/unit x 2 LO<->HI tip-to-tip pair(s) each (LO1 tracks 4;20 vs HI1 tracks 11;13) = 36 LKG paths/unit; x 5x60 unit cells = 10800; Scalar = 1/10800,vias missing on some LO1/HI1 tracks (variant); SDR-equivalent track set used,,,,,,,,,,,,,,18,36,2,4/20,11/13
x81zs_gategate02,GATEGATE165-NPZ7-H-A:SDR:PGD:REF:OC1,GATEGATE,A,GATEGATE-<MOS>-A:SDR:PGD:REF:OC1,10800,9.25926e-05,PGD ETE: 18 active gate (VG) columns/unit x 2 LO<->HI tip-to-tip pair(s) each (LO1 tracks 4;20 vs HI1 tracks 11;13) = 36 LKG paths/unit; x 5x60 unit cells = 10800; Scalar = 1/10800,vias missing on some LO1/HI1 tracks (variant); SDR-equivalent track set used,,,,,,,,,,,,,,18,36,2,4/20,11/13
x81zs_gategate02,GATEGATE165-PZ7-H-A:SDR:PGD:REF:OC1,GATEGATE,A,GATEGATE-<MOS>-A:SDR:PGD:REF:OC1,10800,9.25926e-05,PGD ETE: 18 active gate (VG) columns/unit x 2 LO<->HI tip-to-tip pair(s) each (LO1 tracks 4;20 vs HI1 tracks 11;13) = 36 LKG paths/unit; x 5x60 unit cells = 10800; Scalar = 1/10800,vias missing on some LO1/HI1 tracks (variant); SDR-equivalent track set used,,,,,,,,,,,,,,18,36,2,4/20,11/13
x81zs_gategate02,GATEGATE165-NZ7-S-A:SDR:PGD:REF:OC1,GATEGATE,A,GATEGATE-<MOS>-A:SDR:PGD:REF:OC1,10800,9.25926e-05,PGD ETE: 18 active gate (VG) columns/unit x 2 LO<->HI tip-to-tip pair(s) each (LO1 tracks 4;20 vs HI1 tracks 11;13) = 36 LKG paths/unit; x 5x60 unit cells = 10800; Scalar = 1/10800,vias missing on some LO1/HI1 tracks (variant); SDR-equivalent track set used,,,,,,,,,,,,,,18,36,2,4/20,11/13
x81zs_gategate02,GATEGATE165-NPZ7-S-A:SDR:PGD:REF:OC1,GATEGATE,A,GATEGATE-<MOS>-A:SDR:PGD:REF:OC1,10800,9.25926e-05,PGD ETE: 18 active gate (VG) columns/unit x 2 LO<->HI tip-to-tip pair(s) each (LO1 tracks 4;20 vs HI1 tracks 11;13) = 36 LKG paths/unit; x 5x60 unit cells = 10800; Scalar = 1/10800,vias missing on some LO1/HI1 tracks (variant); SDR-equivalent track set used,,,,,,,,,,,,,,18,36,2,4/20,11/13
x81zs_gategate02,GATEGATE165-PZ7-S-A:SDR:PGD:REF:OC1,GATEGATE,A,GATEGATE-<MOS>-A:SDR:PGD:REF:OC1,10800,9.25926e-05,PGD ETE: 18 active gate (VG) columns/unit x 2 LO<->HI tip-to-tip pair(s) each (LO1 tracks 4;20 vs HI1 tracks 11;13) = 36 LKG paths/unit; x 5x60 unit cells = 10800; Scalar = 1/10800,vias missing on some LO1/HI1 tracks (variant); SDR-equivalent track set used,,,,,,,,,,,,,,18,36,2,4/20,11/13
x81zs_gategate02,GATEGATE165-NZ7-L-A:SDR:PGD:REF:OC1,GATEGATE,A,GATEGATE-<MOS>-A:SDR:PGD:REF:OC1,10800,9.25926e-05,PGD ETE: 18 active gate (VG) columns/unit x 2 LO<->HI tip-to-tip pair(s) each (LO1 tracks 4;20 vs HI1 tracks 11;13) = 36 LKG paths/unit; x 5x60 unit cells = 10800; Scalar = 1/10800,vias missing on some LO1/HI1 tracks (variant); SDR-equivalent track set used,,,,,,,,,,,,,,18,36,2,4/20,11/13
x81zs_gategate02,GATEGATE165-NPZ7-L-A:SDR:PGD:REF:OC1,GATEGATE,A,GATEGATE-<MOS>-A:SDR:PGD:REF:OC1,10800,9.25926e-05,PGD ETE: 18 active gate (VG) columns/unit x 2 LO<->HI tip-to-tip pair(s) each (LO1 tracks 4;20 vs HI1 tracks 11;13) = 36 LKG paths/unit; x 5x60 unit cells = 10800; Scalar = 1/10800,vias missing on some LO1/HI1 tracks (variant); SDR-equivalent track set used,,,,,,,,,,,,,,18,36,2,4/20,11/13
x81zs_gategate02,GATEGATE165-PZ7-L-A:SDR:PGD:REF:OC1,GATEGATE,A,GATEGATE-<MOS>-A:SDR:PGD:REF:OC1,10800,9.25926e-05,PGD ETE: 18 active gate (VG) columns/unit x 2 LO<->HI tip-to-tip pair(s) each (LO1 tracks 4;20 vs HI1 tracks 11;13) = 36 LKG paths/unit; x 5x60 unit cells = 10800; Scalar = 1/10800,vias missing on some LO1/HI1 tracks (variant); SDR-equivalent track set used,,,,,,,,,,,,,,18,36,2,4/20,11/13
x81zs_gategate02,GATEGATE165-NZ7-U-A:SDR:PGD:REF:OC1,GATEGATE,A,GATEGATE-<MOS>-A:SDR:PGD:REF:OC1,10800,9.25926e-05,PGD ETE: 18 active gate (VG) columns/unit x 2 LO<->HI tip-to-tip pair(s) each (LO1 tracks 4;20 vs HI1 tracks 11;13) = 36 LKG paths/unit; x 5x60 unit cells = 10800; Scalar = 1/10800,vias missing on some LO1/HI1 tracks (variant); SDR-equivalent track set used,,,,,,,,,,,,,,18,36,2,4/20,11/13
x81zs_gategate02,GATEGATE165-NPZ7-U-A:SDR:PGD:REF:OC1,GATEGATE,A,GATEGATE-<MOS>-A:SDR:PGD:REF:OC1,10800,9.25926e-05,PGD ETE: 18 active gate (VG) columns/unit x 2 LO<->HI tip-to-tip pair(s) each (LO1 tracks 4;20 vs HI1 tracks 11;13) = 36 LKG paths/unit; x 5x60 unit cells = 10800; Scalar = 1/10800,vias missing on some LO1/HI1 tracks (variant); SDR-equivalent track set used,,,,,,,,,,,,,,18,36,2,4/20,11/13
x81zs_gategate02,GATEGATE165-PZ7-U-A:SDR:PGD:REF:OC1,GATEGATE,A,GATEGATE-<MOS>-A:SDR:PGD:REF:OC1,10800,9.25926e-05,PGD ETE: 18 active gate (VG) columns/unit x 2 LO<->HI tip-to-tip pair(s) each (LO1 tracks 4;20 vs HI1 tracks 11;13) = 36 LKG paths/unit; x 5x60 unit cells = 10800; Scalar = 1/10800,vias missing on some LO1/HI1 tracks (variant); SDR-equivalent track set used,,,,,,,,,,,,,,18,36,2,4/20,11/13
x81zs_gategate02,GATEGATE165-NZ7-UL-A:SDR:PGD:REF:OC1,GATEGATE,A,GATEGATE-<MOS>-A:SDR:PGD:REF:OC1,10800,9.25926e-05,PGD ETE: 18 active gate (VG) columns/unit x 2 LO<->HI tip-to-tip pair(s) each (LO1 tracks 4;20 vs HI1 tracks 11;13) = 36 LKG paths/unit; x 5x60 unit cells = 10800; Scalar = 1/10800,vias missing on some LO1/HI1 tracks (variant); SDR-equivalent track set used,,,,,,,,,,,,,,18,36,2,4/20,11/13
x81zs_gategate02,GATEGATE165-NPZ7-UL-A:SDR:PGD:REF:OC1,GATEGATE,A,GATEGATE-<MOS>-A:SDR:PGD:REF:OC1,10800,9.25926e-05,PGD ETE: 18 active gate (VG) columns/unit x 2 LO<->HI tip-to-tip pair(s) each (LO1 tracks 4;20 vs HI1 tracks 11;13) = 36 LKG paths/unit; x 5x60 unit cells = 10800; Scalar = 1/10800,vias missing on some LO1/HI1 tracks (variant); SDR-equivalent track set used,,,,,,,,,,,,,,18,36,2,4/20,11/13
x81zs_gategate02,GATEGATE165-PZ7-UL-A:SDR:PGD:REF:OC1,GATEGATE,A,GATEGATE-<MOS>-A:SDR:PGD:REF:OC1,10800,9.25926e-05,PGD ETE: 18 active gate (VG) columns/unit x 2 LO<->HI tip-to-tip pair(s) each (LO1 tracks 4;20 vs HI1 tracks 11;13) = 36 LKG paths/unit; x 5x60 unit cells = 10800; Scalar = 1/10800,vias missing on some LO1/HI1 tracks (variant); SDR-equivalent track set used,,,,,,,,,,,,,,18,36,2,4/20,11/13
x81zs_gategate02,GATEGATE165-NZ7-E-A:SDR:PGD:REF:OC1,GATEGATE,A,GATEGATE-<MOS>-A:SDR:PGD:REF:OC1,10800,9.25926e-05,PGD ETE: 18 active gate (VG) columns/unit x 2 LO<->HI tip-to-tip pair(s) each (LO1 tracks 4;20 vs HI1 tracks 11;13) = 36 LKG paths/unit; x 5x60 unit cells = 10800; Scalar = 1/10800,vias missing on some LO1/HI1 tracks (variant); SDR-equivalent track set used,,,,,,,,,,,,,,18,36,2,4/20,11/13
x81zs_gategate02,GATEGATE165-NPZ7-E-A:SDR:PGD:REF:OC1,GATEGATE,A,GATEGATE-<MOS>-A:SDR:PGD:REF:OC1,10800,9.25926e-05,PGD ETE: 18 active gate (VG) columns/unit x 2 LO<->HI tip-to-tip pair(s) each (LO1 tracks 4;20 vs HI1 tracks 11;13) = 36 LKG paths/unit; x 5x60 unit cells = 10800; Scalar = 1/10800,vias missing on some LO1/HI1 tracks (variant); SDR-equivalent track set used,,,,,,,,,,,,,,18,36,2,4/20,11/13
x81zs_gategate02,GATEGATE165-PZ7-E-A:SDR:PGD:REF:OC1,GATEGATE,A,GATEGATE-<MOS>-A:SDR:PGD:REF:OC1,10800,9.25926e-05,PGD ETE: 18 active gate (VG) columns/unit x 2 LO<->HI tip-to-tip pair(s) each (LO1 tracks 4;20 vs HI1 tracks 11;13) = 36 LKG paths/unit; x 5x60 unit cells = 10800; Scalar = 1/10800,vias missing on some LO1/HI1 tracks (variant); SDR-equivalent track set used,,,,,,,,,,,,,,18,36,2,4/20,11/13
x81zs_gategate02,GATEGATE110-NZ1-H-A:SDR:PGD:REF:OC2,GATEGATE,A,GATEGATE-<MOS>-A:SDR:PGD:REF:OC2,10800,9.25926e-05,PGD ETE: 18 active gate (VG) columns/unit x 2 LO<->HI tip-to-tip pair(s) each (LO1 tracks 4;16 vs HI1 tracks 9;11) = 36 LKG paths/unit; x 5x60 unit cells = 10800; Scalar = 1/10800,vias missing on some LO1/HI1 tracks (variant); SDR-equivalent track set used,,,,,,,,,,,,,,18,36,2,4/16,9/11
x81zs_gategate02,GATEGATE110-NPZ1-H-A:SDR:PGD:REF:OC2,GATEGATE,A,GATEGATE-<MOS>-A:SDR:PGD:REF:OC2,10800,9.25926e-05,PGD ETE: 18 active gate (VG) columns/unit x 2 LO<->HI tip-to-tip pair(s) each (LO1 tracks 4;16 vs HI1 tracks 9;11) = 36 LKG paths/unit; x 5x60 unit cells = 10800; Scalar = 1/10800,vias missing on some LO1/HI1 tracks (variant); SDR-equivalent track set used,,,,,,,,,,,,,,18,36,2,4/16,9/11
x81zs_gategate02,GATEGATE110-PZ1-H-A:SDR:PGD:REF:OC2,GATEGATE,A,GATEGATE-<MOS>-A:SDR:PGD:REF:OC2,10800,9.25926e-05,PGD ETE: 18 active gate (VG) columns/unit x 2 LO<->HI tip-to-tip pair(s) each (LO1 tracks 4;16 vs HI1 tracks 9;11) = 36 LKG paths/unit; x 5x60 unit cells = 10800; Scalar = 1/10800,vias missing on some LO1/HI1 tracks (variant); SDR-equivalent track set used,,,,,,,,,,,,,,18,36,2,4/16,9/11
x81zs_gategate02,GATEGATE110-NZ1-S-A:SDR:PGD:REF:OC2,GATEGATE,A,GATEGATE-<MOS>-A:SDR:PGD:REF:OC2,10800,9.25926e-05,PGD ETE: 18 active gate (VG) columns/unit x 2 LO<->HI tip-to-tip pair(s) each (LO1 tracks 4;16 vs HI1 tracks 9;11) = 36 LKG paths/unit; x 5x60 unit cells = 10800; Scalar = 1/10800,vias missing on some LO1/HI1 tracks (variant); SDR-equivalent track set used,,,,,,,,,,,,,,18,36,2,4/16,9/11
x81zs_gategate02,GATEGATE110-NPZ1-S-A:SDR:PGD:REF:OC2,GATEGATE,A,GATEGATE-<MOS>-A:SDR:PGD:REF:OC2,10800,9.25926e-05,PGD ETE: 18 active gate (VG) columns/unit x 2 LO<->HI tip-to-tip pair(s) each (LO1 tracks 4;16 vs HI1 tracks 9;11) = 36 LKG paths/unit; x 5x60 unit cells = 10800; Scalar = 1/10800,vias missing on some LO1/HI1 tracks (variant); SDR-equivalent track set used,,,,,,,,,,,,,,18,36,2,4/16,9/11
x81zs_gategate02,GATEGATE110-PZ1-S-A:SDR:PGD:REF:OC2,GATEGATE,A,GATEGATE-<MOS>-A:SDR:PGD:REF:OC2,10800,9.25926e-05,PGD ETE: 18 active gate (VG) columns/unit x 2 LO<->HI tip-to-tip pair(s) each (LO1 tracks 4;16 vs HI1 tracks 9;11) = 36 LKG paths/unit; x 5x60 unit cells = 10800; Scalar = 1/10800,vias missing on some LO1/HI1 tracks (variant); SDR-equivalent track set used,,,,,,,,,,,,,,18,36,2,4/16,9/11
x81zs_gategate02,GATEGATE110-NZ1-L-A:SDR:PGD:REF:OC2,GATEGATE,A,GATEGATE-<MOS>-A:SDR:PGD:REF:OC2,10800,9.25926e-05,PGD ETE: 18 active gate (VG) columns/unit x 2 LO<->HI tip-to-tip pair(s) each (LO1 tracks 4;16 vs HI1 tracks 9;11) = 36 LKG paths/unit; x 5x60 unit cells = 10800; Scalar = 1/10800,vias missing on some LO1/HI1 tracks (variant); SDR-equivalent track set used,,,,,,,,,,,,,,18,36,2,4/16,9/11
x81zs_gategate02,GATEGATE110-NPZ1-L-A:SDR:PGD:REF:OC2,GATEGATE,A,GATEGATE-<MOS>-A:SDR:PGD:REF:OC2,10800,9.25926e-05,PGD ETE: 18 active gate (VG) columns/unit x 2 LO<->HI tip-to-tip pair(s) each (LO1 tracks 4;16 vs HI1 tracks 9;11) = 36 LKG paths/unit; x 5x60 unit cells = 10800; Scalar = 1/10800,vias missing on some LO1/HI1 tracks (variant); SDR-equivalent track set used,,,,,,,,,,,,,,18,36,2,4/16,9/11
x81zs_gategate02,GATEGATE110-PZ1-L-A:SDR:PGD:REF:OC2,GATEGATE,A,GATEGATE-<MOS>-A:SDR:PGD:REF:OC2,10800,9.25926e-05,PGD ETE: 18 active gate (VG) columns/unit x 2 LO<->HI tip-to-tip pair(s) each (LO1 tracks 4;16 vs HI1 tracks 9;11) = 36 LKG paths/unit; x 5x60 unit cells = 10800; Scalar = 1/10800,vias missing on some LO1/HI1 tracks (variant); SDR-equivalent track set used,,,,,,,,,,,,,,18,36,2,4/16,9/11
x81zs_gategate02,GATEGATE110-NZ1-U-A:SDR:PGD:REF:OC2,GATEGATE,A,GATEGATE-<MOS>-A:SDR:PGD:REF:OC2,10800,9.25926e-05,PGD ETE: 18 active gate (VG) columns/unit x 2 LO<->HI tip-to-tip pair(s) each (LO1 tracks 4;16 vs HI1 tracks 9;11) = 36 LKG paths/unit; x 5x60 unit cells = 10800; Scalar = 1/10800,vias missing on some LO1/HI1 tracks (variant); SDR-equivalent track set used,,,,,,,,,,,,,,18,36,2,4/16,9/11
x81zs_gategate02,GATEGATE110-NPZ1-U-A:SDR:PGD:REF:OC2,GATEGATE,A,GATEGATE-<MOS>-A:SDR:PGD:REF:OC2,10800,9.25926e-05,PGD ETE: 18 active gate (VG) columns/unit x 2 LO<->HI tip-to-tip pair(s) each (LO1 tracks 4;16 vs HI1 tracks 9;11) = 36 LKG paths/unit; x 5x60 unit cells = 10800; Scalar = 1/10800,vias missing on some LO1/HI1 tracks (variant); SDR-equivalent track set used,,,,,,,,,,,,,,18,36,2,4/16,9/11
x81zs_gategate02,GATEGATE110-PZ1-U-A:SDR:PGD:REF:OC2,GATEGATE,A,GATEGATE-<MOS>-A:SDR:PGD:REF:OC2,10800,9.25926e-05,PGD ETE: 18 active gate (VG) columns/unit x 2 LO<->HI tip-to-tip pair(s) each (LO1 tracks 4;16 vs HI1 tracks 9;11) = 36 LKG paths/unit; x 5x60 unit cells = 10800; Scalar = 1/10800,vias missing on some LO1/HI1 tracks (variant); SDR-equivalent track set used,,,,,,,,,,,,,,18,36,2,4/16,9/11
x81zs_gategate02,GATEGATE110-NZ1-UL-A:SDR:PGD:REF:OC2,GATEGATE,A,GATEGATE-<MOS>-A:SDR:PGD:REF:OC2,10800,9.25926e-05,PGD ETE: 18 active gate (VG) columns/unit x 2 LO<->HI tip-to-tip pair(s) each (LO1 tracks 4;16 vs HI1 tracks 9;11) = 36 LKG paths/unit; x 5x60 unit cells = 10800; Scalar = 1/10800,vias missing on some LO1/HI1 tracks (variant); SDR-equivalent track set used,,,,,,,,,,,,,,18,36,2,4/16,9/11
x81zs_gategate02,GATEGATE110-NPZ1-UL-A:SDR:PGD:REF:OC2,GATEGATE,A,GATEGATE-<MOS>-A:SDR:PGD:REF:OC2,10800,9.25926e-05,PGD ETE: 18 active gate (VG) columns/unit x 2 LO<->HI tip-to-tip pair(s) each (LO1 tracks 4;16 vs HI1 tracks 9;11) = 36 LKG paths/unit; x 5x60 unit cells = 10800; Scalar = 1/10800,vias missing on some LO1/HI1 tracks (variant); SDR-equivalent track set used,,,,,,,,,,,,,,18,36,2,4/16,9/11
x81zs_gategate02,GATEGATE110-PZ1-UL-A:SDR:PGD:REF:OC2,GATEGATE,A,GATEGATE-<MOS>-A:SDR:PGD:REF:OC2,10800,9.25926e-05,PGD ETE: 18 active gate (VG) columns/unit x 2 LO<->HI tip-to-tip pair(s) each (LO1 tracks 4;16 vs HI1 tracks 9;11) = 36 LKG paths/unit; x 5x60 unit cells = 10800; Scalar = 1/10800,vias missing on some LO1/HI1 tracks (variant); SDR-equivalent track set used,,,,,,,,,,,,,,18,36,2,4/16,9/11
x81zs_gategate02,GATEGATE110-NZ1-E-A:SDR:PGD:REF:OC2,GATEGATE,A,GATEGATE-<MOS>-A:SDR:PGD:REF:OC2,10800,9.25926e-05,PGD ETE: 18 active gate (VG) columns/unit x 2 LO<->HI tip-to-tip pair(s) each (LO1 tracks 4;16 vs HI1 tracks 9;11) = 36 LKG paths/unit; x 5x60 unit cells = 10800; Scalar = 1/10800,vias missing on some LO1/HI1 tracks (variant); SDR-equivalent track set used,,,,,,,,,,,,,,18,36,2,4/16,9/11
x81zs_gategate02,GATEGATE110-NPZ1-E-A:SDR:PGD:REF:OC2,GATEGATE,A,GATEGATE-<MOS>-A:SDR:PGD:REF:OC2,10800,9.25926e-05,PGD ETE: 18 active gate (VG) columns/unit x 2 LO<->HI tip-to-tip pair(s) each (LO1 tracks 4;16 vs HI1 tracks 9;11) = 36 LKG paths/unit; x 5x60 unit cells = 10800; Scalar = 1/10800,vias missing on some LO1/HI1 tracks (variant); SDR-equivalent track set used,,,,,,,,,,,,,,18,36,2,4/16,9/11
x81zs_gategate02,GATEGATE110-PZ1-E-A:SDR:PGD:REF:OC2,GATEGATE,A,GATEGATE-<MOS>-A:SDR:PGD:REF:OC2,10800,9.25926e-05,PGD ETE: 18 active gate (VG) columns/unit x 2 LO<->HI tip-to-tip pair(s) each (LO1 tracks 4;16 vs HI1 tracks 9;11) = 36 LKG paths/unit; x 5x60 unit cells = 10800; Scalar = 1/10800,vias missing on some LO1/HI1 tracks (variant); SDR-equivalent track set used,,,,,,,,,,,,,,18,36,2,4/16,9/11
x81zs_gategate02,GATEGATE132-NZ5-H-A:SDR:PGD:REF:OC2,GATEGATE,A,GATEGATE-<MOS>-A:SDR:PGD:REF:OC2,10800,9.25926e-05,PGD ETE: 18 active gate (VG) columns/unit x 2 LO<->HI tip-to-tip pair(s) each (LO1 tracks 4;16 vs HI1 tracks 9;11) = 36 LKG paths/unit; x 5x60 unit cells = 10800; Scalar = 1/10800,vias missing on some LO1/HI1 tracks (variant); SDR-equivalent track set used,,,,,,,,,,,,,,18,36,2,4/16,9/11
x81zs_gategate02,GATEGATE132-NPZ5-H-A:SDR:PGD:REF:OC2,GATEGATE,A,GATEGATE-<MOS>-A:SDR:PGD:REF:OC2,10800,9.25926e-05,PGD ETE: 18 active gate (VG) columns/unit x 2 LO<->HI tip-to-tip pair(s) each (LO1 tracks 4;16 vs HI1 tracks 9;11) = 36 LKG paths/unit; x 5x60 unit cells = 10800; Scalar = 1/10800,vias missing on some LO1/HI1 tracks (variant); SDR-equivalent track set used,,,,,,,,,,,,,,18,36,2,4/16,9/11
x81zs_gategate02,GATEGATE132-PZ5-H-A:SDR:PGD:REF:OC2,GATEGATE,A,GATEGATE-<MOS>-A:SDR:PGD:REF:OC2,10800,9.25926e-05,PGD ETE: 18 active gate (VG) columns/unit x 2 LO<->HI tip-to-tip pair(s) each (LO1 tracks 4;16 vs HI1 tracks 9;11) = 36 LKG paths/unit; x 5x60 unit cells = 10800; Scalar = 1/10800,vias missing on some LO1/HI1 tracks (variant); SDR-equivalent track set used,,,,,,,,,,,,,,18,36,2,4/16,9/11
x81zs_gategate02,GATEGATE132-NZ5-S-A:SDR:PGD:REF:OC2,GATEGATE,A,GATEGATE-<MOS>-A:SDR:PGD:REF:OC2,10800,9.25926e-05,PGD ETE: 18 active gate (VG) columns/unit x 2 LO<->HI tip-to-tip pair(s) each (LO1 tracks 4;16 vs HI1 tracks 9;11) = 36 LKG paths/unit; x 5x60 unit cells = 10800; Scalar = 1/10800,vias missing on some LO1/HI1 tracks (variant); SDR-equivalent track set used,,,,,,,,,,,,,,18,36,2,4/16,9/11
x81zs_gategate02,GATEGATE132-NPZ5-S-A:SDR:PGD:REF:OC2,GATEGATE,A,GATEGATE-<MOS>-A:SDR:PGD:REF:OC2,10800,9.25926e-05,PGD ETE: 18 active gate (VG) columns/unit x 2 LO<->HI tip-to-tip pair(s) each (LO1 tracks 4;16 vs HI1 tracks 9;11) = 36 LKG paths/unit; x 5x60 unit cells = 10800; Scalar = 1/10800,vias missing on some LO1/HI1 tracks (variant); SDR-equivalent track set used,,,,,,,,,,,,,,18,36,2,4/16,9/11
x81zs_gategate02,GATEGATE132-PZ5-S-A:SDR:PGD:REF:OC2,GATEGATE,A,GATEGATE-<MOS>-A:SDR:PGD:REF:OC2,10800,9.25926e-05,PGD ETE: 18 active gate (VG) columns/unit x 2 LO<->HI tip-to-tip pair(s) each (LO1 tracks 4;16 vs HI1 tracks 9;11) = 36 LKG paths/unit; x 5x60 unit cells = 10800; Scalar = 1/10800,vias missing on some LO1/HI1 tracks (variant); SDR-equivalent track set used,,,,,,,,,,,,,,18,36,2,4/16,9/11
x81zs_gategate02,GATEGATE132-NZ5-L-A:SDR:PGD:REF:OC2,GATEGATE,A,GATEGATE-<MOS>-A:SDR:PGD:REF:OC2,10800,9.25926e-05,PGD ETE: 18 active gate (VG) columns/unit x 2 LO<->HI tip-to-tip pair(s) each (LO1 tracks 4;16 vs HI1 tracks 9;11) = 36 LKG paths/unit; x 5x60 unit cells = 10800; Scalar = 1/10800,vias missing on some LO1/HI1 tracks (variant); SDR-equivalent track set used,,,,,,,,,,,,,,18,36,2,4/16,9/11
x81zs_gategate02,GATEGATE132-NPZ5-L-A:SDR:PGD:REF:OC2,GATEGATE,A,GATEGATE-<MOS>-A:SDR:PGD:REF:OC2,10800,9.25926e-05,PGD ETE: 18 active gate (VG) columns/unit x 2 LO<->HI tip-to-tip pair(s) each (LO1 tracks 4;16 vs HI1 tracks 9;11) = 36 LKG paths/unit; x 5x60 unit cells = 10800; Scalar = 1/10800,vias missing on some LO1/HI1 tracks (variant); SDR-equivalent track set used,,,,,,,,,,,,,,18,36,2,4/16,9/11
x81zs_gategate02,GATEGATE132-PZ5-L-A:SDR:PGD:REF:OC2,GATEGATE,A,GATEGATE-<MOS>-A:SDR:PGD:REF:OC2,10800,9.25926e-05,PGD ETE: 18 active gate (VG) columns/unit x 2 LO<->HI tip-to-tip pair(s) each (LO1 tracks 4;16 vs HI1 tracks 9;11) = 36 LKG paths/unit; x 5x60 unit cells = 10800; Scalar = 1/10800,vias missing on some LO1/HI1 tracks (variant); SDR-equivalent track set used,,,,,,,,,,,,,,18,36,2,4/16,9/11
x81zs_gategate02,GATEGATE132-NZ5-U-A:SDR:PGD:REF:OC2,GATEGATE,A,GATEGATE-<MOS>-A:SDR:PGD:REF:OC2,10800,9.25926e-05,PGD ETE: 18 active gate (VG) columns/unit x 2 LO<->HI tip-to-tip pair(s) each (LO1 tracks 4;16 vs HI1 tracks 9;11) = 36 LKG paths/unit; x 5x60 unit cells = 10800; Scalar = 1/10800,vias missing on some LO1/HI1 tracks (variant); SDR-equivalent track set used,,,,,,,,,,,,,,18,36,2,4/16,9/11
x81zs_gategate02,GATEGATE132-NPZ5-U-A:SDR:PGD:REF:OC2,GATEGATE,A,GATEGATE-<MOS>-A:SDR:PGD:REF:OC2,10800,9.25926e-05,PGD ETE: 18 active gate (VG) columns/unit x 2 LO<->HI tip-to-tip pair(s) each (LO1 tracks 4;16 vs HI1 tracks 9;11) = 36 LKG paths/unit; x 5x60 unit cells = 10800; Scalar = 1/10800,vias missing on some LO1/HI1 tracks (variant); SDR-equivalent track set used,,,,,,,,,,,,,,18,36,2,4/16,9/11
x81zs_gategate02,GATEGATE132-PZ5-U-A:SDR:PGD:REF:OC2,GATEGATE,A,GATEGATE-<MOS>-A:SDR:PGD:REF:OC2,10800,9.25926e-05,PGD ETE: 18 active gate (VG) columns/unit x 2 LO<->HI tip-to-tip pair(s) each (LO1 tracks 4;16 vs HI1 tracks 9;11) = 36 LKG paths/unit; x 5x60 unit cells = 10800; Scalar = 1/10800,vias missing on some LO1/HI1 tracks (variant); SDR-equivalent track set used,,,,,,,,,,,,,,18,36,2,4/16,9/11
x81zs_gategate02,GATEGATE132-NZ5-UL-A:SDR:PGD:REF:OC2,GATEGATE,A,GATEGATE-<MOS>-A:SDR:PGD:REF:OC2,10800,9.25926e-05,PGD ETE: 18 active gate (VG) columns/unit x 2 LO<->HI tip-to-tip pair(s) each (LO1 tracks 4;16 vs HI1 tracks 9;11) = 36 LKG paths/unit; x 5x60 unit cells = 10800; Scalar = 1/10800,vias missing on some LO1/HI1 tracks (variant); SDR-equivalent track set used,,,,,,,,,,,,,,18,36,2,4/16,9/11
x81zs_gategate02,GATEGATE132-NPZ5-UL-A:SDR:PGD:REF:OC2,GATEGATE,A,GATEGATE-<MOS>-A:SDR:PGD:REF:OC2,10800,9.25926e-05,PGD ETE: 18 active gate (VG) columns/unit x 2 LO<->HI tip-to-tip pair(s) each (LO1 tracks 4;16 vs HI1 tracks 9;11) = 36 LKG paths/unit; x 5x60 unit cells = 10800; Scalar = 1/10800,vias missing on some LO1/HI1 tracks (variant); SDR-equivalent track set used,,,,,,,,,,,,,,18,36,2,4/16,9/11
x81zs_gategate02,GATEGATE132-PZ5-UL-A:SDR:PGD:REF:OC2,GATEGATE,A,GATEGATE-<MOS>-A:SDR:PGD:REF:OC2,10800,9.25926e-05,PGD ETE: 18 active gate (VG) columns/unit x 2 LO<->HI tip-to-tip pair(s) each (LO1 tracks 4;16 vs HI1 tracks 9;11) = 36 LKG paths/unit; x 5x60 unit cells = 10800; Scalar = 1/10800,vias missing on some LO1/HI1 tracks (variant); SDR-equivalent track set used,,,,,,,,,,,,,,18,36,2,4/16,9/11
x81zs_gategate02,GATEGATE132-NZ5-E-A:SDR:PGD:REF:OC2,GATEGATE,A,GATEGATE-<MOS>-A:SDR:PGD:REF:OC2,10800,9.25926e-05,PGD ETE: 18 active gate (VG) columns/unit x 2 LO<->HI tip-to-tip pair(s) each (LO1 tracks 4;16 vs HI1 tracks 9;11) = 36 LKG paths/unit; x 5x60 unit cells = 10800; Scalar = 1/10800,vias missing on some LO1/HI1 tracks (variant); SDR-equivalent track set used,,,,,,,,,,,,,,18,36,2,4/16,9/11
x81zs_gategate02,GATEGATE132-NPZ5-E-A:SDR:PGD:REF:OC2,GATEGATE,A,GATEGATE-<MOS>-A:SDR:PGD:REF:OC2,10800,9.25926e-05,PGD ETE: 18 active gate (VG) columns/unit x 2 LO<->HI tip-to-tip pair(s) each (LO1 tracks 4;16 vs HI1 tracks 9;11) = 36 LKG paths/unit; x 5x60 unit cells = 10800; Scalar = 1/10800,vias missing on some LO1/HI1 tracks (variant); SDR-equivalent track set used,,,,,,,,,,,,,,18,36,2,4/16,9/11
x81zs_gategate02,GATEGATE132-PZ5-E-A:SDR:PGD:REF:OC2,GATEGATE,A,GATEGATE-<MOS>-A:SDR:PGD:REF:OC2,10800,9.25926e-05,PGD ETE: 18 active gate (VG) columns/unit x 2 LO<->HI tip-to-tip pair(s) each (LO1 tracks 4;16 vs HI1 tracks 9;11) = 36 LKG paths/unit; x 5x60 unit cells = 10800; Scalar = 1/10800,vias missing on some LO1/HI1 tracks (variant); SDR-equivalent track set used,,,,,,,,,,,,,,18,36,2,4/16,9/11
x81zs_gategate02,GATEGATE165-NZ7-H-A:SDR:PGD:REF:OC2,GATEGATE,A,GATEGATE-<MOS>-A:SDR:PGD:REF:OC2,10800,9.25926e-05,PGD ETE: 18 active gate (VG) columns/unit x 2 LO<->HI tip-to-tip pair(s) each (LO1 tracks 4;20 vs HI1 tracks 11;13) = 36 LKG paths/unit; x 5x60 unit cells = 10800; Scalar = 1/10800,vias missing on some LO1/HI1 tracks (variant); SDR-equivalent track set used,,,,,,,,,,,,,,18,36,2,4/20,11/13
x81zs_gategate02,GATEGATE165-NPZ7-H-A:SDR:PGD:REF:OC2,GATEGATE,A,GATEGATE-<MOS>-A:SDR:PGD:REF:OC2,10800,9.25926e-05,PGD ETE: 18 active gate (VG) columns/unit x 2 LO<->HI tip-to-tip pair(s) each (LO1 tracks 4;20 vs HI1 tracks 11;13) = 36 LKG paths/unit; x 5x60 unit cells = 10800; Scalar = 1/10800,vias missing on some LO1/HI1 tracks (variant); SDR-equivalent track set used,,,,,,,,,,,,,,18,36,2,4/20,11/13
x81zs_gategate02,GATEGATE165-PZ7-H-A:SDR:PGD:REF:OC2,GATEGATE,A,GATEGATE-<MOS>-A:SDR:PGD:REF:OC2,10800,9.25926e-05,PGD ETE: 18 active gate (VG) columns/unit x 2 LO<->HI tip-to-tip pair(s) each (LO1 tracks 4;20 vs HI1 tracks 11;13) = 36 LKG paths/unit; x 5x60 unit cells = 10800; Scalar = 1/10800,vias missing on some LO1/HI1 tracks (variant); SDR-equivalent track set used,,,,,,,,,,,,,,18,36,2,4/20,11/13
x81zs_gategate02,GATEGATE165-NZ7-S-A:SDR:PGD:REF:OC2,GATEGATE,A,GATEGATE-<MOS>-A:SDR:PGD:REF:OC2,10800,9.25926e-05,PGD ETE: 18 active gate (VG) columns/unit x 2 LO<->HI tip-to-tip pair(s) each (LO1 tracks 4;20 vs HI1 tracks 11;13) = 36 LKG paths/unit; x 5x60 unit cells = 10800; Scalar = 1/10800,vias missing on some LO1/HI1 tracks (variant); SDR-equivalent track set used,,,,,,,,,,,,,,18,36,2,4/20,11/13
x81zs_gategate02,GATEGATE165-NPZ7-S-A:SDR:PGD:REF:OC2,GATEGATE,A,GATEGATE-<MOS>-A:SDR:PGD:REF:OC2,10800,9.25926e-05,PGD ETE: 18 active gate (VG) columns/unit x 2 LO<->HI tip-to-tip pair(s) each (LO1 tracks 4;20 vs HI1 tracks 11;13) = 36 LKG paths/unit; x 5x60 unit cells = 10800; Scalar = 1/10800,vias missing on some LO1/HI1 tracks (variant); SDR-equivalent track set used,,,,,,,,,,,,,,18,36,2,4/20,11/13
x81zs_gategate02,GATEGATE165-PZ7-S-A:SDR:PGD:REF:OC2,GATEGATE,A,GATEGATE-<MOS>-A:SDR:PGD:REF:OC2,10800,9.25926e-05,PGD ETE: 18 active gate (VG) columns/unit x 2 LO<->HI tip-to-tip pair(s) each (LO1 tracks 4;20 vs HI1 tracks 11;13) = 36 LKG paths/unit; x 5x60 unit cells = 10800; Scalar = 1/10800,vias missing on some LO1/HI1 tracks (variant); SDR-equivalent track set used,,,,,,,,,,,,,,18,36,2,4/20,11/13
x81zs_gategate02,GATEGATE165-NZ7-L-A:SDR:PGD:REF:OC2,GATEGATE,A,GATEGATE-<MOS>-A:SDR:PGD:REF:OC2,10800,9.25926e-05,PGD ETE: 18 active gate (VG) columns/unit x 2 LO<->HI tip-to-tip pair(s) each (LO1 tracks 4;20 vs HI1 tracks 11;13) = 36 LKG paths/unit; x 5x60 unit cells = 10800; Scalar = 1/10800,vias missing on some LO1/HI1 tracks (variant); SDR-equivalent track set used,,,,,,,,,,,,,,18,36,2,4/20,11/13
x81zs_gategate02,GATEGATE165-NPZ7-L-A:SDR:PGD:REF:OC2,GATEGATE,A,GATEGATE-<MOS>-A:SDR:PGD:REF:OC2,10800,9.25926e-05,PGD ETE: 18 active gate (VG) columns/unit x 2 LO<->HI tip-to-tip pair(s) each (LO1 tracks 4;20 vs HI1 tracks 11;13) = 36 LKG paths/unit; x 5x60 unit cells = 10800; Scalar = 1/10800,vias missing on some LO1/HI1 tracks (variant); SDR-equivalent track set used,,,,,,,,,,,,,,18,36,2,4/20,11/13
x81zs_gategate02,GATEGATE165-PZ7-L-A:SDR:PGD:REF:OC2,GATEGATE,A,GATEGATE-<MOS>-A:SDR:PGD:REF:OC2,10800,9.25926e-05,PGD ETE: 18 active gate (VG) columns/unit x 2 LO<->HI tip-to-tip pair(s) each (LO1 tracks 4;20 vs HI1 tracks 11;13) = 36 LKG paths/unit; x 5x60 unit cells = 10800; Scalar = 1/10800,vias missing on some LO1/HI1 tracks (variant); SDR-equivalent track set used,,,,,,,,,,,,,,18,36,2,4/20,11/13
x81zs_gategate02,GATEGATE165-NZ7-U-A:SDR:PGD:REF:OC2,GATEGATE,A,GATEGATE-<MOS>-A:SDR:PGD:REF:OC2,10800,9.25926e-05,PGD ETE: 18 active gate (VG) columns/unit x 2 LO<->HI tip-to-tip pair(s) each (LO1 tracks 4;20 vs HI1 tracks 11;13) = 36 LKG paths/unit; x 5x60 unit cells = 10800; Scalar = 1/10800,vias missing on some LO1/HI1 tracks (variant); SDR-equivalent track set used,,,,,,,,,,,,,,18,36,2,4/20,11/13
x81zs_gategate02,GATEGATE165-NPZ7-U-A:SDR:PGD:REF:OC2,GATEGATE,A,GATEGATE-<MOS>-A:SDR:PGD:REF:OC2,10800,9.25926e-05,PGD ETE: 18 active gate (VG) columns/unit x 2 LO<->HI tip-to-tip pair(s) each (LO1 tracks 4;20 vs HI1 tracks 11;13) = 36 LKG paths/unit; x 5x60 unit cells = 10800; Scalar = 1/10800,vias missing on some LO1/HI1 tracks (variant); SDR-equivalent track set used,,,,,,,,,,,,,,18,36,2,4/20,11/13
x81zs_gategate02,GATEGATE165-PZ7-U-A:SDR:PGD:REF:OC2,GATEGATE,A,GATEGATE-<MOS>-A:SDR:PGD:REF:OC2,10800,9.25926e-05,PGD ETE: 18 active gate (VG) columns/unit x 2 LO<->HI tip-to-tip pair(s) each (LO1 tracks 4;20 vs HI1 tracks 11;13) = 36 LKG paths/unit; x 5x60 unit cells = 10800; Scalar = 1/10800,vias missing on some LO1/HI1 tracks (variant); SDR-equivalent track set used,,,,,,,,,,,,,,18,36,2,4/20,11/13
x81zs_gategate02,GATEGATE165-NZ7-UL-A:SDR:PGD:REF:OC2,GATEGATE,A,GATEGATE-<MOS>-A:SDR:PGD:REF:OC2,10800,9.25926e-05,PGD ETE: 18 active gate (VG) columns/unit x 2 LO<->HI tip-to-tip pair(s) each (LO1 tracks 4;20 vs HI1 tracks 11;13) = 36 LKG paths/unit; x 5x60 unit cells = 10800; Scalar = 1/10800,vias missing on some LO1/HI1 tracks (variant); SDR-equivalent track set used,,,,,,,,,,,,,,18,36,2,4/20,11/13
x81zs_gategate02,GATEGATE165-NPZ7-UL-A:SDR:PGD:REF:OC2,GATEGATE,A,GATEGATE-<MOS>-A:SDR:PGD:REF:OC2,10800,9.25926e-05,PGD ETE: 18 active gate (VG) columns/unit x 2 LO<->HI tip-to-tip pair(s) each (LO1 tracks 4;20 vs HI1 tracks 11;13) = 36 LKG paths/unit; x 5x60 unit cells = 10800; Scalar = 1/10800,vias missing on some LO1/HI1 tracks (variant); SDR-equivalent track set used,,,,,,,,,,,,,,18,36,2,4/20,11/13
x81zs_gategate02,GATEGATE165-PZ7-UL-A:SDR:PGD:REF:OC2,GATEGATE,A,GATEGATE-<MOS>-A:SDR:PGD:REF:OC2,10800,9.25926e-05,PGD ETE: 18 active gate (VG) columns/unit x 2 LO<->HI tip-to-tip pair(s) each (LO1 tracks 4;20 vs HI1 tracks 11;13) = 36 LKG paths/unit; x 5x60 unit cells = 10800; Scalar = 1/10800,vias missing on some LO1/HI1 tracks (variant); SDR-equivalent track set used,,,,,,,,,,,,,,18,36,2,4/20,11/13
x81zs_gategate02,GATEGATE165-NZ7-E-A:SDR:PGD:REF:OC2,GATEGATE,A,GATEGATE-<MOS>-A:SDR:PGD:REF:OC2,10800,9.25926e-05,PGD ETE: 18 active gate (VG) columns/unit x 2 LO<->HI tip-to-tip pair(s) each (LO1 tracks 4;20 vs HI1 tracks 11;13) = 36 LKG paths/unit; x 5x60 unit cells = 10800; Scalar = 1/10800,vias missing on some LO1/HI1 tracks (variant); SDR-equivalent track set used,,,,,,,,,,,,,,18,36,2,4/20,11/13
x81zs_gategate02,GATEGATE165-NPZ7-E-A:SDR:PGD:REF:OC2,GATEGATE,A,GATEGATE-<MOS>-A:SDR:PGD:REF:OC2,10800,9.25926e-05,PGD ETE: 18 active gate (VG) columns/unit x 2 LO<->HI tip-to-tip pair(s) each (LO1 tracks 4;20 vs HI1 tracks 11;13) = 36 LKG paths/unit; x 5x60 unit cells = 10800; Scalar = 1/10800,vias missing on some LO1/HI1 tracks (variant); SDR-equivalent track set used,,,,,,,,,,,,,,18,36,2,4/20,11/13
x81zs_gategate02,GATEGATE165-PZ7-E-A:SDR:PGD:REF:OC2,GATEGATE,A,GATEGATE-<MOS>-A:SDR:PGD:REF:OC2,10800,9.25926e-05,PGD ETE: 18 active gate (VG) columns/unit x 2 LO<->HI tip-to-tip pair(s) each (LO1 tracks 4;20 vs HI1 tracks 11;13) = 36 LKG paths/unit; x 5x60 unit cells = 10800; Scalar = 1/10800,vias missing on some LO1/HI1 tracks (variant); SDR-equivalent track set used,,,,,,,,,,,,,,18,36,2,4/20,11/13
x81zs_gategate03,GATEGATE110-NZ1-H-SDR_PGD_REF-OC3,GATEGATE,SDR_PGD_REF,GATEGATE-<MOS>-SDR_PGD_REF-OC3,10800,9.25926e-05,PGD ETE: 18 active gate (VG) columns/unit x 2 LO<->HI tip-to-tip pair(s) each (LO1 tracks 4;16 vs HI1 tracks 9;11) = 36 LKG paths/unit; x 5x60 unit cells = 10800; Scalar = 1/10800,no vias in VcxPatternUnit; SDR-equivalent using plug/gate columns,,,,,,,,,,,,,,18,36,2,4/16,9/11
x81zs_gategate03,GATEGATE110-NPZ1-H-SDR_PGD_REF-OC3,GATEGATE,SDR_PGD_REF,GATEGATE-<MOS>-SDR_PGD_REF-OC3,10800,9.25926e-05,PGD ETE: 18 active gate (VG) columns/unit x 2 LO<->HI tip-to-tip pair(s) each (LO1 tracks 4;16 vs HI1 tracks 9;11) = 36 LKG paths/unit; x 5x60 unit cells = 10800; Scalar = 1/10800,no vias in VcxPatternUnit; SDR-equivalent using plug/gate columns,,,,,,,,,,,,,,18,36,2,4/16,9/11
x81zs_gategate03,GATEGATE110-PZ1-H-SDR_PGD_REF-OC3,GATEGATE,SDR_PGD_REF,GATEGATE-<MOS>-SDR_PGD_REF-OC3,10800,9.25926e-05,PGD ETE: 18 active gate (VG) columns/unit x 2 LO<->HI tip-to-tip pair(s) each (LO1 tracks 4;16 vs HI1 tracks 9;11) = 36 LKG paths/unit; x 5x60 unit cells = 10800; Scalar = 1/10800,no vias in VcxPatternUnit; SDR-equivalent using plug/gate columns,,,,,,,,,,,,,,18,36,2,4/16,9/11
x81zs_gategate03,GATEGATE110-NZ1-S-SDR_PGD_REF-OC3,GATEGATE,SDR_PGD_REF,GATEGATE-<MOS>-SDR_PGD_REF-OC3,10800,9.25926e-05,PGD ETE: 18 active gate (VG) columns/unit x 2 LO<->HI tip-to-tip pair(s) each (LO1 tracks 4;16 vs HI1 tracks 9;11) = 36 LKG paths/unit; x 5x60 unit cells = 10800; Scalar = 1/10800,no vias in VcxPatternUnit; SDR-equivalent using plug/gate columns,,,,,,,,,,,,,,18,36,2,4/16,9/11
x81zs_gategate03,GATEGATE110-NPZ1-S-SDR_PGD_REF-OC3,GATEGATE,SDR_PGD_REF,GATEGATE-<MOS>-SDR_PGD_REF-OC3,10800,9.25926e-05,PGD ETE: 18 active gate (VG) columns/unit x 2 LO<->HI tip-to-tip pair(s) each (LO1 tracks 4;16 vs HI1 tracks 9;11) = 36 LKG paths/unit; x 5x60 unit cells = 10800; Scalar = 1/10800,no vias in VcxPatternUnit; SDR-equivalent using plug/gate columns,,,,,,,,,,,,,,18,36,2,4/16,9/11
x81zs_gategate03,GATEGATE110-PZ1-S-SDR_PGD_REF-OC3,GATEGATE,SDR_PGD_REF,GATEGATE-<MOS>-SDR_PGD_REF-OC3,10800,9.25926e-05,PGD ETE: 18 active gate (VG) columns/unit x 2 LO<->HI tip-to-tip pair(s) each (LO1 tracks 4;16 vs HI1 tracks 9;11) = 36 LKG paths/unit; x 5x60 unit cells = 10800; Scalar = 1/10800,no vias in VcxPatternUnit; SDR-equivalent using plug/gate columns,,,,,,,,,,,,,,18,36,2,4/16,9/11
x81zs_gategate03,GATEGATE110-NZ1-L-SDR_PGD_REF-OC3,GATEGATE,SDR_PGD_REF,GATEGATE-<MOS>-SDR_PGD_REF-OC3,10800,9.25926e-05,PGD ETE: 18 active gate (VG) columns/unit x 2 LO<->HI tip-to-tip pair(s) each (LO1 tracks 4;16 vs HI1 tracks 9;11) = 36 LKG paths/unit; x 5x60 unit cells = 10800; Scalar = 1/10800,no vias in VcxPatternUnit; SDR-equivalent using plug/gate columns,,,,,,,,,,,,,,18,36,2,4/16,9/11
x81zs_gategate03,GATEGATE110-NPZ1-L-SDR_PGD_REF-OC3,GATEGATE,SDR_PGD_REF,GATEGATE-<MOS>-SDR_PGD_REF-OC3,10800,9.25926e-05,PGD ETE: 18 active gate (VG) columns/unit x 2 LO<->HI tip-to-tip pair(s) each (LO1 tracks 4;16 vs HI1 tracks 9;11) = 36 LKG paths/unit; x 5x60 unit cells = 10800; Scalar = 1/10800,no vias in VcxPatternUnit; SDR-equivalent using plug/gate columns,,,,,,,,,,,,,,18,36,2,4/16,9/11
x81zs_gategate03,GATEGATE110-PZ1-L-SDR_PGD_REF-OC3,GATEGATE,SDR_PGD_REF,GATEGATE-<MOS>-SDR_PGD_REF-OC3,10800,9.25926e-05,PGD ETE: 18 active gate (VG) columns/unit x 2 LO<->HI tip-to-tip pair(s) each (LO1 tracks 4;16 vs HI1 tracks 9;11) = 36 LKG paths/unit; x 5x60 unit cells = 10800; Scalar = 1/10800,no vias in VcxPatternUnit; SDR-equivalent using plug/gate columns,,,,,,,,,,,,,,18,36,2,4/16,9/11
x81zs_gategate03,GATEGATE110-NZ1-U-SDR_PGD_REF-OC3,GATEGATE,SDR_PGD_REF,GATEGATE-<MOS>-SDR_PGD_REF-OC3,10800,9.25926e-05,PGD ETE: 18 active gate (VG) columns/unit x 2 LO<->HI tip-to-tip pair(s) each (LO1 tracks 4;16 vs HI1 tracks 9;11) = 36 LKG paths/unit; x 5x60 unit cells = 10800; Scalar = 1/10800,no vias in VcxPatternUnit; SDR-equivalent using plug/gate columns,,,,,,,,,,,,,,18,36,2,4/16,9/11
x81zs_gategate03,GATEGATE110-NPZ1-U-SDR_PGD_REF-OC3,GATEGATE,SDR_PGD_REF,GATEGATE-<MOS>-SDR_PGD_REF-OC3,10800,9.25926e-05,PGD ETE: 18 active gate (VG) columns/unit x 2 LO<->HI tip-to-tip pair(s) each (LO1 tracks 4;16 vs HI1 tracks 9;11) = 36 LKG paths/unit; x 5x60 unit cells = 10800; Scalar = 1/10800,no vias in VcxPatternUnit; SDR-equivalent using plug/gate columns,,,,,,,,,,,,,,18,36,2,4/16,9/11
x81zs_gategate03,GATEGATE110-PZ1-U-SDR_PGD_REF-OC3,GATEGATE,SDR_PGD_REF,GATEGATE-<MOS>-SDR_PGD_REF-OC3,10800,9.25926e-05,PGD ETE: 18 active gate (VG) columns/unit x 2 LO<->HI tip-to-tip pair(s) each (LO1 tracks 4;16 vs HI1 tracks 9;11) = 36 LKG paths/unit; x 5x60 unit cells = 10800; Scalar = 1/10800,no vias in VcxPatternUnit; SDR-equivalent using plug/gate columns,,,,,,,,,,,,,,18,36,2,4/16,9/11
x81zs_gategate03,GATEGATE110-NZ1-UL-SDR_PGD_REF-OC3,GATEGATE,SDR_PGD_REF,GATEGATE-<MOS>-SDR_PGD_REF-OC3,10800,9.25926e-05,PGD ETE: 18 active gate (VG) columns/unit x 2 LO<->HI tip-to-tip pair(s) each (LO1 tracks 4;16 vs HI1 tracks 9;11) = 36 LKG paths/unit; x 5x60 unit cells = 10800; Scalar = 1/10800,no vias in VcxPatternUnit; SDR-equivalent using plug/gate columns,,,,,,,,,,,,,,18,36,2,4/16,9/11
x81zs_gategate03,GATEGATE110-NPZ1-UL-SDR_PGD_REF-OC3,GATEGATE,SDR_PGD_REF,GATEGATE-<MOS>-SDR_PGD_REF-OC3,10800,9.25926e-05,PGD ETE: 18 active gate (VG) columns/unit x 2 LO<->HI tip-to-tip pair(s) each (LO1 tracks 4;16 vs HI1 tracks 9;11) = 36 LKG paths/unit; x 5x60 unit cells = 10800; Scalar = 1/10800,no vias in VcxPatternUnit; SDR-equivalent using plug/gate columns,,,,,,,,,,,,,,18,36,2,4/16,9/11
x81zs_gategate03,GATEGATE110-PZ1-UL-SDR_PGD_REF-OC3,GATEGATE,SDR_PGD_REF,GATEGATE-<MOS>-SDR_PGD_REF-OC3,10800,9.25926e-05,PGD ETE: 18 active gate (VG) columns/unit x 2 LO<->HI tip-to-tip pair(s) each (LO1 tracks 4;16 vs HI1 tracks 9;11) = 36 LKG paths/unit; x 5x60 unit cells = 10800; Scalar = 1/10800,no vias in VcxPatternUnit; SDR-equivalent using plug/gate columns,,,,,,,,,,,,,,18,36,2,4/16,9/11
x81zs_gategate03,GATEGATE110-NZ1-E-SDR_PGD_REF-OC3,GATEGATE,SDR_PGD_REF,GATEGATE-<MOS>-SDR_PGD_REF-OC3,10800,9.25926e-05,PGD ETE: 18 active gate (VG) columns/unit x 2 LO<->HI tip-to-tip pair(s) each (LO1 tracks 4;16 vs HI1 tracks 9;11) = 36 LKG paths/unit; x 5x60 unit cells = 10800; Scalar = 1/10800,no vias in VcxPatternUnit; SDR-equivalent using plug/gate columns,,,,,,,,,,,,,,18,36,2,4/16,9/11
x81zs_gategate03,GATEGATE110-NPZ1-E-SDR_PGD_REF-OC3,GATEGATE,SDR_PGD_REF,GATEGATE-<MOS>-SDR_PGD_REF-OC3,10800,9.25926e-05,PGD ETE: 18 active gate (VG) columns/unit x 2 LO<->HI tip-to-tip pair(s) each (LO1 tracks 4;16 vs HI1 tracks 9;11) = 36 LKG paths/unit; x 5x60 unit cells = 10800; Scalar = 1/10800,no vias in VcxPatternUnit; SDR-equivalent using plug/gate columns,,,,,,,,,,,,,,18,36,2,4/16,9/11
x81zs_gategate03,GATEGATE110-PZ1-E-SDR_PGD_REF-OC3,GATEGATE,SDR_PGD_REF,GATEGATE-<MOS>-SDR_PGD_REF-OC3,10800,9.25926e-05,PGD ETE: 18 active gate (VG) columns/unit x 2 LO<->HI tip-to-tip pair(s) each (LO1 tracks 4;16 vs HI1 tracks 9;11) = 36 LKG paths/unit; x 5x60 unit cells = 10800; Scalar = 1/10800,no vias in VcxPatternUnit; SDR-equivalent using plug/gate columns,,,,,,,,,,,,,,18,36,2,4/16,9/11
x81zs_gategate03,GATEGATE132-NZ5-H-SDR_PGD_REF-OC3,GATEGATE,SDR_PGD_REF,GATEGATE-<MOS>-SDR_PGD_REF-OC3,10800,9.25926e-05,PGD ETE: 18 active gate (VG) columns/unit x 2 LO<->HI tip-to-tip pair(s) each (LO1 tracks 4;16 vs HI1 tracks 9;11) = 36 LKG paths/unit; x 5x60 unit cells = 10800; Scalar = 1/10800,no vias in VcxPatternUnit; SDR-equivalent using plug/gate columns,,,,,,,,,,,,,,18,36,2,4/16,9/11
x81zs_gategate03,GATEGATE132-NPZ5-H-SDR_PGD_REF-OC3,GATEGATE,SDR_PGD_REF,GATEGATE-<MOS>-SDR_PGD_REF-OC3,10800,9.25926e-05,PGD ETE: 18 active gate (VG) columns/unit x 2 LO<->HI tip-to-tip pair(s) each (LO1 tracks 4;16 vs HI1 tracks 9;11) = 36 LKG paths/unit; x 5x60 unit cells = 10800; Scalar = 1/10800,no vias in VcxPatternUnit; SDR-equivalent using plug/gate columns,,,,,,,,,,,,,,18,36,2,4/16,9/11
x81zs_gategate03,GATEGATE132-PZ5-H-SDR_PGD_REF-OC3,GATEGATE,SDR_PGD_REF,GATEGATE-<MOS>-SDR_PGD_REF-OC3,10800,9.25926e-05,PGD ETE: 18 active gate (VG) columns/unit x 2 LO<->HI tip-to-tip pair(s) each (LO1 tracks 4;16 vs HI1 tracks 9;11) = 36 LKG paths/unit; x 5x60 unit cells = 10800; Scalar = 1/10800,no vias in VcxPatternUnit; SDR-equivalent using plug/gate columns,,,,,,,,,,,,,,18,36,2,4/16,9/11
x81zs_gategate03,GATEGATE132-NZ5-S-SDR_PGD_REF-OC3,GATEGATE,SDR_PGD_REF,GATEGATE-<MOS>-SDR_PGD_REF-OC3,10800,9.25926e-05,PGD ETE: 18 active gate (VG) columns/unit x 2 LO<->HI tip-to-tip pair(s) each (LO1 tracks 4;16 vs HI1 tracks 9;11) = 36 LKG paths/unit; x 5x60 unit cells = 10800; Scalar = 1/10800,no vias in VcxPatternUnit; SDR-equivalent using plug/gate columns,,,,,,,,,,,,,,18,36,2,4/16,9/11
x81zs_gategate03,GATEGATE132-NPZ5-S-SDR_PGD_REF-OC3,GATEGATE,SDR_PGD_REF,GATEGATE-<MOS>-SDR_PGD_REF-OC3,10800,9.25926e-05,PGD ETE: 18 active gate (VG) columns/unit x 2 LO<->HI tip-to-tip pair(s) each (LO1 tracks 4;16 vs HI1 tracks 9;11) = 36 LKG paths/unit; x 5x60 unit cells = 10800; Scalar = 1/10800,no vias in VcxPatternUnit; SDR-equivalent using plug/gate columns,,,,,,,,,,,,,,18,36,2,4/16,9/11
x81zs_gategate03,GATEGATE132-PZ5-S-SDR_PGD_REF-OC3,GATEGATE,SDR_PGD_REF,GATEGATE-<MOS>-SDR_PGD_REF-OC3,10800,9.25926e-05,PGD ETE: 18 active gate (VG) columns/unit x 2 LO<->HI tip-to-tip pair(s) each (LO1 tracks 4;16 vs HI1 tracks 9;11) = 36 LKG paths/unit; x 5x60 unit cells = 10800; Scalar = 1/10800,no vias in VcxPatternUnit; SDR-equivalent using plug/gate columns,,,,,,,,,,,,,,18,36,2,4/16,9/11
x81zs_gategate03,GATEGATE132-NZ5-L-SDR_PGD_REF-OC3,GATEGATE,SDR_PGD_REF,GATEGATE-<MOS>-SDR_PGD_REF-OC3,10800,9.25926e-05,PGD ETE: 18 active gate (VG) columns/unit x 2 LO<->HI tip-to-tip pair(s) each (LO1 tracks 4;16 vs HI1 tracks 9;11) = 36 LKG paths/unit; x 5x60 unit cells = 10800; Scalar = 1/10800,no vias in VcxPatternUnit; SDR-equivalent using plug/gate columns,,,,,,,,,,,,,,18,36,2,4/16,9/11
x81zs_gategate03,GATEGATE132-NPZ5-L-SDR_PGD_REF-OC3,GATEGATE,SDR_PGD_REF,GATEGATE-<MOS>-SDR_PGD_REF-OC3,10800,9.25926e-05,PGD ETE: 18 active gate (VG) columns/unit x 2 LO<->HI tip-to-tip pair(s) each (LO1 tracks 4;16 vs HI1 tracks 9;11) = 36 LKG paths/unit; x 5x60 unit cells = 10800; Scalar = 1/10800,no vias in VcxPatternUnit; SDR-equivalent using plug/gate columns,,,,,,,,,,,,,,18,36,2,4/16,9/11
x81zs_gategate03,GATEGATE132-PZ5-L-SDR_PGD_REF-OC3,GATEGATE,SDR_PGD_REF,GATEGATE-<MOS>-SDR_PGD_REF-OC3,10800,9.25926e-05,PGD ETE: 18 active gate (VG) columns/unit x 2 LO<->HI tip-to-tip pair(s) each (LO1 tracks 4;16 vs HI1 tracks 9;11) = 36 LKG paths/unit; x 5x60 unit cells = 10800; Scalar = 1/10800,no vias in VcxPatternUnit; SDR-equivalent using plug/gate columns,,,,,,,,,,,,,,18,36,2,4/16,9/11
x81zs_gategate03,GATEGATE132-NZ5-U-SDR_PGD_REF-OC3,GATEGATE,SDR_PGD_REF,GATEGATE-<MOS>-SDR_PGD_REF-OC3,10800,9.25926e-05,PGD ETE: 18 active gate (VG) columns/unit x 2 LO<->HI tip-to-tip pair(s) each (LO1 tracks 4;16 vs HI1 tracks 9;11) = 36 LKG paths/unit; x 5x60 unit cells = 10800; Scalar = 1/10800,no vias in VcxPatternUnit; SDR-equivalent using plug/gate columns,,,,,,,,,,,,,,18,36,2,4/16,9/11
x81zs_gategate03,GATEGATE132-NPZ5-U-SDR_PGD_REF-OC3,GATEGATE,SDR_PGD_REF,GATEGATE-<MOS>-SDR_PGD_REF-OC3,10800,9.25926e-05,PGD ETE: 18 active gate (VG) columns/unit x 2 LO<->HI tip-to-tip pair(s) each (LO1 tracks 4;16 vs HI1 tracks 9;11) = 36 LKG paths/unit; x 5x60 unit cells = 10800; Scalar = 1/10800,no vias in VcxPatternUnit; SDR-equivalent using plug/gate columns,,,,,,,,,,,,,,18,36,2,4/16,9/11
x81zs_gategate03,GATEGATE132-PZ5-U-SDR_PGD_REF-OC3,GATEGATE,SDR_PGD_REF,GATEGATE-<MOS>-SDR_PGD_REF-OC3,10800,9.25926e-05,PGD ETE: 18 active gate (VG) columns/unit x 2 LO<->HI tip-to-tip pair(s) each (LO1 tracks 4;16 vs HI1 tracks 9;11) = 36 LKG paths/unit; x 5x60 unit cells = 10800; Scalar = 1/10800,no vias in VcxPatternUnit; SDR-equivalent using plug/gate columns,,,,,,,,,,,,,,18,36,2,4/16,9/11
x81zs_gategate03,GATEGATE132-NZ5-UL-SDR_PGD_REF-OC3,GATEGATE,SDR_PGD_REF,GATEGATE-<MOS>-SDR_PGD_REF-OC3,10800,9.25926e-05,PGD ETE: 18 active gate (VG) columns/unit x 2 LO<->HI tip-to-tip pair(s) each (LO1 tracks 4;16 vs HI1 tracks 9;11) = 36 LKG paths/unit; x 5x60 unit cells = 10800; Scalar = 1/10800,no vias in VcxPatternUnit; SDR-equivalent using plug/gate columns,,,,,,,,,,,,,,18,36,2,4/16,9/11
x81zs_gategate03,GATEGATE132-NPZ5-UL-SDR_PGD_REF-OC3,GATEGATE,SDR_PGD_REF,GATEGATE-<MOS>-SDR_PGD_REF-OC3,10800,9.25926e-05,PGD ETE: 18 active gate (VG) columns/unit x 2 LO<->HI tip-to-tip pair(s) each (LO1 tracks 4;16 vs HI1 tracks 9;11) = 36 LKG paths/unit; x 5x60 unit cells = 10800; Scalar = 1/10800,no vias in VcxPatternUnit; SDR-equivalent using plug/gate columns,,,,,,,,,,,,,,18,36,2,4/16,9/11
x81zs_gategate03,GATEGATE132-PZ5-UL-SDR_PGD_REF-OC3,GATEGATE,SDR_PGD_REF,GATEGATE-<MOS>-SDR_PGD_REF-OC3,10800,9.25926e-05,PGD ETE: 18 active gate (VG) columns/unit x 2 LO<->HI tip-to-tip pair(s) each (LO1 tracks 4;16 vs HI1 tracks 9;11) = 36 LKG paths/unit; x 5x60 unit cells = 10800; Scalar = 1/10800,no vias in VcxPatternUnit; SDR-equivalent using plug/gate columns,,,,,,,,,,,,,,18,36,2,4/16,9/11
x81zs_gategate03,GATEGATE132-NZ5-E-SDR_PGD_REF-OC3,GATEGATE,SDR_PGD_REF,GATEGATE-<MOS>-SDR_PGD_REF-OC3,10800,9.25926e-05,PGD ETE: 18 active gate (VG) columns/unit x 2 LO<->HI tip-to-tip pair(s) each (LO1 tracks 4;16 vs HI1 tracks 9;11) = 36 LKG paths/unit; x 5x60 unit cells = 10800; Scalar = 1/10800,no vias in VcxPatternUnit; SDR-equivalent using plug/gate columns,,,,,,,,,,,,,,18,36,2,4/16,9/11
x81zs_gategate03,GATEGATE132-NPZ5-E-SDR_PGD_REF-OC3,GATEGATE,SDR_PGD_REF,GATEGATE-<MOS>-SDR_PGD_REF-OC3,10800,9.25926e-05,PGD ETE: 18 active gate (VG) columns/unit x 2 LO<->HI tip-to-tip pair(s) each (LO1 tracks 4;16 vs HI1 tracks 9;11) = 36 LKG paths/unit; x 5x60 unit cells = 10800; Scalar = 1/10800,no vias in VcxPatternUnit; SDR-equivalent using plug/gate columns,,,,,,,,,,,,,,18,36,2,4/16,9/11
x81zs_gategate03,GATEGATE132-PZ5-E-SDR_PGD_REF-OC3,GATEGATE,SDR_PGD_REF,GATEGATE-<MOS>-SDR_PGD_REF-OC3,10800,9.25926e-05,PGD ETE: 18 active gate (VG) columns/unit x 2 LO<->HI tip-to-tip pair(s) each (LO1 tracks 4;16 vs HI1 tracks 9;11) = 36 LKG paths/unit; x 5x60 unit cells = 10800; Scalar = 1/10800,no vias in VcxPatternUnit; SDR-equivalent using plug/gate columns,,,,,,,,,,,,,,18,36,2,4/16,9/11
x81zs_gategate03,GATEGATE165-NZ7-H-SDR_PGD_REF-OC3,GATEGATE,SDR_PGD_REF,GATEGATE-<MOS>-SDR_PGD_REF-OC3,10800,9.25926e-05,PGD ETE: 18 active gate (VG) columns/unit x 2 LO<->HI tip-to-tip pair(s) each (LO1 tracks 4;20 vs HI1 tracks 11;13) = 36 LKG paths/unit; x 5x60 unit cells = 10800; Scalar = 1/10800,no vias in VcxPatternUnit; SDR-equivalent using plug/gate columns,,,,,,,,,,,,,,18,36,2,4/20,11/13
x81zs_gategate03,GATEGATE165-NPZ7-H-SDR_PGD_REF-OC3,GATEGATE,SDR_PGD_REF,GATEGATE-<MOS>-SDR_PGD_REF-OC3,10800,9.25926e-05,PGD ETE: 18 active gate (VG) columns/unit x 2 LO<->HI tip-to-tip pair(s) each (LO1 tracks 4;20 vs HI1 tracks 11;13) = 36 LKG paths/unit; x 5x60 unit cells = 10800; Scalar = 1/10800,no vias in VcxPatternUnit; SDR-equivalent using plug/gate columns,,,,,,,,,,,,,,18,36,2,4/20,11/13
x81zs_gategate03,GATEGATE165-PZ7-H-SDR_PGD_REF-OC3,GATEGATE,SDR_PGD_REF,GATEGATE-<MOS>-SDR_PGD_REF-OC3,10800,9.25926e-05,PGD ETE: 18 active gate (VG) columns/unit x 2 LO<->HI tip-to-tip pair(s) each (LO1 tracks 4;20 vs HI1 tracks 11;13) = 36 LKG paths/unit; x 5x60 unit cells = 10800; Scalar = 1/10800,no vias in VcxPatternUnit; SDR-equivalent using plug/gate columns,,,,,,,,,,,,,,18,36,2,4/20,11/13
x81zs_gategate03,GATEGATE165-NZ7-S-SDR_PGD_REF-OC3,GATEGATE,SDR_PGD_REF,GATEGATE-<MOS>-SDR_PGD_REF-OC3,10800,9.25926e-05,PGD ETE: 18 active gate (VG) columns/unit x 2 LO<->HI tip-to-tip pair(s) each (LO1 tracks 4;20 vs HI1 tracks 11;13) = 36 LKG paths/unit; x 5x60 unit cells = 10800; Scalar = 1/10800,no vias in VcxPatternUnit; SDR-equivalent using plug/gate columns,,,,,,,,,,,,,,18,36,2,4/20,11/13
x81zs_gategate03,GATEGATE165-NPZ7-S-SDR_PGD_REF-OC3,GATEGATE,SDR_PGD_REF,GATEGATE-<MOS>-SDR_PGD_REF-OC3,10800,9.25926e-05,PGD ETE: 18 active gate (VG) columns/unit x 2 LO<->HI tip-to-tip pair(s) each (LO1 tracks 4;20 vs HI1 tracks 11;13) = 36 LKG paths/unit; x 5x60 unit cells = 10800; Scalar = 1/10800,no vias in VcxPatternUnit; SDR-equivalent using plug/gate columns,,,,,,,,,,,,,,18,36,2,4/20,11/13
x81zs_gategate03,GATEGATE165-PZ7-S-SDR_PGD_REF-OC3,GATEGATE,SDR_PGD_REF,GATEGATE-<MOS>-SDR_PGD_REF-OC3,10800,9.25926e-05,PGD ETE: 18 active gate (VG) columns/unit x 2 LO<->HI tip-to-tip pair(s) each (LO1 tracks 4;20 vs HI1 tracks 11;13) = 36 LKG paths/unit; x 5x60 unit cells = 10800; Scalar = 1/10800,no vias in VcxPatternUnit; SDR-equivalent using plug/gate columns,,,,,,,,,,,,,,18,36,2,4/20,11/13
x81zs_gategate03,GATEGATE165-NZ7-L-SDR_PGD_REF-OC3,GATEGATE,SDR_PGD_REF,GATEGATE-<MOS>-SDR_PGD_REF-OC3,10800,9.25926e-05,PGD ETE: 18 active gate (VG) columns/unit x 2 LO<->HI tip-to-tip pair(s) each (LO1 tracks 4;20 vs HI1 tracks 11;13) = 36 LKG paths/unit; x 5x60 unit cells = 10800; Scalar = 1/10800,no vias in VcxPatternUnit; SDR-equivalent using plug/gate columns,,,,,,,,,,,,,,18,36,2,4/20,11/13
x81zs_gategate03,GATEGATE165-NPZ7-L-SDR_PGD_REF-OC3,GATEGATE,SDR_PGD_REF,GATEGATE-<MOS>-SDR_PGD_REF-OC3,10800,9.25926e-05,PGD ETE: 18 active gate (VG) columns/unit x 2 LO<->HI tip-to-tip pair(s) each (LO1 tracks 4;20 vs HI1 tracks 11;13) = 36 LKG paths/unit; x 5x60 unit cells = 10800; Scalar = 1/10800,no vias in VcxPatternUnit; SDR-equivalent using plug/gate columns,,,,,,,,,,,,,,18,36,2,4/20,11/13
x81zs_gategate03,GATEGATE165-PZ7-L-SDR_PGD_REF-OC3,GATEGATE,SDR_PGD_REF,GATEGATE-<MOS>-SDR_PGD_REF-OC3,10800,9.25926e-05,PGD ETE: 18 active gate (VG) columns/unit x 2 LO<->HI tip-to-tip pair(s) each (LO1 tracks 4;20 vs HI1 tracks 11;13) = 36 LKG paths/unit; x 5x60 unit cells = 10800; Scalar = 1/10800,no vias in VcxPatternUnit; SDR-equivalent using plug/gate columns,,,,,,,,,,,,,,18,36,2,4/20,11/13
x81zs_gategate03,GATEGATE165-NZ7-U-SDR_PGD_REF-OC3,GATEGATE,SDR_PGD_REF,GATEGATE-<MOS>-SDR_PGD_REF-OC3,10800,9.25926e-05,PGD ETE: 18 active gate (VG) columns/unit x 2 LO<->HI tip-to-tip pair(s) each (LO1 tracks 4;20 vs HI1 tracks 11;13) = 36 LKG paths/unit; x 5x60 unit cells = 10800; Scalar = 1/10800,no vias in VcxPatternUnit; SDR-equivalent using plug/gate columns,,,,,,,,,,,,,,18,36,2,4/20,11/13
x81zs_gategate03,GATEGATE165-NPZ7-U-SDR_PGD_REF-OC3,GATEGATE,SDR_PGD_REF,GATEGATE-<MOS>-SDR_PGD_REF-OC3,10800,9.25926e-05,PGD ETE: 18 active gate (VG) columns/unit x 2 LO<->HI tip-to-tip pair(s) each (LO1 tracks 4;20 vs HI1 tracks 11;13) = 36 LKG paths/unit; x 5x60 unit cells = 10800; Scalar = 1/10800,no vias in VcxPatternUnit; SDR-equivalent using plug/gate columns,,,,,,,,,,,,,,18,36,2,4/20,11/13
x81zs_gategate03,GATEGATE165-PZ7-U-SDR_PGD_REF-OC3,GATEGATE,SDR_PGD_REF,GATEGATE-<MOS>-SDR_PGD_REF-OC3,10800,9.25926e-05,PGD ETE: 18 active gate (VG) columns/unit x 2 LO<->HI tip-to-tip pair(s) each (LO1 tracks 4;20 vs HI1 tracks 11;13) = 36 LKG paths/unit; x 5x60 unit cells = 10800; Scalar = 1/10800,no vias in VcxPatternUnit; SDR-equivalent using plug/gate columns,,,,,,,,,,,,,,18,36,2,4/20,11/13
x81zs_gategate03,GATEGATE165-NZ7-UL-SDR_PGD_REF-OC3,GATEGATE,SDR_PGD_REF,GATEGATE-<MOS>-SDR_PGD_REF-OC3,10800,9.25926e-05,PGD ETE: 18 active gate (VG) columns/unit x 2 LO<->HI tip-to-tip pair(s) each (LO1 tracks 4;20 vs HI1 tracks 11;13) = 36 LKG paths/unit; x 5x60 unit cells = 10800; Scalar = 1/10800,no vias in VcxPatternUnit; SDR-equivalent using plug/gate columns,,,,,,,,,,,,,,18,36,2,4/20,11/13
x81zs_gategate03,GATEGATE165-NPZ7-UL-SDR_PGD_REF-OC3,GATEGATE,SDR_PGD_REF,GATEGATE-<MOS>-SDR_PGD_REF-OC3,10800,9.25926e-05,PGD ETE: 18 active gate (VG) columns/unit x 2 LO<->HI tip-to-tip pair(s) each (LO1 tracks 4;20 vs HI1 tracks 11;13) = 36 LKG paths/unit; x 5x60 unit cells = 10800; Scalar = 1/10800,no vias in VcxPatternUnit; SDR-equivalent using plug/gate columns,,,,,,,,,,,,,,18,36,2,4/20,11/13
x81zs_gategate03,GATEGATE165-PZ7-UL-SDR_PGD_REF-OC3,GATEGATE,SDR_PGD_REF,GATEGATE-<MOS>-SDR_PGD_REF-OC3,10800,9.25926e-05,PGD ETE: 18 active gate (VG) columns/unit x 2 LO<->HI tip-to-tip pair(s) each (LO1 tracks 4;20 vs HI1 tracks 11;13) = 36 LKG paths/unit; x 5x60 unit cells = 10800; Scalar = 1/10800,no vias in VcxPatternUnit; SDR-equivalent using plug/gate columns,,,,,,,,,,,,,,18,36,2,4/20,11/13
x81zs_gategate03,GATEGATE165-NZ7-E-SDR_PGD_REF-OC3,GATEGATE,SDR_PGD_REF,GATEGATE-<MOS>-SDR_PGD_REF-OC3,10800,9.25926e-05,PGD ETE: 18 active gate (VG) columns/unit x 2 LO<->HI tip-to-tip pair(s) each (LO1 tracks 4;20 vs HI1 tracks 11;13) = 36 LKG paths/unit; x 5x60 unit cells = 10800; Scalar = 1/10800,no vias in VcxPatternUnit; SDR-equivalent using plug/gate columns,,,,,,,,,,,,,,18,36,2,4/20,11/13
x81zs_gategate03,GATEGATE165-NPZ7-E-SDR_PGD_REF-OC3,GATEGATE,SDR_PGD_REF,GATEGATE-<MOS>-SDR_PGD_REF-OC3,10800,9.25926e-05,PGD ETE: 18 active gate (VG) columns/unit x 2 LO<->HI tip-to-tip pair(s) each (LO1 tracks 4;20 vs HI1 tracks 11;13) = 36 LKG paths/unit; x 5x60 unit cells = 10800; Scalar = 1/10800,no vias in VcxPatternUnit; SDR-equivalent using plug/gate columns,,,,,,,,,,,,,,18,36,2,4/20,11/13
x81zs_gategate03,GATEGATE165-PZ7-E-SDR_PGD_REF-OC3,GATEGATE,SDR_PGD_REF,GATEGATE-<MOS>-SDR_PGD_REF-OC3,10800,9.25926e-05,PGD ETE: 18 active gate (VG) columns/unit x 2 LO<->HI tip-to-tip pair(s) each (LO1 tracks 4;20 vs HI1 tracks 11;13) = 36 LKG paths/unit; x 5x60 unit cells = 10800; Scalar = 1/10800,no vias in VcxPatternUnit; SDR-equivalent using plug/gate columns,,,,,,,,,,,,,,18,36,2,4/20,11/13
x81zs_gategate03,GATEGATE132-NZ5-H-SDR_PGD_REF-2TRK_4PP,GATEGATE,SDR_PGD_REF,GATEGATE-<MOS>-SDR_PGD_REF-2TRK_4PP,3600,0.000277778,PGD ETE: 6 active gate (VG) columns/unit x 2 LO<->HI tip-to-tip pair(s) each (LO1 tracks 4;16 vs HI1 tracks 9;11) = 12 LKG paths/unit; x 5x60 unit cells = 3600; Scalar = 1/3600,,,,,,,,,,,,,,,6,12,2,4/16,9/11
x81zs_gategate03,GATEGATE132-NPZ5-H-SDR_PGD_REF-2TRK_4PP,GATEGATE,SDR_PGD_REF,GATEGATE-<MOS>-SDR_PGD_REF-2TRK_4PP,3600,0.000277778,PGD ETE: 6 active gate (VG) columns/unit x 2 LO<->HI tip-to-tip pair(s) each (LO1 tracks 4;16 vs HI1 tracks 9;11) = 12 LKG paths/unit; x 5x60 unit cells = 3600; Scalar = 1/3600,,,,,,,,,,,,,,,6,12,2,4/16,9/11
x81zs_gategate03,GATEGATE132-PZ5-H-SDR_PGD_REF-2TRK_4PP,GATEGATE,SDR_PGD_REF,GATEGATE-<MOS>-SDR_PGD_REF-2TRK_4PP,3600,0.000277778,PGD ETE: 6 active gate (VG) columns/unit x 2 LO<->HI tip-to-tip pair(s) each (LO1 tracks 4;16 vs HI1 tracks 9;11) = 12 LKG paths/unit; x 5x60 unit cells = 3600; Scalar = 1/3600,,,,,,,,,,,,,,,6,12,2,4/16,9/11
x81zs_gategate03,GATEGATE132-NZ5-S-SDR_PGD_REF-2TRK_4PP,GATEGATE,SDR_PGD_REF,GATEGATE-<MOS>-SDR_PGD_REF-2TRK_4PP,3600,0.000277778,PGD ETE: 6 active gate (VG) columns/unit x 2 LO<->HI tip-to-tip pair(s) each (LO1 tracks 4;16 vs HI1 tracks 9;11) = 12 LKG paths/unit; x 5x60 unit cells = 3600; Scalar = 1/3600,,,,,,,,,,,,,,,6,12,2,4/16,9/11
x81zs_gategate03,GATEGATE132-NPZ5-S-SDR_PGD_REF-2TRK_4PP,GATEGATE,SDR_PGD_REF,GATEGATE-<MOS>-SDR_PGD_REF-2TRK_4PP,3600,0.000277778,PGD ETE: 6 active gate (VG) columns/unit x 2 LO<->HI tip-to-tip pair(s) each (LO1 tracks 4;16 vs HI1 tracks 9;11) = 12 LKG paths/unit; x 5x60 unit cells = 3600; Scalar = 1/3600,,,,,,,,,,,,,,,6,12,2,4/16,9/11
x81zs_gategate03,GATEGATE132-PZ5-S-SDR_PGD_REF-2TRK_4PP,GATEGATE,SDR_PGD_REF,GATEGATE-<MOS>-SDR_PGD_REF-2TRK_4PP,3600,0.000277778,PGD ETE: 6 active gate (VG) columns/unit x 2 LO<->HI tip-to-tip pair(s) each (LO1 tracks 4;16 vs HI1 tracks 9;11) = 12 LKG paths/unit; x 5x60 unit cells = 3600; Scalar = 1/3600,,,,,,,,,,,,,,,6,12,2,4/16,9/11
x81zs_gategate03,GATEGATE132-NZ5-L-SDR_PGD_REF-2TRK_4PP,GATEGATE,SDR_PGD_REF,GATEGATE-<MOS>-SDR_PGD_REF-2TRK_4PP,3600,0.000277778,PGD ETE: 6 active gate (VG) columns/unit x 2 LO<->HI tip-to-tip pair(s) each (LO1 tracks 4;16 vs HI1 tracks 9;11) = 12 LKG paths/unit; x 5x60 unit cells = 3600; Scalar = 1/3600,,,,,,,,,,,,,,,6,12,2,4/16,9/11
x81zs_gategate03,GATEGATE132-NPZ5-L-SDR_PGD_REF-2TRK_4PP,GATEGATE,SDR_PGD_REF,GATEGATE-<MOS>-SDR_PGD_REF-2TRK_4PP,3600,0.000277778,PGD ETE: 6 active gate (VG) columns/unit x 2 LO<->HI tip-to-tip pair(s) each (LO1 tracks 4;16 vs HI1 tracks 9;11) = 12 LKG paths/unit; x 5x60 unit cells = 3600; Scalar = 1/3600,,,,,,,,,,,,,,,6,12,2,4/16,9/11
x81zs_gategate03,GATEGATE132-PZ5-L-SDR_PGD_REF-2TRK_4PP,GATEGATE,SDR_PGD_REF,GATEGATE-<MOS>-SDR_PGD_REF-2TRK_4PP,3600,0.000277778,PGD ETE: 6 active gate (VG) columns/unit x 2 LO<->HI tip-to-tip pair(s) each (LO1 tracks 4;16 vs HI1 tracks 9;11) = 12 LKG paths/unit; x 5x60 unit cells = 3600; Scalar = 1/3600,,,,,,,,,,,,,,,6,12,2,4/16,9/11
x81zs_gategate03,GATEGATE132-NZ5-U-SDR_PGD_REF-2TRK_4PP,GATEGATE,SDR_PGD_REF,GATEGATE-<MOS>-SDR_PGD_REF-2TRK_4PP,3600,0.000277778,PGD ETE: 6 active gate (VG) columns/unit x 2 LO<->HI tip-to-tip pair(s) each (LO1 tracks 4;16 vs HI1 tracks 9;11) = 12 LKG paths/unit; x 5x60 unit cells = 3600; Scalar = 1/3600,,,,,,,,,,,,,,,6,12,2,4/16,9/11
x81zs_gategate03,GATEGATE132-NPZ5-U-SDR_PGD_REF-2TRK_4PP,GATEGATE,SDR_PGD_REF,GATEGATE-<MOS>-SDR_PGD_REF-2TRK_4PP,3600,0.000277778,PGD ETE: 6 active gate (VG) columns/unit x 2 LO<->HI tip-to-tip pair(s) each (LO1 tracks 4;16 vs HI1 tracks 9;11) = 12 LKG paths/unit; x 5x60 unit cells = 3600; Scalar = 1/3600,,,,,,,,,,,,,,,6,12,2,4/16,9/11
x81zs_gategate03,GATEGATE132-PZ5-U-SDR_PGD_REF-2TRK_4PP,GATEGATE,SDR_PGD_REF,GATEGATE-<MOS>-SDR_PGD_REF-2TRK_4PP,3600,0.000277778,PGD ETE: 6 active gate (VG) columns/unit x 2 LO<->HI tip-to-tip pair(s) each (LO1 tracks 4;16 vs HI1 tracks 9;11) = 12 LKG paths/unit; x 5x60 unit cells = 3600; Scalar = 1/3600,,,,,,,,,,,,,,,6,12,2,4/16,9/11
x81zs_gategate03,GATEGATE132-NZ5-UL-SDR_PGD_REF-2TRK_4PP,GATEGATE,SDR_PGD_REF,GATEGATE-<MOS>-SDR_PGD_REF-2TRK_4PP,3600,0.000277778,PGD ETE: 6 active gate (VG) columns/unit x 2 LO<->HI tip-to-tip pair(s) each (LO1 tracks 4;16 vs HI1 tracks 9;11) = 12 LKG paths/unit; x 5x60 unit cells = 3600; Scalar = 1/3600,,,,,,,,,,,,,,,6,12,2,4/16,9/11
x81zs_gategate03,GATEGATE132-NPZ5-UL-SDR_PGD_REF-2TRK_4PP,GATEGATE,SDR_PGD_REF,GATEGATE-<MOS>-SDR_PGD_REF-2TRK_4PP,3600,0.000277778,PGD ETE: 6 active gate (VG) columns/unit x 2 LO<->HI tip-to-tip pair(s) each (LO1 tracks 4;16 vs HI1 tracks 9;11) = 12 LKG paths/unit; x 5x60 unit cells = 3600; Scalar = 1/3600,,,,,,,,,,,,,,,6,12,2,4/16,9/11
x81zs_gategate03,GATEGATE132-PZ5-UL-SDR_PGD_REF-2TRK_4PP,GATEGATE,SDR_PGD_REF,GATEGATE-<MOS>-SDR_PGD_REF-2TRK_4PP,3600,0.000277778,PGD ETE: 6 active gate (VG) columns/unit x 2 LO<->HI tip-to-tip pair(s) each (LO1 tracks 4;16 vs HI1 tracks 9;11) = 12 LKG paths/unit; x 5x60 unit cells = 3600; Scalar = 1/3600,,,,,,,,,,,,,,,6,12,2,4/16,9/11
x81zs_gategate03,GATEGATE132-NZ5-E-SDR_PGD_REF-2TRK_4PP,GATEGATE,SDR_PGD_REF,GATEGATE-<MOS>-SDR_PGD_REF-2TRK_4PP,3600,0.000277778,PGD ETE: 6 active gate (VG) columns/unit x 2 LO<->HI tip-to-tip pair(s) each (LO1 tracks 4;16 vs HI1 tracks 9;11) = 12 LKG paths/unit; x 5x60 unit cells = 3600; Scalar = 1/3600,,,,,,,,,,,,,,,6,12,2,4/16,9/11
x81zs_gategate03,GATEGATE132-NPZ5-E-SDR_PGD_REF-2TRK_4PP,GATEGATE,SDR_PGD_REF,GATEGATE-<MOS>-SDR_PGD_REF-2TRK_4PP,3600,0.000277778,PGD ETE: 6 active gate (VG) columns/unit x 2 LO<->HI tip-to-tip pair(s) each (LO1 tracks 4;16 vs HI1 tracks 9;11) = 12 LKG paths/unit; x 5x60 unit cells = 3600; Scalar = 1/3600,,,,,,,,,,,,,,,6,12,2,4/16,9/11
x81zs_gategate03,GATEGATE132-PZ5-E-SDR_PGD_REF-2TRK_4PP,GATEGATE,SDR_PGD_REF,GATEGATE-<MOS>-SDR_PGD_REF-2TRK_4PP,3600,0.000277778,PGD ETE: 6 active gate (VG) columns/unit x 2 LO<->HI tip-to-tip pair(s) each (LO1 tracks 4;16 vs HI1 tracks 9;11) = 12 LKG paths/unit; x 5x60 unit cells = 3600; Scalar = 1/3600,,,,,,,,,,,,,,,6,12,2,4/16,9/11
x81zs_gategate03,GATEGATE165-NZ7-H-SDR_PGD_REF-2TRK_4PP,GATEGATE,SDR_PGD_REF,GATEGATE-<MOS>-SDR_PGD_REF-2TRK_4PP,3600,0.000277778,PGD ETE: 6 active gate (VG) columns/unit x 2 LO<->HI tip-to-tip pair(s) each (LO1 tracks 4;20 vs HI1 tracks 11;13) = 12 LKG paths/unit; x 5x60 unit cells = 3600; Scalar = 1/3600,,,,,,,,,,,,,,,6,12,2,4/20,11/13
x81zs_gategate03,GATEGATE165-NPZ7-H-SDR_PGD_REF-2TRK_4PP,GATEGATE,SDR_PGD_REF,GATEGATE-<MOS>-SDR_PGD_REF-2TRK_4PP,3600,0.000277778,PGD ETE: 6 active gate (VG) columns/unit x 2 LO<->HI tip-to-tip pair(s) each (LO1 tracks 4;20 vs HI1 tracks 11;13) = 12 LKG paths/unit; x 5x60 unit cells = 3600; Scalar = 1/3600,,,,,,,,,,,,,,,6,12,2,4/20,11/13
x81zs_gategate03,GATEGATE165-PZ7-H-SDR_PGD_REF-2TRK_4PP,GATEGATE,SDR_PGD_REF,GATEGATE-<MOS>-SDR_PGD_REF-2TRK_4PP,3600,0.000277778,PGD ETE: 6 active gate (VG) columns/unit x 2 LO<->HI tip-to-tip pair(s) each (LO1 tracks 4;20 vs HI1 tracks 11;13) = 12 LKG paths/unit; x 5x60 unit cells = 3600; Scalar = 1/3600,,,,,,,,,,,,,,,6,12,2,4/20,11/13
x81zs_gategate03,GATEGATE165-NZ7-S-SDR_PGD_REF-2TRK_4PP,GATEGATE,SDR_PGD_REF,GATEGATE-<MOS>-SDR_PGD_REF-2TRK_4PP,3600,0.000277778,PGD ETE: 6 active gate (VG) columns/unit x 2 LO<->HI tip-to-tip pair(s) each (LO1 tracks 4;20 vs HI1 tracks 11;13) = 12 LKG paths/unit; x 5x60 unit cells = 3600; Scalar = 1/3600,,,,,,,,,,,,,,,6,12,2,4/20,11/13
x81zs_gategate03,GATEGATE165-NPZ7-S-SDR_PGD_REF-2TRK_4PP,GATEGATE,SDR_PGD_REF,GATEGATE-<MOS>-SDR_PGD_REF-2TRK_4PP,3600,0.000277778,PGD ETE: 6 active gate (VG) columns/unit x 2 LO<->HI tip-to-tip pair(s) each (LO1 tracks 4;20 vs HI1 tracks 11;13) = 12 LKG paths/unit; x 5x60 unit cells = 3600; Scalar = 1/3600,,,,,,,,,,,,,,,6,12,2,4/20,11/13
x81zs_gategate03,GATEGATE165-PZ7-S-SDR_PGD_REF-2TRK_4PP,GATEGATE,SDR_PGD_REF,GATEGATE-<MOS>-SDR_PGD_REF-2TRK_4PP,3600,0.000277778,PGD ETE: 6 active gate (VG) columns/unit x 2 LO<->HI tip-to-tip pair(s) each (LO1 tracks 4;20 vs HI1 tracks 11;13) = 12 LKG paths/unit; x 5x60 unit cells = 3600; Scalar = 1/3600,,,,,,,,,,,,,,,6,12,2,4/20,11/13
x81zs_gategate03,GATEGATE165-NZ7-L-SDR_PGD_REF-2TRK_4PP,GATEGATE,SDR_PGD_REF,GATEGATE-<MOS>-SDR_PGD_REF-2TRK_4PP,3600,0.000277778,PGD ETE: 6 active gate (VG) columns/unit x 2 LO<->HI tip-to-tip pair(s) each (LO1 tracks 4;20 vs HI1 tracks 11;13) = 12 LKG paths/unit; x 5x60 unit cells = 3600; Scalar = 1/3600,,,,,,,,,,,,,,,6,12,2,4/20,11/13
x81zs_gategate03,GATEGATE165-NPZ7-L-SDR_PGD_REF-2TRK_4PP,GATEGATE,SDR_PGD_REF,GATEGATE-<MOS>-SDR_PGD_REF-2TRK_4PP,3600,0.000277778,PGD ETE: 6 active gate (VG) columns/unit x 2 LO<->HI tip-to-tip pair(s) each (LO1 tracks 4;20 vs HI1 tracks 11;13) = 12 LKG paths/unit; x 5x60 unit cells = 3600; Scalar = 1/3600,,,,,,,,,,,,,,,6,12,2,4/20,11/13
x81zs_gategate03,GATEGATE165-PZ7-L-SDR_PGD_REF-2TRK_4PP,GATEGATE,SDR_PGD_REF,GATEGATE-<MOS>-SDR_PGD_REF-2TRK_4PP,3600,0.000277778,PGD ETE: 6 active gate (VG) columns/unit x 2 LO<->HI tip-to-tip pair(s) each (LO1 tracks 4;20 vs HI1 tracks 11;13) = 12 LKG paths/unit; x 5x60 unit cells = 3600; Scalar = 1/3600,,,,,,,,,,,,,,,6,12,2,4/20,11/13
x81zs_gategate03,GATEGATE165-NZ7-U-SDR_PGD_REF-2TRK_4PP,GATEGATE,SDR_PGD_REF,GATEGATE-<MOS>-SDR_PGD_REF-2TRK_4PP,3600,0.000277778,PGD ETE: 6 active gate (VG) columns/unit x 2 LO<->HI tip-to-tip pair(s) each (LO1 tracks 4;20 vs HI1 tracks 11;13) = 12 LKG paths/unit; x 5x60 unit cells = 3600; Scalar = 1/3600,,,,,,,,,,,,,,,6,12,2,4/20,11/13
x81zs_gategate03,GATEGATE165-NPZ7-U-SDR_PGD_REF-2TRK_4PP,GATEGATE,SDR_PGD_REF,GATEGATE-<MOS>-SDR_PGD_REF-2TRK_4PP,3600,0.000277778,PGD ETE: 6 active gate (VG) columns/unit x 2 LO<->HI tip-to-tip pair(s) each (LO1 tracks 4;20 vs HI1 tracks 11;13) = 12 LKG paths/unit; x 5x60 unit cells = 3600; Scalar = 1/3600,,,,,,,,,,,,,,,6,12,2,4/20,11/13
x81zs_gategate03,GATEGATE165-PZ7-U-SDR_PGD_REF-2TRK_4PP,GATEGATE,SDR_PGD_REF,GATEGATE-<MOS>-SDR_PGD_REF-2TRK_4PP,3600,0.000277778,PGD ETE: 6 active gate (VG) columns/unit x 2 LO<->HI tip-to-tip pair(s) each (LO1 tracks 4;20 vs HI1 tracks 11;13) = 12 LKG paths/unit; x 5x60 unit cells = 3600; Scalar = 1/3600,,,,,,,,,,,,,,,6,12,2,4/20,11/13
x81zs_gategate03,GATEGATE165-NZ7-UL-SDR_PGD_REF-2TRK_4PP,GATEGATE,SDR_PGD_REF,GATEGATE-<MOS>-SDR_PGD_REF-2TRK_4PP,3600,0.000277778,PGD ETE: 6 active gate (VG) columns/unit x 2 LO<->HI tip-to-tip pair(s) each (LO1 tracks 4;20 vs HI1 tracks 11;13) = 12 LKG paths/unit; x 5x60 unit cells = 3600; Scalar = 1/3600,,,,,,,,,,,,,,,6,12,2,4/20,11/13
x81zs_gategate03,GATEGATE165-NPZ7-UL-SDR_PGD_REF-2TRK_4PP,GATEGATE,SDR_PGD_REF,GATEGATE-<MOS>-SDR_PGD_REF-2TRK_4PP,3600,0.000277778,PGD ETE: 6 active gate (VG) columns/unit x 2 LO<->HI tip-to-tip pair(s) each (LO1 tracks 4;20 vs HI1 tracks 11;13) = 12 LKG paths/unit; x 5x60 unit cells = 3600; Scalar = 1/3600,,,,,,,,,,,,,,,6,12,2,4/20,11/13
x81zs_gategate03,GATEGATE165-PZ7-UL-SDR_PGD_REF-2TRK_4PP,GATEGATE,SDR_PGD_REF,GATEGATE-<MOS>-SDR_PGD_REF-2TRK_4PP,3600,0.000277778,PGD ETE: 6 active gate (VG) columns/unit x 2 LO<->HI tip-to-tip pair(s) each (LO1 tracks 4;20 vs HI1 tracks 11;13) = 12 LKG paths/unit; x 5x60 unit cells = 3600; Scalar = 1/3600,,,,,,,,,,,,,,,6,12,2,4/20,11/13
x81zs_gategate03,GATEGATE165-NZ7-E-SDR_PGD_REF-2TRK_4PP,GATEGATE,SDR_PGD_REF,GATEGATE-<MOS>-SDR_PGD_REF-2TRK_4PP,3600,0.000277778,PGD ETE: 6 active gate (VG) columns/unit x 2 LO<->HI tip-to-tip pair(s) each (LO1 tracks 4;20 vs HI1 tracks 11;13) = 12 LKG paths/unit; x 5x60 unit cells = 3600; Scalar = 1/3600,,,,,,,,,,,,,,,6,12,2,4/20,11/13
x81zs_gategate03,GATEGATE165-NPZ7-E-SDR_PGD_REF-2TRK_4PP,GATEGATE,SDR_PGD_REF,GATEGATE-<MOS>-SDR_PGD_REF-2TRK_4PP,3600,0.000277778,PGD ETE: 6 active gate (VG) columns/unit x 2 LO<->HI tip-to-tip pair(s) each (LO1 tracks 4;20 vs HI1 tracks 11;13) = 12 LKG paths/unit; x 5x60 unit cells = 3600; Scalar = 1/3600,,,,,,,,,,,,,,,6,12,2,4/20,11/13
x81zs_gategate03,GATEGATE165-PZ7-E-SDR_PGD_REF-2TRK_4PP,GATEGATE,SDR_PGD_REF,GATEGATE-<MOS>-SDR_PGD_REF-2TRK_4PP,3600,0.000277778,PGD ETE: 6 active gate (VG) columns/unit x 2 LO<->HI tip-to-tip pair(s) each (LO1 tracks 4;20 vs HI1 tracks 11;13) = 12 LKG paths/unit; x 5x60 unit cells = 3600; Scalar = 1/3600,,,,,,,,,,,,,,,6,12,2,4/20,11/13
x81zs_gategate04,GATEGATE110-N27-H-SDR_PGD_REF-1TRK_1PP,GATEGATE,SDR_PGD_REF,GATEGATE-<MOS>-SDR_PGD_REF-1TRK_1PP,10800,9.25926e-05,PGD ETE: 18 active gate (VG) columns/unit x 2 LO<->HI tip-to-tip pair(s) each (LO1 tracks 6;14 vs HI1 tracks 9;11) = 36 LKG paths/unit; x 5x60 unit cells = 10800; Scalar = 1/10800,,,,,,,,,,,,,,,18,36,2,6/14,9/11
x81zs_gategate04,GATEGATE110-NP27-H-SDR_PGD_REF-1TRK_1PP,GATEGATE,SDR_PGD_REF,GATEGATE-<MOS>-SDR_PGD_REF-1TRK_1PP,10800,9.25926e-05,PGD ETE: 18 active gate (VG) columns/unit x 2 LO<->HI tip-to-tip pair(s) each (LO1 tracks 6;14 vs HI1 tracks 9;11) = 36 LKG paths/unit; x 5x60 unit cells = 10800; Scalar = 1/10800,,,,,,,,,,,,,,,18,36,2,6/14,9/11
x81zs_gategate04,GATEGATE110-P27-H-SDR_PGD_REF-1TRK_1PP,GATEGATE,SDR_PGD_REF,GATEGATE-<MOS>-SDR_PGD_REF-1TRK_1PP,10800,9.25926e-05,PGD ETE: 18 active gate (VG) columns/unit x 2 LO<->HI tip-to-tip pair(s) each (LO1 tracks 6;14 vs HI1 tracks 9;11) = 36 LKG paths/unit; x 5x60 unit cells = 10800; Scalar = 1/10800,,,,,,,,,,,,,,,18,36,2,6/14,9/11
x81zs_gategate04,GATEGATE110-N27-S-SDR_PGD_REF-1TRK_1PP,GATEGATE,SDR_PGD_REF,GATEGATE-<MOS>-SDR_PGD_REF-1TRK_1PP,10800,9.25926e-05,PGD ETE: 18 active gate (VG) columns/unit x 2 LO<->HI tip-to-tip pair(s) each (LO1 tracks 6;14 vs HI1 tracks 9;11) = 36 LKG paths/unit; x 5x60 unit cells = 10800; Scalar = 1/10800,,,,,,,,,,,,,,,18,36,2,6/14,9/11
x81zs_gategate04,GATEGATE110-NP27-S-SDR_PGD_REF-1TRK_1PP,GATEGATE,SDR_PGD_REF,GATEGATE-<MOS>-SDR_PGD_REF-1TRK_1PP,10800,9.25926e-05,PGD ETE: 18 active gate (VG) columns/unit x 2 LO<->HI tip-to-tip pair(s) each (LO1 tracks 6;14 vs HI1 tracks 9;11) = 36 LKG paths/unit; x 5x60 unit cells = 10800; Scalar = 1/10800,,,,,,,,,,,,,,,18,36,2,6/14,9/11
x81zs_gategate04,GATEGATE110-P27-S-SDR_PGD_REF-1TRK_1PP,GATEGATE,SDR_PGD_REF,GATEGATE-<MOS>-SDR_PGD_REF-1TRK_1PP,10800,9.25926e-05,PGD ETE: 18 active gate (VG) columns/unit x 2 LO<->HI tip-to-tip pair(s) each (LO1 tracks 6;14 vs HI1 tracks 9;11) = 36 LKG paths/unit; x 5x60 unit cells = 10800; Scalar = 1/10800,,,,,,,,,,,,,,,18,36,2,6/14,9/11
x81zs_gategate04,GATEGATE110-N27-L-SDR_PGD_REF-1TRK_1PP,GATEGATE,SDR_PGD_REF,GATEGATE-<MOS>-SDR_PGD_REF-1TRK_1PP,10800,9.25926e-05,PGD ETE: 18 active gate (VG) columns/unit x 2 LO<->HI tip-to-tip pair(s) each (LO1 tracks 6;14 vs HI1 tracks 9;11) = 36 LKG paths/unit; x 5x60 unit cells = 10800; Scalar = 1/10800,,,,,,,,,,,,,,,18,36,2,6/14,9/11
x81zs_gategate04,GATEGATE110-NP27-L-SDR_PGD_REF-1TRK_1PP,GATEGATE,SDR_PGD_REF,GATEGATE-<MOS>-SDR_PGD_REF-1TRK_1PP,10800,9.25926e-05,PGD ETE: 18 active gate (VG) columns/unit x 2 LO<->HI tip-to-tip pair(s) each (LO1 tracks 6;14 vs HI1 tracks 9;11) = 36 LKG paths/unit; x 5x60 unit cells = 10800; Scalar = 1/10800,,,,,,,,,,,,,,,18,36,2,6/14,9/11
x81zs_gategate04,GATEGATE110-P27-L-SDR_PGD_REF-1TRK_1PP,GATEGATE,SDR_PGD_REF,GATEGATE-<MOS>-SDR_PGD_REF-1TRK_1PP,10800,9.25926e-05,PGD ETE: 18 active gate (VG) columns/unit x 2 LO<->HI tip-to-tip pair(s) each (LO1 tracks 6;14 vs HI1 tracks 9;11) = 36 LKG paths/unit; x 5x60 unit cells = 10800; Scalar = 1/10800,,,,,,,,,,,,,,,18,36,2,6/14,9/11
x81zs_gategate04,GATEGATE110-N27-U-SDR_PGD_REF-1TRK_1PP,GATEGATE,SDR_PGD_REF,GATEGATE-<MOS>-SDR_PGD_REF-1TRK_1PP,10800,9.25926e-05,PGD ETE: 18 active gate (VG) columns/unit x 2 LO<->HI tip-to-tip pair(s) each (LO1 tracks 6;14 vs HI1 tracks 9;11) = 36 LKG paths/unit; x 5x60 unit cells = 10800; Scalar = 1/10800,,,,,,,,,,,,,,,18,36,2,6/14,9/11
x81zs_gategate04,GATEGATE110-NP27-U-SDR_PGD_REF-1TRK_1PP,GATEGATE,SDR_PGD_REF,GATEGATE-<MOS>-SDR_PGD_REF-1TRK_1PP,10800,9.25926e-05,PGD ETE: 18 active gate (VG) columns/unit x 2 LO<->HI tip-to-tip pair(s) each (LO1 tracks 6;14 vs HI1 tracks 9;11) = 36 LKG paths/unit; x 5x60 unit cells = 10800; Scalar = 1/10800,,,,,,,,,,,,,,,18,36,2,6/14,9/11
x81zs_gategate04,GATEGATE110-P27-U-SDR_PGD_REF-1TRK_1PP,GATEGATE,SDR_PGD_REF,GATEGATE-<MOS>-SDR_PGD_REF-1TRK_1PP,10800,9.25926e-05,PGD ETE: 18 active gate (VG) columns/unit x 2 LO<->HI tip-to-tip pair(s) each (LO1 tracks 6;14 vs HI1 tracks 9;11) = 36 LKG paths/unit; x 5x60 unit cells = 10800; Scalar = 1/10800,,,,,,,,,,,,,,,18,36,2,6/14,9/11
x81zs_gategate04,GATEGATE110-N27-UL-SDR_PGD_REF-1TRK_1PP,GATEGATE,SDR_PGD_REF,GATEGATE-<MOS>-SDR_PGD_REF-1TRK_1PP,10800,9.25926e-05,PGD ETE: 18 active gate (VG) columns/unit x 2 LO<->HI tip-to-tip pair(s) each (LO1 tracks 6;14 vs HI1 tracks 9;11) = 36 LKG paths/unit; x 5x60 unit cells = 10800; Scalar = 1/10800,,,,,,,,,,,,,,,18,36,2,6/14,9/11
x81zs_gategate04,GATEGATE110-NP27-UL-SDR_PGD_REF-1TRK_1PP,GATEGATE,SDR_PGD_REF,GATEGATE-<MOS>-SDR_PGD_REF-1TRK_1PP,10800,9.25926e-05,PGD ETE: 18 active gate (VG) columns/unit x 2 LO<->HI tip-to-tip pair(s) each (LO1 tracks 6;14 vs HI1 tracks 9;11) = 36 LKG paths/unit; x 5x60 unit cells = 10800; Scalar = 1/10800,,,,,,,,,,,,,,,18,36,2,6/14,9/11
x81zs_gategate04,GATEGATE110-P27-UL-SDR_PGD_REF-1TRK_1PP,GATEGATE,SDR_PGD_REF,GATEGATE-<MOS>-SDR_PGD_REF-1TRK_1PP,10800,9.25926e-05,PGD ETE: 18 active gate (VG) columns/unit x 2 LO<->HI tip-to-tip pair(s) each (LO1 tracks 6;14 vs HI1 tracks 9;11) = 36 LKG paths/unit; x 5x60 unit cells = 10800; Scalar = 1/10800,,,,,,,,,,,,,,,18,36,2,6/14,9/11
x81zs_gategate04,GATEGATE110-N27-E-SDR_PGD_REF-1TRK_1PP,GATEGATE,SDR_PGD_REF,GATEGATE-<MOS>-SDR_PGD_REF-1TRK_1PP,10800,9.25926e-05,PGD ETE: 18 active gate (VG) columns/unit x 2 LO<->HI tip-to-tip pair(s) each (LO1 tracks 6;14 vs HI1 tracks 9;11) = 36 LKG paths/unit; x 5x60 unit cells = 10800; Scalar = 1/10800,,,,,,,,,,,,,,,18,36,2,6/14,9/11
x81zs_gategate04,GATEGATE110-NP27-E-SDR_PGD_REF-1TRK_1PP,GATEGATE,SDR_PGD_REF,GATEGATE-<MOS>-SDR_PGD_REF-1TRK_1PP,10800,9.25926e-05,PGD ETE: 18 active gate (VG) columns/unit x 2 LO<->HI tip-to-tip pair(s) each (LO1 tracks 6;14 vs HI1 tracks 9;11) = 36 LKG paths/unit; x 5x60 unit cells = 10800; Scalar = 1/10800,,,,,,,,,,,,,,,18,36,2,6/14,9/11
x81zs_gategate04,GATEGATE110-P27-E-SDR_PGD_REF-1TRK_1PP,GATEGATE,SDR_PGD_REF,GATEGATE-<MOS>-SDR_PGD_REF-1TRK_1PP,10800,9.25926e-05,PGD ETE: 18 active gate (VG) columns/unit x 2 LO<->HI tip-to-tip pair(s) each (LO1 tracks 6;14 vs HI1 tracks 9;11) = 36 LKG paths/unit; x 5x60 unit cells = 10800; Scalar = 1/10800,,,,,,,,,,,,,,,18,36,2,6/14,9/11
x81zs_gategate04,GATEGATE110-N27-H-SDR_PGD_REF-OC1,GATEGATE,SDR_PGD_REF,GATEGATE-<MOS>-SDR_PGD_REF-OC1,10800,9.25926e-05,PGD ETE: 18 active gate (VG) columns/unit x 2 LO<->HI tip-to-tip pair(s) each (LO1 tracks 4;16 vs HI1 tracks 9;11) = 36 LKG paths/unit; x 5x60 unit cells = 10800; Scalar = 1/10800,vias missing on some LO1/HI1 tracks (variant); SDR-equivalent track set used,,,,,,,,,,,,,,18,36,2,4/16,9/11
x81zs_gategate04,GATEGATE110-NP27-H-SDR_PGD_REF-OC1,GATEGATE,SDR_PGD_REF,GATEGATE-<MOS>-SDR_PGD_REF-OC1,10800,9.25926e-05,PGD ETE: 18 active gate (VG) columns/unit x 2 LO<->HI tip-to-tip pair(s) each (LO1 tracks 4;16 vs HI1 tracks 9;11) = 36 LKG paths/unit; x 5x60 unit cells = 10800; Scalar = 1/10800,vias missing on some LO1/HI1 tracks (variant); SDR-equivalent track set used,,,,,,,,,,,,,,18,36,2,4/16,9/11
x81zs_gategate04,GATEGATE110-P27-H-SDR_PGD_REF-OC1,GATEGATE,SDR_PGD_REF,GATEGATE-<MOS>-SDR_PGD_REF-OC1,10800,9.25926e-05,PGD ETE: 18 active gate (VG) columns/unit x 2 LO<->HI tip-to-tip pair(s) each (LO1 tracks 4;16 vs HI1 tracks 9;11) = 36 LKG paths/unit; x 5x60 unit cells = 10800; Scalar = 1/10800,vias missing on some LO1/HI1 tracks (variant); SDR-equivalent track set used,,,,,,,,,,,,,,18,36,2,4/16,9/11
x81zs_gategate04,GATEGATE110-N27-S-SDR_PGD_REF-OC1,GATEGATE,SDR_PGD_REF,GATEGATE-<MOS>-SDR_PGD_REF-OC1,10800,9.25926e-05,PGD ETE: 18 active gate (VG) columns/unit x 2 LO<->HI tip-to-tip pair(s) each (LO1 tracks 4;16 vs HI1 tracks 9;11) = 36 LKG paths/unit; x 5x60 unit cells = 10800; Scalar = 1/10800,vias missing on some LO1/HI1 tracks (variant); SDR-equivalent track set used,,,,,,,,,,,,,,18,36,2,4/16,9/11
x81zs_gategate04,GATEGATE110-NP27-S-SDR_PGD_REF-OC1,GATEGATE,SDR_PGD_REF,GATEGATE-<MOS>-SDR_PGD_REF-OC1,10800,9.25926e-05,PGD ETE: 18 active gate (VG) columns/unit x 2 LO<->HI tip-to-tip pair(s) each (LO1 tracks 4;16 vs HI1 tracks 9;11) = 36 LKG paths/unit; x 5x60 unit cells = 10800; Scalar = 1/10800,vias missing on some LO1/HI1 tracks (variant); SDR-equivalent track set used,,,,,,,,,,,,,,18,36,2,4/16,9/11
x81zs_gategate04,GATEGATE110-P27-S-SDR_PGD_REF-OC1,GATEGATE,SDR_PGD_REF,GATEGATE-<MOS>-SDR_PGD_REF-OC1,10800,9.25926e-05,PGD ETE: 18 active gate (VG) columns/unit x 2 LO<->HI tip-to-tip pair(s) each (LO1 tracks 4;16 vs HI1 tracks 9;11) = 36 LKG paths/unit; x 5x60 unit cells = 10800; Scalar = 1/10800,vias missing on some LO1/HI1 tracks (variant); SDR-equivalent track set used,,,,,,,,,,,,,,18,36,2,4/16,9/11
x81zs_gategate04,GATEGATE110-N27-L-SDR_PGD_REF-OC1,GATEGATE,SDR_PGD_REF,GATEGATE-<MOS>-SDR_PGD_REF-OC1,10800,9.25926e-05,PGD ETE: 18 active gate (VG) columns/unit x 2 LO<->HI tip-to-tip pair(s) each (LO1 tracks 4;16 vs HI1 tracks 9;11) = 36 LKG paths/unit; x 5x60 unit cells = 10800; Scalar = 1/10800,vias missing on some LO1/HI1 tracks (variant); SDR-equivalent track set used,,,,,,,,,,,,,,18,36,2,4/16,9/11
x81zs_gategate04,GATEGATE110-NP27-L-SDR_PGD_REF-OC1,GATEGATE,SDR_PGD_REF,GATEGATE-<MOS>-SDR_PGD_REF-OC1,10800,9.25926e-05,PGD ETE: 18 active gate (VG) columns/unit x 2 LO<->HI tip-to-tip pair(s) each (LO1 tracks 4;16 vs HI1 tracks 9;11) = 36 LKG paths/unit; x 5x60 unit cells = 10800; Scalar = 1/10800,vias missing on some LO1/HI1 tracks (variant); SDR-equivalent track set used,,,,,,,,,,,,,,18,36,2,4/16,9/11
x81zs_gategate04,GATEGATE110-P27-L-SDR_PGD_REF-OC1,GATEGATE,SDR_PGD_REF,GATEGATE-<MOS>-SDR_PGD_REF-OC1,10800,9.25926e-05,PGD ETE: 18 active gate (VG) columns/unit x 2 LO<->HI tip-to-tip pair(s) each (LO1 tracks 4;16 vs HI1 tracks 9;11) = 36 LKG paths/unit; x 5x60 unit cells = 10800; Scalar = 1/10800,vias missing on some LO1/HI1 tracks (variant); SDR-equivalent track set used,,,,,,,,,,,,,,18,36,2,4/16,9/11
x81zs_gategate04,GATEGATE110-N27-U-SDR_PGD_REF-OC1,GATEGATE,SDR_PGD_REF,GATEGATE-<MOS>-SDR_PGD_REF-OC1,10800,9.25926e-05,PGD ETE: 18 active gate (VG) columns/unit x 2 LO<->HI tip-to-tip pair(s) each (LO1 tracks 4;16 vs HI1 tracks 9;11) = 36 LKG paths/unit; x 5x60 unit cells = 10800; Scalar = 1/10800,vias missing on some LO1/HI1 tracks (variant); SDR-equivalent track set used,,,,,,,,,,,,,,18,36,2,4/16,9/11
x81zs_gategate04,GATEGATE110-NP27-U-SDR_PGD_REF-OC1,GATEGATE,SDR_PGD_REF,GATEGATE-<MOS>-SDR_PGD_REF-OC1,10800,9.25926e-05,PGD ETE: 18 active gate (VG) columns/unit x 2 LO<->HI tip-to-tip pair(s) each (LO1 tracks 4;16 vs HI1 tracks 9;11) = 36 LKG paths/unit; x 5x60 unit cells = 10800; Scalar = 1/10800,vias missing on some LO1/HI1 tracks (variant); SDR-equivalent track set used,,,,,,,,,,,,,,18,36,2,4/16,9/11
x81zs_gategate04,GATEGATE110-P27-U-SDR_PGD_REF-OC1,GATEGATE,SDR_PGD_REF,GATEGATE-<MOS>-SDR_PGD_REF-OC1,10800,9.25926e-05,PGD ETE: 18 active gate (VG) columns/unit x 2 LO<->HI tip-to-tip pair(s) each (LO1 tracks 4;16 vs HI1 tracks 9;11) = 36 LKG paths/unit; x 5x60 unit cells = 10800; Scalar = 1/10800,vias missing on some LO1/HI1 tracks (variant); SDR-equivalent track set used,,,,,,,,,,,,,,18,36,2,4/16,9/11
x81zs_gategate04,GATEGATE110-N27-UL-SDR_PGD_REF-OC1,GATEGATE,SDR_PGD_REF,GATEGATE-<MOS>-SDR_PGD_REF-OC1,10800,9.25926e-05,PGD ETE: 18 active gate (VG) columns/unit x 2 LO<->HI tip-to-tip pair(s) each (LO1 tracks 4;16 vs HI1 tracks 9;11) = 36 LKG paths/unit; x 5x60 unit cells = 10800; Scalar = 1/10800,vias missing on some LO1/HI1 tracks (variant); SDR-equivalent track set used,,,,,,,,,,,,,,18,36,2,4/16,9/11
x81zs_gategate04,GATEGATE110-NP27-UL-SDR_PGD_REF-OC1,GATEGATE,SDR_PGD_REF,GATEGATE-<MOS>-SDR_PGD_REF-OC1,10800,9.25926e-05,PGD ETE: 18 active gate (VG) columns/unit x 2 LO<->HI tip-to-tip pair(s) each (LO1 tracks 4;16 vs HI1 tracks 9;11) = 36 LKG paths/unit; x 5x60 unit cells = 10800; Scalar = 1/10800,vias missing on some LO1/HI1 tracks (variant); SDR-equivalent track set used,,,,,,,,,,,,,,18,36,2,4/16,9/11
x81zs_gategate04,GATEGATE110-P27-UL-SDR_PGD_REF-OC1,GATEGATE,SDR_PGD_REF,GATEGATE-<MOS>-SDR_PGD_REF-OC1,10800,9.25926e-05,PGD ETE: 18 active gate (VG) columns/unit x 2 LO<->HI tip-to-tip pair(s) each (LO1 tracks 4;16 vs HI1 tracks 9;11) = 36 LKG paths/unit; x 5x60 unit cells = 10800; Scalar = 1/10800,vias missing on some LO1/HI1 tracks (variant); SDR-equivalent track set used,,,,,,,,,,,,,,18,36,2,4/16,9/11
x81zs_gategate04,GATEGATE110-N27-E-SDR_PGD_REF-OC1,GATEGATE,SDR_PGD_REF,GATEGATE-<MOS>-SDR_PGD_REF-OC1,10800,9.25926e-05,PGD ETE: 18 active gate (VG) columns/unit x 2 LO<->HI tip-to-tip pair(s) each (LO1 tracks 4;16 vs HI1 tracks 9;11) = 36 LKG paths/unit; x 5x60 unit cells = 10800; Scalar = 1/10800,vias missing on some LO1/HI1 tracks (variant); SDR-equivalent track set used,,,,,,,,,,,,,,18,36,2,4/16,9/11
x81zs_gategate04,GATEGATE110-NP27-E-SDR_PGD_REF-OC1,GATEGATE,SDR_PGD_REF,GATEGATE-<MOS>-SDR_PGD_REF-OC1,10800,9.25926e-05,PGD ETE: 18 active gate (VG) columns/unit x 2 LO<->HI tip-to-tip pair(s) each (LO1 tracks 4;16 vs HI1 tracks 9;11) = 36 LKG paths/unit; x 5x60 unit cells = 10800; Scalar = 1/10800,vias missing on some LO1/HI1 tracks (variant); SDR-equivalent track set used,,,,,,,,,,,,,,18,36,2,4/16,9/11
x81zs_gategate04,GATEGATE110-P27-E-SDR_PGD_REF-OC1,GATEGATE,SDR_PGD_REF,GATEGATE-<MOS>-SDR_PGD_REF-OC1,10800,9.25926e-05,PGD ETE: 18 active gate (VG) columns/unit x 2 LO<->HI tip-to-tip pair(s) each (LO1 tracks 4;16 vs HI1 tracks 9;11) = 36 LKG paths/unit; x 5x60 unit cells = 10800; Scalar = 1/10800,vias missing on some LO1/HI1 tracks (variant); SDR-equivalent track set used,,,,,,,,,,,,,,18,36,2,4/16,9/11
x81zs_gategate04,GATEGATE110-N35-H-SDR_PGD_REF-1TRK_1PP,GATEGATE,SDR_PGD_REF,GATEGATE-<MOS>-SDR_PGD_REF-1TRK_1PP,10800,9.25926e-05,PGD ETE: 18 active gate (VG) columns/unit x 2 LO<->HI tip-to-tip pair(s) each (LO1 tracks 6;14 vs HI1 tracks 9;11) = 36 LKG paths/unit; x 5x60 unit cells = 10800; Scalar = 1/10800,,,,,,,,,,,,,,,18,36,2,6/14,9/11
x81zs_gategate04,GATEGATE110-NP35-H-SDR_PGD_REF-1TRK_1PP,GATEGATE,SDR_PGD_REF,GATEGATE-<MOS>-SDR_PGD_REF-1TRK_1PP,10800,9.25926e-05,PGD ETE: 18 active gate (VG) columns/unit x 2 LO<->HI tip-to-tip pair(s) each (LO1 tracks 6;14 vs HI1 tracks 9;11) = 36 LKG paths/unit; x 5x60 unit cells = 10800; Scalar = 1/10800,,,,,,,,,,,,,,,18,36,2,6/14,9/11
x81zs_gategate04,GATEGATE110-P35-H-SDR_PGD_REF-1TRK_1PP,GATEGATE,SDR_PGD_REF,GATEGATE-<MOS>-SDR_PGD_REF-1TRK_1PP,10800,9.25926e-05,PGD ETE: 18 active gate (VG) columns/unit x 2 LO<->HI tip-to-tip pair(s) each (LO1 tracks 6;14 vs HI1 tracks 9;11) = 36 LKG paths/unit; x 5x60 unit cells = 10800; Scalar = 1/10800,,,,,,,,,,,,,,,18,36,2,6/14,9/11
x81zs_gategate04,GATEGATE110-N35-S-SDR_PGD_REF-1TRK_1PP,GATEGATE,SDR_PGD_REF,GATEGATE-<MOS>-SDR_PGD_REF-1TRK_1PP,10800,9.25926e-05,PGD ETE: 18 active gate (VG) columns/unit x 2 LO<->HI tip-to-tip pair(s) each (LO1 tracks 6;14 vs HI1 tracks 9;11) = 36 LKG paths/unit; x 5x60 unit cells = 10800; Scalar = 1/10800,,,,,,,,,,,,,,,18,36,2,6/14,9/11
x81zs_gategate04,GATEGATE110-NP35-S-SDR_PGD_REF-1TRK_1PP,GATEGATE,SDR_PGD_REF,GATEGATE-<MOS>-SDR_PGD_REF-1TRK_1PP,10800,9.25926e-05,PGD ETE: 18 active gate (VG) columns/unit x 2 LO<->HI tip-to-tip pair(s) each (LO1 tracks 6;14 vs HI1 tracks 9;11) = 36 LKG paths/unit; x 5x60 unit cells = 10800; Scalar = 1/10800,,,,,,,,,,,,,,,18,36,2,6/14,9/11
x81zs_gategate04,GATEGATE110-P35-S-SDR_PGD_REF-1TRK_1PP,GATEGATE,SDR_PGD_REF,GATEGATE-<MOS>-SDR_PGD_REF-1TRK_1PP,10800,9.25926e-05,PGD ETE: 18 active gate (VG) columns/unit x 2 LO<->HI tip-to-tip pair(s) each (LO1 tracks 6;14 vs HI1 tracks 9;11) = 36 LKG paths/unit; x 5x60 unit cells = 10800; Scalar = 1/10800,,,,,,,,,,,,,,,18,36,2,6/14,9/11
x81zs_gategate04,GATEGATE110-N35-L-SDR_PGD_REF-1TRK_1PP,GATEGATE,SDR_PGD_REF,GATEGATE-<MOS>-SDR_PGD_REF-1TRK_1PP,10800,9.25926e-05,PGD ETE: 18 active gate (VG) columns/unit x 2 LO<->HI tip-to-tip pair(s) each (LO1 tracks 6;14 vs HI1 tracks 9;11) = 36 LKG paths/unit; x 5x60 unit cells = 10800; Scalar = 1/10800,,,,,,,,,,,,,,,18,36,2,6/14,9/11
x81zs_gategate04,GATEGATE110-NP35-L-SDR_PGD_REF-1TRK_1PP,GATEGATE,SDR_PGD_REF,GATEGATE-<MOS>-SDR_PGD_REF-1TRK_1PP,10800,9.25926e-05,PGD ETE: 18 active gate (VG) columns/unit x 2 LO<->HI tip-to-tip pair(s) each (LO1 tracks 6;14 vs HI1 tracks 9;11) = 36 LKG paths/unit; x 5x60 unit cells = 10800; Scalar = 1/10800,,,,,,,,,,,,,,,18,36,2,6/14,9/11
x81zs_gategate04,GATEGATE110-P35-L-SDR_PGD_REF-1TRK_1PP,GATEGATE,SDR_PGD_REF,GATEGATE-<MOS>-SDR_PGD_REF-1TRK_1PP,10800,9.25926e-05,PGD ETE: 18 active gate (VG) columns/unit x 2 LO<->HI tip-to-tip pair(s) each (LO1 tracks 6;14 vs HI1 tracks 9;11) = 36 LKG paths/unit; x 5x60 unit cells = 10800; Scalar = 1/10800,,,,,,,,,,,,,,,18,36,2,6/14,9/11
x81zs_gategate04,GATEGATE110-N35-U-SDR_PGD_REF-1TRK_1PP,GATEGATE,SDR_PGD_REF,GATEGATE-<MOS>-SDR_PGD_REF-1TRK_1PP,10800,9.25926e-05,PGD ETE: 18 active gate (VG) columns/unit x 2 LO<->HI tip-to-tip pair(s) each (LO1 tracks 6;14 vs HI1 tracks 9;11) = 36 LKG paths/unit; x 5x60 unit cells = 10800; Scalar = 1/10800,,,,,,,,,,,,,,,18,36,2,6/14,9/11
x81zs_gategate04,GATEGATE110-NP35-U-SDR_PGD_REF-1TRK_1PP,GATEGATE,SDR_PGD_REF,GATEGATE-<MOS>-SDR_PGD_REF-1TRK_1PP,10800,9.25926e-05,PGD ETE: 18 active gate (VG) columns/unit x 2 LO<->HI tip-to-tip pair(s) each (LO1 tracks 6;14 vs HI1 tracks 9;11) = 36 LKG paths/unit; x 5x60 unit cells = 10800; Scalar = 1/10800,,,,,,,,,,,,,,,18,36,2,6/14,9/11
x81zs_gategate04,GATEGATE110-P35-U-SDR_PGD_REF-1TRK_1PP,GATEGATE,SDR_PGD_REF,GATEGATE-<MOS>-SDR_PGD_REF-1TRK_1PP,10800,9.25926e-05,PGD ETE: 18 active gate (VG) columns/unit x 2 LO<->HI tip-to-tip pair(s) each (LO1 tracks 6;14 vs HI1 tracks 9;11) = 36 LKG paths/unit; x 5x60 unit cells = 10800; Scalar = 1/10800,,,,,,,,,,,,,,,18,36,2,6/14,9/11
x81zs_gategate04,GATEGATE110-N35-UL-SDR_PGD_REF-1TRK_1PP,GATEGATE,SDR_PGD_REF,GATEGATE-<MOS>-SDR_PGD_REF-1TRK_1PP,10800,9.25926e-05,PGD ETE: 18 active gate (VG) columns/unit x 2 LO<->HI tip-to-tip pair(s) each (LO1 tracks 6;14 vs HI1 tracks 9;11) = 36 LKG paths/unit; x 5x60 unit cells = 10800; Scalar = 1/10800,,,,,,,,,,,,,,,18,36,2,6/14,9/11
x81zs_gategate04,GATEGATE110-NP35-UL-SDR_PGD_REF-1TRK_1PP,GATEGATE,SDR_PGD_REF,GATEGATE-<MOS>-SDR_PGD_REF-1TRK_1PP,10800,9.25926e-05,PGD ETE: 18 active gate (VG) columns/unit x 2 LO<->HI tip-to-tip pair(s) each (LO1 tracks 6;14 vs HI1 tracks 9;11) = 36 LKG paths/unit; x 5x60 unit cells = 10800; Scalar = 1/10800,,,,,,,,,,,,,,,18,36,2,6/14,9/11
x81zs_gategate04,GATEGATE110-P35-UL-SDR_PGD_REF-1TRK_1PP,GATEGATE,SDR_PGD_REF,GATEGATE-<MOS>-SDR_PGD_REF-1TRK_1PP,10800,9.25926e-05,PGD ETE: 18 active gate (VG) columns/unit x 2 LO<->HI tip-to-tip pair(s) each (LO1 tracks 6;14 vs HI1 tracks 9;11) = 36 LKG paths/unit; x 5x60 unit cells = 10800; Scalar = 1/10800,,,,,,,,,,,,,,,18,36,2,6/14,9/11
x81zs_gategate04,GATEGATE110-N35-E-SDR_PGD_REF-1TRK_1PP,GATEGATE,SDR_PGD_REF,GATEGATE-<MOS>-SDR_PGD_REF-1TRK_1PP,10800,9.25926e-05,PGD ETE: 18 active gate (VG) columns/unit x 2 LO<->HI tip-to-tip pair(s) each (LO1 tracks 6;14 vs HI1 tracks 9;11) = 36 LKG paths/unit; x 5x60 unit cells = 10800; Scalar = 1/10800,,,,,,,,,,,,,,,18,36,2,6/14,9/11
x81zs_gategate04,GATEGATE110-NP35-E-SDR_PGD_REF-1TRK_1PP,GATEGATE,SDR_PGD_REF,GATEGATE-<MOS>-SDR_PGD_REF-1TRK_1PP,10800,9.25926e-05,PGD ETE: 18 active gate (VG) columns/unit x 2 LO<->HI tip-to-tip pair(s) each (LO1 tracks 6;14 vs HI1 tracks 9;11) = 36 LKG paths/unit; x 5x60 unit cells = 10800; Scalar = 1/10800,,,,,,,,,,,,,,,18,36,2,6/14,9/11
x81zs_gategate04,GATEGATE110-P35-E-SDR_PGD_REF-1TRK_1PP,GATEGATE,SDR_PGD_REF,GATEGATE-<MOS>-SDR_PGD_REF-1TRK_1PP,10800,9.25926e-05,PGD ETE: 18 active gate (VG) columns/unit x 2 LO<->HI tip-to-tip pair(s) each (LO1 tracks 6;14 vs HI1 tracks 9;11) = 36 LKG paths/unit; x 5x60 unit cells = 10800; Scalar = 1/10800,,,,,,,,,,,,,,,18,36,2,6/14,9/11
x81zs_gategate04,GATEGATE110-N35-H-SDR_PGD_REF-OC1,GATEGATE,SDR_PGD_REF,GATEGATE-<MOS>-SDR_PGD_REF-OC1,10800,9.25926e-05,PGD ETE: 18 active gate (VG) columns/unit x 2 LO<->HI tip-to-tip pair(s) each (LO1 tracks 4;16 vs HI1 tracks 9;11) = 36 LKG paths/unit; x 5x60 unit cells = 10800; Scalar = 1/10800,vias missing on some LO1/HI1 tracks (variant); SDR-equivalent track set used,,,,,,,,,,,,,,18,36,2,4/16,9/11
x81zs_gategate04,GATEGATE110-NP35-H-SDR_PGD_REF-OC1,GATEGATE,SDR_PGD_REF,GATEGATE-<MOS>-SDR_PGD_REF-OC1,10800,9.25926e-05,PGD ETE: 18 active gate (VG) columns/unit x 2 LO<->HI tip-to-tip pair(s) each (LO1 tracks 4;16 vs HI1 tracks 9;11) = 36 LKG paths/unit; x 5x60 unit cells = 10800; Scalar = 1/10800,vias missing on some LO1/HI1 tracks (variant); SDR-equivalent track set used,,,,,,,,,,,,,,18,36,2,4/16,9/11
x81zs_gategate04,GATEGATE110-P35-H-SDR_PGD_REF-OC1,GATEGATE,SDR_PGD_REF,GATEGATE-<MOS>-SDR_PGD_REF-OC1,10800,9.25926e-05,PGD ETE: 18 active gate (VG) columns/unit x 2 LO<->HI tip-to-tip pair(s) each (LO1 tracks 4;16 vs HI1 tracks 9;11) = 36 LKG paths/unit; x 5x60 unit cells = 10800; Scalar = 1/10800,vias missing on some LO1/HI1 tracks (variant); SDR-equivalent track set used,,,,,,,,,,,,,,18,36,2,4/16,9/11
x81zs_gategate04,GATEGATE110-N35-S-SDR_PGD_REF-OC1,GATEGATE,SDR_PGD_REF,GATEGATE-<MOS>-SDR_PGD_REF-OC1,10800,9.25926e-05,PGD ETE: 18 active gate (VG) columns/unit x 2 LO<->HI tip-to-tip pair(s) each (LO1 tracks 4;16 vs HI1 tracks 9;11) = 36 LKG paths/unit; x 5x60 unit cells = 10800; Scalar = 1/10800,vias missing on some LO1/HI1 tracks (variant); SDR-equivalent track set used,,,,,,,,,,,,,,18,36,2,4/16,9/11
x81zs_gategate04,GATEGATE110-NP35-S-SDR_PGD_REF-OC1,GATEGATE,SDR_PGD_REF,GATEGATE-<MOS>-SDR_PGD_REF-OC1,10800,9.25926e-05,PGD ETE: 18 active gate (VG) columns/unit x 2 LO<->HI tip-to-tip pair(s) each (LO1 tracks 4;16 vs HI1 tracks 9;11) = 36 LKG paths/unit; x 5x60 unit cells = 10800; Scalar = 1/10800,vias missing on some LO1/HI1 tracks (variant); SDR-equivalent track set used,,,,,,,,,,,,,,18,36,2,4/16,9/11
x81zs_gategate04,GATEGATE110-P35-S-SDR_PGD_REF-OC1,GATEGATE,SDR_PGD_REF,GATEGATE-<MOS>-SDR_PGD_REF-OC1,10800,9.25926e-05,PGD ETE: 18 active gate (VG) columns/unit x 2 LO<->HI tip-to-tip pair(s) each (LO1 tracks 4;16 vs HI1 tracks 9;11) = 36 LKG paths/unit; x 5x60 unit cells = 10800; Scalar = 1/10800,vias missing on some LO1/HI1 tracks (variant); SDR-equivalent track set used,,,,,,,,,,,,,,18,36,2,4/16,9/11
x81zs_gategate04,GATEGATE110-N35-L-SDR_PGD_REF-OC1,GATEGATE,SDR_PGD_REF,GATEGATE-<MOS>-SDR_PGD_REF-OC1,10800,9.25926e-05,PGD ETE: 18 active gate (VG) columns/unit x 2 LO<->HI tip-to-tip pair(s) each (LO1 tracks 4;16 vs HI1 tracks 9;11) = 36 LKG paths/unit; x 5x60 unit cells = 10800; Scalar = 1/10800,vias missing on some LO1/HI1 tracks (variant); SDR-equivalent track set used,,,,,,,,,,,,,,18,36,2,4/16,9/11
x81zs_gategate04,GATEGATE110-NP35-L-SDR_PGD_REF-OC1,GATEGATE,SDR_PGD_REF,GATEGATE-<MOS>-SDR_PGD_REF-OC1,10800,9.25926e-05,PGD ETE: 18 active gate (VG) columns/unit x 2 LO<->HI tip-to-tip pair(s) each (LO1 tracks 4;16 vs HI1 tracks 9;11) = 36 LKG paths/unit; x 5x60 unit cells = 10800; Scalar = 1/10800,vias missing on some LO1/HI1 tracks (variant); SDR-equivalent track set used,,,,,,,,,,,,,,18,36,2,4/16,9/11
x81zs_gategate04,GATEGATE110-P35-L-SDR_PGD_REF-OC1,GATEGATE,SDR_PGD_REF,GATEGATE-<MOS>-SDR_PGD_REF-OC1,10800,9.25926e-05,PGD ETE: 18 active gate (VG) columns/unit x 2 LO<->HI tip-to-tip pair(s) each (LO1 tracks 4;16 vs HI1 tracks 9;11) = 36 LKG paths/unit; x 5x60 unit cells = 10800; Scalar = 1/10800,vias missing on some LO1/HI1 tracks (variant); SDR-equivalent track set used,,,,,,,,,,,,,,18,36,2,4/16,9/11
x81zs_gategate04,GATEGATE110-N35-U-SDR_PGD_REF-OC1,GATEGATE,SDR_PGD_REF,GATEGATE-<MOS>-SDR_PGD_REF-OC1,10800,9.25926e-05,PGD ETE: 18 active gate (VG) columns/unit x 2 LO<->HI tip-to-tip pair(s) each (LO1 tracks 4;16 vs HI1 tracks 9;11) = 36 LKG paths/unit; x 5x60 unit cells = 10800; Scalar = 1/10800,vias missing on some LO1/HI1 tracks (variant); SDR-equivalent track set used,,,,,,,,,,,,,,18,36,2,4/16,9/11
x81zs_gategate04,GATEGATE110-NP35-U-SDR_PGD_REF-OC1,GATEGATE,SDR_PGD_REF,GATEGATE-<MOS>-SDR_PGD_REF-OC1,10800,9.25926e-05,PGD ETE: 18 active gate (VG) columns/unit x 2 LO<->HI tip-to-tip pair(s) each (LO1 tracks 4;16 vs HI1 tracks 9;11) = 36 LKG paths/unit; x 5x60 unit cells = 10800; Scalar = 1/10800,vias missing on some LO1/HI1 tracks (variant); SDR-equivalent track set used,,,,,,,,,,,,,,18,36,2,4/16,9/11
x81zs_gategate04,GATEGATE110-P35-U-SDR_PGD_REF-OC1,GATEGATE,SDR_PGD_REF,GATEGATE-<MOS>-SDR_PGD_REF-OC1,10800,9.25926e-05,PGD ETE: 18 active gate (VG) columns/unit x 2 LO<->HI tip-to-tip pair(s) each (LO1 tracks 4;16 vs HI1 tracks 9;11) = 36 LKG paths/unit; x 5x60 unit cells = 10800; Scalar = 1/10800,vias missing on some LO1/HI1 tracks (variant); SDR-equivalent track set used,,,,,,,,,,,,,,18,36,2,4/16,9/11
x81zs_gategate04,GATEGATE110-N35-UL-SDR_PGD_REF-OC1,GATEGATE,SDR_PGD_REF,GATEGATE-<MOS>-SDR_PGD_REF-OC1,10800,9.25926e-05,PGD ETE: 18 active gate (VG) columns/unit x 2 LO<->HI tip-to-tip pair(s) each (LO1 tracks 4;16 vs HI1 tracks 9;11) = 36 LKG paths/unit; x 5x60 unit cells = 10800; Scalar = 1/10800,vias missing on some LO1/HI1 tracks (variant); SDR-equivalent track set used,,,,,,,,,,,,,,18,36,2,4/16,9/11
x81zs_gategate04,GATEGATE110-NP35-UL-SDR_PGD_REF-OC1,GATEGATE,SDR_PGD_REF,GATEGATE-<MOS>-SDR_PGD_REF-OC1,10800,9.25926e-05,PGD ETE: 18 active gate (VG) columns/unit x 2 LO<->HI tip-to-tip pair(s) each (LO1 tracks 4;16 vs HI1 tracks 9;11) = 36 LKG paths/unit; x 5x60 unit cells = 10800; Scalar = 1/10800,vias missing on some LO1/HI1 tracks (variant); SDR-equivalent track set used,,,,,,,,,,,,,,18,36,2,4/16,9/11
x81zs_gategate04,GATEGATE110-P35-UL-SDR_PGD_REF-OC1,GATEGATE,SDR_PGD_REF,GATEGATE-<MOS>-SDR_PGD_REF-OC1,10800,9.25926e-05,PGD ETE: 18 active gate (VG) columns/unit x 2 LO<->HI tip-to-tip pair(s) each (LO1 tracks 4;16 vs HI1 tracks 9;11) = 36 LKG paths/unit; x 5x60 unit cells = 10800; Scalar = 1/10800,vias missing on some LO1/HI1 tracks (variant); SDR-equivalent track set used,,,,,,,,,,,,,,18,36,2,4/16,9/11
x81zs_gategate04,GATEGATE110-N35-E-SDR_PGD_REF-OC1,GATEGATE,SDR_PGD_REF,GATEGATE-<MOS>-SDR_PGD_REF-OC1,10800,9.25926e-05,PGD ETE: 18 active gate (VG) columns/unit x 2 LO<->HI tip-to-tip pair(s) each (LO1 tracks 4;16 vs HI1 tracks 9;11) = 36 LKG paths/unit; x 5x60 unit cells = 10800; Scalar = 1/10800,vias missing on some LO1/HI1 tracks (variant); SDR-equivalent track set used,,,,,,,,,,,,,,18,36,2,4/16,9/11
x81zs_gategate04,GATEGATE110-NP35-E-SDR_PGD_REF-OC1,GATEGATE,SDR_PGD_REF,GATEGATE-<MOS>-SDR_PGD_REF-OC1,10800,9.25926e-05,PGD ETE: 18 active gate (VG) columns/unit x 2 LO<->HI tip-to-tip pair(s) each (LO1 tracks 4;16 vs HI1 tracks 9;11) = 36 LKG paths/unit; x 5x60 unit cells = 10800; Scalar = 1/10800,vias missing on some LO1/HI1 tracks (variant); SDR-equivalent track set used,,,,,,,,,,,,,,18,36,2,4/16,9/11
x81zs_gategate04,GATEGATE110-P35-E-SDR_PGD_REF-OC1,GATEGATE,SDR_PGD_REF,GATEGATE-<MOS>-SDR_PGD_REF-OC1,10800,9.25926e-05,PGD ETE: 18 active gate (VG) columns/unit x 2 LO<->HI tip-to-tip pair(s) each (LO1 tracks 4;16 vs HI1 tracks 9;11) = 36 LKG paths/unit; x 5x60 unit cells = 10800; Scalar = 1/10800,vias missing on some LO1/HI1 tracks (variant); SDR-equivalent track set used,,,,,,,,,,,,,,18,36,2,4/16,9/11
x81zs_gategate04,GATEGATE110-NZ1-H-SDR_PGD_REF-2TRK_4PP,GATEGATE,SDR_PGD_REF,GATEGATE-<MOS>-SDR_PGD_REF-2TRK_4PP,3600,0.000277778,PGD ETE: 6 active gate (VG) columns/unit x 2 LO<->HI tip-to-tip pair(s) each (LO1 tracks 4;16 vs HI1 tracks 9;11) = 12 LKG paths/unit; x 5x60 unit cells = 3600; Scalar = 1/3600,,,,,,,,,,,,,,,6,12,2,4/16,9/11
x81zs_gategate04,GATEGATE110-NPZ1-H-SDR_PGD_REF-2TRK_4PP,GATEGATE,SDR_PGD_REF,GATEGATE-<MOS>-SDR_PGD_REF-2TRK_4PP,3600,0.000277778,PGD ETE: 6 active gate (VG) columns/unit x 2 LO<->HI tip-to-tip pair(s) each (LO1 tracks 4;16 vs HI1 tracks 9;11) = 12 LKG paths/unit; x 5x60 unit cells = 3600; Scalar = 1/3600,,,,,,,,,,,,,,,6,12,2,4/16,9/11
x81zs_gategate04,GATEGATE110-PZ1-H-SDR_PGD_REF-2TRK_4PP,GATEGATE,SDR_PGD_REF,GATEGATE-<MOS>-SDR_PGD_REF-2TRK_4PP,3600,0.000277778,PGD ETE: 6 active gate (VG) columns/unit x 2 LO<->HI tip-to-tip pair(s) each (LO1 tracks 4;16 vs HI1 tracks 9;11) = 12 LKG paths/unit; x 5x60 unit cells = 3600; Scalar = 1/3600,,,,,,,,,,,,,,,6,12,2,4/16,9/11
x81zs_gategate04,GATEGATE110-NZ1-S-SDR_PGD_REF-2TRK_4PP,GATEGATE,SDR_PGD_REF,GATEGATE-<MOS>-SDR_PGD_REF-2TRK_4PP,3600,0.000277778,PGD ETE: 6 active gate (VG) columns/unit x 2 LO<->HI tip-to-tip pair(s) each (LO1 tracks 4;16 vs HI1 tracks 9;11) = 12 LKG paths/unit; x 5x60 unit cells = 3600; Scalar = 1/3600,,,,,,,,,,,,,,,6,12,2,4/16,9/11
x81zs_gategate04,GATEGATE110-NPZ1-S-SDR_PGD_REF-2TRK_4PP,GATEGATE,SDR_PGD_REF,GATEGATE-<MOS>-SDR_PGD_REF-2TRK_4PP,3600,0.000277778,PGD ETE: 6 active gate (VG) columns/unit x 2 LO<->HI tip-to-tip pair(s) each (LO1 tracks 4;16 vs HI1 tracks 9;11) = 12 LKG paths/unit; x 5x60 unit cells = 3600; Scalar = 1/3600,,,,,,,,,,,,,,,6,12,2,4/16,9/11
x81zs_gategate04,GATEGATE110-PZ1-S-SDR_PGD_REF-2TRK_4PP,GATEGATE,SDR_PGD_REF,GATEGATE-<MOS>-SDR_PGD_REF-2TRK_4PP,3600,0.000277778,PGD ETE: 6 active gate (VG) columns/unit x 2 LO<->HI tip-to-tip pair(s) each (LO1 tracks 4;16 vs HI1 tracks 9;11) = 12 LKG paths/unit; x 5x60 unit cells = 3600; Scalar = 1/3600,,,,,,,,,,,,,,,6,12,2,4/16,9/11
x81zs_gategate04,GATEGATE110-NZ1-L-SDR_PGD_REF-2TRK_4PP,GATEGATE,SDR_PGD_REF,GATEGATE-<MOS>-SDR_PGD_REF-2TRK_4PP,3600,0.000277778,PGD ETE: 6 active gate (VG) columns/unit x 2 LO<->HI tip-to-tip pair(s) each (LO1 tracks 4;16 vs HI1 tracks 9;11) = 12 LKG paths/unit; x 5x60 unit cells = 3600; Scalar = 1/3600,,,,,,,,,,,,,,,6,12,2,4/16,9/11
x81zs_gategate04,GATEGATE110-NPZ1-L-SDR_PGD_REF-2TRK_4PP,GATEGATE,SDR_PGD_REF,GATEGATE-<MOS>-SDR_PGD_REF-2TRK_4PP,3600,0.000277778,PGD ETE: 6 active gate (VG) columns/unit x 2 LO<->HI tip-to-tip pair(s) each (LO1 tracks 4;16 vs HI1 tracks 9;11) = 12 LKG paths/unit; x 5x60 unit cells = 3600; Scalar = 1/3600,,,,,,,,,,,,,,,6,12,2,4/16,9/11
x81zs_gategate04,GATEGATE110-PZ1-L-SDR_PGD_REF-2TRK_4PP,GATEGATE,SDR_PGD_REF,GATEGATE-<MOS>-SDR_PGD_REF-2TRK_4PP,3600,0.000277778,PGD ETE: 6 active gate (VG) columns/unit x 2 LO<->HI tip-to-tip pair(s) each (LO1 tracks 4;16 vs HI1 tracks 9;11) = 12 LKG paths/unit; x 5x60 unit cells = 3600; Scalar = 1/3600,,,,,,,,,,,,,,,6,12,2,4/16,9/11
x81zs_gategate04,GATEGATE110-NZ1-U-SDR_PGD_REF-2TRK_4PP,GATEGATE,SDR_PGD_REF,GATEGATE-<MOS>-SDR_PGD_REF-2TRK_4PP,3600,0.000277778,PGD ETE: 6 active gate (VG) columns/unit x 2 LO<->HI tip-to-tip pair(s) each (LO1 tracks 4;16 vs HI1 tracks 9;11) = 12 LKG paths/unit; x 5x60 unit cells = 3600; Scalar = 1/3600,,,,,,,,,,,,,,,6,12,2,4/16,9/11
x81zs_gategate04,GATEGATE110-NPZ1-U-SDR_PGD_REF-2TRK_4PP,GATEGATE,SDR_PGD_REF,GATEGATE-<MOS>-SDR_PGD_REF-2TRK_4PP,3600,0.000277778,PGD ETE: 6 active gate (VG) columns/unit x 2 LO<->HI tip-to-tip pair(s) each (LO1 tracks 4;16 vs HI1 tracks 9;11) = 12 LKG paths/unit; x 5x60 unit cells = 3600; Scalar = 1/3600,,,,,,,,,,,,,,,6,12,2,4/16,9/11
x81zs_gategate04,GATEGATE110-PZ1-U-SDR_PGD_REF-2TRK_4PP,GATEGATE,SDR_PGD_REF,GATEGATE-<MOS>-SDR_PGD_REF-2TRK_4PP,3600,0.000277778,PGD ETE: 6 active gate (VG) columns/unit x 2 LO<->HI tip-to-tip pair(s) each (LO1 tracks 4;16 vs HI1 tracks 9;11) = 12 LKG paths/unit; x 5x60 unit cells = 3600; Scalar = 1/3600,,,,,,,,,,,,,,,6,12,2,4/16,9/11
x81zs_gategate04,GATEGATE110-NZ1-UL-SDR_PGD_REF-2TRK_4PP,GATEGATE,SDR_PGD_REF,GATEGATE-<MOS>-SDR_PGD_REF-2TRK_4PP,3600,0.000277778,PGD ETE: 6 active gate (VG) columns/unit x 2 LO<->HI tip-to-tip pair(s) each (LO1 tracks 4;16 vs HI1 tracks 9;11) = 12 LKG paths/unit; x 5x60 unit cells = 3600; Scalar = 1/3600,,,,,,,,,,,,,,,6,12,2,4/16,9/11
x81zs_gategate04,GATEGATE110-NPZ1-UL-SDR_PGD_REF-2TRK_4PP,GATEGATE,SDR_PGD_REF,GATEGATE-<MOS>-SDR_PGD_REF-2TRK_4PP,3600,0.000277778,PGD ETE: 6 active gate (VG) columns/unit x 2 LO<->HI tip-to-tip pair(s) each (LO1 tracks 4;16 vs HI1 tracks 9;11) = 12 LKG paths/unit; x 5x60 unit cells = 3600; Scalar = 1/3600,,,,,,,,,,,,,,,6,12,2,4/16,9/11
x81zs_gategate04,GATEGATE110-PZ1-UL-SDR_PGD_REF-2TRK_4PP,GATEGATE,SDR_PGD_REF,GATEGATE-<MOS>-SDR_PGD_REF-2TRK_4PP,3600,0.000277778,PGD ETE: 6 active gate (VG) columns/unit x 2 LO<->HI tip-to-tip pair(s) each (LO1 tracks 4;16 vs HI1 tracks 9;11) = 12 LKG paths/unit; x 5x60 unit cells = 3600; Scalar = 1/3600,,,,,,,,,,,,,,,6,12,2,4/16,9/11
x81zs_gategate04,GATEGATE110-NZ1-E-SDR_PGD_REF-2TRK_4PP,GATEGATE,SDR_PGD_REF,GATEGATE-<MOS>-SDR_PGD_REF-2TRK_4PP,3600,0.000277778,PGD ETE: 6 active gate (VG) columns/unit x 2 LO<->HI tip-to-tip pair(s) each (LO1 tracks 4;16 vs HI1 tracks 9;11) = 12 LKG paths/unit; x 5x60 unit cells = 3600; Scalar = 1/3600,,,,,,,,,,,,,,,6,12,2,4/16,9/11
x81zs_gategate04,GATEGATE110-NPZ1-E-SDR_PGD_REF-2TRK_4PP,GATEGATE,SDR_PGD_REF,GATEGATE-<MOS>-SDR_PGD_REF-2TRK_4PP,3600,0.000277778,PGD ETE: 6 active gate (VG) columns/unit x 2 LO<->HI tip-to-tip pair(s) each (LO1 tracks 4;16 vs HI1 tracks 9;11) = 12 LKG paths/unit; x 5x60 unit cells = 3600; Scalar = 1/3600,,,,,,,,,,,,,,,6,12,2,4/16,9/11
x81zs_gategate04,GATEGATE110-PZ1-E-SDR_PGD_REF-2TRK_4PP,GATEGATE,SDR_PGD_REF,GATEGATE-<MOS>-SDR_PGD_REF-2TRK_4PP,3600,0.000277778,PGD ETE: 6 active gate (VG) columns/unit x 2 LO<->HI tip-to-tip pair(s) each (LO1 tracks 4;16 vs HI1 tracks 9;11) = 12 LKG paths/unit; x 5x60 unit cells = 3600; Scalar = 1/3600,,,,,,,,,,,,,,,6,12,2,4/16,9/11
x81zs_gategate05,GATEGATE132-N46-L-C:FTIML:SDR,GATEGATE,C,GATEGATE-<MOS>-C:FTIML:SDR,3300,0.00030303,PGD ETE: 11 active gate (VG) columns/unit x 1 LO<->HI tip-to-tip pair(s) each (LO1 tracks 6 vs HI1 tracks 14) = 11 LKG paths/unit; x 5x60 unit cells = 3300; Scalar = 1/3300,,,,,,,,,,,,,,,11,11,1,6,14
x81zs_gategate05,GATEGATE132-N46-L-C:FTIML:OGD:CD:N5,GATEGATE,C,GATEGATE-<MOS>-C:FTIML:OGD:CD:<SKEW>,3300,0.00030303,PGD ETE: 11 active gate (VG) columns/unit x 1 LO<->HI tip-to-tip pair(s) each (LO1 tracks 6 vs HI1 tracks 14) = 11 LKG paths/unit; x 5x60 unit cells = 3300; Scalar = 1/3300,,,,,,,,,,,,,,,11,11,1,6,14
x81zs_gategate05,GATEGATE132-N46-L-C:FTIML:OGD:CD:N4,GATEGATE,C,GATEGATE-<MOS>-C:FTIML:OGD:CD:<SKEW>,3300,0.00030303,PGD ETE: 11 active gate (VG) columns/unit x 1 LO<->HI tip-to-tip pair(s) each (LO1 tracks 6 vs HI1 tracks 14) = 11 LKG paths/unit; x 5x60 unit cells = 3300; Scalar = 1/3300,,,,,,,,,,,,,,,11,11,1,6,14
x81zs_gategate05,GATEGATE132-N46-L-C:FTIML:OGD:CD:N3,GATEGATE,C,GATEGATE-<MOS>-C:FTIML:OGD:CD:<SKEW>,3300,0.00030303,PGD ETE: 11 active gate (VG) columns/unit x 1 LO<->HI tip-to-tip pair(s) each (LO1 tracks 6 vs HI1 tracks 14) = 11 LKG paths/unit; x 5x60 unit cells = 3300; Scalar = 1/3300,,,,,,,,,,,,,,,11,11,1,6,14
x81zs_gategate05,GATEGATE132-N46-L-C:FTIML:OGD:CD:N2,GATEGATE,C,GATEGATE-<MOS>-C:FTIML:OGD:CD:<SKEW>,3300,0.00030303,PGD ETE: 11 active gate (VG) columns/unit x 1 LO<->HI tip-to-tip pair(s) each (LO1 tracks 6 vs HI1 tracks 14) = 11 LKG paths/unit; x 5x60 unit cells = 3300; Scalar = 1/3300,,,,,,,,,,,,,,,11,11,1,6,14
x81zs_gategate05,GATEGATE132-N46-L-C:FTIML:OGD:CD:N1,GATEGATE,C,GATEGATE-<MOS>-C:FTIML:OGD:CD:<SKEW>,3300,0.00030303,PGD ETE: 11 active gate (VG) columns/unit x 1 LO<->HI tip-to-tip pair(s) each (LO1 tracks 6 vs HI1 tracks 14) = 11 LKG paths/unit; x 5x60 unit cells = 3300; Scalar = 1/3300,,,,,,,,,,,,,,,11,11,1,6,14
x81zs_gategate05,GATEGATE132-N46-L-C:FTIML:OGD:CD:P1,GATEGATE,C,GATEGATE-<MOS>-C:FTIML:OGD:CD:<SKEW>,3300,0.00030303,PGD ETE: 11 active gate (VG) columns/unit x 1 LO<->HI tip-to-tip pair(s) each (LO1 tracks 6 vs HI1 tracks 14) = 11 LKG paths/unit; x 5x60 unit cells = 3300; Scalar = 1/3300,,,,,,,,,,,,,,,11,11,1,6,14
x81zs_gategate05,GATEGATE132-N46-L-C:FTIML:OGD:CD:P2,GATEGATE,C,GATEGATE-<MOS>-C:FTIML:OGD:CD:<SKEW>,3300,0.00030303,PGD ETE: 11 active gate (VG) columns/unit x 1 LO<->HI tip-to-tip pair(s) each (LO1 tracks 6 vs HI1 tracks 14) = 11 LKG paths/unit; x 5x60 unit cells = 3300; Scalar = 1/3300,,,,,,,,,,,,,,,11,11,1,6,14
x81zs_gategate05,GATEGATE132-N46-L-C:FTIML:OGD:CD:P3,GATEGATE,C,GATEGATE-<MOS>-C:FTIML:OGD:CD:<SKEW>,3300,0.00030303,PGD ETE: 11 active gate (VG) columns/unit x 1 LO<->HI tip-to-tip pair(s) each (LO1 tracks 6 vs HI1 tracks 14) = 11 LKG paths/unit; x 5x60 unit cells = 3300; Scalar = 1/3300,,,,,,,,,,,,,,,11,11,1,6,14
x81zs_gategate05,GATEGATE132-N46-L-C:FTIML:OGD:CD:P4,GATEGATE,C,GATEGATE-<MOS>-C:FTIML:OGD:CD:<SKEW>,3300,0.00030303,PGD ETE: 11 active gate (VG) columns/unit x 1 LO<->HI tip-to-tip pair(s) each (LO1 tracks 6 vs HI1 tracks 14) = 11 LKG paths/unit; x 5x60 unit cells = 3300; Scalar = 1/3300,,,,,,,,,,,,,,,11,11,1,6,14
x81zs_gategate05,GATEGATE132-N46-L-C:FTIML:OGD:CD:P5,GATEGATE,C,GATEGATE-<MOS>-C:FTIML:OGD:CD:<SKEW>,3300,0.00030303,PGD ETE: 11 active gate (VG) columns/unit x 1 LO<->HI tip-to-tip pair(s) each (LO1 tracks 6 vs HI1 tracks 14) = 11 LKG paths/unit; x 5x60 unit cells = 3300; Scalar = 1/3300,,,,,,,,,,,,,,,11,11,1,6,14
x81zs_gategate05,GATEGATE132-N46-L-C:FTIML:PGD:CD:N5,GATEGATE,C,GATEGATE-<MOS>-C:FTIML:PGD:CD:<SKEW>,3300,0.00030303,PGD ETE: 11 active gate (VG) columns/unit x 1 LO<->HI tip-to-tip pair(s) each (LO1 tracks 6 vs HI1 tracks 14) = 11 LKG paths/unit; x 5x60 unit cells = 3300; Scalar = 1/3300,,,,,,,,,,,,,,,11,11,1,6,14
x81zs_gategate05,GATEGATE132-N46-L-C:FTIML:PGD:CD:N4,GATEGATE,C,GATEGATE-<MOS>-C:FTIML:PGD:CD:<SKEW>,3300,0.00030303,PGD ETE: 11 active gate (VG) columns/unit x 1 LO<->HI tip-to-tip pair(s) each (LO1 tracks 6 vs HI1 tracks 14) = 11 LKG paths/unit; x 5x60 unit cells = 3300; Scalar = 1/3300,,,,,,,,,,,,,,,11,11,1,6,14
x81zs_gategate05,GATEGATE132-N46-L-C:FTIML:PGD:CD:N3,GATEGATE,C,GATEGATE-<MOS>-C:FTIML:PGD:CD:<SKEW>,3300,0.00030303,PGD ETE: 11 active gate (VG) columns/unit x 1 LO<->HI tip-to-tip pair(s) each (LO1 tracks 6 vs HI1 tracks 14) = 11 LKG paths/unit; x 5x60 unit cells = 3300; Scalar = 1/3300,,,,,,,,,,,,,,,11,11,1,6,14
x81zs_gategate05,GATEGATE132-N46-L-C:FTIML:PGD:CD:N2,GATEGATE,C,GATEGATE-<MOS>-C:FTIML:PGD:CD:<SKEW>,3300,0.00030303,PGD ETE: 11 active gate (VG) columns/unit x 1 LO<->HI tip-to-tip pair(s) each (LO1 tracks 6 vs HI1 tracks 14) = 11 LKG paths/unit; x 5x60 unit cells = 3300; Scalar = 1/3300,,,,,,,,,,,,,,,11,11,1,6,14
x81zs_gategate05,GATEGATE132-N46-L-C:FTIML:PGD:CD:N1,GATEGATE,C,GATEGATE-<MOS>-C:FTIML:PGD:CD:<SKEW>,3300,0.00030303,PGD ETE: 11 active gate (VG) columns/unit x 1 LO<->HI tip-to-tip pair(s) each (LO1 tracks 6 vs HI1 tracks 14) = 11 LKG paths/unit; x 5x60 unit cells = 3300; Scalar = 1/3300,,,,,,,,,,,,,,,11,11,1,6,14
x81zs_gategate05,GATEGATE132-N46-L-C:FTIML:PGD:CD:P1,GATEGATE,C,GATEGATE-<MOS>-C:FTIML:PGD:CD:<SKEW>,3300,0.00030303,PGD ETE: 11 active gate (VG) columns/unit x 1 LO<->HI tip-to-tip pair(s) each (LO1 tracks 6 vs HI1 tracks 14) = 11 LKG paths/unit; x 5x60 unit cells = 3300; Scalar = 1/3300,,,,,,,,,,,,,,,11,11,1,6,14
x81zs_gategate05,GATEGATE132-N46-L-C:FTIML:PGD:CD:P2,GATEGATE,C,GATEGATE-<MOS>-C:FTIML:PGD:CD:<SKEW>,3300,0.00030303,PGD ETE: 11 active gate (VG) columns/unit x 1 LO<->HI tip-to-tip pair(s) each (LO1 tracks 6 vs HI1 tracks 14) = 11 LKG paths/unit; x 5x60 unit cells = 3300; Scalar = 1/3300,,,,,,,,,,,,,,,11,11,1,6,14
x81zs_gategate05,GATEGATE132-N46-L-C:FTIML:PGD:CD:P3,GATEGATE,C,GATEGATE-<MOS>-C:FTIML:PGD:CD:<SKEW>,3300,0.00030303,PGD ETE: 11 active gate (VG) columns/unit x 1 LO<->HI tip-to-tip pair(s) each (LO1 tracks 6 vs HI1 tracks 14) = 11 LKG paths/unit; x 5x60 unit cells = 3300; Scalar = 1/3300,,,,,,,,,,,,,,,11,11,1,6,14
x81zs_gategate05,GATEGATE132-N46-L-C:FTIML:PGD:CD:P4,GATEGATE,C,GATEGATE-<MOS>-C:FTIML:PGD:CD:<SKEW>,3300,0.00030303,PGD ETE: 11 active gate (VG) columns/unit x 1 LO<->HI tip-to-tip pair(s) each (LO1 tracks 6 vs HI1 tracks 14) = 11 LKG paths/unit; x 5x60 unit cells = 3300; Scalar = 1/3300,,,,,,,,,,,,,,,11,11,1,6,14
x81zs_gategate05,GATEGATE132-N46-L-C:FTIML:PGD:CD:P5,GATEGATE,C,GATEGATE-<MOS>-C:FTIML:PGD:CD:<SKEW>,3300,0.00030303,PGD ETE: 11 active gate (VG) columns/unit x 1 LO<->HI tip-to-tip pair(s) each (LO1 tracks 6 vs HI1 tracks 14) = 11 LKG paths/unit; x 5x60 unit cells = 3300; Scalar = 1/3300,,,,,,,,,,,,,,,11,11,1,6,14
x81zs_gategate05,GATEGATE132-N46-L-C:FTIML:OGD:REG:N6,GATEGATE,C,GATEGATE-<MOS>-C:FTIML:OGD:REG:<SKEW>,3300,0.00030303,PGD ETE: 11 active gate (VG) columns/unit x 1 LO<->HI tip-to-tip pair(s) each (LO1 tracks 6 vs HI1 tracks 14) = 11 LKG paths/unit; x 5x60 unit cells = 3300; Scalar = 1/3300,,,,,,,,,,,,,,,11,11,1,6,14
x81zs_gategate05,GATEGATE132-N46-L-C:FTIML:OGD:REG:N4,GATEGATE,C,GATEGATE-<MOS>-C:FTIML:OGD:REG:<SKEW>,3300,0.00030303,PGD ETE: 11 active gate (VG) columns/unit x 1 LO<->HI tip-to-tip pair(s) each (LO1 tracks 6 vs HI1 tracks 14) = 11 LKG paths/unit; x 5x60 unit cells = 3300; Scalar = 1/3300,,,,,,,,,,,,,,,11,11,1,6,14
x81zs_gategate05,GATEGATE132-N46-L-C:FTIML:OGD:REG:N2,GATEGATE,C,GATEGATE-<MOS>-C:FTIML:OGD:REG:<SKEW>,3300,0.00030303,PGD ETE: 11 active gate (VG) columns/unit x 1 LO<->HI tip-to-tip pair(s) each (LO1 tracks 6 vs HI1 tracks 14) = 11 LKG paths/unit; x 5x60 unit cells = 3300; Scalar = 1/3300,,,,,,,,,,,,,,,11,11,1,6,14
x81zs_gategate05,GATEGATE132-N46-L-C:FTIML:OGD:REG:P2,GATEGATE,C,GATEGATE-<MOS>-C:FTIML:OGD:REG:<SKEW>,3300,0.00030303,PGD ETE: 11 active gate (VG) columns/unit x 1 LO<->HI tip-to-tip pair(s) each (LO1 tracks 6 vs HI1 tracks 14) = 11 LKG paths/unit; x 5x60 unit cells = 3300; Scalar = 1/3300,,,,,,,,,,,,,,,11,11,1,6,14
x81zs_gategate05,GATEGATE132-N46-L-C:FTIML:OGD:REG:P4,GATEGATE,C,GATEGATE-<MOS>-C:FTIML:OGD:REG:<SKEW>,3300,0.00030303,PGD ETE: 11 active gate (VG) columns/unit x 1 LO<->HI tip-to-tip pair(s) each (LO1 tracks 6 vs HI1 tracks 14) = 11 LKG paths/unit; x 5x60 unit cells = 3300; Scalar = 1/3300,,,,,,,,,,,,,,,11,11,1,6,14
x81zs_gategate05,GATEGATE132-N46-L-C:FTIML:OGD:REG:P6,GATEGATE,C,GATEGATE-<MOS>-C:FTIML:OGD:REG:<SKEW>,3300,0.00030303,PGD ETE: 11 active gate (VG) columns/unit x 1 LO<->HI tip-to-tip pair(s) each (LO1 tracks 6 vs HI1 tracks 14) = 11 LKG paths/unit; x 5x60 unit cells = 3300; Scalar = 1/3300,,,,,,,,,,,,,,,11,11,1,6,14
x81zs_gategate05,GATEGATE132-N46-L-C:FTIML:PGD:REG:N6,GATEGATE,C,GATEGATE-<MOS>-C:FTIML:PGD:REG:<SKEW>,3300,0.00030303,PGD ETE: 11 active gate (VG) columns/unit x 1 LO<->HI tip-to-tip pair(s) each (LO1 tracks 6 vs HI1 tracks 14) = 11 LKG paths/unit; x 5x60 unit cells = 3300; Scalar = 1/3300,,,,,,,,,,,,,,,11,11,1,6,14
x81zs_gategate05,GATEGATE132-N46-L-C:FTIML:PGD:REG:N4,GATEGATE,C,GATEGATE-<MOS>-C:FTIML:PGD:REG:<SKEW>,3300,0.00030303,PGD ETE: 11 active gate (VG) columns/unit x 1 LO<->HI tip-to-tip pair(s) each (LO1 tracks 6 vs HI1 tracks 14) = 11 LKG paths/unit; x 5x60 unit cells = 3300; Scalar = 1/3300,,,,,,,,,,,,,,,11,11,1,6,14
x81zs_gategate05,GATEGATE132-N46-L-C:FTIML:PGD:REG:N2,GATEGATE,C,GATEGATE-<MOS>-C:FTIML:PGD:REG:<SKEW>,3300,0.00030303,PGD ETE: 11 active gate (VG) columns/unit x 1 LO<->HI tip-to-tip pair(s) each (LO1 tracks 6 vs HI1 tracks 14) = 11 LKG paths/unit; x 5x60 unit cells = 3300; Scalar = 1/3300,,,,,,,,,,,,,,,11,11,1,6,14
x81zs_gategate05,GATEGATE132-N46-L-C:FTIML:PGD:REG:P2,GATEGATE,C,GATEGATE-<MOS>-C:FTIML:PGD:REG:<SKEW>,3300,0.00030303,PGD ETE: 11 active gate (VG) columns/unit x 1 LO<->HI tip-to-tip pair(s) each (LO1 tracks 6 vs HI1 tracks 14) = 11 LKG paths/unit; x 5x60 unit cells = 3300; Scalar = 1/3300,,,,,,,,,,,,,,,11,11,1,6,14
x81zs_gategate05,GATEGATE132-N46-L-C:FTIML:PGD:REG:P4,GATEGATE,C,GATEGATE-<MOS>-C:FTIML:PGD:REG:<SKEW>,3300,0.00030303,PGD ETE: 11 active gate (VG) columns/unit x 1 LO<->HI tip-to-tip pair(s) each (LO1 tracks 6 vs HI1 tracks 14) = 11 LKG paths/unit; x 5x60 unit cells = 3300; Scalar = 1/3300,,,,,,,,,,,,,,,11,11,1,6,14
x81zs_gategate05,GATEGATE132-N46-L-C:FTIML:PGD:REG:P6,GATEGATE,C,GATEGATE-<MOS>-C:FTIML:PGD:REG:<SKEW>,3300,0.00030303,PGD ETE: 11 active gate (VG) columns/unit x 1 LO<->HI tip-to-tip pair(s) each (LO1 tracks 6 vs HI1 tracks 14) = 11 LKG paths/unit; x 5x60 unit cells = 3300; Scalar = 1/3300,,,,,,,,,,,,,,,11,11,1,6,14
x81zs_gategate05,GATEGATE132-P46-L-C:FTIML:SDR,GATEGATE,C,GATEGATE-<MOS>-C:FTIML:SDR,3300,0.00030303,PGD ETE: 11 active gate (VG) columns/unit x 1 LO<->HI tip-to-tip pair(s) each (LO1 tracks 6 vs HI1 tracks 14) = 11 LKG paths/unit; x 5x60 unit cells = 3300; Scalar = 1/3300,,,,,,,,,,,,,,,11,11,1,6,14
x81zs_gategate05,GATEGATE132-P46-L-C:FTIML:OGD:CD:N5,GATEGATE,C,GATEGATE-<MOS>-C:FTIML:OGD:CD:<SKEW>,3300,0.00030303,PGD ETE: 11 active gate (VG) columns/unit x 1 LO<->HI tip-to-tip pair(s) each (LO1 tracks 6 vs HI1 tracks 14) = 11 LKG paths/unit; x 5x60 unit cells = 3300; Scalar = 1/3300,,,,,,,,,,,,,,,11,11,1,6,14
x81zs_gategate05,GATEGATE132-P46-L-C:FTIML:OGD:CD:N4,GATEGATE,C,GATEGATE-<MOS>-C:FTIML:OGD:CD:<SKEW>,3300,0.00030303,PGD ETE: 11 active gate (VG) columns/unit x 1 LO<->HI tip-to-tip pair(s) each (LO1 tracks 6 vs HI1 tracks 14) = 11 LKG paths/unit; x 5x60 unit cells = 3300; Scalar = 1/3300,,,,,,,,,,,,,,,11,11,1,6,14
x81zs_gategate05,GATEGATE132-P46-L-C:FTIML:OGD:CD:N3,GATEGATE,C,GATEGATE-<MOS>-C:FTIML:OGD:CD:<SKEW>,3300,0.00030303,PGD ETE: 11 active gate (VG) columns/unit x 1 LO<->HI tip-to-tip pair(s) each (LO1 tracks 6 vs HI1 tracks 14) = 11 LKG paths/unit; x 5x60 unit cells = 3300; Scalar = 1/3300,,,,,,,,,,,,,,,11,11,1,6,14
x81zs_gategate05,GATEGATE132-P46-L-C:FTIML:OGD:CD:N2,GATEGATE,C,GATEGATE-<MOS>-C:FTIML:OGD:CD:<SKEW>,3300,0.00030303,PGD ETE: 11 active gate (VG) columns/unit x 1 LO<->HI tip-to-tip pair(s) each (LO1 tracks 6 vs HI1 tracks 14) = 11 LKG paths/unit; x 5x60 unit cells = 3300; Scalar = 1/3300,,,,,,,,,,,,,,,11,11,1,6,14
x81zs_gategate05,GATEGATE132-P46-L-C:FTIML:OGD:CD:N1,GATEGATE,C,GATEGATE-<MOS>-C:FTIML:OGD:CD:<SKEW>,3300,0.00030303,PGD ETE: 11 active gate (VG) columns/unit x 1 LO<->HI tip-to-tip pair(s) each (LO1 tracks 6 vs HI1 tracks 14) = 11 LKG paths/unit; x 5x60 unit cells = 3300; Scalar = 1/3300,,,,,,,,,,,,,,,11,11,1,6,14
x81zs_gategate05,GATEGATE132-P46-L-C:FTIML:OGD:CD:P1,GATEGATE,C,GATEGATE-<MOS>-C:FTIML:OGD:CD:<SKEW>,3300,0.00030303,PGD ETE: 11 active gate (VG) columns/unit x 1 LO<->HI tip-to-tip pair(s) each (LO1 tracks 6 vs HI1 tracks 14) = 11 LKG paths/unit; x 5x60 unit cells = 3300; Scalar = 1/3300,,,,,,,,,,,,,,,11,11,1,6,14
x81zs_gategate05,GATEGATE132-P46-L-C:FTIML:OGD:CD:P2,GATEGATE,C,GATEGATE-<MOS>-C:FTIML:OGD:CD:<SKEW>,3300,0.00030303,PGD ETE: 11 active gate (VG) columns/unit x 1 LO<->HI tip-to-tip pair(s) each (LO1 tracks 6 vs HI1 tracks 14) = 11 LKG paths/unit; x 5x60 unit cells = 3300; Scalar = 1/3300,,,,,,,,,,,,,,,11,11,1,6,14
x81zs_gategate05,GATEGATE132-P46-L-C:FTIML:OGD:CD:P3,GATEGATE,C,GATEGATE-<MOS>-C:FTIML:OGD:CD:<SKEW>,3300,0.00030303,PGD ETE: 11 active gate (VG) columns/unit x 1 LO<->HI tip-to-tip pair(s) each (LO1 tracks 6 vs HI1 tracks 14) = 11 LKG paths/unit; x 5x60 unit cells = 3300; Scalar = 1/3300,,,,,,,,,,,,,,,11,11,1,6,14
x81zs_gategate05,GATEGATE132-P46-L-C:FTIML:OGD:CD:P4,GATEGATE,C,GATEGATE-<MOS>-C:FTIML:OGD:CD:<SKEW>,3300,0.00030303,PGD ETE: 11 active gate (VG) columns/unit x 1 LO<->HI tip-to-tip pair(s) each (LO1 tracks 6 vs HI1 tracks 14) = 11 LKG paths/unit; x 5x60 unit cells = 3300; Scalar = 1/3300,,,,,,,,,,,,,,,11,11,1,6,14
x81zs_gategate05,GATEGATE132-P46-L-C:FTIML:OGD:CD:P5,GATEGATE,C,GATEGATE-<MOS>-C:FTIML:OGD:CD:<SKEW>,3300,0.00030303,PGD ETE: 11 active gate (VG) columns/unit x 1 LO<->HI tip-to-tip pair(s) each (LO1 tracks 6 vs HI1 tracks 14) = 11 LKG paths/unit; x 5x60 unit cells = 3300; Scalar = 1/3300,,,,,,,,,,,,,,,11,11,1,6,14
x81zs_gategate05,GATEGATE132-P46-L-C:FTIML:PGD:CD:N5,GATEGATE,C,GATEGATE-<MOS>-C:FTIML:PGD:CD:<SKEW>,3300,0.00030303,PGD ETE: 11 active gate (VG) columns/unit x 1 LO<->HI tip-to-tip pair(s) each (LO1 tracks 6 vs HI1 tracks 14) = 11 LKG paths/unit; x 5x60 unit cells = 3300; Scalar = 1/3300,,,,,,,,,,,,,,,11,11,1,6,14
x81zs_gategate05,GATEGATE132-P46-L-C:FTIML:PGD:CD:N4,GATEGATE,C,GATEGATE-<MOS>-C:FTIML:PGD:CD:<SKEW>,3300,0.00030303,PGD ETE: 11 active gate (VG) columns/unit x 1 LO<->HI tip-to-tip pair(s) each (LO1 tracks 6 vs HI1 tracks 14) = 11 LKG paths/unit; x 5x60 unit cells = 3300; Scalar = 1/3300,,,,,,,,,,,,,,,11,11,1,6,14
x81zs_gategate05,GATEGATE132-P46-L-C:FTIML:PGD:CD:N3,GATEGATE,C,GATEGATE-<MOS>-C:FTIML:PGD:CD:<SKEW>,3300,0.00030303,PGD ETE: 11 active gate (VG) columns/unit x 1 LO<->HI tip-to-tip pair(s) each (LO1 tracks 6 vs HI1 tracks 14) = 11 LKG paths/unit; x 5x60 unit cells = 3300; Scalar = 1/3300,,,,,,,,,,,,,,,11,11,1,6,14
x81zs_gategate05,GATEGATE132-P46-L-C:FTIML:PGD:CD:N2,GATEGATE,C,GATEGATE-<MOS>-C:FTIML:PGD:CD:<SKEW>,3300,0.00030303,PGD ETE: 11 active gate (VG) columns/unit x 1 LO<->HI tip-to-tip pair(s) each (LO1 tracks 6 vs HI1 tracks 14) = 11 LKG paths/unit; x 5x60 unit cells = 3300; Scalar = 1/3300,,,,,,,,,,,,,,,11,11,1,6,14
x81zs_gategate05,GATEGATE132-P46-L-C:FTIML:PGD:CD:N1,GATEGATE,C,GATEGATE-<MOS>-C:FTIML:PGD:CD:<SKEW>,3300,0.00030303,PGD ETE: 11 active gate (VG) columns/unit x 1 LO<->HI tip-to-tip pair(s) each (LO1 tracks 6 vs HI1 tracks 14) = 11 LKG paths/unit; x 5x60 unit cells = 3300; Scalar = 1/3300,,,,,,,,,,,,,,,11,11,1,6,14
x81zs_gategate05,GATEGATE132-P46-L-C:FTIML:PGD:CD:P1,GATEGATE,C,GATEGATE-<MOS>-C:FTIML:PGD:CD:<SKEW>,3300,0.00030303,PGD ETE: 11 active gate (VG) columns/unit x 1 LO<->HI tip-to-tip pair(s) each (LO1 tracks 6 vs HI1 tracks 14) = 11 LKG paths/unit; x 5x60 unit cells = 3300; Scalar = 1/3300,,,,,,,,,,,,,,,11,11,1,6,14
x81zs_gategate05,GATEGATE132-P46-L-C:FTIML:PGD:CD:P2,GATEGATE,C,GATEGATE-<MOS>-C:FTIML:PGD:CD:<SKEW>,3300,0.00030303,PGD ETE: 11 active gate (VG) columns/unit x 1 LO<->HI tip-to-tip pair(s) each (LO1 tracks 6 vs HI1 tracks 14) = 11 LKG paths/unit; x 5x60 unit cells = 3300; Scalar = 1/3300,,,,,,,,,,,,,,,11,11,1,6,14
x81zs_gategate05,GATEGATE132-P46-L-C:FTIML:PGD:CD:P3,GATEGATE,C,GATEGATE-<MOS>-C:FTIML:PGD:CD:<SKEW>,3300,0.00030303,PGD ETE: 11 active gate (VG) columns/unit x 1 LO<->HI tip-to-tip pair(s) each (LO1 tracks 6 vs HI1 tracks 14) = 11 LKG paths/unit; x 5x60 unit cells = 3300; Scalar = 1/3300,,,,,,,,,,,,,,,11,11,1,6,14
x81zs_gategate05,GATEGATE132-P46-L-C:FTIML:PGD:CD:P4,GATEGATE,C,GATEGATE-<MOS>-C:FTIML:PGD:CD:<SKEW>,3300,0.00030303,PGD ETE: 11 active gate (VG) columns/unit x 1 LO<->HI tip-to-tip pair(s) each (LO1 tracks 6 vs HI1 tracks 14) = 11 LKG paths/unit; x 5x60 unit cells = 3300; Scalar = 1/3300,,,,,,,,,,,,,,,11,11,1,6,14
x81zs_gategate05,GATEGATE132-P46-L-C:FTIML:PGD:CD:P5,GATEGATE,C,GATEGATE-<MOS>-C:FTIML:PGD:CD:<SKEW>,3300,0.00030303,PGD ETE: 11 active gate (VG) columns/unit x 1 LO<->HI tip-to-tip pair(s) each (LO1 tracks 6 vs HI1 tracks 14) = 11 LKG paths/unit; x 5x60 unit cells = 3300; Scalar = 1/3300,,,,,,,,,,,,,,,11,11,1,6,14
x81zs_gategate05,GATEGATE132-P46-L-C:FTIML:OGD:REG:N6,GATEGATE,C,GATEGATE-<MOS>-C:FTIML:OGD:REG:<SKEW>,3300,0.00030303,PGD ETE: 11 active gate (VG) columns/unit x 1 LO<->HI tip-to-tip pair(s) each (LO1 tracks 6 vs HI1 tracks 14) = 11 LKG paths/unit; x 5x60 unit cells = 3300; Scalar = 1/3300,,,,,,,,,,,,,,,11,11,1,6,14
x81zs_gategate05,GATEGATE132-P46-L-C:FTIML:OGD:REG:N4,GATEGATE,C,GATEGATE-<MOS>-C:FTIML:OGD:REG:<SKEW>,3300,0.00030303,PGD ETE: 11 active gate (VG) columns/unit x 1 LO<->HI tip-to-tip pair(s) each (LO1 tracks 6 vs HI1 tracks 14) = 11 LKG paths/unit; x 5x60 unit cells = 3300; Scalar = 1/3300,,,,,,,,,,,,,,,11,11,1,6,14
x81zs_gategate05,GATEGATE132-P46-L-C:FTIML:OGD:REG:N2,GATEGATE,C,GATEGATE-<MOS>-C:FTIML:OGD:REG:<SKEW>,3300,0.00030303,PGD ETE: 11 active gate (VG) columns/unit x 1 LO<->HI tip-to-tip pair(s) each (LO1 tracks 6 vs HI1 tracks 14) = 11 LKG paths/unit; x 5x60 unit cells = 3300; Scalar = 1/3300,,,,,,,,,,,,,,,11,11,1,6,14
x81zs_gategate05,GATEGATE132-P46-L-C:FTIML:OGD:REG:P2,GATEGATE,C,GATEGATE-<MOS>-C:FTIML:OGD:REG:<SKEW>,3300,0.00030303,PGD ETE: 11 active gate (VG) columns/unit x 1 LO<->HI tip-to-tip pair(s) each (LO1 tracks 6 vs HI1 tracks 14) = 11 LKG paths/unit; x 5x60 unit cells = 3300; Scalar = 1/3300,,,,,,,,,,,,,,,11,11,1,6,14
x81zs_gategate05,GATEGATE132-P46-L-C:FTIML:OGD:REG:P4,GATEGATE,C,GATEGATE-<MOS>-C:FTIML:OGD:REG:<SKEW>,3300,0.00030303,PGD ETE: 11 active gate (VG) columns/unit x 1 LO<->HI tip-to-tip pair(s) each (LO1 tracks 6 vs HI1 tracks 14) = 11 LKG paths/unit; x 5x60 unit cells = 3300; Scalar = 1/3300,,,,,,,,,,,,,,,11,11,1,6,14
x81zs_gategate05,GATEGATE132-P46-L-C:FTIML:OGD:REG:P6,GATEGATE,C,GATEGATE-<MOS>-C:FTIML:OGD:REG:<SKEW>,3300,0.00030303,PGD ETE: 11 active gate (VG) columns/unit x 1 LO<->HI tip-to-tip pair(s) each (LO1 tracks 6 vs HI1 tracks 14) = 11 LKG paths/unit; x 5x60 unit cells = 3300; Scalar = 1/3300,,,,,,,,,,,,,,,11,11,1,6,14
x81zs_gategate05,GATEGATE132-P46-L-C:FTIML:PGD:REG:N6,GATEGATE,C,GATEGATE-<MOS>-C:FTIML:PGD:REG:<SKEW>,3300,0.00030303,PGD ETE: 11 active gate (VG) columns/unit x 1 LO<->HI tip-to-tip pair(s) each (LO1 tracks 6 vs HI1 tracks 14) = 11 LKG paths/unit; x 5x60 unit cells = 3300; Scalar = 1/3300,,,,,,,,,,,,,,,11,11,1,6,14
x81zs_gategate05,GATEGATE132-P46-L-C:FTIML:PGD:REG:N4,GATEGATE,C,GATEGATE-<MOS>-C:FTIML:PGD:REG:<SKEW>,3300,0.00030303,PGD ETE: 11 active gate (VG) columns/unit x 1 LO<->HI tip-to-tip pair(s) each (LO1 tracks 6 vs HI1 tracks 14) = 11 LKG paths/unit; x 5x60 unit cells = 3300; Scalar = 1/3300,,,,,,,,,,,,,,,11,11,1,6,14
x81zs_gategate05,GATEGATE132-P46-L-C:FTIML:PGD:REG:N2,GATEGATE,C,GATEGATE-<MOS>-C:FTIML:PGD:REG:<SKEW>,3300,0.00030303,PGD ETE: 11 active gate (VG) columns/unit x 1 LO<->HI tip-to-tip pair(s) each (LO1 tracks 6 vs HI1 tracks 14) = 11 LKG paths/unit; x 5x60 unit cells = 3300; Scalar = 1/3300,,,,,,,,,,,,,,,11,11,1,6,14
x81zs_gategate05,GATEGATE132-P46-L-C:FTIML:PGD:REG:P2,GATEGATE,C,GATEGATE-<MOS>-C:FTIML:PGD:REG:<SKEW>,3300,0.00030303,PGD ETE: 11 active gate (VG) columns/unit x 1 LO<->HI tip-to-tip pair(s) each (LO1 tracks 6 vs HI1 tracks 14) = 11 LKG paths/unit; x 5x60 unit cells = 3300; Scalar = 1/3300,,,,,,,,,,,,,,,11,11,1,6,14
x81zs_gategate05,GATEGATE132-P46-L-C:FTIML:PGD:REG:P4,GATEGATE,C,GATEGATE-<MOS>-C:FTIML:PGD:REG:<SKEW>,3300,0.00030303,PGD ETE: 11 active gate (VG) columns/unit x 1 LO<->HI tip-to-tip pair(s) each (LO1 tracks 6 vs HI1 tracks 14) = 11 LKG paths/unit; x 5x60 unit cells = 3300; Scalar = 1/3300,,,,,,,,,,,,,,,11,11,1,6,14
x81zs_gategate05,GATEGATE132-P46-L-C:FTIML:PGD:REG:P6,GATEGATE,C,GATEGATE-<MOS>-C:FTIML:PGD:REG:<SKEW>,3300,0.00030303,PGD ETE: 11 active gate (VG) columns/unit x 1 LO<->HI tip-to-tip pair(s) each (LO1 tracks 6 vs HI1 tracks 14) = 11 LKG paths/unit; x 5x60 unit cells = 3300; Scalar = 1/3300,,,,,,,,,,,,,,,11,11,1,6,14
x81zs_gategate05,GATEGATE110-N27-L-C:FTIML:SDR,GATEGATE,C,GATEGATE-<MOS>-C:FTIML:SDR,3300,0.00030303,PGD ETE: 11 active gate (VG) columns/unit x 1 LO<->HI tip-to-tip pair(s) each (LO1 tracks 6 vs HI1 tracks 14) = 11 LKG paths/unit; x 5x60 unit cells = 3300; Scalar = 1/3300,,,,,,,,,,,,,,,11,11,1,6,14
x81zs_gategate05,GATEGATE110-N27-L-C:FTIML:OGD:CD:N5,GATEGATE,C,GATEGATE-<MOS>-C:FTIML:OGD:CD:<SKEW>,3300,0.00030303,PGD ETE: 11 active gate (VG) columns/unit x 1 LO<->HI tip-to-tip pair(s) each (LO1 tracks 6 vs HI1 tracks 14) = 11 LKG paths/unit; x 5x60 unit cells = 3300; Scalar = 1/3300,,,,,,,,,,,,,,,11,11,1,6,14
x81zs_gategate05,GATEGATE110-N27-L-C:FTIML:OGD:CD:N4,GATEGATE,C,GATEGATE-<MOS>-C:FTIML:OGD:CD:<SKEW>,3300,0.00030303,PGD ETE: 11 active gate (VG) columns/unit x 1 LO<->HI tip-to-tip pair(s) each (LO1 tracks 6 vs HI1 tracks 14) = 11 LKG paths/unit; x 5x60 unit cells = 3300; Scalar = 1/3300,,,,,,,,,,,,,,,11,11,1,6,14
x81zs_gategate05,GATEGATE110-N27-L-C:FTIML:OGD:CD:N3,GATEGATE,C,GATEGATE-<MOS>-C:FTIML:OGD:CD:<SKEW>,3300,0.00030303,PGD ETE: 11 active gate (VG) columns/unit x 1 LO<->HI tip-to-tip pair(s) each (LO1 tracks 6 vs HI1 tracks 14) = 11 LKG paths/unit; x 5x60 unit cells = 3300; Scalar = 1/3300,,,,,,,,,,,,,,,11,11,1,6,14
x81zs_gategate05,GATEGATE110-N27-L-C:FTIML:OGD:CD:N2,GATEGATE,C,GATEGATE-<MOS>-C:FTIML:OGD:CD:<SKEW>,3300,0.00030303,PGD ETE: 11 active gate (VG) columns/unit x 1 LO<->HI tip-to-tip pair(s) each (LO1 tracks 6 vs HI1 tracks 14) = 11 LKG paths/unit; x 5x60 unit cells = 3300; Scalar = 1/3300,,,,,,,,,,,,,,,11,11,1,6,14
x81zs_gategate05,GATEGATE110-N27-L-C:FTIML:OGD:CD:N1,GATEGATE,C,GATEGATE-<MOS>-C:FTIML:OGD:CD:<SKEW>,3300,0.00030303,PGD ETE: 11 active gate (VG) columns/unit x 1 LO<->HI tip-to-tip pair(s) each (LO1 tracks 6 vs HI1 tracks 14) = 11 LKG paths/unit; x 5x60 unit cells = 3300; Scalar = 1/3300,,,,,,,,,,,,,,,11,11,1,6,14
x81zs_gategate05,GATEGATE110-N27-L-C:FTIML:OGD:CD:P1,GATEGATE,C,GATEGATE-<MOS>-C:FTIML:OGD:CD:<SKEW>,3300,0.00030303,PGD ETE: 11 active gate (VG) columns/unit x 1 LO<->HI tip-to-tip pair(s) each (LO1 tracks 6 vs HI1 tracks 14) = 11 LKG paths/unit; x 5x60 unit cells = 3300; Scalar = 1/3300,,,,,,,,,,,,,,,11,11,1,6,14
x81zs_gategate05,GATEGATE110-N27-L-C:FTIML:OGD:CD:P2,GATEGATE,C,GATEGATE-<MOS>-C:FTIML:OGD:CD:<SKEW>,3300,0.00030303,PGD ETE: 11 active gate (VG) columns/unit x 1 LO<->HI tip-to-tip pair(s) each (LO1 tracks 6 vs HI1 tracks 14) = 11 LKG paths/unit; x 5x60 unit cells = 3300; Scalar = 1/3300,,,,,,,,,,,,,,,11,11,1,6,14
x81zs_gategate05,GATEGATE110-N27-L-C:FTIML:OGD:CD:P3,GATEGATE,C,GATEGATE-<MOS>-C:FTIML:OGD:CD:<SKEW>,3300,0.00030303,PGD ETE: 11 active gate (VG) columns/unit x 1 LO<->HI tip-to-tip pair(s) each (LO1 tracks 6 vs HI1 tracks 14) = 11 LKG paths/unit; x 5x60 unit cells = 3300; Scalar = 1/3300,,,,,,,,,,,,,,,11,11,1,6,14
x81zs_gategate05,GATEGATE110-N27-L-C:FTIML:OGD:CD:P4,GATEGATE,C,GATEGATE-<MOS>-C:FTIML:OGD:CD:<SKEW>,3300,0.00030303,PGD ETE: 11 active gate (VG) columns/unit x 1 LO<->HI tip-to-tip pair(s) each (LO1 tracks 6 vs HI1 tracks 14) = 11 LKG paths/unit; x 5x60 unit cells = 3300; Scalar = 1/3300,,,,,,,,,,,,,,,11,11,1,6,14
x81zs_gategate05,GATEGATE110-N27-L-C:FTIML:OGD:CD:P5,GATEGATE,C,GATEGATE-<MOS>-C:FTIML:OGD:CD:<SKEW>,3300,0.00030303,PGD ETE: 11 active gate (VG) columns/unit x 1 LO<->HI tip-to-tip pair(s) each (LO1 tracks 6 vs HI1 tracks 14) = 11 LKG paths/unit; x 5x60 unit cells = 3300; Scalar = 1/3300,,,,,,,,,,,,,,,11,11,1,6,14
x81zs_gategate05,GATEGATE110-N27-L-C:FTIML:PGD:CD:N5,GATEGATE,C,GATEGATE-<MOS>-C:FTIML:PGD:CD:<SKEW>,3300,0.00030303,PGD ETE: 11 active gate (VG) columns/unit x 1 LO<->HI tip-to-tip pair(s) each (LO1 tracks 6 vs HI1 tracks 14) = 11 LKG paths/unit; x 5x60 unit cells = 3300; Scalar = 1/3300,,,,,,,,,,,,,,,11,11,1,6,14
x81zs_gategate05,GATEGATE110-N27-L-C:FTIML:PGD:CD:N4,GATEGATE,C,GATEGATE-<MOS>-C:FTIML:PGD:CD:<SKEW>,3300,0.00030303,PGD ETE: 11 active gate (VG) columns/unit x 1 LO<->HI tip-to-tip pair(s) each (LO1 tracks 6 vs HI1 tracks 14) = 11 LKG paths/unit; x 5x60 unit cells = 3300; Scalar = 1/3300,,,,,,,,,,,,,,,11,11,1,6,14
x81zs_gategate05,GATEGATE110-N27-L-C:FTIML:PGD:CD:N3,GATEGATE,C,GATEGATE-<MOS>-C:FTIML:PGD:CD:<SKEW>,3300,0.00030303,PGD ETE: 11 active gate (VG) columns/unit x 1 LO<->HI tip-to-tip pair(s) each (LO1 tracks 6 vs HI1 tracks 14) = 11 LKG paths/unit; x 5x60 unit cells = 3300; Scalar = 1/3300,,,,,,,,,,,,,,,11,11,1,6,14
x81zs_gategate05,GATEGATE110-N27-L-C:FTIML:PGD:CD:N2,GATEGATE,C,GATEGATE-<MOS>-C:FTIML:PGD:CD:<SKEW>,3300,0.00030303,PGD ETE: 11 active gate (VG) columns/unit x 1 LO<->HI tip-to-tip pair(s) each (LO1 tracks 6 vs HI1 tracks 14) = 11 LKG paths/unit; x 5x60 unit cells = 3300; Scalar = 1/3300,,,,,,,,,,,,,,,11,11,1,6,14
x81zs_gategate05,GATEGATE110-N27-L-C:FTIML:PGD:CD:N1,GATEGATE,C,GATEGATE-<MOS>-C:FTIML:PGD:CD:<SKEW>,3300,0.00030303,PGD ETE: 11 active gate (VG) columns/unit x 1 LO<->HI tip-to-tip pair(s) each (LO1 tracks 6 vs HI1 tracks 14) = 11 LKG paths/unit; x 5x60 unit cells = 3300; Scalar = 1/3300,,,,,,,,,,,,,,,11,11,1,6,14
x81zs_gategate05,GATEGATE110-N27-L-C:FTIML:PGD:CD:P1,GATEGATE,C,GATEGATE-<MOS>-C:FTIML:PGD:CD:<SKEW>,3300,0.00030303,PGD ETE: 11 active gate (VG) columns/unit x 1 LO<->HI tip-to-tip pair(s) each (LO1 tracks 6 vs HI1 tracks 14) = 11 LKG paths/unit; x 5x60 unit cells = 3300; Scalar = 1/3300,,,,,,,,,,,,,,,11,11,1,6,14
x81zs_gategate05,GATEGATE110-N27-L-C:FTIML:PGD:CD:P2,GATEGATE,C,GATEGATE-<MOS>-C:FTIML:PGD:CD:<SKEW>,3300,0.00030303,PGD ETE: 11 active gate (VG) columns/unit x 1 LO<->HI tip-to-tip pair(s) each (LO1 tracks 6 vs HI1 tracks 14) = 11 LKG paths/unit; x 5x60 unit cells = 3300; Scalar = 1/3300,,,,,,,,,,,,,,,11,11,1,6,14
x81zs_gategate05,GATEGATE110-N27-L-C:FTIML:PGD:CD:P3,GATEGATE,C,GATEGATE-<MOS>-C:FTIML:PGD:CD:<SKEW>,3300,0.00030303,PGD ETE: 11 active gate (VG) columns/unit x 1 LO<->HI tip-to-tip pair(s) each (LO1 tracks 6 vs HI1 tracks 14) = 11 LKG paths/unit; x 5x60 unit cells = 3300; Scalar = 1/3300,,,,,,,,,,,,,,,11,11,1,6,14
x81zs_gategate05,GATEGATE110-N27-L-C:FTIML:PGD:CD:P4,GATEGATE,C,GATEGATE-<MOS>-C:FTIML:PGD:CD:<SKEW>,3300,0.00030303,PGD ETE: 11 active gate (VG) columns/unit x 1 LO<->HI tip-to-tip pair(s) each (LO1 tracks 6 vs HI1 tracks 14) = 11 LKG paths/unit; x 5x60 unit cells = 3300; Scalar = 1/3300,,,,,,,,,,,,,,,11,11,1,6,14
x81zs_gategate05,GATEGATE110-N27-L-C:FTIML:PGD:CD:P5,GATEGATE,C,GATEGATE-<MOS>-C:FTIML:PGD:CD:<SKEW>,3300,0.00030303,PGD ETE: 11 active gate (VG) columns/unit x 1 LO<->HI tip-to-tip pair(s) each (LO1 tracks 6 vs HI1 tracks 14) = 11 LKG paths/unit; x 5x60 unit cells = 3300; Scalar = 1/3300,,,,,,,,,,,,,,,11,11,1,6,14
x81zs_gategate05,GATEGATE110-N27-L-C:FTIML:OGD:REG:N6,GATEGATE,C,GATEGATE-<MOS>-C:FTIML:OGD:REG:<SKEW>,3300,0.00030303,PGD ETE: 11 active gate (VG) columns/unit x 1 LO<->HI tip-to-tip pair(s) each (LO1 tracks 6 vs HI1 tracks 14) = 11 LKG paths/unit; x 5x60 unit cells = 3300; Scalar = 1/3300,,,,,,,,,,,,,,,11,11,1,6,14
x81zs_gategate05,GATEGATE110-N27-L-C:FTIML:OGD:REG:N4,GATEGATE,C,GATEGATE-<MOS>-C:FTIML:OGD:REG:<SKEW>,3300,0.00030303,PGD ETE: 11 active gate (VG) columns/unit x 1 LO<->HI tip-to-tip pair(s) each (LO1 tracks 6 vs HI1 tracks 14) = 11 LKG paths/unit; x 5x60 unit cells = 3300; Scalar = 1/3300,,,,,,,,,,,,,,,11,11,1,6,14
x81zs_gategate05,GATEGATE110-N27-L-C:FTIML:OGD:REG:N2,GATEGATE,C,GATEGATE-<MOS>-C:FTIML:OGD:REG:<SKEW>,3300,0.00030303,PGD ETE: 11 active gate (VG) columns/unit x 1 LO<->HI tip-to-tip pair(s) each (LO1 tracks 6 vs HI1 tracks 14) = 11 LKG paths/unit; x 5x60 unit cells = 3300; Scalar = 1/3300,,,,,,,,,,,,,,,11,11,1,6,14
x81zs_gategate05,GATEGATE110-N27-L-C:FTIML:OGD:REG:P2,GATEGATE,C,GATEGATE-<MOS>-C:FTIML:OGD:REG:<SKEW>,3300,0.00030303,PGD ETE: 11 active gate (VG) columns/unit x 1 LO<->HI tip-to-tip pair(s) each (LO1 tracks 6 vs HI1 tracks 14) = 11 LKG paths/unit; x 5x60 unit cells = 3300; Scalar = 1/3300,,,,,,,,,,,,,,,11,11,1,6,14
x81zs_gategate05,GATEGATE110-N27-L-C:FTIML:OGD:REG:P4,GATEGATE,C,GATEGATE-<MOS>-C:FTIML:OGD:REG:<SKEW>,3300,0.00030303,PGD ETE: 11 active gate (VG) columns/unit x 1 LO<->HI tip-to-tip pair(s) each (LO1 tracks 6 vs HI1 tracks 14) = 11 LKG paths/unit; x 5x60 unit cells = 3300; Scalar = 1/3300,,,,,,,,,,,,,,,11,11,1,6,14
x81zs_gategate05,GATEGATE110-N27-L-C:FTIML:OGD:REG:P6,GATEGATE,C,GATEGATE-<MOS>-C:FTIML:OGD:REG:<SKEW>,3300,0.00030303,PGD ETE: 11 active gate (VG) columns/unit x 1 LO<->HI tip-to-tip pair(s) each (LO1 tracks 6 vs HI1 tracks 14) = 11 LKG paths/unit; x 5x60 unit cells = 3300; Scalar = 1/3300,,,,,,,,,,,,,,,11,11,1,6,14
x81zs_gategate05,GATEGATE110-N27-L-C:FTIML:PGD:REG:N6,GATEGATE,C,GATEGATE-<MOS>-C:FTIML:PGD:REG:<SKEW>,3300,0.00030303,PGD ETE: 11 active gate (VG) columns/unit x 1 LO<->HI tip-to-tip pair(s) each (LO1 tracks 6 vs HI1 tracks 14) = 11 LKG paths/unit; x 5x60 unit cells = 3300; Scalar = 1/3300,,,,,,,,,,,,,,,11,11,1,6,14
x81zs_gategate05,GATEGATE110-N27-L-C:FTIML:PGD:REG:N4,GATEGATE,C,GATEGATE-<MOS>-C:FTIML:PGD:REG:<SKEW>,3300,0.00030303,PGD ETE: 11 active gate (VG) columns/unit x 1 LO<->HI tip-to-tip pair(s) each (LO1 tracks 6 vs HI1 tracks 14) = 11 LKG paths/unit; x 5x60 unit cells = 3300; Scalar = 1/3300,,,,,,,,,,,,,,,11,11,1,6,14
x81zs_gategate05,GATEGATE110-N27-L-C:FTIML:PGD:REG:N2,GATEGATE,C,GATEGATE-<MOS>-C:FTIML:PGD:REG:<SKEW>,3300,0.00030303,PGD ETE: 11 active gate (VG) columns/unit x 1 LO<->HI tip-to-tip pair(s) each (LO1 tracks 6 vs HI1 tracks 14) = 11 LKG paths/unit; x 5x60 unit cells = 3300; Scalar = 1/3300,,,,,,,,,,,,,,,11,11,1,6,14
x81zs_gategate05,GATEGATE110-N27-L-C:FTIML:PGD:REG:P2,GATEGATE,C,GATEGATE-<MOS>-C:FTIML:PGD:REG:<SKEW>,3300,0.00030303,PGD ETE: 11 active gate (VG) columns/unit x 1 LO<->HI tip-to-tip pair(s) each (LO1 tracks 6 vs HI1 tracks 14) = 11 LKG paths/unit; x 5x60 unit cells = 3300; Scalar = 1/3300,,,,,,,,,,,,,,,11,11,1,6,14
x81zs_gategate05,GATEGATE110-N27-L-C:FTIML:PGD:REG:P4,GATEGATE,C,GATEGATE-<MOS>-C:FTIML:PGD:REG:<SKEW>,3300,0.00030303,PGD ETE: 11 active gate (VG) columns/unit x 1 LO<->HI tip-to-tip pair(s) each (LO1 tracks 6 vs HI1 tracks 14) = 11 LKG paths/unit; x 5x60 unit cells = 3300; Scalar = 1/3300,,,,,,,,,,,,,,,11,11,1,6,14
x81zs_gategate06,GATEGATE132-N46-L-C:FTISL:SDR,GATEGATE,C,GATEGATE-<MOS>-C:FTISL:SDR,3300,0.00030303,PGD ETE: 11 active gate (VG) columns/unit x 1 LO<->HI tip-to-tip pair(s) each (LO1 tracks 6 vs HI1 tracks 11) = 11 LKG paths/unit; x 5x60 unit cells = 3300; Scalar = 1/3300,,,,,,,,,,,,,,,11,11,1,6,11
x81zs_gategate06,GATEGATE132-N46-L-C:FTISL:OGD:CD:N5,GATEGATE,C,GATEGATE-<MOS>-C:FTISL:OGD:CD:<SKEW>,3300,0.00030303,PGD ETE: 11 active gate (VG) columns/unit x 1 LO<->HI tip-to-tip pair(s) each (LO1 tracks 6 vs HI1 tracks 11) = 11 LKG paths/unit; x 5x60 unit cells = 3300; Scalar = 1/3300,,,,,,,,,,,,,,,11,11,1,6,11
x81zs_gategate06,GATEGATE132-N46-L-C:FTISL:OGD:CD:N4,GATEGATE,C,GATEGATE-<MOS>-C:FTISL:OGD:CD:<SKEW>,3300,0.00030303,PGD ETE: 11 active gate (VG) columns/unit x 1 LO<->HI tip-to-tip pair(s) each (LO1 tracks 6 vs HI1 tracks 11) = 11 LKG paths/unit; x 5x60 unit cells = 3300; Scalar = 1/3300,,,,,,,,,,,,,,,11,11,1,6,11
x81zs_gategate06,GATEGATE132-N46-L-C:FTISL:OGD:CD:N3,GATEGATE,C,GATEGATE-<MOS>-C:FTISL:OGD:CD:<SKEW>,3300,0.00030303,PGD ETE: 11 active gate (VG) columns/unit x 1 LO<->HI tip-to-tip pair(s) each (LO1 tracks 6 vs HI1 tracks 11) = 11 LKG paths/unit; x 5x60 unit cells = 3300; Scalar = 1/3300,,,,,,,,,,,,,,,11,11,1,6,11
x81zs_gategate06,GATEGATE132-N46-L-C:FTISL:OGD:CD:N2,GATEGATE,C,GATEGATE-<MOS>-C:FTISL:OGD:CD:<SKEW>,3300,0.00030303,PGD ETE: 11 active gate (VG) columns/unit x 1 LO<->HI tip-to-tip pair(s) each (LO1 tracks 6 vs HI1 tracks 11) = 11 LKG paths/unit; x 5x60 unit cells = 3300; Scalar = 1/3300,,,,,,,,,,,,,,,11,11,1,6,11
x81zs_gategate06,GATEGATE132-N46-L-C:FTISL:OGD:CD:N1,GATEGATE,C,GATEGATE-<MOS>-C:FTISL:OGD:CD:<SKEW>,3300,0.00030303,PGD ETE: 11 active gate (VG) columns/unit x 1 LO<->HI tip-to-tip pair(s) each (LO1 tracks 6 vs HI1 tracks 11) = 11 LKG paths/unit; x 5x60 unit cells = 3300; Scalar = 1/3300,,,,,,,,,,,,,,,11,11,1,6,11
x81zs_gategate06,GATEGATE132-N46-L-C:FTISL:OGD:CD:P1,GATEGATE,C,GATEGATE-<MOS>-C:FTISL:OGD:CD:<SKEW>,3300,0.00030303,PGD ETE: 11 active gate (VG) columns/unit x 1 LO<->HI tip-to-tip pair(s) each (LO1 tracks 6 vs HI1 tracks 11) = 11 LKG paths/unit; x 5x60 unit cells = 3300; Scalar = 1/3300,,,,,,,,,,,,,,,11,11,1,6,11
x81zs_gategate06,GATEGATE132-N46-L-C:FTISL:OGD:CD:P2,GATEGATE,C,GATEGATE-<MOS>-C:FTISL:OGD:CD:<SKEW>,3300,0.00030303,PGD ETE: 11 active gate (VG) columns/unit x 1 LO<->HI tip-to-tip pair(s) each (LO1 tracks 6 vs HI1 tracks 11) = 11 LKG paths/unit; x 5x60 unit cells = 3300; Scalar = 1/3300,,,,,,,,,,,,,,,11,11,1,6,11
x81zs_gategate06,GATEGATE132-N46-L-C:FTISL:OGD:CD:P3,GATEGATE,C,GATEGATE-<MOS>-C:FTISL:OGD:CD:<SKEW>,3300,0.00030303,PGD ETE: 11 active gate (VG) columns/unit x 1 LO<->HI tip-to-tip pair(s) each (LO1 tracks 6 vs HI1 tracks 11) = 11 LKG paths/unit; x 5x60 unit cells = 3300; Scalar = 1/3300,,,,,,,,,,,,,,,11,11,1,6,11
x81zs_gategate06,GATEGATE132-N46-L-C:FTISL:OGD:CD:P4,GATEGATE,C,GATEGATE-<MOS>-C:FTISL:OGD:CD:<SKEW>,3300,0.00030303,PGD ETE: 11 active gate (VG) columns/unit x 1 LO<->HI tip-to-tip pair(s) each (LO1 tracks 6 vs HI1 tracks 11) = 11 LKG paths/unit; x 5x60 unit cells = 3300; Scalar = 1/3300,,,,,,,,,,,,,,,11,11,1,6,11
x81zs_gategate06,GATEGATE132-N46-L-C:FTISL:OGD:CD:P5,GATEGATE,C,GATEGATE-<MOS>-C:FTISL:OGD:CD:<SKEW>,3300,0.00030303,PGD ETE: 11 active gate (VG) columns/unit x 1 LO<->HI tip-to-tip pair(s) each (LO1 tracks 6 vs HI1 tracks 11) = 11 LKG paths/unit; x 5x60 unit cells = 3300; Scalar = 1/3300,,,,,,,,,,,,,,,11,11,1,6,11
x81zs_gategate06,GATEGATE132-N46-L-C:FTISL:PGD:CD:N5,GATEGATE,C,GATEGATE-<MOS>-C:FTISL:PGD:CD:<SKEW>,3300,0.00030303,PGD ETE: 11 active gate (VG) columns/unit x 1 LO<->HI tip-to-tip pair(s) each (LO1 tracks 6 vs HI1 tracks 11) = 11 LKG paths/unit; x 5x60 unit cells = 3300; Scalar = 1/3300,,,,,,,,,,,,,,,11,11,1,6,11
x81zs_gategate06,GATEGATE132-N46-L-C:FTISL:PGD:CD:N4,GATEGATE,C,GATEGATE-<MOS>-C:FTISL:PGD:CD:<SKEW>,3300,0.00030303,PGD ETE: 11 active gate (VG) columns/unit x 1 LO<->HI tip-to-tip pair(s) each (LO1 tracks 6 vs HI1 tracks 11) = 11 LKG paths/unit; x 5x60 unit cells = 3300; Scalar = 1/3300,,,,,,,,,,,,,,,11,11,1,6,11
x81zs_gategate06,GATEGATE132-N46-L-C:FTISL:PGD:CD:N3,GATEGATE,C,GATEGATE-<MOS>-C:FTISL:PGD:CD:<SKEW>,3300,0.00030303,PGD ETE: 11 active gate (VG) columns/unit x 1 LO<->HI tip-to-tip pair(s) each (LO1 tracks 6 vs HI1 tracks 11) = 11 LKG paths/unit; x 5x60 unit cells = 3300; Scalar = 1/3300,,,,,,,,,,,,,,,11,11,1,6,11
x81zs_gategate06,GATEGATE132-N46-L-C:FTISL:PGD:CD:N2,GATEGATE,C,GATEGATE-<MOS>-C:FTISL:PGD:CD:<SKEW>,3300,0.00030303,PGD ETE: 11 active gate (VG) columns/unit x 1 LO<->HI tip-to-tip pair(s) each (LO1 tracks 6 vs HI1 tracks 11) = 11 LKG paths/unit; x 5x60 unit cells = 3300; Scalar = 1/3300,,,,,,,,,,,,,,,11,11,1,6,11
x81zs_gategate06,GATEGATE132-N46-L-C:FTISL:PGD:CD:N1,GATEGATE,C,GATEGATE-<MOS>-C:FTISL:PGD:CD:<SKEW>,3300,0.00030303,PGD ETE: 11 active gate (VG) columns/unit x 1 LO<->HI tip-to-tip pair(s) each (LO1 tracks 6 vs HI1 tracks 11) = 11 LKG paths/unit; x 5x60 unit cells = 3300; Scalar = 1/3300,,,,,,,,,,,,,,,11,11,1,6,11
x81zs_gategate06,GATEGATE132-N46-L-C:FTISL:PGD:CD:P1,GATEGATE,C,GATEGATE-<MOS>-C:FTISL:PGD:CD:<SKEW>,3300,0.00030303,PGD ETE: 11 active gate (VG) columns/unit x 1 LO<->HI tip-to-tip pair(s) each (LO1 tracks 6 vs HI1 tracks 11) = 11 LKG paths/unit; x 5x60 unit cells = 3300; Scalar = 1/3300,,,,,,,,,,,,,,,11,11,1,6,11
x81zs_gategate06,GATEGATE132-N46-L-C:FTISL:PGD:CD:P2,GATEGATE,C,GATEGATE-<MOS>-C:FTISL:PGD:CD:<SKEW>,3300,0.00030303,PGD ETE: 11 active gate (VG) columns/unit x 1 LO<->HI tip-to-tip pair(s) each (LO1 tracks 6 vs HI1 tracks 11) = 11 LKG paths/unit; x 5x60 unit cells = 3300; Scalar = 1/3300,,,,,,,,,,,,,,,11,11,1,6,11
x81zs_gategate06,GATEGATE132-N46-L-C:FTISL:PGD:CD:P3,GATEGATE,C,GATEGATE-<MOS>-C:FTISL:PGD:CD:<SKEW>,3300,0.00030303,PGD ETE: 11 active gate (VG) columns/unit x 1 LO<->HI tip-to-tip pair(s) each (LO1 tracks 6 vs HI1 tracks 11) = 11 LKG paths/unit; x 5x60 unit cells = 3300; Scalar = 1/3300,,,,,,,,,,,,,,,11,11,1,6,11
x81zs_gategate06,GATEGATE132-N46-L-C:FTISL:PGD:CD:P4,GATEGATE,C,GATEGATE-<MOS>-C:FTISL:PGD:CD:<SKEW>,3300,0.00030303,PGD ETE: 11 active gate (VG) columns/unit x 1 LO<->HI tip-to-tip pair(s) each (LO1 tracks 6 vs HI1 tracks 11) = 11 LKG paths/unit; x 5x60 unit cells = 3300; Scalar = 1/3300,,,,,,,,,,,,,,,11,11,1,6,11
x81zs_gategate06,GATEGATE132-N46-L-C:FTISL:PGD:CD:P5,GATEGATE,C,GATEGATE-<MOS>-C:FTISL:PGD:CD:<SKEW>,3300,0.00030303,PGD ETE: 11 active gate (VG) columns/unit x 1 LO<->HI tip-to-tip pair(s) each (LO1 tracks 6 vs HI1 tracks 11) = 11 LKG paths/unit; x 5x60 unit cells = 3300; Scalar = 1/3300,,,,,,,,,,,,,,,11,11,1,6,11
x81zs_gategate06,GATEGATE132-N46-L-C:FTISL:OGD:REG:N6,GATEGATE,C,GATEGATE-<MOS>-C:FTISL:OGD:REG:<SKEW>,3300,0.00030303,PGD ETE: 11 active gate (VG) columns/unit x 1 LO<->HI tip-to-tip pair(s) each (LO1 tracks 6 vs HI1 tracks 11) = 11 LKG paths/unit; x 5x60 unit cells = 3300; Scalar = 1/3300,,,,,,,,,,,,,,,11,11,1,6,11
x81zs_gategate06,GATEGATE132-N46-L-C:FTISL:OGD:REG:N4,GATEGATE,C,GATEGATE-<MOS>-C:FTISL:OGD:REG:<SKEW>,3300,0.00030303,PGD ETE: 11 active gate (VG) columns/unit x 1 LO<->HI tip-to-tip pair(s) each (LO1 tracks 6 vs HI1 tracks 11) = 11 LKG paths/unit; x 5x60 unit cells = 3300; Scalar = 1/3300,,,,,,,,,,,,,,,11,11,1,6,11
x81zs_gategate06,GATEGATE132-N46-L-C:FTISL:OGD:REG:N2,GATEGATE,C,GATEGATE-<MOS>-C:FTISL:OGD:REG:<SKEW>,3300,0.00030303,PGD ETE: 11 active gate (VG) columns/unit x 1 LO<->HI tip-to-tip pair(s) each (LO1 tracks 6 vs HI1 tracks 11) = 11 LKG paths/unit; x 5x60 unit cells = 3300; Scalar = 1/3300,,,,,,,,,,,,,,,11,11,1,6,11
x81zs_gategate06,GATEGATE132-N46-L-C:FTISL:OGD:REG:P2,GATEGATE,C,GATEGATE-<MOS>-C:FTISL:OGD:REG:<SKEW>,3300,0.00030303,PGD ETE: 11 active gate (VG) columns/unit x 1 LO<->HI tip-to-tip pair(s) each (LO1 tracks 6 vs HI1 tracks 11) = 11 LKG paths/unit; x 5x60 unit cells = 3300; Scalar = 1/3300,,,,,,,,,,,,,,,11,11,1,6,11
x81zs_gategate06,GATEGATE132-N46-L-C:FTISL:OGD:REG:P4,GATEGATE,C,GATEGATE-<MOS>-C:FTISL:OGD:REG:<SKEW>,3300,0.00030303,PGD ETE: 11 active gate (VG) columns/unit x 1 LO<->HI tip-to-tip pair(s) each (LO1 tracks 6 vs HI1 tracks 11) = 11 LKG paths/unit; x 5x60 unit cells = 3300; Scalar = 1/3300,,,,,,,,,,,,,,,11,11,1,6,11
x81zs_gategate06,GATEGATE132-N46-L-C:FTISL:OGD:REG:P6,GATEGATE,C,GATEGATE-<MOS>-C:FTISL:OGD:REG:<SKEW>,3300,0.00030303,PGD ETE: 11 active gate (VG) columns/unit x 1 LO<->HI tip-to-tip pair(s) each (LO1 tracks 6 vs HI1 tracks 11) = 11 LKG paths/unit; x 5x60 unit cells = 3300; Scalar = 1/3300,,,,,,,,,,,,,,,11,11,1,6,11
x81zs_gategate06,GATEGATE132-N46-L-C:FTISL:PGD:REG:N6,GATEGATE,C,GATEGATE-<MOS>-C:FTISL:PGD:REG:<SKEW>,3300,0.00030303,PGD ETE: 11 active gate (VG) columns/unit x 1 LO<->HI tip-to-tip pair(s) each (LO1 tracks 6 vs HI1 tracks 11) = 11 LKG paths/unit; x 5x60 unit cells = 3300; Scalar = 1/3300,,,,,,,,,,,,,,,11,11,1,6,11
x81zs_gategate06,GATEGATE132-N46-L-C:FTISL:PGD:REG:N4,GATEGATE,C,GATEGATE-<MOS>-C:FTISL:PGD:REG:<SKEW>,3300,0.00030303,PGD ETE: 11 active gate (VG) columns/unit x 1 LO<->HI tip-to-tip pair(s) each (LO1 tracks 6 vs HI1 tracks 11) = 11 LKG paths/unit; x 5x60 unit cells = 3300; Scalar = 1/3300,,,,,,,,,,,,,,,11,11,1,6,11
x81zs_gategate06,GATEGATE132-N46-L-C:FTISL:PGD:REG:N2,GATEGATE,C,GATEGATE-<MOS>-C:FTISL:PGD:REG:<SKEW>,3300,0.00030303,PGD ETE: 11 active gate (VG) columns/unit x 1 LO<->HI tip-to-tip pair(s) each (LO1 tracks 6 vs HI1 tracks 11) = 11 LKG paths/unit; x 5x60 unit cells = 3300; Scalar = 1/3300,,,,,,,,,,,,,,,11,11,1,6,11
x81zs_gategate06,GATEGATE132-N46-L-C:FTISL:PGD:REG:P2,GATEGATE,C,GATEGATE-<MOS>-C:FTISL:PGD:REG:<SKEW>,3300,0.00030303,PGD ETE: 11 active gate (VG) columns/unit x 1 LO<->HI tip-to-tip pair(s) each (LO1 tracks 6 vs HI1 tracks 11) = 11 LKG paths/unit; x 5x60 unit cells = 3300; Scalar = 1/3300,,,,,,,,,,,,,,,11,11,1,6,11
x81zs_gategate06,GATEGATE132-N46-L-C:FTISL:PGD:REG:P4,GATEGATE,C,GATEGATE-<MOS>-C:FTISL:PGD:REG:<SKEW>,3300,0.00030303,PGD ETE: 11 active gate (VG) columns/unit x 1 LO<->HI tip-to-tip pair(s) each (LO1 tracks 6 vs HI1 tracks 11) = 11 LKG paths/unit; x 5x60 unit cells = 3300; Scalar = 1/3300,,,,,,,,,,,,,,,11,11,1,6,11
x81zs_gategate06,GATEGATE132-N46-L-C:FTISL:PGD:REG:P6,GATEGATE,C,GATEGATE-<MOS>-C:FTISL:PGD:REG:<SKEW>,3300,0.00030303,PGD ETE: 11 active gate (VG) columns/unit x 1 LO<->HI tip-to-tip pair(s) each (LO1 tracks 6 vs HI1 tracks 11) = 11 LKG paths/unit; x 5x60 unit cells = 3300; Scalar = 1/3300,,,,,,,,,,,,,,,11,11,1,6,11
x81zs_gategate06,GATEGATE132-P46-L-C:FTISL:SDR,GATEGATE,C,GATEGATE-<MOS>-C:FTISL:SDR,3300,0.00030303,PGD ETE: 11 active gate (VG) columns/unit x 1 LO<->HI tip-to-tip pair(s) each (LO1 tracks 6 vs HI1 tracks 11) = 11 LKG paths/unit; x 5x60 unit cells = 3300; Scalar = 1/3300,,,,,,,,,,,,,,,11,11,1,6,11
x81zs_gategate06,GATEGATE132-P46-L-C:FTISL:OGD:CD:N5,GATEGATE,C,GATEGATE-<MOS>-C:FTISL:OGD:CD:<SKEW>,3300,0.00030303,PGD ETE: 11 active gate (VG) columns/unit x 1 LO<->HI tip-to-tip pair(s) each (LO1 tracks 6 vs HI1 tracks 11) = 11 LKG paths/unit; x 5x60 unit cells = 3300; Scalar = 1/3300,,,,,,,,,,,,,,,11,11,1,6,11
x81zs_gategate06,GATEGATE132-P46-L-C:FTISL:OGD:CD:N4,GATEGATE,C,GATEGATE-<MOS>-C:FTISL:OGD:CD:<SKEW>,3300,0.00030303,PGD ETE: 11 active gate (VG) columns/unit x 1 LO<->HI tip-to-tip pair(s) each (LO1 tracks 6 vs HI1 tracks 11) = 11 LKG paths/unit; x 5x60 unit cells = 3300; Scalar = 1/3300,,,,,,,,,,,,,,,11,11,1,6,11
x81zs_gategate06,GATEGATE132-P46-L-C:FTISL:OGD:CD:N3,GATEGATE,C,GATEGATE-<MOS>-C:FTISL:OGD:CD:<SKEW>,3300,0.00030303,PGD ETE: 11 active gate (VG) columns/unit x 1 LO<->HI tip-to-tip pair(s) each (LO1 tracks 6 vs HI1 tracks 11) = 11 LKG paths/unit; x 5x60 unit cells = 3300; Scalar = 1/3300,,,,,,,,,,,,,,,11,11,1,6,11
x81zs_gategate06,GATEGATE132-P46-L-C:FTISL:OGD:CD:N2,GATEGATE,C,GATEGATE-<MOS>-C:FTISL:OGD:CD:<SKEW>,3300,0.00030303,PGD ETE: 11 active gate (VG) columns/unit x 1 LO<->HI tip-to-tip pair(s) each (LO1 tracks 6 vs HI1 tracks 11) = 11 LKG paths/unit; x 5x60 unit cells = 3300; Scalar = 1/3300,,,,,,,,,,,,,,,11,11,1,6,11
x81zs_gategate06,GATEGATE132-P46-L-C:FTISL:OGD:CD:N1,GATEGATE,C,GATEGATE-<MOS>-C:FTISL:OGD:CD:<SKEW>,3300,0.00030303,PGD ETE: 11 active gate (VG) columns/unit x 1 LO<->HI tip-to-tip pair(s) each (LO1 tracks 6 vs HI1 tracks 11) = 11 LKG paths/unit; x 5x60 unit cells = 3300; Scalar = 1/3300,,,,,,,,,,,,,,,11,11,1,6,11
x81zs_gategate06,GATEGATE132-P46-L-C:FTISL:OGD:CD:P1,GATEGATE,C,GATEGATE-<MOS>-C:FTISL:OGD:CD:<SKEW>,3300,0.00030303,PGD ETE: 11 active gate (VG) columns/unit x 1 LO<->HI tip-to-tip pair(s) each (LO1 tracks 6 vs HI1 tracks 11) = 11 LKG paths/unit; x 5x60 unit cells = 3300; Scalar = 1/3300,,,,,,,,,,,,,,,11,11,1,6,11
x81zs_gategate06,GATEGATE132-P46-L-C:FTISL:OGD:CD:P2,GATEGATE,C,GATEGATE-<MOS>-C:FTISL:OGD:CD:<SKEW>,3300,0.00030303,PGD ETE: 11 active gate (VG) columns/unit x 1 LO<->HI tip-to-tip pair(s) each (LO1 tracks 6 vs HI1 tracks 11) = 11 LKG paths/unit; x 5x60 unit cells = 3300; Scalar = 1/3300,,,,,,,,,,,,,,,11,11,1,6,11
x81zs_gategate06,GATEGATE132-P46-L-C:FTISL:OGD:CD:P3,GATEGATE,C,GATEGATE-<MOS>-C:FTISL:OGD:CD:<SKEW>,3300,0.00030303,PGD ETE: 11 active gate (VG) columns/unit x 1 LO<->HI tip-to-tip pair(s) each (LO1 tracks 6 vs HI1 tracks 11) = 11 LKG paths/unit; x 5x60 unit cells = 3300; Scalar = 1/3300,,,,,,,,,,,,,,,11,11,1,6,11
x81zs_gategate06,GATEGATE132-P46-L-C:FTISL:OGD:CD:P4,GATEGATE,C,GATEGATE-<MOS>-C:FTISL:OGD:CD:<SKEW>,3300,0.00030303,PGD ETE: 11 active gate (VG) columns/unit x 1 LO<->HI tip-to-tip pair(s) each (LO1 tracks 6 vs HI1 tracks 11) = 11 LKG paths/unit; x 5x60 unit cells = 3300; Scalar = 1/3300,,,,,,,,,,,,,,,11,11,1,6,11
x81zs_gategate06,GATEGATE132-P46-L-C:FTISL:OGD:CD:P5,GATEGATE,C,GATEGATE-<MOS>-C:FTISL:OGD:CD:<SKEW>,3300,0.00030303,PGD ETE: 11 active gate (VG) columns/unit x 1 LO<->HI tip-to-tip pair(s) each (LO1 tracks 6 vs HI1 tracks 11) = 11 LKG paths/unit; x 5x60 unit cells = 3300; Scalar = 1/3300,,,,,,,,,,,,,,,11,11,1,6,11
x81zs_gategate06,GATEGATE132-P46-L-C:FTISL:PGD:CD:N5,GATEGATE,C,GATEGATE-<MOS>-C:FTISL:PGD:CD:<SKEW>,3300,0.00030303,PGD ETE: 11 active gate (VG) columns/unit x 1 LO<->HI tip-to-tip pair(s) each (LO1 tracks 6 vs HI1 tracks 11) = 11 LKG paths/unit; x 5x60 unit cells = 3300; Scalar = 1/3300,,,,,,,,,,,,,,,11,11,1,6,11
x81zs_gategate06,GATEGATE132-P46-L-C:FTISL:PGD:CD:N4,GATEGATE,C,GATEGATE-<MOS>-C:FTISL:PGD:CD:<SKEW>,3300,0.00030303,PGD ETE: 11 active gate (VG) columns/unit x 1 LO<->HI tip-to-tip pair(s) each (LO1 tracks 6 vs HI1 tracks 11) = 11 LKG paths/unit; x 5x60 unit cells = 3300; Scalar = 1/3300,,,,,,,,,,,,,,,11,11,1,6,11
x81zs_gategate06,GATEGATE132-P46-L-C:FTISL:PGD:CD:N3,GATEGATE,C,GATEGATE-<MOS>-C:FTISL:PGD:CD:<SKEW>,3300,0.00030303,PGD ETE: 11 active gate (VG) columns/unit x 1 LO<->HI tip-to-tip pair(s) each (LO1 tracks 6 vs HI1 tracks 11) = 11 LKG paths/unit; x 5x60 unit cells = 3300; Scalar = 1/3300,,,,,,,,,,,,,,,11,11,1,6,11
x81zs_gategate06,GATEGATE132-P46-L-C:FTISL:PGD:CD:N2,GATEGATE,C,GATEGATE-<MOS>-C:FTISL:PGD:CD:<SKEW>,3300,0.00030303,PGD ETE: 11 active gate (VG) columns/unit x 1 LO<->HI tip-to-tip pair(s) each (LO1 tracks 6 vs HI1 tracks 11) = 11 LKG paths/unit; x 5x60 unit cells = 3300; Scalar = 1/3300,,,,,,,,,,,,,,,11,11,1,6,11
x81zs_gategate06,GATEGATE132-P46-L-C:FTISL:PGD:CD:N1,GATEGATE,C,GATEGATE-<MOS>-C:FTISL:PGD:CD:<SKEW>,3300,0.00030303,PGD ETE: 11 active gate (VG) columns/unit x 1 LO<->HI tip-to-tip pair(s) each (LO1 tracks 6 vs HI1 tracks 11) = 11 LKG paths/unit; x 5x60 unit cells = 3300; Scalar = 1/3300,,,,,,,,,,,,,,,11,11,1,6,11
x81zs_gategate06,GATEGATE132-P46-L-C:FTISL:PGD:CD:P1,GATEGATE,C,GATEGATE-<MOS>-C:FTISL:PGD:CD:<SKEW>,3300,0.00030303,PGD ETE: 11 active gate (VG) columns/unit x 1 LO<->HI tip-to-tip pair(s) each (LO1 tracks 6 vs HI1 tracks 11) = 11 LKG paths/unit; x 5x60 unit cells = 3300; Scalar = 1/3300,,,,,,,,,,,,,,,11,11,1,6,11
x81zs_gategate06,GATEGATE132-P46-L-C:FTISL:PGD:CD:P2,GATEGATE,C,GATEGATE-<MOS>-C:FTISL:PGD:CD:<SKEW>,3300,0.00030303,PGD ETE: 11 active gate (VG) columns/unit x 1 LO<->HI tip-to-tip pair(s) each (LO1 tracks 6 vs HI1 tracks 11) = 11 LKG paths/unit; x 5x60 unit cells = 3300; Scalar = 1/3300,,,,,,,,,,,,,,,11,11,1,6,11
x81zs_gategate06,GATEGATE132-P46-L-C:FTISL:PGD:CD:P3,GATEGATE,C,GATEGATE-<MOS>-C:FTISL:PGD:CD:<SKEW>,3300,0.00030303,PGD ETE: 11 active gate (VG) columns/unit x 1 LO<->HI tip-to-tip pair(s) each (LO1 tracks 6 vs HI1 tracks 11) = 11 LKG paths/unit; x 5x60 unit cells = 3300; Scalar = 1/3300,,,,,,,,,,,,,,,11,11,1,6,11
x81zs_gategate06,GATEGATE132-P46-L-C:FTISL:PGD:CD:P4,GATEGATE,C,GATEGATE-<MOS>-C:FTISL:PGD:CD:<SKEW>,3300,0.00030303,PGD ETE: 11 active gate (VG) columns/unit x 1 LO<->HI tip-to-tip pair(s) each (LO1 tracks 6 vs HI1 tracks 11) = 11 LKG paths/unit; x 5x60 unit cells = 3300; Scalar = 1/3300,,,,,,,,,,,,,,,11,11,1,6,11
x81zs_gategate06,GATEGATE132-P46-L-C:FTISL:PGD:CD:P5,GATEGATE,C,GATEGATE-<MOS>-C:FTISL:PGD:CD:<SKEW>,3300,0.00030303,PGD ETE: 11 active gate (VG) columns/unit x 1 LO<->HI tip-to-tip pair(s) each (LO1 tracks 6 vs HI1 tracks 11) = 11 LKG paths/unit; x 5x60 unit cells = 3300; Scalar = 1/3300,,,,,,,,,,,,,,,11,11,1,6,11
x81zs_gategate06,GATEGATE132-P46-L-C:FTISL:OGD:REG:N6,GATEGATE,C,GATEGATE-<MOS>-C:FTISL:OGD:REG:<SKEW>,3300,0.00030303,PGD ETE: 11 active gate (VG) columns/unit x 1 LO<->HI tip-to-tip pair(s) each (LO1 tracks 6 vs HI1 tracks 11) = 11 LKG paths/unit; x 5x60 unit cells = 3300; Scalar = 1/3300,,,,,,,,,,,,,,,11,11,1,6,11
x81zs_gategate06,GATEGATE132-P46-L-C:FTISL:OGD:REG:N4,GATEGATE,C,GATEGATE-<MOS>-C:FTISL:OGD:REG:<SKEW>,3300,0.00030303,PGD ETE: 11 active gate (VG) columns/unit x 1 LO<->HI tip-to-tip pair(s) each (LO1 tracks 6 vs HI1 tracks 11) = 11 LKG paths/unit; x 5x60 unit cells = 3300; Scalar = 1/3300,,,,,,,,,,,,,,,11,11,1,6,11
x81zs_gategate06,GATEGATE132-P46-L-C:FTISL:OGD:REG:N2,GATEGATE,C,GATEGATE-<MOS>-C:FTISL:OGD:REG:<SKEW>,3300,0.00030303,PGD ETE: 11 active gate (VG) columns/unit x 1 LO<->HI tip-to-tip pair(s) each (LO1 tracks 6 vs HI1 tracks 11) = 11 LKG paths/unit; x 5x60 unit cells = 3300; Scalar = 1/3300,,,,,,,,,,,,,,,11,11,1,6,11
x81zs_gategate06,GATEGATE132-P46-L-C:FTISL:OGD:REG:P2,GATEGATE,C,GATEGATE-<MOS>-C:FTISL:OGD:REG:<SKEW>,3300,0.00030303,PGD ETE: 11 active gate (VG) columns/unit x 1 LO<->HI tip-to-tip pair(s) each (LO1 tracks 6 vs HI1 tracks 11) = 11 LKG paths/unit; x 5x60 unit cells = 3300; Scalar = 1/3300,,,,,,,,,,,,,,,11,11,1,6,11
x81zs_gategate06,GATEGATE132-P46-L-C:FTISL:OGD:REG:P4,GATEGATE,C,GATEGATE-<MOS>-C:FTISL:OGD:REG:<SKEW>,3300,0.00030303,PGD ETE: 11 active gate (VG) columns/unit x 1 LO<->HI tip-to-tip pair(s) each (LO1 tracks 6 vs HI1 tracks 11) = 11 LKG paths/unit; x 5x60 unit cells = 3300; Scalar = 1/3300,,,,,,,,,,,,,,,11,11,1,6,11
x81zs_gategate06,GATEGATE132-P46-L-C:FTISL:OGD:REG:P6,GATEGATE,C,GATEGATE-<MOS>-C:FTISL:OGD:REG:<SKEW>,3300,0.00030303,PGD ETE: 11 active gate (VG) columns/unit x 1 LO<->HI tip-to-tip pair(s) each (LO1 tracks 6 vs HI1 tracks 11) = 11 LKG paths/unit; x 5x60 unit cells = 3300; Scalar = 1/3300,,,,,,,,,,,,,,,11,11,1,6,11
x81zs_gategate06,GATEGATE132-P46-L-C:FTISL:PGD:REG:N6,GATEGATE,C,GATEGATE-<MOS>-C:FTISL:PGD:REG:<SKEW>,3300,0.00030303,PGD ETE: 11 active gate (VG) columns/unit x 1 LO<->HI tip-to-tip pair(s) each (LO1 tracks 6 vs HI1 tracks 11) = 11 LKG paths/unit; x 5x60 unit cells = 3300; Scalar = 1/3300,,,,,,,,,,,,,,,11,11,1,6,11
x81zs_gategate06,GATEGATE132-P46-L-C:FTISL:PGD:REG:N4,GATEGATE,C,GATEGATE-<MOS>-C:FTISL:PGD:REG:<SKEW>,3300,0.00030303,PGD ETE: 11 active gate (VG) columns/unit x 1 LO<->HI tip-to-tip pair(s) each (LO1 tracks 6 vs HI1 tracks 11) = 11 LKG paths/unit; x 5x60 unit cells = 3300; Scalar = 1/3300,,,,,,,,,,,,,,,11,11,1,6,11
x81zs_gategate06,GATEGATE132-P46-L-C:FTISL:PGD:REG:N2,GATEGATE,C,GATEGATE-<MOS>-C:FTISL:PGD:REG:<SKEW>,3300,0.00030303,PGD ETE: 11 active gate (VG) columns/unit x 1 LO<->HI tip-to-tip pair(s) each (LO1 tracks 6 vs HI1 tracks 11) = 11 LKG paths/unit; x 5x60 unit cells = 3300; Scalar = 1/3300,,,,,,,,,,,,,,,11,11,1,6,11
x81zs_gategate06,GATEGATE132-P46-L-C:FTISL:PGD:REG:P2,GATEGATE,C,GATEGATE-<MOS>-C:FTISL:PGD:REG:<SKEW>,3300,0.00030303,PGD ETE: 11 active gate (VG) columns/unit x 1 LO<->HI tip-to-tip pair(s) each (LO1 tracks 6 vs HI1 tracks 11) = 11 LKG paths/unit; x 5x60 unit cells = 3300; Scalar = 1/3300,,,,,,,,,,,,,,,11,11,1,6,11
x81zs_gategate06,GATEGATE132-P46-L-C:FTISL:PGD:REG:P4,GATEGATE,C,GATEGATE-<MOS>-C:FTISL:PGD:REG:<SKEW>,3300,0.00030303,PGD ETE: 11 active gate (VG) columns/unit x 1 LO<->HI tip-to-tip pair(s) each (LO1 tracks 6 vs HI1 tracks 11) = 11 LKG paths/unit; x 5x60 unit cells = 3300; Scalar = 1/3300,,,,,,,,,,,,,,,11,11,1,6,11
x81zs_gategate06,GATEGATE132-P46-L-C:FTISL:PGD:REG:P6,GATEGATE,C,GATEGATE-<MOS>-C:FTISL:PGD:REG:<SKEW>,3300,0.00030303,PGD ETE: 11 active gate (VG) columns/unit x 1 LO<->HI tip-to-tip pair(s) each (LO1 tracks 6 vs HI1 tracks 11) = 11 LKG paths/unit; x 5x60 unit cells = 3300; Scalar = 1/3300,,,,,,,,,,,,,,,11,11,1,6,11
x81zs_gategate06,GATEGATE110-N27-L-C:FTISL:SDR,GATEGATE,C,GATEGATE-<MOS>-C:FTISL:SDR,3300,0.00030303,PGD ETE: 11 active gate (VG) columns/unit x 1 LO<->HI tip-to-tip pair(s) each (LO1 tracks 6 vs HI1 tracks 11) = 11 LKG paths/unit; x 5x60 unit cells = 3300; Scalar = 1/3300,,,,,,,,,,,,,,,11,11,1,6,11
x81zs_gategate06,GATEGATE110-N27-L-C:FTISL:OGD:CD:N5,GATEGATE,C,GATEGATE-<MOS>-C:FTISL:OGD:CD:<SKEW>,3300,0.00030303,PGD ETE: 11 active gate (VG) columns/unit x 1 LO<->HI tip-to-tip pair(s) each (LO1 tracks 6 vs HI1 tracks 11) = 11 LKG paths/unit; x 5x60 unit cells = 3300; Scalar = 1/3300,,,,,,,,,,,,,,,11,11,1,6,11
x81zs_gategate06,GATEGATE110-N27-L-C:FTISL:OGD:CD:N4,GATEGATE,C,GATEGATE-<MOS>-C:FTISL:OGD:CD:<SKEW>,3300,0.00030303,PGD ETE: 11 active gate (VG) columns/unit x 1 LO<->HI tip-to-tip pair(s) each (LO1 tracks 6 vs HI1 tracks 11) = 11 LKG paths/unit; x 5x60 unit cells = 3300; Scalar = 1/3300,,,,,,,,,,,,,,,11,11,1,6,11
x81zs_gategate06,GATEGATE110-N27-L-C:FTISL:OGD:CD:N3,GATEGATE,C,GATEGATE-<MOS>-C:FTISL:OGD:CD:<SKEW>,3300,0.00030303,PGD ETE: 11 active gate (VG) columns/unit x 1 LO<->HI tip-to-tip pair(s) each (LO1 tracks 6 vs HI1 tracks 11) = 11 LKG paths/unit; x 5x60 unit cells = 3300; Scalar = 1/3300,,,,,,,,,,,,,,,11,11,1,6,11
x81zs_gategate06,GATEGATE110-N27-L-C:FTISL:OGD:CD:N2,GATEGATE,C,GATEGATE-<MOS>-C:FTISL:OGD:CD:<SKEW>,3300,0.00030303,PGD ETE: 11 active gate (VG) columns/unit x 1 LO<->HI tip-to-tip pair(s) each (LO1 tracks 6 vs HI1 tracks 11) = 11 LKG paths/unit; x 5x60 unit cells = 3300; Scalar = 1/3300,,,,,,,,,,,,,,,11,11,1,6,11
x81zs_gategate06,GATEGATE110-N27-L-C:FTISL:OGD:CD:N1,GATEGATE,C,GATEGATE-<MOS>-C:FTISL:OGD:CD:<SKEW>,3300,0.00030303,PGD ETE: 11 active gate (VG) columns/unit x 1 LO<->HI tip-to-tip pair(s) each (LO1 tracks 6 vs HI1 tracks 11) = 11 LKG paths/unit; x 5x60 unit cells = 3300; Scalar = 1/3300,,,,,,,,,,,,,,,11,11,1,6,11
x81zs_gategate06,GATEGATE110-N27-L-C:FTISL:OGD:CD:P1,GATEGATE,C,GATEGATE-<MOS>-C:FTISL:OGD:CD:<SKEW>,3300,0.00030303,PGD ETE: 11 active gate (VG) columns/unit x 1 LO<->HI tip-to-tip pair(s) each (LO1 tracks 6 vs HI1 tracks 11) = 11 LKG paths/unit; x 5x60 unit cells = 3300; Scalar = 1/3300,,,,,,,,,,,,,,,11,11,1,6,11
x81zs_gategate06,GATEGATE110-N27-L-C:FTISL:OGD:CD:P2,GATEGATE,C,GATEGATE-<MOS>-C:FTISL:OGD:CD:<SKEW>,3300,0.00030303,PGD ETE: 11 active gate (VG) columns/unit x 1 LO<->HI tip-to-tip pair(s) each (LO1 tracks 6 vs HI1 tracks 11) = 11 LKG paths/unit; x 5x60 unit cells = 3300; Scalar = 1/3300,,,,,,,,,,,,,,,11,11,1,6,11
x81zs_gategate06,GATEGATE110-N27-L-C:FTISL:OGD:CD:P3,GATEGATE,C,GATEGATE-<MOS>-C:FTISL:OGD:CD:<SKEW>,3300,0.00030303,PGD ETE: 11 active gate (VG) columns/unit x 1 LO<->HI tip-to-tip pair(s) each (LO1 tracks 6 vs HI1 tracks 11) = 11 LKG paths/unit; x 5x60 unit cells = 3300; Scalar = 1/3300,,,,,,,,,,,,,,,11,11,1,6,11
x81zs_gategate06,GATEGATE110-N27-L-C:FTISL:OGD:CD:P4,GATEGATE,C,GATEGATE-<MOS>-C:FTISL:OGD:CD:<SKEW>,3300,0.00030303,PGD ETE: 11 active gate (VG) columns/unit x 1 LO<->HI tip-to-tip pair(s) each (LO1 tracks 6 vs HI1 tracks 11) = 11 LKG paths/unit; x 5x60 unit cells = 3300; Scalar = 1/3300,,,,,,,,,,,,,,,11,11,1,6,11
x81zs_gategate06,GATEGATE110-N27-L-C:FTISL:OGD:CD:P5,GATEGATE,C,GATEGATE-<MOS>-C:FTISL:OGD:CD:<SKEW>,3300,0.00030303,PGD ETE: 11 active gate (VG) columns/unit x 1 LO<->HI tip-to-tip pair(s) each (LO1 tracks 6 vs HI1 tracks 11) = 11 LKG paths/unit; x 5x60 unit cells = 3300; Scalar = 1/3300,,,,,,,,,,,,,,,11,11,1,6,11
x81zs_gategate06,GATEGATE110-N27-L-C:FTISL:PGD:CD:N5,GATEGATE,C,GATEGATE-<MOS>-C:FTISL:PGD:CD:<SKEW>,3300,0.00030303,PGD ETE: 11 active gate (VG) columns/unit x 1 LO<->HI tip-to-tip pair(s) each (LO1 tracks 6 vs HI1 tracks 11) = 11 LKG paths/unit; x 5x60 unit cells = 3300; Scalar = 1/3300,,,,,,,,,,,,,,,11,11,1,6,11
x81zs_gategate06,GATEGATE110-N27-L-C:FTISL:PGD:CD:N4,GATEGATE,C,GATEGATE-<MOS>-C:FTISL:PGD:CD:<SKEW>,3300,0.00030303,PGD ETE: 11 active gate (VG) columns/unit x 1 LO<->HI tip-to-tip pair(s) each (LO1 tracks 6 vs HI1 tracks 11) = 11 LKG paths/unit; x 5x60 unit cells = 3300; Scalar = 1/3300,,,,,,,,,,,,,,,11,11,1,6,11
x81zs_gategate06,GATEGATE110-N27-L-C:FTISL:PGD:CD:N3,GATEGATE,C,GATEGATE-<MOS>-C:FTISL:PGD:CD:<SKEW>,3300,0.00030303,PGD ETE: 11 active gate (VG) columns/unit x 1 LO<->HI tip-to-tip pair(s) each (LO1 tracks 6 vs HI1 tracks 11) = 11 LKG paths/unit; x 5x60 unit cells = 3300; Scalar = 1/3300,,,,,,,,,,,,,,,11,11,1,6,11
x81zs_gategate06,GATEGATE110-N27-L-C:FTISL:PGD:CD:N2,GATEGATE,C,GATEGATE-<MOS>-C:FTISL:PGD:CD:<SKEW>,3300,0.00030303,PGD ETE: 11 active gate (VG) columns/unit x 1 LO<->HI tip-to-tip pair(s) each (LO1 tracks 6 vs HI1 tracks 11) = 11 LKG paths/unit; x 5x60 unit cells = 3300; Scalar = 1/3300,,,,,,,,,,,,,,,11,11,1,6,11
x81zs_gategate06,GATEGATE110-N27-L-C:FTISL:PGD:CD:N1,GATEGATE,C,GATEGATE-<MOS>-C:FTISL:PGD:CD:<SKEW>,3300,0.00030303,PGD ETE: 11 active gate (VG) columns/unit x 1 LO<->HI tip-to-tip pair(s) each (LO1 tracks 6 vs HI1 tracks 11) = 11 LKG paths/unit; x 5x60 unit cells = 3300; Scalar = 1/3300,,,,,,,,,,,,,,,11,11,1,6,11
x81zs_gategate06,GATEGATE110-N27-L-C:FTISL:PGD:CD:P1,GATEGATE,C,GATEGATE-<MOS>-C:FTISL:PGD:CD:<SKEW>,3300,0.00030303,PGD ETE: 11 active gate (VG) columns/unit x 1 LO<->HI tip-to-tip pair(s) each (LO1 tracks 6 vs HI1 tracks 11) = 11 LKG paths/unit; x 5x60 unit cells = 3300; Scalar = 1/3300,,,,,,,,,,,,,,,11,11,1,6,11
x81zs_gategate06,GATEGATE110-N27-L-C:FTISL:PGD:CD:P2,GATEGATE,C,GATEGATE-<MOS>-C:FTISL:PGD:CD:<SKEW>,3300,0.00030303,PGD ETE: 11 active gate (VG) columns/unit x 1 LO<->HI tip-to-tip pair(s) each (LO1 tracks 6 vs HI1 tracks 11) = 11 LKG paths/unit; x 5x60 unit cells = 3300; Scalar = 1/3300,,,,,,,,,,,,,,,11,11,1,6,11
x81zs_gategate06,GATEGATE110-N27-L-C:FTISL:PGD:CD:P3,GATEGATE,C,GATEGATE-<MOS>-C:FTISL:PGD:CD:<SKEW>,3300,0.00030303,PGD ETE: 11 active gate (VG) columns/unit x 1 LO<->HI tip-to-tip pair(s) each (LO1 tracks 6 vs HI1 tracks 11) = 11 LKG paths/unit; x 5x60 unit cells = 3300; Scalar = 1/3300,,,,,,,,,,,,,,,11,11,1,6,11
x81zs_gategate06,GATEGATE110-N27-L-C:FTISL:PGD:CD:P4,GATEGATE,C,GATEGATE-<MOS>-C:FTISL:PGD:CD:<SKEW>,3300,0.00030303,PGD ETE: 11 active gate (VG) columns/unit x 1 LO<->HI tip-to-tip pair(s) each (LO1 tracks 6 vs HI1 tracks 11) = 11 LKG paths/unit; x 5x60 unit cells = 3300; Scalar = 1/3300,,,,,,,,,,,,,,,11,11,1,6,11
x81zs_gategate06,GATEGATE110-N27-L-C:FTISL:PGD:CD:P5,GATEGATE,C,GATEGATE-<MOS>-C:FTISL:PGD:CD:<SKEW>,3300,0.00030303,PGD ETE: 11 active gate (VG) columns/unit x 1 LO<->HI tip-to-tip pair(s) each (LO1 tracks 6 vs HI1 tracks 11) = 11 LKG paths/unit; x 5x60 unit cells = 3300; Scalar = 1/3300,,,,,,,,,,,,,,,11,11,1,6,11
x81zs_gategate06,GATEGATE110-N27-L-C:FTISL:OGD:REG:N6,GATEGATE,C,GATEGATE-<MOS>-C:FTISL:OGD:REG:<SKEW>,3300,0.00030303,PGD ETE: 11 active gate (VG) columns/unit x 1 LO<->HI tip-to-tip pair(s) each (LO1 tracks 6 vs HI1 tracks 11) = 11 LKG paths/unit; x 5x60 unit cells = 3300; Scalar = 1/3300,,,,,,,,,,,,,,,11,11,1,6,11
x81zs_gategate06,GATEGATE110-N27-L-C:FTISL:OGD:REG:N4,GATEGATE,C,GATEGATE-<MOS>-C:FTISL:OGD:REG:<SKEW>,3300,0.00030303,PGD ETE: 11 active gate (VG) columns/unit x 1 LO<->HI tip-to-tip pair(s) each (LO1 tracks 6 vs HI1 tracks 11) = 11 LKG paths/unit; x 5x60 unit cells = 3300; Scalar = 1/3300,,,,,,,,,,,,,,,11,11,1,6,11
x81zs_gategate06,GATEGATE110-N27-L-C:FTISL:OGD:REG:N2,GATEGATE,C,GATEGATE-<MOS>-C:FTISL:OGD:REG:<SKEW>,3300,0.00030303,PGD ETE: 11 active gate (VG) columns/unit x 1 LO<->HI tip-to-tip pair(s) each (LO1 tracks 6 vs HI1 tracks 11) = 11 LKG paths/unit; x 5x60 unit cells = 3300; Scalar = 1/3300,,,,,,,,,,,,,,,11,11,1,6,11
x81zs_gategate06,GATEGATE110-N27-L-C:FTISL:OGD:REG:P2,GATEGATE,C,GATEGATE-<MOS>-C:FTISL:OGD:REG:<SKEW>,3300,0.00030303,PGD ETE: 11 active gate (VG) columns/unit x 1 LO<->HI tip-to-tip pair(s) each (LO1 tracks 6 vs HI1 tracks 11) = 11 LKG paths/unit; x 5x60 unit cells = 3300; Scalar = 1/3300,,,,,,,,,,,,,,,11,11,1,6,11
x81zs_gategate06,GATEGATE110-N27-L-C:FTISL:OGD:REG:P4,GATEGATE,C,GATEGATE-<MOS>-C:FTISL:OGD:REG:<SKEW>,3300,0.00030303,PGD ETE: 11 active gate (VG) columns/unit x 1 LO<->HI tip-to-tip pair(s) each (LO1 tracks 6 vs HI1 tracks 11) = 11 LKG paths/unit; x 5x60 unit cells = 3300; Scalar = 1/3300,,,,,,,,,,,,,,,11,11,1,6,11
x81zs_gategate06,GATEGATE110-N27-L-C:FTISL:OGD:REG:P6,GATEGATE,C,GATEGATE-<MOS>-C:FTISL:OGD:REG:<SKEW>,3300,0.00030303,PGD ETE: 11 active gate (VG) columns/unit x 1 LO<->HI tip-to-tip pair(s) each (LO1 tracks 6 vs HI1 tracks 11) = 11 LKG paths/unit; x 5x60 unit cells = 3300; Scalar = 1/3300,,,,,,,,,,,,,,,11,11,1,6,11
x81zs_gategate06,GATEGATE110-N27-L-C:FTISL:PGD:REG:N6,GATEGATE,C,GATEGATE-<MOS>-C:FTISL:PGD:REG:<SKEW>,3300,0.00030303,PGD ETE: 11 active gate (VG) columns/unit x 1 LO<->HI tip-to-tip pair(s) each (LO1 tracks 6 vs HI1 tracks 11) = 11 LKG paths/unit; x 5x60 unit cells = 3300; Scalar = 1/3300,,,,,,,,,,,,,,,11,11,1,6,11
x81zs_gategate06,GATEGATE110-N27-L-C:FTISL:PGD:REG:N4,GATEGATE,C,GATEGATE-<MOS>-C:FTISL:PGD:REG:<SKEW>,3300,0.00030303,PGD ETE: 11 active gate (VG) columns/unit x 1 LO<->HI tip-to-tip pair(s) each (LO1 tracks 6 vs HI1 tracks 11) = 11 LKG paths/unit; x 5x60 unit cells = 3300; Scalar = 1/3300,,,,,,,,,,,,,,,11,11,1,6,11
x81zs_gategate06,GATEGATE110-N27-L-C:FTISL:PGD:REG:N2,GATEGATE,C,GATEGATE-<MOS>-C:FTISL:PGD:REG:<SKEW>,3300,0.00030303,PGD ETE: 11 active gate (VG) columns/unit x 1 LO<->HI tip-to-tip pair(s) each (LO1 tracks 6 vs HI1 tracks 11) = 11 LKG paths/unit; x 5x60 unit cells = 3300; Scalar = 1/3300,,,,,,,,,,,,,,,11,11,1,6,11
x81zs_gategate06,GATEGATE110-N27-L-C:FTISL:PGD:REG:P2,GATEGATE,C,GATEGATE-<MOS>-C:FTISL:PGD:REG:<SKEW>,3300,0.00030303,PGD ETE: 11 active gate (VG) columns/unit x 1 LO<->HI tip-to-tip pair(s) each (LO1 tracks 6 vs HI1 tracks 11) = 11 LKG paths/unit; x 5x60 unit cells = 3300; Scalar = 1/3300,,,,,,,,,,,,,,,11,11,1,6,11
x81zs_gategate06,GATEGATE110-N27-L-C:FTISL:PGD:REG:P4,GATEGATE,C,GATEGATE-<MOS>-C:FTISL:PGD:REG:<SKEW>,3300,0.00030303,PGD ETE: 11 active gate (VG) columns/unit x 1 LO<->HI tip-to-tip pair(s) each (LO1 tracks 6 vs HI1 tracks 11) = 11 LKG paths/unit; x 5x60 unit cells = 3300; Scalar = 1/3300,,,,,,,,,,,,,,,11,11,1,6,11
x81zs_gategate07_b,GATEGATE132-N31-L-C:FTIML:SDR,GATEGATE,C,GATEGATE-<MOS>-C:FTIML:SDR,3300,0.00030303,PGD ETE: 11 active gate (VG) columns/unit x 1 LO<->HI tip-to-tip pair(s) each (LO1 tracks 6 vs HI1 tracks 14) = 11 LKG paths/unit; x 5x60 unit cells = 3300; Scalar = 1/3300,,,,,,,,,,,,,,,11,11,1,6,14
x81zs_gategate07_b,GATEGATE132-N31-L-C:FTIML:OGD:CD:N5,GATEGATE,C,GATEGATE-<MOS>-C:FTIML:OGD:CD:<SKEW>,3300,0.00030303,PGD ETE: 11 active gate (VG) columns/unit x 1 LO<->HI tip-to-tip pair(s) each (LO1 tracks 6 vs HI1 tracks 14) = 11 LKG paths/unit; x 5x60 unit cells = 3300; Scalar = 1/3300,,,,,,,,,,,,,,,11,11,1,6,14
x81zs_gategate07_b,GATEGATE132-N31-L-C:FTIML:OGD:CD:N4,GATEGATE,C,GATEGATE-<MOS>-C:FTIML:OGD:CD:<SKEW>,3300,0.00030303,PGD ETE: 11 active gate (VG) columns/unit x 1 LO<->HI tip-to-tip pair(s) each (LO1 tracks 6 vs HI1 tracks 14) = 11 LKG paths/unit; x 5x60 unit cells = 3300; Scalar = 1/3300,,,,,,,,,,,,,,,11,11,1,6,14
x81zs_gategate07_b,GATEGATE132-N31-L-C:FTIML:OGD:CD:N3,GATEGATE,C,GATEGATE-<MOS>-C:FTIML:OGD:CD:<SKEW>,3300,0.00030303,PGD ETE: 11 active gate (VG) columns/unit x 1 LO<->HI tip-to-tip pair(s) each (LO1 tracks 6 vs HI1 tracks 14) = 11 LKG paths/unit; x 5x60 unit cells = 3300; Scalar = 1/3300,,,,,,,,,,,,,,,11,11,1,6,14
x81zs_gategate07_b,GATEGATE132-N31-L-C:FTIML:OGD:CD:N2,GATEGATE,C,GATEGATE-<MOS>-C:FTIML:OGD:CD:<SKEW>,3300,0.00030303,PGD ETE: 11 active gate (VG) columns/unit x 1 LO<->HI tip-to-tip pair(s) each (LO1 tracks 6 vs HI1 tracks 14) = 11 LKG paths/unit; x 5x60 unit cells = 3300; Scalar = 1/3300,,,,,,,,,,,,,,,11,11,1,6,14
x81zs_gategate07_b,GATEGATE132-N31-L-C:FTIML:OGD:CD:N1,GATEGATE,C,GATEGATE-<MOS>-C:FTIML:OGD:CD:<SKEW>,3300,0.00030303,PGD ETE: 11 active gate (VG) columns/unit x 1 LO<->HI tip-to-tip pair(s) each (LO1 tracks 6 vs HI1 tracks 14) = 11 LKG paths/unit; x 5x60 unit cells = 3300; Scalar = 1/3300,,,,,,,,,,,,,,,11,11,1,6,14
x81zs_gategate07_b,GATEGATE132-N31-L-C:FTIML:OGD:CD:P1,GATEGATE,C,GATEGATE-<MOS>-C:FTIML:OGD:CD:<SKEW>,3300,0.00030303,PGD ETE: 11 active gate (VG) columns/unit x 1 LO<->HI tip-to-tip pair(s) each (LO1 tracks 6 vs HI1 tracks 14) = 11 LKG paths/unit; x 5x60 unit cells = 3300; Scalar = 1/3300,,,,,,,,,,,,,,,11,11,1,6,14
x81zs_gategate07_b,GATEGATE132-N31-L-C:FTIML:OGD:CD:P2,GATEGATE,C,GATEGATE-<MOS>-C:FTIML:OGD:CD:<SKEW>,3300,0.00030303,PGD ETE: 11 active gate (VG) columns/unit x 1 LO<->HI tip-to-tip pair(s) each (LO1 tracks 6 vs HI1 tracks 14) = 11 LKG paths/unit; x 5x60 unit cells = 3300; Scalar = 1/3300,,,,,,,,,,,,,,,11,11,1,6,14
x81zs_gategate07_b,GATEGATE132-N31-L-C:FTIML:OGD:CD:P3,GATEGATE,C,GATEGATE-<MOS>-C:FTIML:OGD:CD:<SKEW>,3300,0.00030303,PGD ETE: 11 active gate (VG) columns/unit x 1 LO<->HI tip-to-tip pair(s) each (LO1 tracks 6 vs HI1 tracks 14) = 11 LKG paths/unit; x 5x60 unit cells = 3300; Scalar = 1/3300,,,,,,,,,,,,,,,11,11,1,6,14
x81zs_gategate07_b,GATEGATE132-N31-L-C:FTIML:OGD:CD:P4,GATEGATE,C,GATEGATE-<MOS>-C:FTIML:OGD:CD:<SKEW>,3300,0.00030303,PGD ETE: 11 active gate (VG) columns/unit x 1 LO<->HI tip-to-tip pair(s) each (LO1 tracks 6 vs HI1 tracks 14) = 11 LKG paths/unit; x 5x60 unit cells = 3300; Scalar = 1/3300,,,,,,,,,,,,,,,11,11,1,6,14
x81zs_gategate07_b,GATEGATE132-N31-L-C:FTIML:OGD:CD:P5,GATEGATE,C,GATEGATE-<MOS>-C:FTIML:OGD:CD:<SKEW>,3300,0.00030303,PGD ETE: 11 active gate (VG) columns/unit x 1 LO<->HI tip-to-tip pair(s) each (LO1 tracks 6 vs HI1 tracks 14) = 11 LKG paths/unit; x 5x60 unit cells = 3300; Scalar = 1/3300,,,,,,,,,,,,,,,11,11,1,6,14
x81zs_gategate07_b,GATEGATE132-N31-L-C:FTIML:PGD:CD:N5,GATEGATE,C,GATEGATE-<MOS>-C:FTIML:PGD:CD:<SKEW>,3300,0.00030303,PGD ETE: 11 active gate (VG) columns/unit x 1 LO<->HI tip-to-tip pair(s) each (LO1 tracks 6 vs HI1 tracks 14) = 11 LKG paths/unit; x 5x60 unit cells = 3300; Scalar = 1/3300,,,,,,,,,,,,,,,11,11,1,6,14
x81zs_gategate07_b,GATEGATE132-N31-L-C:FTIML:PGD:CD:N4,GATEGATE,C,GATEGATE-<MOS>-C:FTIML:PGD:CD:<SKEW>,3300,0.00030303,PGD ETE: 11 active gate (VG) columns/unit x 1 LO<->HI tip-to-tip pair(s) each (LO1 tracks 6 vs HI1 tracks 14) = 11 LKG paths/unit; x 5x60 unit cells = 3300; Scalar = 1/3300,,,,,,,,,,,,,,,11,11,1,6,14
x81zs_gategate07_b,GATEGATE132-N31-L-C:FTIML:PGD:CD:N3,GATEGATE,C,GATEGATE-<MOS>-C:FTIML:PGD:CD:<SKEW>,3300,0.00030303,PGD ETE: 11 active gate (VG) columns/unit x 1 LO<->HI tip-to-tip pair(s) each (LO1 tracks 6 vs HI1 tracks 14) = 11 LKG paths/unit; x 5x60 unit cells = 3300; Scalar = 1/3300,,,,,,,,,,,,,,,11,11,1,6,14
x81zs_gategate07_b,GATEGATE132-N31-L-C:FTIML:PGD:CD:N2,GATEGATE,C,GATEGATE-<MOS>-C:FTIML:PGD:CD:<SKEW>,3300,0.00030303,PGD ETE: 11 active gate (VG) columns/unit x 1 LO<->HI tip-to-tip pair(s) each (LO1 tracks 6 vs HI1 tracks 14) = 11 LKG paths/unit; x 5x60 unit cells = 3300; Scalar = 1/3300,,,,,,,,,,,,,,,11,11,1,6,14
x81zs_gategate07_b,GATEGATE132-N31-L-C:FTIML:PGD:CD:N1,GATEGATE,C,GATEGATE-<MOS>-C:FTIML:PGD:CD:<SKEW>,3300,0.00030303,PGD ETE: 11 active gate (VG) columns/unit x 1 LO<->HI tip-to-tip pair(s) each (LO1 tracks 6 vs HI1 tracks 14) = 11 LKG paths/unit; x 5x60 unit cells = 3300; Scalar = 1/3300,,,,,,,,,,,,,,,11,11,1,6,14
x81zs_gategate07_b,GATEGATE132-N31-L-C:FTIML:PGD:CD:P1,GATEGATE,C,GATEGATE-<MOS>-C:FTIML:PGD:CD:<SKEW>,3300,0.00030303,PGD ETE: 11 active gate (VG) columns/unit x 1 LO<->HI tip-to-tip pair(s) each (LO1 tracks 6 vs HI1 tracks 14) = 11 LKG paths/unit; x 5x60 unit cells = 3300; Scalar = 1/3300,,,,,,,,,,,,,,,11,11,1,6,14
x81zs_gategate07_b,GATEGATE132-N31-L-C:FTIML:PGD:CD:P2,GATEGATE,C,GATEGATE-<MOS>-C:FTIML:PGD:CD:<SKEW>,3300,0.00030303,PGD ETE: 11 active gate (VG) columns/unit x 1 LO<->HI tip-to-tip pair(s) each (LO1 tracks 6 vs HI1 tracks 14) = 11 LKG paths/unit; x 5x60 unit cells = 3300; Scalar = 1/3300,,,,,,,,,,,,,,,11,11,1,6,14
x81zs_gategate07_b,GATEGATE132-N31-L-C:FTIML:PGD:CD:P3,GATEGATE,C,GATEGATE-<MOS>-C:FTIML:PGD:CD:<SKEW>,3300,0.00030303,PGD ETE: 11 active gate (VG) columns/unit x 1 LO<->HI tip-to-tip pair(s) each (LO1 tracks 6 vs HI1 tracks 14) = 11 LKG paths/unit; x 5x60 unit cells = 3300; Scalar = 1/3300,,,,,,,,,,,,,,,11,11,1,6,14
x81zs_gategate07_b,GATEGATE132-N31-L-C:FTIML:PGD:CD:P4,GATEGATE,C,GATEGATE-<MOS>-C:FTIML:PGD:CD:<SKEW>,3300,0.00030303,PGD ETE: 11 active gate (VG) columns/unit x 1 LO<->HI tip-to-tip pair(s) each (LO1 tracks 6 vs HI1 tracks 14) = 11 LKG paths/unit; x 5x60 unit cells = 3300; Scalar = 1/3300,,,,,,,,,,,,,,,11,11,1,6,14
x81zs_gategate07_b,GATEGATE132-N31-L-C:FTIML:PGD:CD:P5,GATEGATE,C,GATEGATE-<MOS>-C:FTIML:PGD:CD:<SKEW>,3300,0.00030303,PGD ETE: 11 active gate (VG) columns/unit x 1 LO<->HI tip-to-tip pair(s) each (LO1 tracks 6 vs HI1 tracks 14) = 11 LKG paths/unit; x 5x60 unit cells = 3300; Scalar = 1/3300,,,,,,,,,,,,,,,11,11,1,6,14
x81zs_gategate07_b,GATEGATE132-N31-L-C:FTIML:OGD:REG:N6,GATEGATE,C,GATEGATE-<MOS>-C:FTIML:OGD:REG:<SKEW>,3300,0.00030303,PGD ETE: 11 active gate (VG) columns/unit x 1 LO<->HI tip-to-tip pair(s) each (LO1 tracks 6 vs HI1 tracks 14) = 11 LKG paths/unit; x 5x60 unit cells = 3300; Scalar = 1/3300,,,,,,,,,,,,,,,11,11,1,6,14
x81zs_gategate07_b,GATEGATE132-N31-L-C:FTIML:OGD:REG:N4,GATEGATE,C,GATEGATE-<MOS>-C:FTIML:OGD:REG:<SKEW>,3300,0.00030303,PGD ETE: 11 active gate (VG) columns/unit x 1 LO<->HI tip-to-tip pair(s) each (LO1 tracks 6 vs HI1 tracks 14) = 11 LKG paths/unit; x 5x60 unit cells = 3300; Scalar = 1/3300,,,,,,,,,,,,,,,11,11,1,6,14
x81zs_gategate07_b,GATEGATE132-N31-L-C:FTIML:OGD:REG:N2,GATEGATE,C,GATEGATE-<MOS>-C:FTIML:OGD:REG:<SKEW>,3300,0.00030303,PGD ETE: 11 active gate (VG) columns/unit x 1 LO<->HI tip-to-tip pair(s) each (LO1 tracks 6 vs HI1 tracks 14) = 11 LKG paths/unit; x 5x60 unit cells = 3300; Scalar = 1/3300,,,,,,,,,,,,,,,11,11,1,6,14
x81zs_gategate07_b,GATEGATE132-N31-L-C:FTIML:OGD:REG:P2,GATEGATE,C,GATEGATE-<MOS>-C:FTIML:OGD:REG:<SKEW>,3300,0.00030303,PGD ETE: 11 active gate (VG) columns/unit x 1 LO<->HI tip-to-tip pair(s) each (LO1 tracks 6 vs HI1 tracks 14) = 11 LKG paths/unit; x 5x60 unit cells = 3300; Scalar = 1/3300,,,,,,,,,,,,,,,11,11,1,6,14
x81zs_gategate07_b,GATEGATE132-N31-L-C:FTIML:OGD:REG:P4,GATEGATE,C,GATEGATE-<MOS>-C:FTIML:OGD:REG:<SKEW>,3300,0.00030303,PGD ETE: 11 active gate (VG) columns/unit x 1 LO<->HI tip-to-tip pair(s) each (LO1 tracks 6 vs HI1 tracks 14) = 11 LKG paths/unit; x 5x60 unit cells = 3300; Scalar = 1/3300,,,,,,,,,,,,,,,11,11,1,6,14
x81zs_gategate07_b,GATEGATE132-N31-L-C:FTIML:OGD:REG:P6,GATEGATE,C,GATEGATE-<MOS>-C:FTIML:OGD:REG:<SKEW>,3300,0.00030303,PGD ETE: 11 active gate (VG) columns/unit x 1 LO<->HI tip-to-tip pair(s) each (LO1 tracks 6 vs HI1 tracks 14) = 11 LKG paths/unit; x 5x60 unit cells = 3300; Scalar = 1/3300,,,,,,,,,,,,,,,11,11,1,6,14
x81zs_gategate07_b,GATEGATE132-N31-L-C:FTIML:PGD:REG:N6,GATEGATE,C,GATEGATE-<MOS>-C:FTIML:PGD:REG:<SKEW>,3300,0.00030303,PGD ETE: 11 active gate (VG) columns/unit x 1 LO<->HI tip-to-tip pair(s) each (LO1 tracks 6 vs HI1 tracks 14) = 11 LKG paths/unit; x 5x60 unit cells = 3300; Scalar = 1/3300,,,,,,,,,,,,,,,11,11,1,6,14
x81zs_gategate07_b,GATEGATE132-N31-L-C:FTIML:PGD:REG:N4,GATEGATE,C,GATEGATE-<MOS>-C:FTIML:PGD:REG:<SKEW>,3300,0.00030303,PGD ETE: 11 active gate (VG) columns/unit x 1 LO<->HI tip-to-tip pair(s) each (LO1 tracks 6 vs HI1 tracks 14) = 11 LKG paths/unit; x 5x60 unit cells = 3300; Scalar = 1/3300,,,,,,,,,,,,,,,11,11,1,6,14
x81zs_gategate07_b,GATEGATE132-N31-L-C:FTIML:PGD:REG:N2,GATEGATE,C,GATEGATE-<MOS>-C:FTIML:PGD:REG:<SKEW>,3300,0.00030303,PGD ETE: 11 active gate (VG) columns/unit x 1 LO<->HI tip-to-tip pair(s) each (LO1 tracks 6 vs HI1 tracks 14) = 11 LKG paths/unit; x 5x60 unit cells = 3300; Scalar = 1/3300,,,,,,,,,,,,,,,11,11,1,6,14
x81zs_gategate07_b,GATEGATE132-N31-L-C:FTIML:PGD:REG:P2,GATEGATE,C,GATEGATE-<MOS>-C:FTIML:PGD:REG:<SKEW>,3300,0.00030303,PGD ETE: 11 active gate (VG) columns/unit x 1 LO<->HI tip-to-tip pair(s) each (LO1 tracks 6 vs HI1 tracks 14) = 11 LKG paths/unit; x 5x60 unit cells = 3300; Scalar = 1/3300,,,,,,,,,,,,,,,11,11,1,6,14
x81zs_gategate07_b,GATEGATE132-N31-L-C:FTIML:PGD:REG:P4,GATEGATE,C,GATEGATE-<MOS>-C:FTIML:PGD:REG:<SKEW>,3300,0.00030303,PGD ETE: 11 active gate (VG) columns/unit x 1 LO<->HI tip-to-tip pair(s) each (LO1 tracks 6 vs HI1 tracks 14) = 11 LKG paths/unit; x 5x60 unit cells = 3300; Scalar = 1/3300,,,,,,,,,,,,,,,11,11,1,6,14
x81zs_gategate07_b,GATEGATE132-N31-L-C:FTIML:PGD:REG:P6,GATEGATE,C,GATEGATE-<MOS>-C:FTIML:PGD:REG:<SKEW>,3300,0.00030303,PGD ETE: 11 active gate (VG) columns/unit x 1 LO<->HI tip-to-tip pair(s) each (LO1 tracks 6 vs HI1 tracks 14) = 11 LKG paths/unit; x 5x60 unit cells = 3300; Scalar = 1/3300,,,,,,,,,,,,,,,11,11,1,6,14
x81zs_gategate07_b,GATEGATE132-P31-L-C:FTIML:SDR,GATEGATE,C,GATEGATE-<MOS>-C:FTIML:SDR,3300,0.00030303,PGD ETE: 11 active gate (VG) columns/unit x 1 LO<->HI tip-to-tip pair(s) each (LO1 tracks 6 vs HI1 tracks 14) = 11 LKG paths/unit; x 5x60 unit cells = 3300; Scalar = 1/3300,,,,,,,,,,,,,,,11,11,1,6,14
x81zs_gategate07_b,GATEGATE132-P31-L-C:FTIML:OGD:CD:N5,GATEGATE,C,GATEGATE-<MOS>-C:FTIML:OGD:CD:<SKEW>,3300,0.00030303,PGD ETE: 11 active gate (VG) columns/unit x 1 LO<->HI tip-to-tip pair(s) each (LO1 tracks 6 vs HI1 tracks 14) = 11 LKG paths/unit; x 5x60 unit cells = 3300; Scalar = 1/3300,,,,,,,,,,,,,,,11,11,1,6,14
x81zs_gategate07_b,GATEGATE132-P31-L-C:FTIML:OGD:CD:N4,GATEGATE,C,GATEGATE-<MOS>-C:FTIML:OGD:CD:<SKEW>,3300,0.00030303,PGD ETE: 11 active gate (VG) columns/unit x 1 LO<->HI tip-to-tip pair(s) each (LO1 tracks 6 vs HI1 tracks 14) = 11 LKG paths/unit; x 5x60 unit cells = 3300; Scalar = 1/3300,,,,,,,,,,,,,,,11,11,1,6,14
x81zs_gategate07_b,GATEGATE132-P31-L-C:FTIML:OGD:CD:N3,GATEGATE,C,GATEGATE-<MOS>-C:FTIML:OGD:CD:<SKEW>,3300,0.00030303,PGD ETE: 11 active gate (VG) columns/unit x 1 LO<->HI tip-to-tip pair(s) each (LO1 tracks 6 vs HI1 tracks 14) = 11 LKG paths/unit; x 5x60 unit cells = 3300; Scalar = 1/3300,,,,,,,,,,,,,,,11,11,1,6,14
x81zs_gategate07_b,GATEGATE132-P31-L-C:FTIML:OGD:CD:N2,GATEGATE,C,GATEGATE-<MOS>-C:FTIML:OGD:CD:<SKEW>,3300,0.00030303,PGD ETE: 11 active gate (VG) columns/unit x 1 LO<->HI tip-to-tip pair(s) each (LO1 tracks 6 vs HI1 tracks 14) = 11 LKG paths/unit; x 5x60 unit cells = 3300; Scalar = 1/3300,,,,,,,,,,,,,,,11,11,1,6,14
x81zs_gategate07_b,GATEGATE132-P31-L-C:FTIML:OGD:CD:N1,GATEGATE,C,GATEGATE-<MOS>-C:FTIML:OGD:CD:<SKEW>,3300,0.00030303,PGD ETE: 11 active gate (VG) columns/unit x 1 LO<->HI tip-to-tip pair(s) each (LO1 tracks 6 vs HI1 tracks 14) = 11 LKG paths/unit; x 5x60 unit cells = 3300; Scalar = 1/3300,,,,,,,,,,,,,,,11,11,1,6,14
x81zs_gategate07_b,GATEGATE132-P31-L-C:FTIML:OGD:CD:P1,GATEGATE,C,GATEGATE-<MOS>-C:FTIML:OGD:CD:<SKEW>,3300,0.00030303,PGD ETE: 11 active gate (VG) columns/unit x 1 LO<->HI tip-to-tip pair(s) each (LO1 tracks 6 vs HI1 tracks 14) = 11 LKG paths/unit; x 5x60 unit cells = 3300; Scalar = 1/3300,,,,,,,,,,,,,,,11,11,1,6,14
x81zs_gategate07_b,GATEGATE132-P31-L-C:FTIML:OGD:CD:P2,GATEGATE,C,GATEGATE-<MOS>-C:FTIML:OGD:CD:<SKEW>,3300,0.00030303,PGD ETE: 11 active gate (VG) columns/unit x 1 LO<->HI tip-to-tip pair(s) each (LO1 tracks 6 vs HI1 tracks 14) = 11 LKG paths/unit; x 5x60 unit cells = 3300; Scalar = 1/3300,,,,,,,,,,,,,,,11,11,1,6,14
x81zs_gategate07_b,GATEGATE132-P31-L-C:FTIML:OGD:CD:P3,GATEGATE,C,GATEGATE-<MOS>-C:FTIML:OGD:CD:<SKEW>,3300,0.00030303,PGD ETE: 11 active gate (VG) columns/unit x 1 LO<->HI tip-to-tip pair(s) each (LO1 tracks 6 vs HI1 tracks 14) = 11 LKG paths/unit; x 5x60 unit cells = 3300; Scalar = 1/3300,,,,,,,,,,,,,,,11,11,1,6,14
x81zs_gategate07_b,GATEGATE132-P31-L-C:FTIML:OGD:CD:P4,GATEGATE,C,GATEGATE-<MOS>-C:FTIML:OGD:CD:<SKEW>,3300,0.00030303,PGD ETE: 11 active gate (VG) columns/unit x 1 LO<->HI tip-to-tip pair(s) each (LO1 tracks 6 vs HI1 tracks 14) = 11 LKG paths/unit; x 5x60 unit cells = 3300; Scalar = 1/3300,,,,,,,,,,,,,,,11,11,1,6,14
x81zs_gategate07_b,GATEGATE132-P31-L-C:FTIML:OGD:CD:P5,GATEGATE,C,GATEGATE-<MOS>-C:FTIML:OGD:CD:<SKEW>,3300,0.00030303,PGD ETE: 11 active gate (VG) columns/unit x 1 LO<->HI tip-to-tip pair(s) each (LO1 tracks 6 vs HI1 tracks 14) = 11 LKG paths/unit; x 5x60 unit cells = 3300; Scalar = 1/3300,,,,,,,,,,,,,,,11,11,1,6,14
x81zs_gategate07_b,GATEGATE132-P31-L-C:FTIML:PGD:CD:N5,GATEGATE,C,GATEGATE-<MOS>-C:FTIML:PGD:CD:<SKEW>,3300,0.00030303,PGD ETE: 11 active gate (VG) columns/unit x 1 LO<->HI tip-to-tip pair(s) each (LO1 tracks 6 vs HI1 tracks 14) = 11 LKG paths/unit; x 5x60 unit cells = 3300; Scalar = 1/3300,,,,,,,,,,,,,,,11,11,1,6,14
x81zs_gategate07_b,GATEGATE132-P31-L-C:FTIML:PGD:CD:N4,GATEGATE,C,GATEGATE-<MOS>-C:FTIML:PGD:CD:<SKEW>,3300,0.00030303,PGD ETE: 11 active gate (VG) columns/unit x 1 LO<->HI tip-to-tip pair(s) each (LO1 tracks 6 vs HI1 tracks 14) = 11 LKG paths/unit; x 5x60 unit cells = 3300; Scalar = 1/3300,,,,,,,,,,,,,,,11,11,1,6,14
x81zs_gategate07_b,GATEGATE132-P31-L-C:FTIML:PGD:CD:N3,GATEGATE,C,GATEGATE-<MOS>-C:FTIML:PGD:CD:<SKEW>,3300,0.00030303,PGD ETE: 11 active gate (VG) columns/unit x 1 LO<->HI tip-to-tip pair(s) each (LO1 tracks 6 vs HI1 tracks 14) = 11 LKG paths/unit; x 5x60 unit cells = 3300; Scalar = 1/3300,,,,,,,,,,,,,,,11,11,1,6,14
x81zs_gategate07_b,GATEGATE132-P31-L-C:FTIML:PGD:CD:N2,GATEGATE,C,GATEGATE-<MOS>-C:FTIML:PGD:CD:<SKEW>,3300,0.00030303,PGD ETE: 11 active gate (VG) columns/unit x 1 LO<->HI tip-to-tip pair(s) each (LO1 tracks 6 vs HI1 tracks 14) = 11 LKG paths/unit; x 5x60 unit cells = 3300; Scalar = 1/3300,,,,,,,,,,,,,,,11,11,1,6,14
x81zs_gategate07_b,GATEGATE132-P31-L-C:FTIML:PGD:CD:N1,GATEGATE,C,GATEGATE-<MOS>-C:FTIML:PGD:CD:<SKEW>,3300,0.00030303,PGD ETE: 11 active gate (VG) columns/unit x 1 LO<->HI tip-to-tip pair(s) each (LO1 tracks 6 vs HI1 tracks 14) = 11 LKG paths/unit; x 5x60 unit cells = 3300; Scalar = 1/3300,,,,,,,,,,,,,,,11,11,1,6,14
x81zs_gategate07_b,GATEGATE132-P31-L-C:FTIML:PGD:CD:P1,GATEGATE,C,GATEGATE-<MOS>-C:FTIML:PGD:CD:<SKEW>,3300,0.00030303,PGD ETE: 11 active gate (VG) columns/unit x 1 LO<->HI tip-to-tip pair(s) each (LO1 tracks 6 vs HI1 tracks 14) = 11 LKG paths/unit; x 5x60 unit cells = 3300; Scalar = 1/3300,,,,,,,,,,,,,,,11,11,1,6,14
x81zs_gategate07_b,GATEGATE132-P31-L-C:FTIML:PGD:CD:P2,GATEGATE,C,GATEGATE-<MOS>-C:FTIML:PGD:CD:<SKEW>,3300,0.00030303,PGD ETE: 11 active gate (VG) columns/unit x 1 LO<->HI tip-to-tip pair(s) each (LO1 tracks 6 vs HI1 tracks 14) = 11 LKG paths/unit; x 5x60 unit cells = 3300; Scalar = 1/3300,,,,,,,,,,,,,,,11,11,1,6,14
x81zs_gategate07_b,GATEGATE132-P31-L-C:FTIML:PGD:CD:P3,GATEGATE,C,GATEGATE-<MOS>-C:FTIML:PGD:CD:<SKEW>,3300,0.00030303,PGD ETE: 11 active gate (VG) columns/unit x 1 LO<->HI tip-to-tip pair(s) each (LO1 tracks 6 vs HI1 tracks 14) = 11 LKG paths/unit; x 5x60 unit cells = 3300; Scalar = 1/3300,,,,,,,,,,,,,,,11,11,1,6,14
x81zs_gategate07_b,GATEGATE132-P31-L-C:FTIML:PGD:CD:P4,GATEGATE,C,GATEGATE-<MOS>-C:FTIML:PGD:CD:<SKEW>,3300,0.00030303,PGD ETE: 11 active gate (VG) columns/unit x 1 LO<->HI tip-to-tip pair(s) each (LO1 tracks 6 vs HI1 tracks 14) = 11 LKG paths/unit; x 5x60 unit cells = 3300; Scalar = 1/3300,,,,,,,,,,,,,,,11,11,1,6,14
x81zs_gategate07_b,GATEGATE132-P31-L-C:FTIML:PGD:CD:P5,GATEGATE,C,GATEGATE-<MOS>-C:FTIML:PGD:CD:<SKEW>,3300,0.00030303,PGD ETE: 11 active gate (VG) columns/unit x 1 LO<->HI tip-to-tip pair(s) each (LO1 tracks 6 vs HI1 tracks 14) = 11 LKG paths/unit; x 5x60 unit cells = 3300; Scalar = 1/3300,,,,,,,,,,,,,,,11,11,1,6,14
x81zs_gategate07_b,GATEGATE132-P31-L-C:FTIML:OGD:REG:N6,GATEGATE,C,GATEGATE-<MOS>-C:FTIML:OGD:REG:<SKEW>,3300,0.00030303,PGD ETE: 11 active gate (VG) columns/unit x 1 LO<->HI tip-to-tip pair(s) each (LO1 tracks 6 vs HI1 tracks 14) = 11 LKG paths/unit; x 5x60 unit cells = 3300; Scalar = 1/3300,,,,,,,,,,,,,,,11,11,1,6,14
x81zs_gategate07_b,GATEGATE132-P31-L-C:FTIML:OGD:REG:N4,GATEGATE,C,GATEGATE-<MOS>-C:FTIML:OGD:REG:<SKEW>,3300,0.00030303,PGD ETE: 11 active gate (VG) columns/unit x 1 LO<->HI tip-to-tip pair(s) each (LO1 tracks 6 vs HI1 tracks 14) = 11 LKG paths/unit; x 5x60 unit cells = 3300; Scalar = 1/3300,,,,,,,,,,,,,,,11,11,1,6,14
x81zs_gategate07_b,GATEGATE132-P31-L-C:FTIML:OGD:REG:N2,GATEGATE,C,GATEGATE-<MOS>-C:FTIML:OGD:REG:<SKEW>,3300,0.00030303,PGD ETE: 11 active gate (VG) columns/unit x 1 LO<->HI tip-to-tip pair(s) each (LO1 tracks 6 vs HI1 tracks 14) = 11 LKG paths/unit; x 5x60 unit cells = 3300; Scalar = 1/3300,,,,,,,,,,,,,,,11,11,1,6,14
x81zs_gategate07_b,GATEGATE132-P31-L-C:FTIML:OGD:REG:P2,GATEGATE,C,GATEGATE-<MOS>-C:FTIML:OGD:REG:<SKEW>,3300,0.00030303,PGD ETE: 11 active gate (VG) columns/unit x 1 LO<->HI tip-to-tip pair(s) each (LO1 tracks 6 vs HI1 tracks 14) = 11 LKG paths/unit; x 5x60 unit cells = 3300; Scalar = 1/3300,,,,,,,,,,,,,,,11,11,1,6,14
x81zs_gategate07_b,GATEGATE132-P31-L-C:FTIML:OGD:REG:P4,GATEGATE,C,GATEGATE-<MOS>-C:FTIML:OGD:REG:<SKEW>,3300,0.00030303,PGD ETE: 11 active gate (VG) columns/unit x 1 LO<->HI tip-to-tip pair(s) each (LO1 tracks 6 vs HI1 tracks 14) = 11 LKG paths/unit; x 5x60 unit cells = 3300; Scalar = 1/3300,,,,,,,,,,,,,,,11,11,1,6,14
x81zs_gategate07_b,GATEGATE132-P31-L-C:FTIML:OGD:REG:P6,GATEGATE,C,GATEGATE-<MOS>-C:FTIML:OGD:REG:<SKEW>,3300,0.00030303,PGD ETE: 11 active gate (VG) columns/unit x 1 LO<->HI tip-to-tip pair(s) each (LO1 tracks 6 vs HI1 tracks 14) = 11 LKG paths/unit; x 5x60 unit cells = 3300; Scalar = 1/3300,,,,,,,,,,,,,,,11,11,1,6,14
x81zs_gategate07_b,GATEGATE132-P31-L-C:FTIML:PGD:REG:N6,GATEGATE,C,GATEGATE-<MOS>-C:FTIML:PGD:REG:<SKEW>,3300,0.00030303,PGD ETE: 11 active gate (VG) columns/unit x 1 LO<->HI tip-to-tip pair(s) each (LO1 tracks 6 vs HI1 tracks 14) = 11 LKG paths/unit; x 5x60 unit cells = 3300; Scalar = 1/3300,,,,,,,,,,,,,,,11,11,1,6,14
x81zs_gategate07_b,GATEGATE132-P31-L-C:FTIML:PGD:REG:N4,GATEGATE,C,GATEGATE-<MOS>-C:FTIML:PGD:REG:<SKEW>,3300,0.00030303,PGD ETE: 11 active gate (VG) columns/unit x 1 LO<->HI tip-to-tip pair(s) each (LO1 tracks 6 vs HI1 tracks 14) = 11 LKG paths/unit; x 5x60 unit cells = 3300; Scalar = 1/3300,,,,,,,,,,,,,,,11,11,1,6,14
x81zs_gategate07_b,GATEGATE132-P31-L-C:FTIML:PGD:REG:N2,GATEGATE,C,GATEGATE-<MOS>-C:FTIML:PGD:REG:<SKEW>,3300,0.00030303,PGD ETE: 11 active gate (VG) columns/unit x 1 LO<->HI tip-to-tip pair(s) each (LO1 tracks 6 vs HI1 tracks 14) = 11 LKG paths/unit; x 5x60 unit cells = 3300; Scalar = 1/3300,,,,,,,,,,,,,,,11,11,1,6,14
x81zs_gategate07_b,GATEGATE132-P31-L-C:FTIML:PGD:REG:P2,GATEGATE,C,GATEGATE-<MOS>-C:FTIML:PGD:REG:<SKEW>,3300,0.00030303,PGD ETE: 11 active gate (VG) columns/unit x 1 LO<->HI tip-to-tip pair(s) each (LO1 tracks 6 vs HI1 tracks 14) = 11 LKG paths/unit; x 5x60 unit cells = 3300; Scalar = 1/3300,,,,,,,,,,,,,,,11,11,1,6,14
x81zs_gategate07_b,GATEGATE132-P31-L-C:FTIML:PGD:REG:P4,GATEGATE,C,GATEGATE-<MOS>-C:FTIML:PGD:REG:<SKEW>,3300,0.00030303,PGD ETE: 11 active gate (VG) columns/unit x 1 LO<->HI tip-to-tip pair(s) each (LO1 tracks 6 vs HI1 tracks 14) = 11 LKG paths/unit; x 5x60 unit cells = 3300; Scalar = 1/3300,,,,,,,,,,,,,,,11,11,1,6,14
x81zs_gategate07_b,GATEGATE132-P31-L-C:FTIML:PGD:REG:P6,GATEGATE,C,GATEGATE-<MOS>-C:FTIML:PGD:REG:<SKEW>,3300,0.00030303,PGD ETE: 11 active gate (VG) columns/unit x 1 LO<->HI tip-to-tip pair(s) each (LO1 tracks 6 vs HI1 tracks 14) = 11 LKG paths/unit; x 5x60 unit cells = 3300; Scalar = 1/3300,,,,,,,,,,,,,,,11,11,1,6,14
x81zs_gategate07_b,GATEGATE110-P27-L-C:FTIML:SDR,GATEGATE,C,GATEGATE-<MOS>-C:FTIML:SDR,3300,0.00030303,PGD ETE: 11 active gate (VG) columns/unit x 1 LO<->HI tip-to-tip pair(s) each (LO1 tracks 6 vs HI1 tracks 14) = 11 LKG paths/unit; x 5x60 unit cells = 3300; Scalar = 1/3300,,,,,,,,,,,,,,,11,11,1,6,14
x81zs_gategate07_b,GATEGATE110-P27-L-C:FTIML:OGD:CD:N5,GATEGATE,C,GATEGATE-<MOS>-C:FTIML:OGD:CD:<SKEW>,3300,0.00030303,PGD ETE: 11 active gate (VG) columns/unit x 1 LO<->HI tip-to-tip pair(s) each (LO1 tracks 6 vs HI1 tracks 14) = 11 LKG paths/unit; x 5x60 unit cells = 3300; Scalar = 1/3300,,,,,,,,,,,,,,,11,11,1,6,14
x81zs_gategate07_b,GATEGATE110-P27-L-C:FTIML:OGD:CD:N4,GATEGATE,C,GATEGATE-<MOS>-C:FTIML:OGD:CD:<SKEW>,3300,0.00030303,PGD ETE: 11 active gate (VG) columns/unit x 1 LO<->HI tip-to-tip pair(s) each (LO1 tracks 6 vs HI1 tracks 14) = 11 LKG paths/unit; x 5x60 unit cells = 3300; Scalar = 1/3300,,,,,,,,,,,,,,,11,11,1,6,14
x81zs_gategate07_b,GATEGATE110-P27-L-C:FTIML:OGD:CD:N3,GATEGATE,C,GATEGATE-<MOS>-C:FTIML:OGD:CD:<SKEW>,3300,0.00030303,PGD ETE: 11 active gate (VG) columns/unit x 1 LO<->HI tip-to-tip pair(s) each (LO1 tracks 6 vs HI1 tracks 14) = 11 LKG paths/unit; x 5x60 unit cells = 3300; Scalar = 1/3300,,,,,,,,,,,,,,,11,11,1,6,14
x81zs_gategate07_b,GATEGATE110-P27-L-C:FTIML:OGD:CD:N2,GATEGATE,C,GATEGATE-<MOS>-C:FTIML:OGD:CD:<SKEW>,3300,0.00030303,PGD ETE: 11 active gate (VG) columns/unit x 1 LO<->HI tip-to-tip pair(s) each (LO1 tracks 6 vs HI1 tracks 14) = 11 LKG paths/unit; x 5x60 unit cells = 3300; Scalar = 1/3300,,,,,,,,,,,,,,,11,11,1,6,14
x81zs_gategate07_b,GATEGATE110-P27-L-C:FTIML:OGD:CD:N1,GATEGATE,C,GATEGATE-<MOS>-C:FTIML:OGD:CD:<SKEW>,3300,0.00030303,PGD ETE: 11 active gate (VG) columns/unit x 1 LO<->HI tip-to-tip pair(s) each (LO1 tracks 6 vs HI1 tracks 14) = 11 LKG paths/unit; x 5x60 unit cells = 3300; Scalar = 1/3300,,,,,,,,,,,,,,,11,11,1,6,14
x81zs_gategate07_b,GATEGATE110-P27-L-C:FTIML:OGD:CD:P1,GATEGATE,C,GATEGATE-<MOS>-C:FTIML:OGD:CD:<SKEW>,3300,0.00030303,PGD ETE: 11 active gate (VG) columns/unit x 1 LO<->HI tip-to-tip pair(s) each (LO1 tracks 6 vs HI1 tracks 14) = 11 LKG paths/unit; x 5x60 unit cells = 3300; Scalar = 1/3300,,,,,,,,,,,,,,,11,11,1,6,14
x81zs_gategate07_b,GATEGATE110-P27-L-C:FTIML:OGD:CD:P2,GATEGATE,C,GATEGATE-<MOS>-C:FTIML:OGD:CD:<SKEW>,3300,0.00030303,PGD ETE: 11 active gate (VG) columns/unit x 1 LO<->HI tip-to-tip pair(s) each (LO1 tracks 6 vs HI1 tracks 14) = 11 LKG paths/unit; x 5x60 unit cells = 3300; Scalar = 1/3300,,,,,,,,,,,,,,,11,11,1,6,14
x81zs_gategate07_b,GATEGATE110-P27-L-C:FTIML:OGD:CD:P3,GATEGATE,C,GATEGATE-<MOS>-C:FTIML:OGD:CD:<SKEW>,3300,0.00030303,PGD ETE: 11 active gate (VG) columns/unit x 1 LO<->HI tip-to-tip pair(s) each (LO1 tracks 6 vs HI1 tracks 14) = 11 LKG paths/unit; x 5x60 unit cells = 3300; Scalar = 1/3300,,,,,,,,,,,,,,,11,11,1,6,14
x81zs_gategate07_b,GATEGATE110-P27-L-C:FTIML:OGD:CD:P4,GATEGATE,C,GATEGATE-<MOS>-C:FTIML:OGD:CD:<SKEW>,3300,0.00030303,PGD ETE: 11 active gate (VG) columns/unit x 1 LO<->HI tip-to-tip pair(s) each (LO1 tracks 6 vs HI1 tracks 14) = 11 LKG paths/unit; x 5x60 unit cells = 3300; Scalar = 1/3300,,,,,,,,,,,,,,,11,11,1,6,14
x81zs_gategate07_b,GATEGATE110-P27-L-C:FTIML:OGD:CD:P5,GATEGATE,C,GATEGATE-<MOS>-C:FTIML:OGD:CD:<SKEW>,3300,0.00030303,PGD ETE: 11 active gate (VG) columns/unit x 1 LO<->HI tip-to-tip pair(s) each (LO1 tracks 6 vs HI1 tracks 14) = 11 LKG paths/unit; x 5x60 unit cells = 3300; Scalar = 1/3300,,,,,,,,,,,,,,,11,11,1,6,14
x81zs_gategate07_b,GATEGATE110-P27-L-C:FTIML:PGD:CD:N5,GATEGATE,C,GATEGATE-<MOS>-C:FTIML:PGD:CD:<SKEW>,3300,0.00030303,PGD ETE: 11 active gate (VG) columns/unit x 1 LO<->HI tip-to-tip pair(s) each (LO1 tracks 6 vs HI1 tracks 14) = 11 LKG paths/unit; x 5x60 unit cells = 3300; Scalar = 1/3300,,,,,,,,,,,,,,,11,11,1,6,14
x81zs_gategate07_b,GATEGATE110-P27-L-C:FTIML:PGD:CD:N4,GATEGATE,C,GATEGATE-<MOS>-C:FTIML:PGD:CD:<SKEW>,3300,0.00030303,PGD ETE: 11 active gate (VG) columns/unit x 1 LO<->HI tip-to-tip pair(s) each (LO1 tracks 6 vs HI1 tracks 14) = 11 LKG paths/unit; x 5x60 unit cells = 3300; Scalar = 1/3300,,,,,,,,,,,,,,,11,11,1,6,14
x81zs_gategate07_b,GATEGATE110-P27-L-C:FTIML:PGD:CD:N3,GATEGATE,C,GATEGATE-<MOS>-C:FTIML:PGD:CD:<SKEW>,3300,0.00030303,PGD ETE: 11 active gate (VG) columns/unit x 1 LO<->HI tip-to-tip pair(s) each (LO1 tracks 6 vs HI1 tracks 14) = 11 LKG paths/unit; x 5x60 unit cells = 3300; Scalar = 1/3300,,,,,,,,,,,,,,,11,11,1,6,14
x81zs_gategate07_b,GATEGATE110-P27-L-C:FTIML:PGD:CD:N2,GATEGATE,C,GATEGATE-<MOS>-C:FTIML:PGD:CD:<SKEW>,3300,0.00030303,PGD ETE: 11 active gate (VG) columns/unit x 1 LO<->HI tip-to-tip pair(s) each (LO1 tracks 6 vs HI1 tracks 14) = 11 LKG paths/unit; x 5x60 unit cells = 3300; Scalar = 1/3300,,,,,,,,,,,,,,,11,11,1,6,14
x81zs_gategate07_b,GATEGATE110-P27-L-C:FTIML:PGD:CD:N1,GATEGATE,C,GATEGATE-<MOS>-C:FTIML:PGD:CD:<SKEW>,3300,0.00030303,PGD ETE: 11 active gate (VG) columns/unit x 1 LO<->HI tip-to-tip pair(s) each (LO1 tracks 6 vs HI1 tracks 14) = 11 LKG paths/unit; x 5x60 unit cells = 3300; Scalar = 1/3300,,,,,,,,,,,,,,,11,11,1,6,14
x81zs_gategate07_b,GATEGATE110-P27-L-C:FTIML:PGD:CD:P1,GATEGATE,C,GATEGATE-<MOS>-C:FTIML:PGD:CD:<SKEW>,3300,0.00030303,PGD ETE: 11 active gate (VG) columns/unit x 1 LO<->HI tip-to-tip pair(s) each (LO1 tracks 6 vs HI1 tracks 14) = 11 LKG paths/unit; x 5x60 unit cells = 3300; Scalar = 1/3300,,,,,,,,,,,,,,,11,11,1,6,14
x81zs_gategate07_b,GATEGATE110-P27-L-C:FTIML:PGD:CD:P2,GATEGATE,C,GATEGATE-<MOS>-C:FTIML:PGD:CD:<SKEW>,3300,0.00030303,PGD ETE: 11 active gate (VG) columns/unit x 1 LO<->HI tip-to-tip pair(s) each (LO1 tracks 6 vs HI1 tracks 14) = 11 LKG paths/unit; x 5x60 unit cells = 3300; Scalar = 1/3300,,,,,,,,,,,,,,,11,11,1,6,14
x81zs_gategate07_b,GATEGATE110-P27-L-C:FTIML:PGD:CD:P3,GATEGATE,C,GATEGATE-<MOS>-C:FTIML:PGD:CD:<SKEW>,3300,0.00030303,PGD ETE: 11 active gate (VG) columns/unit x 1 LO<->HI tip-to-tip pair(s) each (LO1 tracks 6 vs HI1 tracks 14) = 11 LKG paths/unit; x 5x60 unit cells = 3300; Scalar = 1/3300,,,,,,,,,,,,,,,11,11,1,6,14
x81zs_gategate07_b,GATEGATE110-P27-L-C:FTIML:PGD:CD:P4,GATEGATE,C,GATEGATE-<MOS>-C:FTIML:PGD:CD:<SKEW>,3300,0.00030303,PGD ETE: 11 active gate (VG) columns/unit x 1 LO<->HI tip-to-tip pair(s) each (LO1 tracks 6 vs HI1 tracks 14) = 11 LKG paths/unit; x 5x60 unit cells = 3300; Scalar = 1/3300,,,,,,,,,,,,,,,11,11,1,6,14
x81zs_gategate07_b,GATEGATE110-P27-L-C:FTIML:PGD:CD:P5,GATEGATE,C,GATEGATE-<MOS>-C:FTIML:PGD:CD:<SKEW>,3300,0.00030303,PGD ETE: 11 active gate (VG) columns/unit x 1 LO<->HI tip-to-tip pair(s) each (LO1 tracks 6 vs HI1 tracks 14) = 11 LKG paths/unit; x 5x60 unit cells = 3300; Scalar = 1/3300,,,,,,,,,,,,,,,11,11,1,6,14
x81zs_gategate07_b,GATEGATE110-P27-L-C:FTIML:OGD:REG:N6,GATEGATE,C,GATEGATE-<MOS>-C:FTIML:OGD:REG:<SKEW>,3300,0.00030303,PGD ETE: 11 active gate (VG) columns/unit x 1 LO<->HI tip-to-tip pair(s) each (LO1 tracks 6 vs HI1 tracks 14) = 11 LKG paths/unit; x 5x60 unit cells = 3300; Scalar = 1/3300,,,,,,,,,,,,,,,11,11,1,6,14
x81zs_gategate07_b,GATEGATE110-P27-L-C:FTIML:OGD:REG:N4,GATEGATE,C,GATEGATE-<MOS>-C:FTIML:OGD:REG:<SKEW>,3300,0.00030303,PGD ETE: 11 active gate (VG) columns/unit x 1 LO<->HI tip-to-tip pair(s) each (LO1 tracks 6 vs HI1 tracks 14) = 11 LKG paths/unit; x 5x60 unit cells = 3300; Scalar = 1/3300,,,,,,,,,,,,,,,11,11,1,6,14
x81zs_gategate07_b,GATEGATE110-P27-L-C:FTIML:OGD:REG:N2,GATEGATE,C,GATEGATE-<MOS>-C:FTIML:OGD:REG:<SKEW>,3300,0.00030303,PGD ETE: 11 active gate (VG) columns/unit x 1 LO<->HI tip-to-tip pair(s) each (LO1 tracks 6 vs HI1 tracks 14) = 11 LKG paths/unit; x 5x60 unit cells = 3300; Scalar = 1/3300,,,,,,,,,,,,,,,11,11,1,6,14
x81zs_gategate07_b,GATEGATE110-P27-L-C:FTIML:OGD:REG:P2,GATEGATE,C,GATEGATE-<MOS>-C:FTIML:OGD:REG:<SKEW>,3300,0.00030303,PGD ETE: 11 active gate (VG) columns/unit x 1 LO<->HI tip-to-tip pair(s) each (LO1 tracks 6 vs HI1 tracks 14) = 11 LKG paths/unit; x 5x60 unit cells = 3300; Scalar = 1/3300,,,,,,,,,,,,,,,11,11,1,6,14
x81zs_gategate07_b,GATEGATE110-P27-L-C:FTIML:OGD:REG:P4,GATEGATE,C,GATEGATE-<MOS>-C:FTIML:OGD:REG:<SKEW>,3300,0.00030303,PGD ETE: 11 active gate (VG) columns/unit x 1 LO<->HI tip-to-tip pair(s) each (LO1 tracks 6 vs HI1 tracks 14) = 11 LKG paths/unit; x 5x60 unit cells = 3300; Scalar = 1/3300,,,,,,,,,,,,,,,11,11,1,6,14
x81zs_gategate07_b,GATEGATE110-P27-L-C:FTIML:OGD:REG:P6,GATEGATE,C,GATEGATE-<MOS>-C:FTIML:OGD:REG:<SKEW>,3300,0.00030303,PGD ETE: 11 active gate (VG) columns/unit x 1 LO<->HI tip-to-tip pair(s) each (LO1 tracks 6 vs HI1 tracks 14) = 11 LKG paths/unit; x 5x60 unit cells = 3300; Scalar = 1/3300,,,,,,,,,,,,,,,11,11,1,6,14
x81zs_gategate07_b,GATEGATE110-P27-L-C:FTIML:PGD:REG:N6,GATEGATE,C,GATEGATE-<MOS>-C:FTIML:PGD:REG:<SKEW>,3300,0.00030303,PGD ETE: 11 active gate (VG) columns/unit x 1 LO<->HI tip-to-tip pair(s) each (LO1 tracks 6 vs HI1 tracks 14) = 11 LKG paths/unit; x 5x60 unit cells = 3300; Scalar = 1/3300,,,,,,,,,,,,,,,11,11,1,6,14
x81zs_gategate07_b,GATEGATE110-P27-L-C:FTIML:PGD:REG:N4,GATEGATE,C,GATEGATE-<MOS>-C:FTIML:PGD:REG:<SKEW>,3300,0.00030303,PGD ETE: 11 active gate (VG) columns/unit x 1 LO<->HI tip-to-tip pair(s) each (LO1 tracks 6 vs HI1 tracks 14) = 11 LKG paths/unit; x 5x60 unit cells = 3300; Scalar = 1/3300,,,,,,,,,,,,,,,11,11,1,6,14
x81zs_gategate07_b,GATEGATE110-P27-L-C:FTIML:PGD:REG:N2,GATEGATE,C,GATEGATE-<MOS>-C:FTIML:PGD:REG:<SKEW>,3300,0.00030303,PGD ETE: 11 active gate (VG) columns/unit x 1 LO<->HI tip-to-tip pair(s) each (LO1 tracks 6 vs HI1 tracks 14) = 11 LKG paths/unit; x 5x60 unit cells = 3300; Scalar = 1/3300,,,,,,,,,,,,,,,11,11,1,6,14
x81zs_gategate07_b,GATEGATE110-P27-L-C:FTIML:PGD:REG:P2,GATEGATE,C,GATEGATE-<MOS>-C:FTIML:PGD:REG:<SKEW>,3300,0.00030303,PGD ETE: 11 active gate (VG) columns/unit x 1 LO<->HI tip-to-tip pair(s) each (LO1 tracks 6 vs HI1 tracks 14) = 11 LKG paths/unit; x 5x60 unit cells = 3300; Scalar = 1/3300,,,,,,,,,,,,,,,11,11,1,6,14
x81zs_gategate07_b,GATEGATE110-P27-L-C:FTIML:PGD:REG:P4,GATEGATE,C,GATEGATE-<MOS>-C:FTIML:PGD:REG:<SKEW>,3300,0.00030303,PGD ETE: 11 active gate (VG) columns/unit x 1 LO<->HI tip-to-tip pair(s) each (LO1 tracks 6 vs HI1 tracks 14) = 11 LKG paths/unit; x 5x60 unit cells = 3300; Scalar = 1/3300,,,,,,,,,,,,,,,11,11,1,6,14
x81zs_iso02_1,VT_MV_TCN/M0C_12/32_15/9_12x15_VTM0B/P_10_P_132CH,VIA_CHAIN,,VT_MV_TCN/M0C_12/32_15/9_12x15_VTM0B/P_10_P_132CH,,,,via chain -- out of scope,,,,,,,,,,,,,,,,,,
x81zs_iso02_1,VT_MV_TCN/M0C_12/32_15/9_12x15_VTM0B/P_11_P_132CH,VIA_CHAIN,,VT_MV_TCN/M0C_12/32_15/9_12x15_VTM0B/P_11_P_132CH,,,,via chain -- out of scope,,,,,,,,,,,,,,,,,,
x81zs_iso02_1,VT_MV_TCN/M0C_12/32_15/9_12x15_VTM0B/P_12_P_132CH,VIA_CHAIN,,VT_MV_TCN/M0C_12/32_15/9_12x15_VTM0B/P_12_P_132CH,,,,via chain -- out of scope,,,,,,,,,,,,,,,,,,
x81zs_iso02_1,VT_MV_TCN/M0C_12/32_15/9_12x15_VTM0B/P_0_N_132CH,VIA_CHAIN,,VT_MV_TCN/M0C_12/32_15/9_12x15_VTM0B/P_0_N_132CH,,,,via chain -- out of scope,,,,,,,,,,,,,,,,,,
x81zs_iso02_1,VT_MV_TCN/M0C_12/32_15/9_12x15_VTM0B/P_-3_N_132CH,VIA_CHAIN,,VT_MV_TCN/M0C_12/32_15/9_12x15_VTM0B/P_-3_N_132CH,,,,via chain -- out of scope,,,,,,,,,,,,,,,,,,
x81zs_iso02_1,VT_MV_TCN/M0C_12/32_15/9_12x15_VTM0B/P_-5_N_132CH,VIA_CHAIN,,VT_MV_TCN/M0C_12/32_15/9_12x15_VTM0B/P_-5_N_132CH,,,,via chain -- out of scope,,,,,,,,,,,,,,,,,,
x81zs_iso02_1,VT_MV_TCN/M0C_12/32_15/9_12x15_VTM0B/P_-7_N_132CH,VIA_CHAIN,,VT_MV_TCN/M0C_12/32_15/9_12x15_VTM0B/P_-7_N_132CH,,,,via chain -- out of scope,,,,,,,,,,,,,,,,,,
x81zs_iso02_1,VT_MV_TCN/M0C_12/32_15/9_12x15_VTM0B/P_-8_N_132CH,VIA_CHAIN,,VT_MV_TCN/M0C_12/32_15/9_12x15_VTM0B/P_-8_N_132CH,,,,via chain -- out of scope,,,,,,,,,,,,,,,,,,
x81zs_iso02_1,VT_MV_TCN/M0C_12/32_15/9_12x15_VTM0B/P_-9_N_132CH,VIA_CHAIN,,VT_MV_TCN/M0C_12/32_15/9_12x15_VTM0B/P_-9_N_132CH,,,,via chain -- out of scope,,,,,,,,,,,,,,,,,,
x81zs_iso02_1,VT_MV_TCN/M0C_12/32_15/9_12x15_VTM0B/P_-10_N_132CH,VIA_CHAIN,,VT_MV_TCN/M0C_12/32_15/9_12x15_VTM0B/P_-10_N_132CH,,,,via chain -- out of scope,,,,,,,,,,,,,,,,,,
x81zs_iso02_1,VT_MV_TCN/M0C_12/32_15/9_12x15_VTM0B/P_-11_N_132CH,VIA_CHAIN,,VT_MV_TCN/M0C_12/32_15/9_12x15_VTM0B/P_-11_N_132CH,,,,via chain -- out of scope,,,,,,,,,,,,,,,,,,
x81zs_iso02_1,VT_MV_TCN/M0C_12/32_15/9_12x15_VTM0B/P_-12_N_132CH,VIA_CHAIN,,VT_MV_TCN/M0C_12/32_15/9_12x15_VTM0B/P_-12_N_132CH,,,,via chain -- out of scope,,,,,,,,,,,,,,,,,,
x81zs_iso02_1,VT_MV_TCN/M0B_12/32_15/9_12x15_VTM0C/P_0_P_132CH,VIA_CHAIN,,VT_MV_TCN/M0B_12/32_15/9_12x15_VTM0C/P_0_P_132CH,,,,via chain -- out of scope,,,,,,,,,,,,,,,,,,
x81zs_iso02_1,VT_MV_TCN/M0B_12/32_15/9_12x15_VTM0C/P_3_P_132CH,VIA_CHAIN,,VT_MV_TCN/M0B_12/32_15/9_12x15_VTM0C/P_3_P_132CH,,,,via chain -- out of scope,,,,,,,,,,,,,,,,,,
x81zs_iso02_1,VT_MV_TCN/M0B_12/32_15/9_12x15_VTM0C/P_5_P_132CH,VIA_CHAIN,,VT_MV_TCN/M0B_12/32_15/9_12x15_VTM0C/P_5_P_132CH,,,,via chain -- out of scope,,,,,,,,,,,,,,,,,,
x81zs_iso02_1,VT_MV_TCN/M0B_12/32_15/9_12x15_VTM0C/P_7_P_132CH,VIA_CHAIN,,VT_MV_TCN/M0B_12/32_15/9_12x15_VTM0C/P_7_P_132CH,,,,via chain -- out of scope,,,,,,,,,,,,,,,,,,
x81zs_iso02_1,VT_MV_TCN/M0B_12/32_15/9_12x15_VTM0C/P_8_P_132CH,VIA_CHAIN,,VT_MV_TCN/M0B_12/32_15/9_12x15_VTM0C/P_8_P_132CH,,,,via chain -- out of scope,,,,,,,,,,,,,,,,,,
x81zs_iso02_1,VT_MV_TCN/M0B_12/32_15/9_12x15_VTM0C/P_9_P_132CH,VIA_CHAIN,,VT_MV_TCN/M0B_12/32_15/9_12x15_VTM0C/P_9_P_132CH,,,,via chain -- out of scope,,,,,,,,,,,,,,,,,,
x81zs_iso02_1,VT_MV_TCN/M0B_12/32_15/9_12x15_VTM0C/P_10_P_132CH,VIA_CHAIN,,VT_MV_TCN/M0B_12/32_15/9_12x15_VTM0C/P_10_P_132CH,,,,via chain -- out of scope,,,,,,,,,,,,,,,,,,
x81zs_iso02_1,VT_MV_TCN/M0B_12/32_15/9_12x15_VTM0C/P_11_P_132CH,VIA_CHAIN,,VT_MV_TCN/M0B_12/32_15/9_12x15_VTM0C/P_11_P_132CH,,,,via chain -- out of scope,,,,,,,,,,,,,,,,,,
x81zs_iso02_1,VT_MV_TCN/M0B_12/32_15/9_12x15_VTM0C/P_12_P_132CH,VIA_CHAIN,,VT_MV_TCN/M0B_12/32_15/9_12x15_VTM0C/P_12_P_132CH,,,,via chain -- out of scope,,,,,,,,,,,,,,,,,,
x81zs_iso02_1,VT_MV_TCN/M0B_12/32_15/9_12x15_VTM0C/P_0_N_132CH,VIA_CHAIN,,VT_MV_TCN/M0B_12/32_15/9_12x15_VTM0C/P_0_N_132CH,,,,via chain -- out of scope,,,,,,,,,,,,,,,,,,
x81zs_iso02_1,VT_MV_TCN/M0B_12/32_15/9_12x15_VTM0C/P_-3_N_132CH,VIA_CHAIN,,VT_MV_TCN/M0B_12/32_15/9_12x15_VTM0C/P_-3_N_132CH,,,,via chain -- out of scope,,,,,,,,,,,,,,,,,,
x81zs_iso02_1,VT_MV_TCN/M0B_12/32_15/9_12x15_VTM0C/P_-5_N_132CH,VIA_CHAIN,,VT_MV_TCN/M0B_12/32_15/9_12x15_VTM0C/P_-5_N_132CH,,,,via chain -- out of scope,,,,,,,,,,,,,,,,,,
x81zs_iso02_1,VT_MV_TCN/M0B_12/32_15/9_12x15_VTM0C/P_-7_N_132CH,VIA_CHAIN,,VT_MV_TCN/M0B_12/32_15/9_12x15_VTM0C/P_-7_N_132CH,,,,via chain -- out of scope,,,,,,,,,,,,,,,,,,
x81zs_iso02_1,VT_MV_TCN/M0B_12/32_15/9_12x15_VTM0C/P_-8_N_132CH,VIA_CHAIN,,VT_MV_TCN/M0B_12/32_15/9_12x15_VTM0C/P_-8_N_132CH,,,,via chain -- out of scope,,,,,,,,,,,,,,,,,,
x81zs_iso02_1,VT_MV_TCN/M0B_12/32_15/9_12x15_VTM0C/P_-9_N_132CH,VIA_CHAIN,,VT_MV_TCN/M0B_12/32_15/9_12x15_VTM0C/P_-9_N_132CH,,,,via chain -- out of scope,,,,,,,,,,,,,,,,,,
x81zs_iso02_1,VT_MV_TCN/M0B_12/32_15/9_12x15_VTM0C/P_-10_N_132CH,VIA_CHAIN,,VT_MV_TCN/M0B_12/32_15/9_12x15_VTM0C/P_-10_N_132CH,,,,via chain -- out of scope,,,,,,,,,,,,,,,,,,
x81zs_iso02_1,VT_MV_TCN/M0B_12/32_15/9_12x15_VTM0C/P_-11_N_132CH,VIA_CHAIN,,VT_MV_TCN/M0B_12/32_15/9_12x15_VTM0C/P_-11_N_132CH,,,,via chain -- out of scope,,,,,,,,,,,,,,,,,,
x81zs_iso02_1,VT_MV_TCN/M0B_12/32_15/9_12x15_VTM0C/P_-12_N_132CH,VIA_CHAIN,,VT_MV_TCN/M0B_12/32_15/9_12x15_VTM0C/P_-12_N_132CH,,,,via chain -- out of scope,,,,,,,,,,,,,,,,,,
x81zs_iso02_1,VT_MV_TCN/M0B_12/32_14/9_12X14_VTM0C_0_165CH,VIA_CHAIN,,VT_MV_TCN/M0B_12/32_14/9_12X14_VTM0C_0_165CH,,,,via chain -- out of scope,,,,,,,,,,,,,,,,,,
x81zs_iso02_1,VT_MV_TCN/M0B_12/32_14/9_12X14_VTM0C_3_165CH,VIA_CHAIN,,VT_MV_TCN/M0B_12/32_14/9_12X14_VTM0C_3_165CH,,,,via chain -- out of scope,,,,,,,,,,,,,,,,,,
x81zs_iso02_1,VT_MV_TCN/M0B_12/32_14/9_12X14_VTM0C_5_165CH,VIA_CHAIN,,VT_MV_TCN/M0B_12/32_14/9_12X14_VTM0C_5_165CH,,,,via chain -- out of scope,,,,,,,,,,,,,,,,,,
x81zs_iso02_1,VT_MV_TCN/M0B_12/32_14/9_12X14_VTM0C_7_165CH,VIA_CHAIN,,VT_MV_TCN/M0B_12/32_14/9_12X14_VTM0C_7_165CH,,,,via chain -- out of scope,,,,,,,,,,,,,,,,,,
x81zs_iso02_1,VT_MV_TCN/M0B_12/32_14/9_12X14_VTM0C_8_165CH,VIA_CHAIN,,VT_MV_TCN/M0B_12/32_14/9_12X14_VTM0C_8_165CH,,,,via chain -- out of scope,,,,,,,,,,,,,,,,,,
x81zs_iso02_1,VT_MV_TCN/M0B_12/32_14/9_12X14_VTM0C_9_165CH,VIA_CHAIN,,VT_MV_TCN/M0B_12/32_14/9_12X14_VTM0C_9_165CH,,,,via chain -- out of scope,,,,,,,,,,,,,,,,,,
x81zs_iso02_1,VT_MV_TCN/M0B_12/32_14/9_12X14_VTM0C_10_165CH,VIA_CHAIN,,VT_MV_TCN/M0B_12/32_14/9_12X14_VTM0C_10_165CH,,,,via chain -- out of scope,,,,,,,,,,,,,,,,,,
x81zs_iso02_1,VT_MV_TCN/M0B_12/32_14/9_12X14_VTM0C_11_165CH,VIA_CHAIN,,VT_MV_TCN/M0B_12/32_14/9_12X14_VTM0C_11_165CH,,,,via chain -- out of scope,,,,,,,,,,,,,,,,,,
x81zs_iso02_1,VT_MV_TCN/M0B_12/32_14/9_12X14_VTM0C_12_165CH,VIA_CHAIN,,VT_MV_TCN/M0B_12/32_14/9_12X14_VTM0C_12_165CH,,,,via chain -- out of scope,,,,,,,,,,,,,,,,,,
x81zs_iso02_1,VT_MV_TCN/M0B_12/32_14/9_12X14_VTM0C_-3_165CH,VIA_CHAIN,,VT_MV_TCN/M0B_12/32_14/9_12X14_VTM0C_-3_165CH,,,,via chain -- out of scope,,,,,,,,,,,,,,,,,,
x81zs_iso02_1,VT_MV_TCN/M0B_12/32_14/9_12X14_VTM0C_-5_165CH,VIA_CHAIN,,VT_MV_TCN/M0B_12/32_14/9_12X14_VTM0C_-5_165CH,,,,via chain -- out of scope,,,,,,,,,,,,,,,,,,
x81zs_iso02_1,VT_MV_TCN/M0B_12/32_14/9_12X14_VTM0C_-7_165CH,VIA_CHAIN,,VT_MV_TCN/M0B_12/32_14/9_12X14_VTM0C_-7_165CH,,,,via chain -- out of scope,,,,,,,,,,,,,,,,,,
x81zs_iso02_1,VT_MV_TCN/M0B_12/32_14/9_12X14_VTM0C_-8_165CH,VIA_CHAIN,,VT_MV_TCN/M0B_12/32_14/9_12X14_VTM0C_-8_165CH,,,,via chain -- out of scope,,,,,,,,,,,,,,,,,,
x81zs_iso02_1,VT_MV_TCN/M0B_12/32_14/9_12X14_VTM0C_-9_165CH,VIA_CHAIN,,VT_MV_TCN/M0B_12/32_14/9_12X14_VTM0C_-9_165CH,,,,via chain -- out of scope,,,,,,,,,,,,,,,,,,
x81zs_iso02_1,VT_MV_TCN/M0B_12/32_14/9_12X14_VTM0C_-10_165CH,VIA_CHAIN,,VT_MV_TCN/M0B_12/32_14/9_12X14_VTM0C_-10_165CH,,,,via chain -- out of scope,,,,,,,,,,,,,,,,,,
x81zs_iso02_1,VT_MV_TCN/M0B_12/32_14/9_12X14_VTM0C_-11_165CH,VIA_CHAIN,,VT_MV_TCN/M0B_12/32_14/9_12X14_VTM0C_-11_165CH,,,,via chain -- out of scope,,,,,,,,,,,,,,,,,,
x81zs_iso02_1,VT_MV_TCN/M0B_12/32_14/9_12X14_VTM0C_-12_165CH,VIA_CHAIN,,VT_MV_TCN/M0B_12/32_14/9_12X14_VTM0C_-12_165CH,,,,via chain -- out of scope,,,,,,,,,,,,,,,,,,
x81zs_iso02_1,VT_MV_TCN/M0B_12/32_14/9_12X14_VTM0C/P_0_P_165CH,VIA_CHAIN,,VT_MV_TCN/M0B_12/32_14/9_12X14_VTM0C/P_0_P_165CH,,,,via chain -- out of scope,,,,,,,,,,,,,,,,,,
x81zs_iso02_1,VT_MV_TCN/M0B_12/32_14/9_12X14_VTM0C/P_3_P_165CH,VIA_CHAIN,,VT_MV_TCN/M0B_12/32_14/9_12X14_VTM0C/P_3_P_165CH,,,,via chain -- out of scope,,,,,,,,,,,,,,,,,,
x81zs_iso02_1,VT_MV_TCN/M0B_12/32_14/9_12X14_VTM0C/P_5_P_165CH,VIA_CHAIN,,VT_MV_TCN/M0B_12/32_14/9_12X14_VTM0C/P_5_P_165CH,,,,via chain -- out of scope,,,,,,,,,,,,,,,,,,
x81zs_iso02_1,VT_MV_TCN/M0B_12/32_14/9_12X14_VTM0C/P_7_P_165CH,VIA_CHAIN,,VT_MV_TCN/M0B_12/32_14/9_12X14_VTM0C/P_7_P_165CH,,,,via chain -- out of scope,,,,,,,,,,,,,,,,,,
x81zs_iso02_1,VT_MV_TCN/M0B_12/32_14/9_12X14_VTM0C/P_8_P_165CH,VIA_CHAIN,,VT_MV_TCN/M0B_12/32_14/9_12X14_VTM0C/P_8_P_165CH,,,,via chain -- out of scope,,,,,,,,,,,,,,,,,,
x81zs_iso02_1,VT_MV_TCN/M0B_12/32_14/9_12X14_VTM0C/P_9_P_165CH,VIA_CHAIN,,VT_MV_TCN/M0B_12/32_14/9_12X14_VTM0C/P_9_P_165CH,,,,via chain -- out of scope,,,,,,,,,,,,,,,,,,
x81zs_iso02_1,VT_MV_TCN/M0B_12/32_14/9_12X14_VTM0C/P_10_P_165CH,VIA_CHAIN,,VT_MV_TCN/M0B_12/32_14/9_12X14_VTM0C/P_10_P_165CH,,,,via chain -- out of scope,,,,,,,,,,,,,,,,,,
x81zs_iso02_1,VT_MV_TCN/M0B_12/32_14/9_12X14_VTM0C/P_11_P_165CH,VIA_CHAIN,,VT_MV_TCN/M0B_12/32_14/9_12X14_VTM0C/P_11_P_165CH,,,,via chain -- out of scope,,,,,,,,,,,,,,,,,,
x81zs_iso02_1,VT_MV_TCN/M0B_12/32_14/9_12X14_VTM0C/P_12_P_165CH,VIA_CHAIN,,VT_MV_TCN/M0B_12/32_14/9_12X14_VTM0C/P_12_P_165CH,,,,via chain -- out of scope,,,,,,,,,,,,,,,,,,
x81zs_iso02_1,VT_MV_TCN/M0B_12/32_14/9_12X14_VTM0C/N_0_N_165CH,VIA_CHAIN,,VT_MV_TCN/M0B_12/32_14/9_12X14_VTM0C/N_0_N_165CH,,,,via chain -- out of scope,,,,,,,,,,,,,,,,,,
x81zs_iso02_1,VT_MV_TCN/M0B_12/32_14/9_12X14_VTM0C/N_-3_N_165CH,VIA_CHAIN,,VT_MV_TCN/M0B_12/32_14/9_12X14_VTM0C/N_-3_N_165CH,,,,via chain -- out of scope,,,,,,,,,,,,,,,,,,
x81zs_iso02_1,VT_MV_TCN/M0B_12/32_14/9_12X14_VTM0C/N_-5_N_165CH,VIA_CHAIN,,VT_MV_TCN/M0B_12/32_14/9_12X14_VTM0C/N_-5_N_165CH,,,,via chain -- out of scope,,,,,,,,,,,,,,,,,,
x81zs_iso02_1,VT_MV_TCN/M0B_12/32_14/9_12X14_VTM0C/N_-7_N_165CH,VIA_CHAIN,,VT_MV_TCN/M0B_12/32_14/9_12X14_VTM0C/N_-7_N_165CH,,,,via chain -- out of scope,,,,,,,,,,,,,,,,,,
x81zs_iso02_1,VT_MV_TCN/M0B_12/32_14/9_12X14_VTM0C/N_-8_N_165CH,VIA_CHAIN,,VT_MV_TCN/M0B_12/32_14/9_12X14_VTM0C/N_-8_N_165CH,,,,via chain -- out of scope,,,,,,,,,,,,,,,,,,
x81zs_iso02_1,VT_MV_TCN/M0B_12/32_14/9_12X14_VTM0C/N_-9_N_165CH,VIA_CHAIN,,VT_MV_TCN/M0B_12/32_14/9_12X14_VTM0C/N_-9_N_165CH,,,,via chain -- out of scope,,,,,,,,,,,,,,,,,,
x81zs_iso02_1,VT_MV_TCN/M0B_12/32_14/9_12X14_VTM0C/N_-10_N_165CH,VIA_CHAIN,,VT_MV_TCN/M0B_12/32_14/9_12X14_VTM0C/N_-10_N_165CH,,,,via chain -- out of scope,,,,,,,,,,,,,,,,,,
x81zs_iso02_1,VT_MV_TCN/M0B_12/32_14/9_12X14_VTM0C/N_-11_N_165CH,VIA_CHAIN,,VT_MV_TCN/M0B_12/32_14/9_12X14_VTM0C/N_-11_N_165CH,,,,via chain -- out of scope,,,,,,,,,,,,,,,,,,
x81zs_iso02_1,VT_MV_TCN/M0B_12/32_14/9_12X14_VTM0C/N_-12_N_165CH,VIA_CHAIN,,VT_MV_TCN/M0B_12/32_14/9_12X14_VTM0C/N_-12_N_165CH,,,,via chain -- out of scope,,,,,,,,,,,,,,,,,,
x81zs_iso02_1,VCR_MV_TCN/M0C_12/32_17/9_16.8X44_VCRM0B_0_110H,VIA_CHAIN,,VCR_MV_TCN/M0C_12/32_17/9_16.8X44_VCRM0B_0_110H,,,,via chain -- out of scope,,,,,,,,,,,,,,,,,,
x81zs_iso02_1,VCR_MV_TCN/M0C_12/32_17/9_16.8X44_VCRM0B_3_110H,VIA_CHAIN,,VCR_MV_TCN/M0C_12/32_17/9_16.8X44_VCRM0B_3_110H,,,,via chain -- out of scope,,,,,,,,,,,,,,,,,,
x81zs_iso02_1,VCR_MV_TCN/M0C_12/32_17/9_16.8X44_VCRM0B_5_110H,VIA_CHAIN,,VCR_MV_TCN/M0C_12/32_17/9_16.8X44_VCRM0B_5_110H,,,,via chain -- out of scope,,,,,,,,,,,,,,,,,,
x81zs_iso02_1,VCR_MV_TCN/M0C_12/32_17/9_16.8X44_VCRM0B_7_110H,VIA_CHAIN,,VCR_MV_TCN/M0C_12/32_17/9_16.8X44_VCRM0B_7_110H,,,,via chain -- out of scope,,,,,,,,,,,,,,,,,,
x81zs_iso02_1,VCR_MV_TCN/M0C_12/32_17/9_16.8X44_VCRM0B_9_110H,VIA_CHAIN,,VCR_MV_TCN/M0C_12/32_17/9_16.8X44_VCRM0B_9_110H,,,,via chain -- out of scope,,,,,,,,,,,,,,,,,,
x81zs_iso02_1,VCR_MV_TCN/M0C_12/32_17/9_16.8X44_VCRM0B_11_110H,VIA_CHAIN,,VCR_MV_TCN/M0C_12/32_17/9_16.8X44_VCRM0B_11_110H,,,,via chain -- out of scope,,,,,,,,,,,,,,,,,,
x81zs_iso02_1,VCR_MV_TCN/M0C_12/32_17/9_16.8X44_VCRM0B_12_110H,VIA_CHAIN,,VCR_MV_TCN/M0C_12/32_17/9_16.8X44_VCRM0B_12_110H,,,,via chain -- out of scope,,,,,,,,,,,,,,,,,,
x81zs_iso02_1,VCR_MV_TCN/M0C_12/32_17/9_16.8X44_VCRM0B_13_110H,VIA_CHAIN,,VCR_MV_TCN/M0C_12/32_17/9_16.8X44_VCRM0B_13_110H,,,,via chain -- out of scope,,,,,,,,,,,,,,,,,,
x81zs_iso02_1,VCR_MV_TCN/M0C_12/32_17/9_16.8X44_VCRM0B_14_110H,VIA_CHAIN,,VCR_MV_TCN/M0C_12/32_17/9_16.8X44_VCRM0B_14_110H,,,,via chain -- out of scope,,,,,,,,,,,,,,,,,,
x81zs_iso02_1,VCR_MV_TCN/M0C_12/32_17/9_16.8X44_VCRM0B_-3_110H,VIA_CHAIN,,VCR_MV_TCN/M0C_12/32_17/9_16.8X44_VCRM0B_-3_110H,,,,via chain -- out of scope,,,,,,,,,,,,,,,,,,
x81zs_iso02_1,VCR_MV_TCN/M0C_12/32_17/9_16.8X44_VCRM0B_-5_110H,VIA_CHAIN,,VCR_MV_TCN/M0C_12/32_17/9_16.8X44_VCRM0B_-5_110H,,,,via chain -- out of scope,,,,,,,,,,,,,,,,,,
x81zs_iso02_1,VCR_MV_TCN/M0C_12/32_17/9_16.8X44_VCRM0B_-7_110H,VIA_CHAIN,,VCR_MV_TCN/M0C_12/32_17/9_16.8X44_VCRM0B_-7_110H,,,,via chain -- out of scope,,,,,,,,,,,,,,,,,,
x81zs_iso02_1,VCR_MV_TCN/M0C_12/32_17/9_16.8X44_VCRM0B_-9_110H,VIA_CHAIN,,VCR_MV_TCN/M0C_12/32_17/9_16.8X44_VCRM0B_-9_110H,,,,via chain -- out of scope,,,,,,,,,,,,,,,,,,
x81zs_iso02_1,VCR_MV_TCN/M0C_12/32_17/9_16.8X44_VCRM0B_-11_110H,VIA_CHAIN,,VCR_MV_TCN/M0C_12/32_17/9_16.8X44_VCRM0B_-11_110H,,,,via chain -- out of scope,,,,,,,,,,,,,,,,,,
x81zs_iso02_1,VCR_MV_TCN/M0C_12/32_17/9_16.8X44_VCRM0B_-12_110H,VIA_CHAIN,,VCR_MV_TCN/M0C_12/32_17/9_16.8X44_VCRM0B_-12_110H,,,,via chain -- out of scope,,,,,,,,,,,,,,,,,,
x81zs_iso02_1,VCR_MV_TCN/M0C_12/32_17/9_16.8X44_VCRM0B_-13_110H,VIA_CHAIN,,VCR_MV_TCN/M0C_12/32_17/9_16.8X44_VCRM0B_-13_110H,,,,via chain -- out of scope,,,,,,,,,,,,,,,,,,
x81zs_iso02_1,VCR_MV_TCN/M0C_12/32_17/9_16.8X44_VCRM0B_-14_110H,VIA_CHAIN,,VCR_MV_TCN/M0C_12/32_17/9_16.8X44_VCRM0B_-14_110H,,,,via chain -- out of scope,,,,,,,,,,,,,,,,,,
x81zs_iso02_1,VCR_MV_TCN/M0C_12/32_17/9_20.8X44_VCRM0B_0_110H,VIA_CHAIN,,VCR_MV_TCN/M0C_12/32_17/9_20.8X44_VCRM0B_0_110H,,,,via chain -- out of scope,,,,,,,,,,,,,,,,,,
x81zs_iso02_1,VCR_MV_TCN/M0C_12/32_17/9_20.8X44_VCRM0B_3_110H,VIA_CHAIN,,VCR_MV_TCN/M0C_12/32_17/9_20.8X44_VCRM0B_3_110H,,,,via chain -- out of scope,,,,,,,,,,,,,,,,,,
x81zs_iso02_1,VCR_MV_TCN/M0C_12/32_17/9_20.8X44_VCRM0B_5_110H,VIA_CHAIN,,VCR_MV_TCN/M0C_12/32_17/9_20.8X44_VCRM0B_5_110H,,,,via chain -- out of scope,,,,,,,,,,,,,,,,,,
x81zs_iso02_1,VCR_MV_TCN/M0C_12/32_17/9_20.8X44_VCRM0B_7_110H,VIA_CHAIN,,VCR_MV_TCN/M0C_12/32_17/9_20.8X44_VCRM0B_7_110H,,,,via chain -- out of scope,,,,,,,,,,,,,,,,,,
x81zs_iso02_1,VCR_MV_TCN/M0C_12/32_17/9_20.8X44_VCRM0B_9_110H,VIA_CHAIN,,VCR_MV_TCN/M0C_12/32_17/9_20.8X44_VCRM0B_9_110H,,,,via chain -- out of scope,,,,,,,,,,,,,,,,,,
x81zs_iso02_1,VCR_MV_TCN/M0C_12/32_17/9_20.8X44_VCRM0B_11_110H,VIA_CHAIN,,VCR_MV_TCN/M0C_12/32_17/9_20.8X44_VCRM0B_11_110H,,,,via chain -- out of scope,,,,,,,,,,,,,,,,,,
x81zs_iso02_1,VCR_MV_TCN/M0C_12/32_17/9_20.8X44_VCRM0B_12_110H,VIA_CHAIN,,VCR_MV_TCN/M0C_12/32_17/9_20.8X44_VCRM0B_12_110H,,,,via chain -- out of scope,,,,,,,,,,,,,,,,,,
x81zs_iso02_1,VCR_MV_TCN/M0C_12/32_17/9_20.8X44_VCRM0B_13_110H,VIA_CHAIN,,VCR_MV_TCN/M0C_12/32_17/9_20.8X44_VCRM0B_13_110H,,,,via chain -- out of scope,,,,,,,,,,,,,,,,,,
x81zs_iso02_1,VCR_MV_TCN/M0C_12/32_17/9_20.8X44_VCRM0B_14_110H,VIA_CHAIN,,VCR_MV_TCN/M0C_12/32_17/9_20.8X44_VCRM0B_14_110H,,,,via chain -- out of scope,,,,,,,,,,,,,,,,,,
x81zs_iso02_1,VCR_MV_TCN/M0C_12/32_17/9_20.8X44_VCRM0B_-3_110H,VIA_CHAIN,,VCR_MV_TCN/M0C_12/32_17/9_20.8X44_VCRM0B_-3_110H,,,,via chain -- out of scope,,,,,,,,,,,,,,,,,,
x81zs_iso02_1,VCR_MV_TCN/M0C_12/32_17/9_20.8X44_VCRM0B_-5_110H,VIA_CHAIN,,VCR_MV_TCN/M0C_12/32_17/9_20.8X44_VCRM0B_-5_110H,,,,via chain -- out of scope,,,,,,,,,,,,,,,,,,
x81zs_iso02_1,VCR_MV_TCN/M0C_12/32_17/9_20.8X44_VCRM0B_-7_110H,VIA_CHAIN,,VCR_MV_TCN/M0C_12/32_17/9_20.8X44_VCRM0B_-7_110H,,,,via chain -- out of scope,,,,,,,,,,,,,,,,,,
x81zs_iso02_1,VCR_MV_TCN/M0C_12/32_17/9_20.8X44_VCRM0B_-9_110H,VIA_CHAIN,,VCR_MV_TCN/M0C_12/32_17/9_20.8X44_VCRM0B_-9_110H,,,,via chain -- out of scope,,,,,,,,,,,,,,,,,,
x81zs_iso02_1,VCR_MV_TCN/M0C_12/32_17/9_20.8X44_VCRM0B_-11_110H,VIA_CHAIN,,VCR_MV_TCN/M0C_12/32_17/9_20.8X44_VCRM0B_-11_110H,,,,via chain -- out of scope,,,,,,,,,,,,,,,,,,
x81zs_iso02_1,VCR_MV_TCN/M0C_12/32_17/9_20.8X44_VCRM0B_-12_110H,VIA_CHAIN,,VCR_MV_TCN/M0C_12/32_17/9_20.8X44_VCRM0B_-12_110H,,,,via chain -- out of scope,,,,,,,,,,,,,,,,,,
x81zs_iso02_1,VCR_MV_TCN/M0C_12/32_17/9_20.8X44_VCRM0B_-13_110H,VIA_CHAIN,,VCR_MV_TCN/M0C_12/32_17/9_20.8X44_VCRM0B_-13_110H,,,,via chain -- out of scope,,,,,,,,,,,,,,,,,,
x81zs_iso02_1,VCR_MV_TCN/M0C_12/32_17/9_20.8X44_VCRM0B_-14_110H,VIA_CHAIN,,VCR_MV_TCN/M0C_12/32_17/9_20.8X44_VCRM0B_-14_110H,,,,via chain -- out of scope,,,,,,,,,,,,,,,,,,
x81zs_iso02_1,VCR_MV_TCN/M0C_12/32_17/9_12X44_VCRM0B_0_110H_NOVCRNUB,VIA_CHAIN,,VCR_MV_TCN/M0C_12/32_17/9_12X44_VCRM0B_0_110H_NOVCRNUB,,,,via chain -- out of scope,,,,,,,,,,,,,,,,,,
x81zs_iso02_1,VCR_MV_TCN/M0C_12/32_17/9_12X44_VCRM0B_3_110H_NOVCRNUB,VIA_CHAIN,,VCR_MV_TCN/M0C_12/32_17/9_12X44_VCRM0B_3_110H_NOVCRNUB,,,,via chain -- out of scope,,,,,,,,,,,,,,,,,,
x81zs_iso02_1,VCR_MV_TCN/M0C_12/32_17/9_12X44_VCRM0B_5_110H_NOVCRNUB,VIA_CHAIN,,VCR_MV_TCN/M0C_12/32_17/9_12X44_VCRM0B_5_110H_NOVCRNUB,,,,via chain -- out of scope,,,,,,,,,,,,,,,,,,
x81zs_iso02_1,VCR_MV_TCN/M0C_12/32_17/9_12X44_VCRM0B_7_110H_NOVCRNUB,VIA_CHAIN,,VCR_MV_TCN/M0C_12/32_17/9_12X44_VCRM0B_7_110H_NOVCRNUB,,,,via chain -- out of scope,,,,,,,,,,,,,,,,,,
x81zs_iso02_1,VCR_MV_TCN/M0C_12/32_17/9_12X44_VCRM0B_9_110H_NOVCRNUB,VIA_CHAIN,,VCR_MV_TCN/M0C_12/32_17/9_12X44_VCRM0B_9_110H_NOVCRNUB,,,,via chain -- out of scope,,,,,,,,,,,,,,,,,,
x81zs_iso02_1,VCR_MV_TCN/M0C_12/32_17/9_12X44_VCRM0B_11_110H_NOVCRNUB,VIA_CHAIN,,VCR_MV_TCN/M0C_12/32_17/9_12X44_VCRM0B_11_110H_NOVCRNUB,,,,via chain -- out of scope,,,,,,,,,,,,,,,,,,
x81zs_iso02_1,VCR_MV_TCN/M0C_12/32_17/9_12X44_VCRM0B_12_110H_NOVCRNUB,VIA_CHAIN,,VCR_MV_TCN/M0C_12/32_17/9_12X44_VCRM0B_12_110H_NOVCRNUB,,,,via chain -- out of scope,,,,,,,,,,,,,,,,,,
x81zs_iso02_1,VCR_MV_TCN/M0C_12/32_17/9_12X44_VCRM0B_13_110H_NOVCRNUB,VIA_CHAIN,,VCR_MV_TCN/M0C_12/32_17/9_12X44_VCRM0B_13_110H_NOVCRNUB,,,,via chain -- out of scope,,,,,,,,,,,,,,,,,,
x81zs_iso02_1,VCR_MV_TCN/M0C_12/32_17/9_12X44_VCRM0B_14_110H_NOVCRNUB,VIA_CHAIN,,VCR_MV_TCN/M0C_12/32_17/9_12X44_VCRM0B_14_110H_NOVCRNUB,,,,via chain -- out of scope,,,,,,,,,,,,,,,,,,
x81zs_iso02_1,VCR_MV_TCN/M0C_12/32_17/9_12X44_VCRM0B_-3_110H_NOVCRNUB,VIA_CHAIN,,VCR_MV_TCN/M0C_12/32_17/9_12X44_VCRM0B_-3_110H_NOVCRNUB,,,,via chain -- out of scope,,,,,,,,,,,,,,,,,,
x81zs_iso02_1,VCR_MV_TCN/M0C_12/32_17/9_12X44_VCRM0B_-5_110H_NOVCRNUB,VIA_CHAIN,,VCR_MV_TCN/M0C_12/32_17/9_12X44_VCRM0B_-5_110H_NOVCRNUB,,,,via chain -- out of scope,,,,,,,,,,,,,,,,,,
x81zs_iso03_vcr1,VCR_MV_TCN/M0C_12/32_17/9_12X44_VCRM0B_-7_110H_NOVCRNUB,VIA_CHAIN,,VCR_MV_TCN/M0C_12/32_17/9_12X44_VCRM0B_-7_110H_NOVCRNUB,,,,via chain -- out of scope,,,,,,,,,,,,,,,,,,
x81zs_iso03_vcr1,VCR_MV_TCN/M0C_12/32_17/9_12X44_VCRM0B_-9_110H_NOVCRNUB,VIA_CHAIN,,VCR_MV_TCN/M0C_12/32_17/9_12X44_VCRM0B_-9_110H_NOVCRNUB,,,,via chain -- out of scope,,,,,,,,,,,,,,,,,,
x81zs_iso03_vcr1,VCR_MV_TCN/M0C_12/32_17/9_12X44_VCRM0B_-11_110H_NOVCRNUB,VIA_CHAIN,,VCR_MV_TCN/M0C_12/32_17/9_12X44_VCRM0B_-11_110H_NOVCRNUB,,,,via chain -- out of scope,,,,,,,,,,,,,,,,,,
x81zs_iso03_vcr1,VCR_MV_TCN/M0C_12/32_17/9_12X44_VCRM0B_-12_110H_NOVCRNUB,VIA_CHAIN,,VCR_MV_TCN/M0C_12/32_17/9_12X44_VCRM0B_-12_110H_NOVCRNUB,,,,via chain -- out of scope,,,,,,,,,,,,,,,,,,
x81zs_iso03_vcr1,VCR_MV_TCN/M0C_12/32_17/9_12X44_VCRM0B_-13_110H_NOVCRNUB,VIA_CHAIN,,VCR_MV_TCN/M0C_12/32_17/9_12X44_VCRM0B_-13_110H_NOVCRNUB,,,,via chain -- out of scope,,,,,,,,,,,,,,,,,,
x81zs_iso03_vcr1,VCR_MV_TCN/M0C_12/32_17/9_12X44_VCRM0B_-14_110H_NOVCRNUB,VIA_CHAIN,,VCR_MV_TCN/M0C_12/32_17/9_12X44_VCRM0B_-14_110H_NOVCRNUB,,,,via chain -- out of scope,,,,,,,,,,,,,,,,,,
x81zs_iso03_vcr1,VCR_MV_TCN/M0B_12/32_17/9_16.8X44_VCRM0C_0_110H,VIA_CHAIN,,VCR_MV_TCN/M0B_12/32_17/9_16.8X44_VCRM0C_0_110H,,,,via chain -- out of scope,,,,,,,,,,,,,,,,,,
x81zs_iso03_vcr1,VCR_MV_TCN/M0B_12/32_17/9_16.8X44_VCRM0C_3_110H,VIA_CHAIN,,VCR_MV_TCN/M0B_12/32_17/9_16.8X44_VCRM0C_3_110H,,,,via chain -- out of scope,,,,,,,,,,,,,,,,,,
x81zs_iso03_vcr1,VCR_MV_TCN/M0B_12/32_17/9_16.8X44_VCRM0C_5_110H,VIA_CHAIN,,VCR_MV_TCN/M0B_12/32_17/9_16.8X44_VCRM0C_5_110H,,,,via chain -- out of scope,,,,,,,,,,,,,,,,,,
x81zs_iso03_vcr1,VCR_MV_TCN/M0B_12/32_17/9_16.8X44_VCRM0C_7_110H,VIA_CHAIN,,VCR_MV_TCN/M0B_12/32_17/9_16.8X44_VCRM0C_7_110H,,,,via chain -- out of scope,,,,,,,,,,,,,,,,,,
x81zs_iso03_vcr1,VCR_MV_TCN/M0B_12/32_17/9_16.8X44_VCRM0C_9_110H,VIA_CHAIN,,VCR_MV_TCN/M0B_12/32_17/9_16.8X44_VCRM0C_9_110H,,,,via chain -- out of scope,,,,,,,,,,,,,,,,,,
x81zs_iso03_vcr1,VCR_MV_TCN/M0B_12/32_17/9_16.8X44_VCRM0C_11_110H,VIA_CHAIN,,VCR_MV_TCN/M0B_12/32_17/9_16.8X44_VCRM0C_11_110H,,,,via chain -- out of scope,,,,,,,,,,,,,,,,,,
x81zs_iso03_vcr1,VCR_MV_TCN/M0B_12/32_17/9_16.8X44_VCRM0C_12_110H,VIA_CHAIN,,VCR_MV_TCN/M0B_12/32_17/9_16.8X44_VCRM0C_12_110H,,,,via chain -- out of scope,,,,,,,,,,,,,,,,,,
x81zs_iso03_vcr1,VCR_MV_TCN/M0B_12/32_17/9_16.8X44_VCRM0C_13_110H,VIA_CHAIN,,VCR_MV_TCN/M0B_12/32_17/9_16.8X44_VCRM0C_13_110H,,,,via chain -- out of scope,,,,,,,,,,,,,,,,,,
x81zs_iso03_vcr1,VCR_MV_TCN/M0B_12/32_17/9_16.8X44_VCRM0C_14_110H,VIA_CHAIN,,VCR_MV_TCN/M0B_12/32_17/9_16.8X44_VCRM0C_14_110H,,,,via chain -- out of scope,,,,,,,,,,,,,,,,,,
x81zs_iso03_vcr1,VCR_MV_TCN/M0B_12/32_17/9_16.8X44_VCRM0C_-3_110H,VIA_CHAIN,,VCR_MV_TCN/M0B_12/32_17/9_16.8X44_VCRM0C_-3_110H,,,,via chain -- out of scope,,,,,,,,,,,,,,,,,,
x81zs_iso03_vcr1,VCR_MV_TCN/M0B_12/32_17/9_16.8X44_VCRM0C_-5_110H,VIA_CHAIN,,VCR_MV_TCN/M0B_12/32_17/9_16.8X44_VCRM0C_-5_110H,,,,via chain -- out of scope,,,,,,,,,,,,,,,,,,
x81zs_iso03_vcr1,VCR_MV_TCN/M0B_12/32_17/9_16.8X44_VCRM0C_-7_110H,VIA_CHAIN,,VCR_MV_TCN/M0B_12/32_17/9_16.8X44_VCRM0C_-7_110H,,,,via chain -- out of scope,,,,,,,,,,,,,,,,,,
x81zs_iso03_vcr1,VCR_MV_TCN/M0B_12/32_17/9_16.8X44_VCRM0C_-9_110H,VIA_CHAIN,,VCR_MV_TCN/M0B_12/32_17/9_16.8X44_VCRM0C_-9_110H,,,,via chain -- out of scope,,,,,,,,,,,,,,,,,,
x81zs_iso03_vcr1,VCR_MV_TCN/M0B_12/32_17/9_16.8X44_VCRM0C_-11_110H,VIA_CHAIN,,VCR_MV_TCN/M0B_12/32_17/9_16.8X44_VCRM0C_-11_110H,,,,via chain -- out of scope,,,,,,,,,,,,,,,,,,
x81zs_iso03_vcr1,VCR_MV_TCN/M0B_12/32_17/9_16.8X44_VCRM0C_-12_110H,VIA_CHAIN,,VCR_MV_TCN/M0B_12/32_17/9_16.8X44_VCRM0C_-12_110H,,,,via chain -- out of scope,,,,,,,,,,,,,,,,,,
x81zs_iso03_vcr1,VCR_MV_TCN/M0B_12/32_17/9_16.8X44_VCRM0C_-13_110H,VIA_CHAIN,,VCR_MV_TCN/M0B_12/32_17/9_16.8X44_VCRM0C_-13_110H,,,,via chain -- out of scope,,,,,,,,,,,,,,,,,,
x81zs_iso03_vcr1,VCR_MV_TCN/M0B_12/32_17/9_16.8X44_VCRM0C_-14_110H,VIA_CHAIN,,VCR_MV_TCN/M0B_12/32_17/9_16.8X44_VCRM0C_-14_110H,,,,via chain -- out of scope,,,,,,,,,,,,,,,,,,
x81zs_iso03_vcr1,VCR_MV_TCN/M0B_12/32_17/9_20.8X44_VCRM0C_0_110H,VIA_CHAIN,,VCR_MV_TCN/M0B_12/32_17/9_20.8X44_VCRM0C_0_110H,,,,via chain -- out of scope,,,,,,,,,,,,,,,,,,
x81zs_iso03_vcr1,VCR_MV_TCN/M0B_12/32_17/9_20.8X44_VCRM0C_3_110H,VIA_CHAIN,,VCR_MV_TCN/M0B_12/32_17/9_20.8X44_VCRM0C_3_110H,,,,via chain -- out of scope,,,,,,,,,,,,,,,,,,
x81zs_iso03_vcr1,VCR_MV_TCN/M0B_12/32_17/9_20.8X44_VCRM0C_5_110H,VIA_CHAIN,,VCR_MV_TCN/M0B_12/32_17/9_20.8X44_VCRM0C_5_110H,,,,via chain -- out of scope,,,,,,,,,,,,,,,,,,
x81zs_iso03_vcr1,VCR_MV_TCN/M0B_12/32_17/9_20.8X44_VCRM0C_7_110H,VIA_CHAIN,,VCR_MV_TCN/M0B_12/32_17/9_20.8X44_VCRM0C_7_110H,,,,via chain -- out of scope,,,,,,,,,,,,,,,,,,
x81zs_iso03_vcr1,VCR_MV_TCN/M0B_12/32_17/9_20.8X44_VCRM0C_9_110H,VIA_CHAIN,,VCR_MV_TCN/M0B_12/32_17/9_20.8X44_VCRM0C_9_110H,,,,via chain -- out of scope,,,,,,,,,,,,,,,,,,
x81zs_iso03_vcr1,VCR_MV_TCN/M0B_12/32_17/9_20.8X44_VCRM0C_11_110H,VIA_CHAIN,,VCR_MV_TCN/M0B_12/32_17/9_20.8X44_VCRM0C_11_110H,,,,via chain -- out of scope,,,,,,,,,,,,,,,,,,
x81zs_iso03_vcr1,VCR_MV_TCN/M0B_12/32_17/9_20.8X44_VCRM0C_12_110H,VIA_CHAIN,,VCR_MV_TCN/M0B_12/32_17/9_20.8X44_VCRM0C_12_110H,,,,via chain -- out of scope,,,,,,,,,,,,,,,,,,
x81zs_iso03_vcr1,VCR_MV_TCN/M0B_12/32_17/9_20.8X44_VCRM0C_13_110H,VIA_CHAIN,,VCR_MV_TCN/M0B_12/32_17/9_20.8X44_VCRM0C_13_110H,,,,via chain -- out of scope,,,,,,,,,,,,,,,,,,
x81zs_iso03_vcr1,VCR_MV_TCN/M0B_12/32_17/9_20.8X44_VCRM0C_14_110H,VIA_CHAIN,,VCR_MV_TCN/M0B_12/32_17/9_20.8X44_VCRM0C_14_110H,,,,via chain -- out of scope,,,,,,,,,,,,,,,,,,
x81zs_iso03_vcr1,VCR_MV_TCN/M0B_12/32_17/9_20.8X44_VCRM0C_-3_110H,VIA_CHAIN,,VCR_MV_TCN/M0B_12/32_17/9_20.8X44_VCRM0C_-3_110H,,,,via chain -- out of scope,,,,,,,,,,,,,,,,,,
x81zs_iso03_vcr1,VCR_MV_TCN/M0B_12/32_17/9_20.8X44_VCRM0C_-5_110H,VIA_CHAIN,,VCR_MV_TCN/M0B_12/32_17/9_20.8X44_VCRM0C_-5_110H,,,,via chain -- out of scope,,,,,,,,,,,,,,,,,,
x81zs_iso03_vcr1,VCR_MV_TCN/M0B_12/32_17/9_20.8X44_VCRM0C_-7_110H,VIA_CHAIN,,VCR_MV_TCN/M0B_12/32_17/9_20.8X44_VCRM0C_-7_110H,,,,via chain -- out of scope,,,,,,,,,,,,,,,,,,
x81zs_iso03_vcr1,VCR_MV_TCN/M0B_12/32_17/9_20.8X44_VCRM0C_-9_110H,VIA_CHAIN,,VCR_MV_TCN/M0B_12/32_17/9_20.8X44_VCRM0C_-9_110H,,,,via chain -- out of scope,,,,,,,,,,,,,,,,,,
x81zs_iso03_vcr1,VCR_MV_TCN/M0B_12/32_17/9_20.8X44_VCRM0C_-11_110H,VIA_CHAIN,,VCR_MV_TCN/M0B_12/32_17/9_20.8X44_VCRM0C_-11_110H,,,,via chain -- out of scope,,,,,,,,,,,,,,,,,,
x81zs_iso03_vcr1,VCR_MV_TCN/M0B_12/32_17/9_20.8X44_VCRM0C_-12_110H,VIA_CHAIN,,VCR_MV_TCN/M0B_12/32_17/9_20.8X44_VCRM0C_-12_110H,,,,via chain -- out of scope,,,,,,,,,,,,,,,,,,
x81zs_iso03_vcr1,VCR_MV_TCN/M0B_12/32_17/9_20.8X44_VCRM0C_-13_110H,VIA_CHAIN,,VCR_MV_TCN/M0B_12/32_17/9_20.8X44_VCRM0C_-13_110H,,,,via chain -- out of scope,,,,,,,,,,,,,,,,,,
x81zs_iso03_vcr1,VCR_MV_TCN/M0B_12/32_17/9_20.8X44_VCRM0C_-14_110H,VIA_CHAIN,,VCR_MV_TCN/M0B_12/32_17/9_20.8X44_VCRM0C_-14_110H,,,,via chain -- out of scope,,,,,,,,,,,,,,,,,,
x81zs_iso03_vcr1,VCR_MV_TCN/M0B_12/32_17/9_12X44_VCRM0C_0_110H_NOVCRNUB,VIA_CHAIN,,VCR_MV_TCN/M0B_12/32_17/9_12X44_VCRM0C_0_110H_NOVCRNUB,,,,via chain -- out of scope,,,,,,,,,,,,,,,,,,
x81zs_iso03_vcr1,VCR_MV_TCN/M0B_12/32_17/9_12X44_VCRM0C_3_110H_NOVCRNUB,VIA_CHAIN,,VCR_MV_TCN/M0B_12/32_17/9_12X44_VCRM0C_3_110H_NOVCRNUB,,,,via chain -- out of scope,,,,,,,,,,,,,,,,,,
x81zs_iso03_vcr1,VCR_MV_TCN/M0B_12/32_17/9_12X44_VCRM0C_5_110H_NOVCRNUB,VIA_CHAIN,,VCR_MV_TCN/M0B_12/32_17/9_12X44_VCRM0C_5_110H_NOVCRNUB,,,,via chain -- out of scope,,,,,,,,,,,,,,,,,,
x81zs_iso03_vcr1,VCR_MV_TCN/M0B_12/32_17/9_12X44_VCRM0C_7_110H_NOVCRNUB,VIA_CHAIN,,VCR_MV_TCN/M0B_12/32_17/9_12X44_VCRM0C_7_110H_NOVCRNUB,,,,via chain -- out of scope,,,,,,,,,,,,,,,,,,
x81zs_iso03_vcr1,VCR_MV_TCN/M0B_12/32_17/9_12X44_VCRM0C_9_110H_NOVCRNUB,VIA_CHAIN,,VCR_MV_TCN/M0B_12/32_17/9_12X44_VCRM0C_9_110H_NOVCRNUB,,,,via chain -- out of scope,,,,,,,,,,,,,,,,,,
x81zs_iso03_vcr1,VCR_MV_TCN/M0B_12/32_17/9_12X44_VCRM0C_11_110H_NOVCRNUB,VIA_CHAIN,,VCR_MV_TCN/M0B_12/32_17/9_12X44_VCRM0C_11_110H_NOVCRNUB,,,,via chain -- out of scope,,,,,,,,,,,,,,,,,,
x81zs_iso03_vcr1,VCR_MV_TCN/M0B_12/32_17/9_12X44_VCRM0C_12_110H_NOVCRNUB,VIA_CHAIN,,VCR_MV_TCN/M0B_12/32_17/9_12X44_VCRM0C_12_110H_NOVCRNUB,,,,via chain -- out of scope,,,,,,,,,,,,,,,,,,
x81zs_iso03_vcr1,VCR_MV_TCN/M0B_12/32_17/9_12X44_VCRM0C_13_110H_NOVCRNUB,VIA_CHAIN,,VCR_MV_TCN/M0B_12/32_17/9_12X44_VCRM0C_13_110H_NOVCRNUB,,,,via chain -- out of scope,,,,,,,,,,,,,,,,,,
x81zs_iso03_vcr1,VCR_MV_TCN/M0B_12/32_17/9_12X44_VCRM0C_14_110H_NOVCRNUB,VIA_CHAIN,,VCR_MV_TCN/M0B_12/32_17/9_12X44_VCRM0C_14_110H_NOVCRNUB,,,,via chain -- out of scope,,,,,,,,,,,,,,,,,,
x81zs_iso03_vcr1,VCR_MV_TCN/M0B_12/32_17/9_12X44_VCRM0C_-3_110H_NOVCRNUB,VIA_CHAIN,,VCR_MV_TCN/M0B_12/32_17/9_12X44_VCRM0C_-3_110H_NOVCRNUB,,,,via chain -- out of scope,,,,,,,,,,,,,,,,,,
x81zs_iso03_vcr1,VCR_MV_TCN/M0B_12/32_17/9_12X44_VCRM0C_-5_110H_NOVCRNUB,VIA_CHAIN,,VCR_MV_TCN/M0B_12/32_17/9_12X44_VCRM0C_-5_110H_NOVCRNUB,,,,via chain -- out of scope,,,,,,,,,,,,,,,,,,
x81zs_iso03_vcr1,VCR_MV_TCN/M0B_12/32_17/9_12X44_VCRM0C_-7_110H_NOVCRNUB,VIA_CHAIN,,VCR_MV_TCN/M0B_12/32_17/9_12X44_VCRM0C_-7_110H_NOVCRNUB,,,,via chain -- out of scope,,,,,,,,,,,,,,,,,,
x81zs_iso03_vcr1,VCR_MV_TCN/M0B_12/32_17/9_12X44_VCRM0C_-9_110H_NOVCRNUB,VIA_CHAIN,,VCR_MV_TCN/M0B_12/32_17/9_12X44_VCRM0C_-9_110H_NOVCRNUB,,,,via chain -- out of scope,,,,,,,,,,,,,,,,,,
x81zs_iso03_vcr1,VCR_MV_TCN/M0B_12/32_17/9_12X44_VCRM0C_-11_110H_NOVCRNUB,VIA_CHAIN,,VCR_MV_TCN/M0B_12/32_17/9_12X44_VCRM0C_-11_110H_NOVCRNUB,,,,via chain -- out of scope,,,,,,,,,,,,,,,,,,
x81zs_iso03_vcr1,VCR_MV_TCN/M0B_12/32_17/9_12X44_VCRM0C_-12_110H_NOVCRNUB,VIA_CHAIN,,VCR_MV_TCN/M0B_12/32_17/9_12X44_VCRM0C_-12_110H_NOVCRNUB,,,,via chain -- out of scope,,,,,,,,,,,,,,,,,,
x81zs_iso03_vcr1,VCR_MV_TCN/M0B_12/32_17/9_12X44_VCRM0C_-13_110H_NOVCRNUB,VIA_CHAIN,,VCR_MV_TCN/M0B_12/32_17/9_12X44_VCRM0C_-13_110H_NOVCRNUB,,,,via chain -- out of scope,,,,,,,,,,,,,,,,,,
x81zs_iso03_vcr1,VCR_MV_TCN/M0B_12/32_17/9_12X44_VCRM0C_-14_110H_NOVCRNUB,VIA_CHAIN,,VCR_MV_TCN/M0B_12/32_17/9_12X44_VCRM0C_-14_110H_NOVCRNUB,,,,via chain -- out of scope,,,,,,,,,,,,,,,,,,
x81zs_iso03_vcr1,VCR_MV_TCN/M0C_12/32_27/9_20.4X44_VCRM0B_0_132H,VIA_CHAIN,,VCR_MV_TCN/M0C_12/32_27/9_20.4X44_VCRM0B_0_132H,,,,via chain -- out of scope,,,,,,,,,,,,,,,,,,
x81zs_iso03_vcr1,VCR_MV_TCN/M0C_12/32_27/9_20.4X44_VCRM0B_3_132H,VIA_CHAIN,,VCR_MV_TCN/M0C_12/32_27/9_20.4X44_VCRM0B_3_132H,,,,via chain -- out of scope,,,,,,,,,,,,,,,,,,
x81zs_iso03_vcr1,VCR_MV_TCN/M0C_12/32_27/9_20.4X44_VCRM0B_5_132H,VIA_CHAIN,,VCR_MV_TCN/M0C_12/32_27/9_20.4X44_VCRM0B_5_132H,,,,via chain -- out of scope,,,,,,,,,,,,,,,,,,
x81zs_iso03_vcr1,VCR_MV_TCN/M0C_12/32_27/9_20.4X44_VCRM0B_7_132H,VIA_CHAIN,,VCR_MV_TCN/M0C_12/32_27/9_20.4X44_VCRM0B_7_132H,,,,via chain -- out of scope,,,,,,,,,,,,,,,,,,
x81zs_iso03_vcr1,VCR_MV_TCN/M0C_12/32_27/9_20.4X44_VCRM0B_9_132H,VIA_CHAIN,,VCR_MV_TCN/M0C_12/32_27/9_20.4X44_VCRM0B_9_132H,,,,via chain -- out of scope,,,,,,,,,,,,,,,,,,
x81zs_iso03_vcr1,VCR_MV_TCN/M0C_12/32_27/9_20.4X44_VCRM0B_11_132H,VIA_CHAIN,,VCR_MV_TCN/M0C_12/32_27/9_20.4X44_VCRM0B_11_132H,,,,via chain -- out of scope,,,,,,,,,,,,,,,,,,
x81zs_iso03_vcr1,VCR_MV_TCN/M0C_12/32_27/9_20.4X44_VCRM0B_12_132H,VIA_CHAIN,,VCR_MV_TCN/M0C_12/32_27/9_20.4X44_VCRM0B_12_132H,,,,via chain -- out of scope,,,,,,,,,,,,,,,,,,
x81zs_iso03_vcr1,VCR_MV_TCN/M0C_12/32_27/9_20.4X44_VCRM0B_13_132H,VIA_CHAIN,,VCR_MV_TCN/M0C_12/32_27/9_20.4X44_VCRM0B_13_132H,,,,via chain -- out of scope,,,,,,,,,,,,,,,,,,
x81zs_iso03_vcr1,VCR_MV_TCN/M0C_12/32_27/9_20.4X44_VCRM0B_14_132H,VIA_CHAIN,,VCR_MV_TCN/M0C_12/32_27/9_20.4X44_VCRM0B_14_132H,,,,via chain -- out of scope,,,,,,,,,,,,,,,,,,
x81zs_iso03_vcr1,VCR_MV_TCN/M0C_12/32_27/9_20.4X44_VCRM0B_-3_132H,VIA_CHAIN,,VCR_MV_TCN/M0C_12/32_27/9_20.4X44_VCRM0B_-3_132H,,,,via chain -- out of scope,,,,,,,,,,,,,,,,,,
x81zs_iso03_vcr1,VCR_MV_TCN/M0C_12/32_27/9_20.4X44_VCRM0B_-5_132H,VIA_CHAIN,,VCR_MV_TCN/M0C_12/32_27/9_20.4X44_VCRM0B_-5_132H,,,,via chain -- out of scope,,,,,,,,,,,,,,,,,,
x81zs_iso03_vcr1,VCR_MV_TCN/M0C_12/32_27/9_20.4X44_VCRM0B_-7_132H,VIA_CHAIN,,VCR_MV_TCN/M0C_12/32_27/9_20.4X44_VCRM0B_-7_132H,,,,via chain -- out of scope,,,,,,,,,,,,,,,,,,
x81zs_iso03_vcr1,VCR_MV_TCN/M0C_12/32_27/9_20.4X44_VCRM0B_-9_132H,VIA_CHAIN,,VCR_MV_TCN/M0C_12/32_27/9_20.4X44_VCRM0B_-9_132H,,,,via chain -- out of scope,,,,,,,,,,,,,,,,,,
x81zs_iso03_vcr1,VCR_MV_TCN/M0C_12/32_27/9_20.4X44_VCRM0B_-11_132H,VIA_CHAIN,,VCR_MV_TCN/M0C_12/32_27/9_20.4X44_VCRM0B_-11_132H,,,,via chain -- out of scope,,,,,,,,,,,,,,,,,,
x81zs_iso03_vcr1,VCR_MV_TCN/M0C_12/32_27/9_20.4X44_VCRM0B_-12_132H,VIA_CHAIN,,VCR_MV_TCN/M0C_12/32_27/9_20.4X44_VCRM0B_-12_132H,,,,via chain -- out of scope,,,,,,,,,,,,,,,,,,
x81zs_iso03_vcr1,VCR_MV_TCN/M0C_12/32_27/9_20.4X44_VCRM0B_-13_132H,VIA_CHAIN,,VCR_MV_TCN/M0C_12/32_27/9_20.4X44_VCRM0B_-13_132H,,,,via chain -- out of scope,,,,,,,,,,,,,,,,,,
x81zs_iso03_vcr1,VCR_MV_TCN/M0C_12/32_27/9_20.4X44_VCRM0B_-14_132H,VIA_CHAIN,,VCR_MV_TCN/M0C_12/32_27/9_20.4X44_VCRM0B_-14_132H,,,,via chain -- out of scope,,,,,,,,,,,,,,,,,,
x81zs_iso03_vcr1,VCR_MV_TCN/M0C_12/32_27/9_26.8X44_VCRM0B_0_132H,VIA_CHAIN,,VCR_MV_TCN/M0C_12/32_27/9_26.8X44_VCRM0B_0_132H,,,,via chain -- out of scope,,,,,,,,,,,,,,,,,,
x81zs_iso03_vcr1,VCR_MV_TCN/M0C_12/32_27/9_26.8X44_VCRM0B_3_132H,VIA_CHAIN,,VCR_MV_TCN/M0C_12/32_27/9_26.8X44_VCRM0B_3_132H,,,,via chain -- out of scope,,,,,,,,,,,,,,,,,,
x81zs_iso03_vcr1,VCR_MV_TCN/M0C_12/32_27/9_26.8X44_VCRM0B_5_132H,VIA_CHAIN,,VCR_MV_TCN/M0C_12/32_27/9_26.8X44_VCRM0B_5_132H,,,,via chain -- out of scope,,,,,,,,,,,,,,,,,,
x81zs_iso03_vcr1,VCR_MV_TCN/M0C_12/32_27/9_26.8X44_VCRM0B_7_132H,VIA_CHAIN,,VCR_MV_TCN/M0C_12/32_27/9_26.8X44_VCRM0B_7_132H,,,,via chain -- out of scope,,,,,,,,,,,,,,,,,,
x81zs_iso03_vcr1,VCR_MV_TCN/M0C_12/32_27/9_26.8X44_VCRM0B_9_132H,VIA_CHAIN,,VCR_MV_TCN/M0C_12/32_27/9_26.8X44_VCRM0B_9_132H,,,,via chain -- out of scope,,,,,,,,,,,,,,,,,,
x81zs_iso03_vcr1,VCR_MV_TCN/M0C_12/32_27/9_26.8X44_VCRM0B_11_132H,VIA_CHAIN,,VCR_MV_TCN/M0C_12/32_27/9_26.8X44_VCRM0B_11_132H,,,,via chain -- out of scope,,,,,,,,,,,,,,,,,,
x81zs_iso03_vcr1,VCR_MV_TCN/M0C_12/32_27/9_26.8X44_VCRM0B_12_132H,VIA_CHAIN,,VCR_MV_TCN/M0C_12/32_27/9_26.8X44_VCRM0B_12_132H,,,,via chain -- out of scope,,,,,,,,,,,,,,,,,,
x81zs_iso03_vcr1,VCR_MV_TCN/M0C_12/32_27/9_26.8X44_VCRM0B_13_132H,VIA_CHAIN,,VCR_MV_TCN/M0C_12/32_27/9_26.8X44_VCRM0B_13_132H,,,,via chain -- out of scope,,,,,,,,,,,,,,,,,,
x81zs_iso03_vcr1,VCR_MV_TCN/M0C_12/32_27/9_26.8X44_VCRM0B_14_132H,VIA_CHAIN,,VCR_MV_TCN/M0C_12/32_27/9_26.8X44_VCRM0B_14_132H,,,,via chain -- out of scope,,,,,,,,,,,,,,,,,,
x81zs_iso03_vcr1,VCR_MV_TCN/M0C_12/32_27/9_26.8X44_VCRM0B_-3_132H,VIA_CHAIN,,VCR_MV_TCN/M0C_12/32_27/9_26.8X44_VCRM0B_-3_132H,,,,via chain -- out of scope,,,,,,,,,,,,,,,,,,
x81zs_iso03_vcr1,VCR_MV_TCN/M0C_12/32_27/9_26.8X44_VCRM0B_-5_132H,VIA_CHAIN,,VCR_MV_TCN/M0C_12/32_27/9_26.8X44_VCRM0B_-5_132H,,,,via chain -- out of scope,,,,,,,,,,,,,,,,,,
x81zs_iso03_vcr1,VCR_MV_TCN/M0C_12/32_27/9_26.8X44_VCRM0B_-7_132H,VIA_CHAIN,,VCR_MV_TCN/M0C_12/32_27/9_26.8X44_VCRM0B_-7_132H,,,,via chain -- out of scope,,,,,,,,,,,,,,,,,,
x81zs_iso03_vcr1,VCR_MV_TCN/M0C_12/32_27/9_26.8X44_VCRM0B_-9_132H,VIA_CHAIN,,VCR_MV_TCN/M0C_12/32_27/9_26.8X44_VCRM0B_-9_132H,,,,via chain -- out of scope,,,,,,,,,,,,,,,,,,
x81zs_iso03_vcr1,VCR_MV_TCN/M0C_12/32_27/9_26.8X44_VCRM0B_-11_132H,VIA_CHAIN,,VCR_MV_TCN/M0C_12/32_27/9_26.8X44_VCRM0B_-11_132H,,,,via chain -- out of scope,,,,,,,,,,,,,,,,,,
x81zs_iso03_vcr1,VCR_MV_TCN/M0C_12/32_27/9_26.8X44_VCRM0B_-12_132H,VIA_CHAIN,,VCR_MV_TCN/M0C_12/32_27/9_26.8X44_VCRM0B_-12_132H,,,,via chain -- out of scope,,,,,,,,,,,,,,,,,,
x81zs_iso03_vcr1,VCR_MV_TCN/M0C_12/32_27/9_26.8X44_VCRM0B_-13_132H,VIA_CHAIN,,VCR_MV_TCN/M0C_12/32_27/9_26.8X44_VCRM0B_-13_132H,,,,via chain -- out of scope,,,,,,,,,,,,,,,,,,
x81zs_iso03_vcr1,VCR_MV_TCN/M0C_12/32_27/9_26.8X44_VCRM0B_-14_132H,VIA_CHAIN,,VCR_MV_TCN/M0C_12/32_27/9_26.8X44_VCRM0B_-14_132H,,,,via chain -- out of scope,,,,,,,,,,,,,,,,,,
x81zs_iso03_vcr1,VCR_MV_TCN/M0C_12/32_27/9_30.4X44_VCRM0B_0_132H,VIA_CHAIN,,VCR_MV_TCN/M0C_12/32_27/9_30.4X44_VCRM0B_0_132H,,,,via chain -- out of scope,,,,,,,,,,,,,,,,,,
x81zs_iso03_vcr1,VCR_MV_TCN/M0C_12/32_27/9_30.4X44_VCRM0B_3_132H,VIA_CHAIN,,VCR_MV_TCN/M0C_12/32_27/9_30.4X44_VCRM0B_3_132H,,,,via chain -- out of scope,,,,,,,,,,,,,,,,,,
x81zs_iso03_vcr1,VCR_MV_TCN/M0C_12/32_27/9_30.4X44_VCRM0B_5_132H,VIA_CHAIN,,VCR_MV_TCN/M0C_12/32_27/9_30.4X44_VCRM0B_5_132H,,,,via chain -- out of scope,,,,,,,,,,,,,,,,,,
x81zs_iso03_vcr1,VCR_MV_TCN/M0C_12/32_27/9_30.4X44_VCRM0B_7_132H,VIA_CHAIN,,VCR_MV_TCN/M0C_12/32_27/9_30.4X44_VCRM0B_7_132H,,,,via chain -- out of scope,,,,,,,,,,,,,,,,,,
x81zs_iso03_vcr1,VCR_MV_TCN/M0C_12/32_27/9_30.4X44_VCRM0B_9_132H,VIA_CHAIN,,VCR_MV_TCN/M0C_12/32_27/9_30.4X44_VCRM0B_9_132H,,,,via chain -- out of scope,,,,,,,,,,,,,,,,,,
x81zs_iso03_vcr1,VCR_MV_TCN/M0C_12/32_27/9_30.4X44_VCRM0B_11_132H,VIA_CHAIN,,VCR_MV_TCN/M0C_12/32_27/9_30.4X44_VCRM0B_11_132H,,,,via chain -- out of scope,,,,,,,,,,,,,,,,,,
x81zs_iso03_vcr1,VCR_MV_TCN/M0C_12/32_27/9_30.4X44_VCRM0B_12_132H,VIA_CHAIN,,VCR_MV_TCN/M0C_12/32_27/9_30.4X44_VCRM0B_12_132H,,,,via chain -- out of scope,,,,,,,,,,,,,,,,,,
x81zs_iso03_vcr1,VCR_MV_TCN/M0C_12/32_27/9_30.4X44_VCRM0B_13_132H,VIA_CHAIN,,VCR_MV_TCN/M0C_12/32_27/9_30.4X44_VCRM0B_13_132H,,,,via chain -- out of scope,,,,,,,,,,,,,,,,,,
x81zs_iso03_vcr1,VCR_MV_TCN/M0C_12/32_27/9_30.4X44_VCRM0B_14_132H,VIA_CHAIN,,VCR_MV_TCN/M0C_12/32_27/9_30.4X44_VCRM0B_14_132H,,,,via chain -- out of scope,,,,,,,,,,,,,,,,,,
x81zs_iso03_vcr1,VCR_MV_TCN/M0C_12/32_27/9_30.4X44_VCRM0B_-3_132H,VIA_CHAIN,,VCR_MV_TCN/M0C_12/32_27/9_30.4X44_VCRM0B_-3_132H,,,,via chain -- out of scope,,,,,,,,,,,,,,,,,,
x81zs_iso03_vcr1,VCR_MV_TCN/M0C_12/32_27/9_30.4X44_VCRM0B_-5_132H,VIA_CHAIN,,VCR_MV_TCN/M0C_12/32_27/9_30.4X44_VCRM0B_-5_132H,,,,via chain -- out of scope,,,,,,,,,,,,,,,,,,
x81zs_iso03_vcr1,VCR_MV_TCN/M0C_12/32_27/9_30.4X44_VCRM0B_-7_132H,VIA_CHAIN,,VCR_MV_TCN/M0C_12/32_27/9_30.4X44_VCRM0B_-7_132H,,,,via chain -- out of scope,,,,,,,,,,,,,,,,,,
x81zs_iso03_vcr1,VCR_MV_TCN/M0C_12/32_27/9_30.4X44_VCRM0B_-9_132H,VIA_CHAIN,,VCR_MV_TCN/M0C_12/32_27/9_30.4X44_VCRM0B_-9_132H,,,,via chain -- out of scope,,,,,,,,,,,,,,,,,,
x81zs_iso03_vcr1,VCR_MV_TCN/M0C_12/32_27/9_30.4X44_VCRM0B_-11_132H,VIA_CHAIN,,VCR_MV_TCN/M0C_12/32_27/9_30.4X44_VCRM0B_-11_132H,,,,via chain -- out of scope,,,,,,,,,,,,,,,,,,
x81zs_iso03_vcr1,VCR_MV_TCN/M0C_12/32_27/9_30.4X44_VCRM0B_-12_132H,VIA_CHAIN,,VCR_MV_TCN/M0C_12/32_27/9_30.4X44_VCRM0B_-12_132H,,,,via chain -- out of scope,,,,,,,,,,,,,,,,,,
x81zs_iso03_vcr1,VCR_MV_TCN/M0C_12/32_27/9_30.4X44_VCRM0B_-13_132H,VIA_CHAIN,,VCR_MV_TCN/M0C_12/32_27/9_30.4X44_VCRM0B_-13_132H,,,,via chain -- out of scope,,,,,,,,,,,,,,,,,,
x81zs_iso03_vcr1,VCR_MV_TCN/M0C_12/32_27/9_30.4X44_VCRM0B_-14_132H,VIA_CHAIN,,VCR_MV_TCN/M0C_12/32_27/9_30.4X44_VCRM0B_-14_132H,,,,via chain -- out of scope,,,,,,,,,,,,,,,,,,
x81zs_iso03_vcr1,VCR_MV_TCN/M0B_12/32_27/9_20.4X44_VCRM0C_0_132H,VIA_CHAIN,,VCR_MV_TCN/M0B_12/32_27/9_20.4X44_VCRM0C_0_132H,,,,via chain -- out of scope,,,,,,,,,,,,,,,,,,
x81zs_iso03_vcr1,VCR_MV_TCN/M0B_12/32_27/9_20.4X44_VCRM0C_3_132H,VIA_CHAIN,,VCR_MV_TCN/M0B_12/32_27/9_20.4X44_VCRM0C_3_132H,,,,via chain -- out of scope,,,,,,,,,,,,,,,,,,
x81zs_iso04_vcr1,VCR_MV_TCN/M0B_12/32_27/9_20.4X44_VCRM0C_5_132H,VIA_CHAIN,,VCR_MV_TCN/M0B_12/32_27/9_20.4X44_VCRM0C_5_132H,,,,via chain -- out of scope,,,,,,,,,,,,,,,,,,
x81zs_iso04_vcr1,VCR_MV_TCN/M0B_12/32_27/9_20.4X44_VCRM0C_7_132H,VIA_CHAIN,,VCR_MV_TCN/M0B_12/32_27/9_20.4X44_VCRM0C_7_132H,,,,via chain -- out of scope,,,,,,,,,,,,,,,,,,
x81zs_iso04_vcr1,VCR_MV_TCN/M0B_12/32_27/9_20.4X44_VCRM0C_9_132H,VIA_CHAIN,,VCR_MV_TCN/M0B_12/32_27/9_20.4X44_VCRM0C_9_132H,,,,via chain -- out of scope,,,,,,,,,,,,,,,,,,
x81zs_iso04_vcr1,VCR_MV_TCN/M0B_12/32_27/9_20.4X44_VCRM0C_11_132H,VIA_CHAIN,,VCR_MV_TCN/M0B_12/32_27/9_20.4X44_VCRM0C_11_132H,,,,via chain -- out of scope,,,,,,,,,,,,,,,,,,
x81zs_iso04_vcr1,VCR_MV_TCN/M0B_12/32_27/9_20.4X44_VCRM0C_12_132H,VIA_CHAIN,,VCR_MV_TCN/M0B_12/32_27/9_20.4X44_VCRM0C_12_132H,,,,via chain -- out of scope,,,,,,,,,,,,,,,,,,
x81zs_iso04_vcr1,VCR_MV_TCN/M0B_12/32_27/9_20.4X44_VCRM0C_13_132H,VIA_CHAIN,,VCR_MV_TCN/M0B_12/32_27/9_20.4X44_VCRM0C_13_132H,,,,via chain -- out of scope,,,,,,,,,,,,,,,,,,
x81zs_iso04_vcr1,VCR_MV_TCN/M0B_12/32_27/9_20.4X44_VCRM0C_14_132H,VIA_CHAIN,,VCR_MV_TCN/M0B_12/32_27/9_20.4X44_VCRM0C_14_132H,,,,via chain -- out of scope,,,,,,,,,,,,,,,,,,
x81zs_iso04_vcr1,VCR_MV_TCN/M0B_12/32_27/9_20.4X44_VCRM0C_-3_132H,VIA_CHAIN,,VCR_MV_TCN/M0B_12/32_27/9_20.4X44_VCRM0C_-3_132H,,,,via chain -- out of scope,,,,,,,,,,,,,,,,,,
x81zs_iso04_vcr1,VCR_MV_TCN/M0B_12/32_27/9_20.4X44_VCRM0C_-5_132H,VIA_CHAIN,,VCR_MV_TCN/M0B_12/32_27/9_20.4X44_VCRM0C_-5_132H,,,,via chain -- out of scope,,,,,,,,,,,,,,,,,,
x81zs_iso04_vcr1,VCR_MV_TCN/M0B_12/32_27/9_20.4X44_VCRM0C_-7_132H,VIA_CHAIN,,VCR_MV_TCN/M0B_12/32_27/9_20.4X44_VCRM0C_-7_132H,,,,via chain -- out of scope,,,,,,,,,,,,,,,,,,
x81zs_iso04_vcr1,VCR_MV_TCN/M0B_12/32_27/9_20.4X44_VCRM0C_-9_132H,VIA_CHAIN,,VCR_MV_TCN/M0B_12/32_27/9_20.4X44_VCRM0C_-9_132H,,,,via chain -- out of scope,,,,,,,,,,,,,,,,,,
x81zs_iso04_vcr1,VCR_MV_TCN/M0B_12/32_27/9_20.4X44_VCRM0C_-11_132H,VIA_CHAIN,,VCR_MV_TCN/M0B_12/32_27/9_20.4X44_VCRM0C_-11_132H,,,,via chain -- out of scope,,,,,,,,,,,,,,,,,,
x81zs_iso04_vcr1,VCR_MV_TCN/M0B_12/32_27/9_20.4X44_VCRM0C_-12_132H,VIA_CHAIN,,VCR_MV_TCN/M0B_12/32_27/9_20.4X44_VCRM0C_-12_132H,,,,via chain -- out of scope,,,,,,,,,,,,,,,,,,
x81zs_iso04_vcr1,VCR_MV_TCN/M0B_12/32_27/9_20.4X44_VCRM0C_-13_132H,VIA_CHAIN,,VCR_MV_TCN/M0B_12/32_27/9_20.4X44_VCRM0C_-13_132H,,,,via chain -- out of scope,,,,,,,,,,,,,,,,,,
x81zs_iso04_vcr1,VCR_MV_TCN/M0B_12/32_27/9_20.4X44_VCRM0C_-14_132H,VIA_CHAIN,,VCR_MV_TCN/M0B_12/32_27/9_20.4X44_VCRM0C_-14_132H,,,,via chain -- out of scope,,,,,,,,,,,,,,,,,,
x81zs_iso04_vcr1,VCR_MV_TCN/M0B_12/32_27/9_26.8X44_VCRM0C_0_132H,VIA_CHAIN,,VCR_MV_TCN/M0B_12/32_27/9_26.8X44_VCRM0C_0_132H,,,,via chain -- out of scope,,,,,,,,,,,,,,,,,,
x81zs_iso04_vcr1,VCR_MV_TCN/M0B_12/32_27/9_26.8X44_VCRM0C_3_132H,VIA_CHAIN,,VCR_MV_TCN/M0B_12/32_27/9_26.8X44_VCRM0C_3_132H,,,,via chain -- out of scope,,,,,,,,,,,,,,,,,,
x81zs_iso04_vcr1,VCR_MV_TCN/M0B_12/32_27/9_26.8X44_VCRM0C_5_132H,VIA_CHAIN,,VCR_MV_TCN/M0B_12/32_27/9_26.8X44_VCRM0C_5_132H,,,,via chain -- out of scope,,,,,,,,,,,,,,,,,,
x81zs_iso04_vcr1,VCR_MV_TCN/M0B_12/32_27/9_26.8X44_VCRM0C_7_132H,VIA_CHAIN,,VCR_MV_TCN/M0B_12/32_27/9_26.8X44_VCRM0C_7_132H,,,,via chain -- out of scope,,,,,,,,,,,,,,,,,,
x81zs_iso04_vcr1,VCR_MV_TCN/M0B_12/32_27/9_26.8X44_VCRM0C_9_132H,VIA_CHAIN,,VCR_MV_TCN/M0B_12/32_27/9_26.8X44_VCRM0C_9_132H,,,,via chain -- out of scope,,,,,,,,,,,,,,,,,,
x81zs_iso04_vcr1,VCR_MV_TCN/M0B_12/32_27/9_26.8X44_VCRM0C_11_132H,VIA_CHAIN,,VCR_MV_TCN/M0B_12/32_27/9_26.8X44_VCRM0C_11_132H,,,,via chain -- out of scope,,,,,,,,,,,,,,,,,,
x81zs_iso04_vcr1,VCR_MV_TCN/M0B_12/32_27/9_26.8X44_VCRM0C_12_132H,VIA_CHAIN,,VCR_MV_TCN/M0B_12/32_27/9_26.8X44_VCRM0C_12_132H,,,,via chain -- out of scope,,,,,,,,,,,,,,,,,,
x81zs_iso04_vcr1,VCR_MV_TCN/M0B_12/32_27/9_26.8X44_VCRM0C_13_132H,VIA_CHAIN,,VCR_MV_TCN/M0B_12/32_27/9_26.8X44_VCRM0C_13_132H,,,,via chain -- out of scope,,,,,,,,,,,,,,,,,,
x81zs_iso04_vcr1,VCR_MV_TCN/M0B_12/32_27/9_26.8X44_VCRM0C_14_132H,VIA_CHAIN,,VCR_MV_TCN/M0B_12/32_27/9_26.8X44_VCRM0C_14_132H,,,,via chain -- out of scope,,,,,,,,,,,,,,,,,,
x81zs_iso04_vcr1,VCR_MV_TCN/M0B_12/32_27/9_26.8X44_VCRM0C_-3_132H,VIA_CHAIN,,VCR_MV_TCN/M0B_12/32_27/9_26.8X44_VCRM0C_-3_132H,,,,via chain -- out of scope,,,,,,,,,,,,,,,,,,
x81zs_iso04_vcr1,VCR_MV_TCN/M0B_12/32_27/9_26.8X44_VCRM0C_-5_132H,VIA_CHAIN,,VCR_MV_TCN/M0B_12/32_27/9_26.8X44_VCRM0C_-5_132H,,,,via chain -- out of scope,,,,,,,,,,,,,,,,,,
x81zs_iso04_vcr1,VCR_MV_TCN/M0B_12/32_27/9_26.8X44_VCRM0C_-7_132H,VIA_CHAIN,,VCR_MV_TCN/M0B_12/32_27/9_26.8X44_VCRM0C_-7_132H,,,,via chain -- out of scope,,,,,,,,,,,,,,,,,,
x81zs_iso04_vcr1,VCR_MV_TCN/M0B_12/32_27/9_26.8X44_VCRM0C_-9_132H,VIA_CHAIN,,VCR_MV_TCN/M0B_12/32_27/9_26.8X44_VCRM0C_-9_132H,,,,via chain -- out of scope,,,,,,,,,,,,,,,,,,
x81zs_iso04_vcr1,VCR_MV_TCN/M0B_12/32_27/9_26.8X44_VCRM0C_-11_132H,VIA_CHAIN,,VCR_MV_TCN/M0B_12/32_27/9_26.8X44_VCRM0C_-11_132H,,,,via chain -- out of scope,,,,,,,,,,,,,,,,,,
x81zs_iso04_vcr1,VCR_MV_TCN/M0B_12/32_27/9_26.8X44_VCRM0C_-12_132H,VIA_CHAIN,,VCR_MV_TCN/M0B_12/32_27/9_26.8X44_VCRM0C_-12_132H,,,,via chain -- out of scope,,,,,,,,,,,,,,,,,,
x81zs_iso04_vcr1,VCR_MV_TCN/M0B_12/32_27/9_26.8X44_VCRM0C_-13_132H,VIA_CHAIN,,VCR_MV_TCN/M0B_12/32_27/9_26.8X44_VCRM0C_-13_132H,,,,via chain -- out of scope,,,,,,,,,,,,,,,,,,
x81zs_iso04_vcr1,VCR_MV_TCN/M0B_12/32_27/9_26.8X44_VCRM0C_-14_132H,VIA_CHAIN,,VCR_MV_TCN/M0B_12/32_27/9_26.8X44_VCRM0C_-14_132H,,,,via chain -- out of scope,,,,,,,,,,,,,,,,,,
x81zs_iso04_vcr1,VCR_MV_TCN/M0B_12/32_27/9_30.4X44_VCRM0C_0_132H,VIA_CHAIN,,VCR_MV_TCN/M0B_12/32_27/9_30.4X44_VCRM0C_0_132H,,,,via chain -- out of scope,,,,,,,,,,,,,,,,,,
x81zs_iso04_vcr1,VCR_MV_TCN/M0B_12/32_27/9_30.4X44_VCRM0C_3_132H,VIA_CHAIN,,VCR_MV_TCN/M0B_12/32_27/9_30.4X44_VCRM0C_3_132H,,,,via chain -- out of scope,,,,,,,,,,,,,,,,,,
x81zs_iso04_vcr1,VCR_MV_TCN/M0B_12/32_27/9_30.4X44_VCRM0C_5_132H,VIA_CHAIN,,VCR_MV_TCN/M0B_12/32_27/9_30.4X44_VCRM0C_5_132H,,,,via chain -- out of scope,,,,,,,,,,,,,,,,,,
x81zs_iso04_vcr1,VCR_MV_TCN/M0B_12/32_27/9_30.4X44_VCRM0C_7_132H,VIA_CHAIN,,VCR_MV_TCN/M0B_12/32_27/9_30.4X44_VCRM0C_7_132H,,,,via chain -- out of scope,,,,,,,,,,,,,,,,,,
x81zs_iso04_vcr1,VCR_MV_TCN/M0B_12/32_27/9_30.4X44_VCRM0C_9_132H,VIA_CHAIN,,VCR_MV_TCN/M0B_12/32_27/9_30.4X44_VCRM0C_9_132H,,,,via chain -- out of scope,,,,,,,,,,,,,,,,,,
x81zs_iso04_vcr1,VCR_MV_TCN/M0B_12/32_27/9_30.4X44_VCRM0C_11_132H,VIA_CHAIN,,VCR_MV_TCN/M0B_12/32_27/9_30.4X44_VCRM0C_11_132H,,,,via chain -- out of scope,,,,,,,,,,,,,,,,,,
x81zs_iso04_vcr1,VCR_MV_TCN/M0B_12/32_27/9_30.4X44_VCRM0C_12_132H,VIA_CHAIN,,VCR_MV_TCN/M0B_12/32_27/9_30.4X44_VCRM0C_12_132H,,,,via chain -- out of scope,,,,,,,,,,,,,,,,,,
x81zs_iso04_vcr1,VCR_MV_TCN/M0B_12/32_27/9_30.4X44_VCRM0C_13_132H,VIA_CHAIN,,VCR_MV_TCN/M0B_12/32_27/9_30.4X44_VCRM0C_13_132H,,,,via chain -- out of scope,,,,,,,,,,,,,,,,,,
x81zs_iso04_vcr1,VCR_MV_TCN/M0B_12/32_27/9_30.4X44_VCRM0C_14_132H,VIA_CHAIN,,VCR_MV_TCN/M0B_12/32_27/9_30.4X44_VCRM0C_14_132H,,,,via chain -- out of scope,,,,,,,,,,,,,,,,,,
x81zs_iso04_vcr1,VCR_MV_TCN/M0B_12/32_27/9_30.4X44_VCRM0C_-3_132H,VIA_CHAIN,,VCR_MV_TCN/M0B_12/32_27/9_30.4X44_VCRM0C_-3_132H,,,,via chain -- out of scope,,,,,,,,,,,,,,,,,,
x81zs_iso04_vcr1,VCR_MV_TCN/M0B_12/32_27/9_30.4X44_VCRM0C_-5_132H,VIA_CHAIN,,VCR_MV_TCN/M0B_12/32_27/9_30.4X44_VCRM0C_-5_132H,,,,via chain -- out of scope,,,,,,,,,,,,,,,,,,
x81zs_iso04_vcr1,VCR_MV_TCN/M0B_12/32_27/9_30.4X44_VCRM0C_-7_132H,VIA_CHAIN,,VCR_MV_TCN/M0B_12/32_27/9_30.4X44_VCRM0C_-7_132H,,,,via chain -- out of scope,,,,,,,,,,,,,,,,,,
x81zs_iso04_vcr1,VCR_MV_TCN/M0B_12/32_27/9_30.4X44_VCRM0C_-9_132H,VIA_CHAIN,,VCR_MV_TCN/M0B_12/32_27/9_30.4X44_VCRM0C_-9_132H,,,,via chain -- out of scope,,,,,,,,,,,,,,,,,,
x81zs_iso04_vcr1,VCR_MV_TCN/M0B_12/32_27/9_30.4X44_VCRM0C_-11_132H,VIA_CHAIN,,VCR_MV_TCN/M0B_12/32_27/9_30.4X44_VCRM0C_-11_132H,,,,via chain -- out of scope,,,,,,,,,,,,,,,,,,
x81zs_iso04_vcr1,VCR_MV_TCN/M0B_12/32_27/9_30.4X44_VCRM0C_-12_132H,VIA_CHAIN,,VCR_MV_TCN/M0B_12/32_27/9_30.4X44_VCRM0C_-12_132H,,,,via chain -- out of scope,,,,,,,,,,,,,,,,,,
x81zs_iso04_vcr1,VCR_MV_TCN/M0B_12/32_27/9_30.4X44_VCRM0C_-13_132H,VIA_CHAIN,,VCR_MV_TCN/M0B_12/32_27/9_30.4X44_VCRM0C_-13_132H,,,,via chain -- out of scope,,,,,,,,,,,,,,,,,,
x81zs_iso04_vcr1,VCR_MV_TCN/M0B_12/32_27/9_30.4X44_VCRM0C_-14_132H,VIA_CHAIN,,VCR_MV_TCN/M0B_12/32_27/9_30.4X44_VCRM0C_-14_132H,,,,via chain -- out of scope,,,,,,,,,,,,,,,,,,
x81zs_iso04_vcr1,VCR_MV_TCN/M0C_12/32_37/9_26.8X44_VCRM0B_0_165H,VIA_CHAIN,,VCR_MV_TCN/M0C_12/32_37/9_26.8X44_VCRM0B_0_165H,,,,via chain -- out of scope,,,,,,,,,,,,,,,,,,
x81zs_iso04_vcr1,VCR_MV_TCN/M0C_12/32_37/9_26.8X44_VCRM0B_3_165H,VIA_CHAIN,,VCR_MV_TCN/M0C_12/32_37/9_26.8X44_VCRM0B_3_165H,,,,via chain -- out of scope,,,,,,,,,,,,,,,,,,
x81zs_iso04_vcr1,VCR_MV_TCN/M0C_12/32_37/9_26.8X44_VCRM0B_5_165H,VIA_CHAIN,,VCR_MV_TCN/M0C_12/32_37/9_26.8X44_VCRM0B_5_165H,,,,via chain -- out of scope,,,,,,,,,,,,,,,,,,
x81zs_iso04_vcr1,VCR_MV_TCN/M0C_12/32_37/9_26.8X44_VCRM0B_7_165H,VIA_CHAIN,,VCR_MV_TCN/M0C_12/32_37/9_26.8X44_VCRM0B_7_165H,,,,via chain -- out of scope,,,,,,,,,,,,,,,,,,
x81zs_iso04_vcr1,VCR_MV_TCN/M0C_12/32_37/9_26.8X44_VCRM0B_9_165H,VIA_CHAIN,,VCR_MV_TCN/M0C_12/32_37/9_26.8X44_VCRM0B_9_165H,,,,via chain -- out of scope,,,,,,,,,,,,,,,,,,
x81zs_iso04_vcr1,VCR_MV_TCN/M0C_12/32_37/9_26.8X44_VCRM0B_11_165H,VIA_CHAIN,,VCR_MV_TCN/M0C_12/32_37/9_26.8X44_VCRM0B_11_165H,,,,via chain -- out of scope,,,,,,,,,,,,,,,,,,
x81zs_iso04_vcr1,VCR_MV_TCN/M0C_12/32_37/9_26.8X44_VCRM0B_12_165H,VIA_CHAIN,,VCR_MV_TCN/M0C_12/32_37/9_26.8X44_VCRM0B_12_165H,,,,via chain -- out of scope,,,,,,,,,,,,,,,,,,
x81zs_iso04_vcr1,VCR_MV_TCN/M0C_12/32_37/9_26.8X44_VCRM0B_13_165H,VIA_CHAIN,,VCR_MV_TCN/M0C_12/32_37/9_26.8X44_VCRM0B_13_165H,,,,via chain -- out of scope,,,,,,,,,,,,,,,,,,
x81zs_iso04_vcr1,VCR_MV_TCN/M0C_12/32_37/9_26.8X44_VCRM0B_14_165H,VIA_CHAIN,,VCR_MV_TCN/M0C_12/32_37/9_26.8X44_VCRM0B_14_165H,,,,via chain -- out of scope,,,,,,,,,,,,,,,,,,
x81zs_iso04_vcr1,VCR_MV_TCN/M0C_12/32_37/9_26.8X44_VCRM0B_-3_165H,VIA_CHAIN,,VCR_MV_TCN/M0C_12/32_37/9_26.8X44_VCRM0B_-3_165H,,,,via chain -- out of scope,,,,,,,,,,,,,,,,,,
x81zs_iso04_vcr1,VCR_MV_TCN/M0C_12/32_37/9_26.8X44_VCRM0B_-5_165H,VIA_CHAIN,,VCR_MV_TCN/M0C_12/32_37/9_26.8X44_VCRM0B_-5_165H,,,,via chain -- out of scope,,,,,,,,,,,,,,,,,,
x81zs_iso04_vcr1,VCR_MV_TCN/M0C_12/32_37/9_26.8X44_VCRM0B_-7_165H,VIA_CHAIN,,VCR_MV_TCN/M0C_12/32_37/9_26.8X44_VCRM0B_-7_165H,,,,via chain -- out of scope,,,,,,,,,,,,,,,,,,
x81zs_iso04_vcr1,VCR_MV_TCN/M0C_12/32_37/9_26.8X44_VCRM0B_-9_165H,VIA_CHAIN,,VCR_MV_TCN/M0C_12/32_37/9_26.8X44_VCRM0B_-9_165H,,,,via chain -- out of scope,,,,,,,,,,,,,,,,,,
x81zs_iso04_vcr1,VCR_MV_TCN/M0C_12/32_37/9_26.8X44_VCRM0B_-11_165H,VIA_CHAIN,,VCR_MV_TCN/M0C_12/32_37/9_26.8X44_VCRM0B_-11_165H,,,,via chain -- out of scope,,,,,,,,,,,,,,,,,,
x81zs_iso04_vcr1,VCR_MV_TCN/M0C_12/32_37/9_26.8X44_VCRM0B_-12_165H,VIA_CHAIN,,VCR_MV_TCN/M0C_12/32_37/9_26.8X44_VCRM0B_-12_165H,,,,via chain -- out of scope,,,,,,,,,,,,,,,,,,
x81zs_iso04_vcr1,VCR_MV_TCN/M0C_12/32_37/9_26.8X44_VCRM0B_-13_165H,VIA_CHAIN,,VCR_MV_TCN/M0C_12/32_37/9_26.8X44_VCRM0B_-13_165H,,,,via chain -- out of scope,,,,,,,,,,,,,,,,,,
x81zs_iso04_vcr1,VCR_MV_TCN/M0C_12/32_37/9_26.8X44_VCRM0B_-14_165H,VIA_CHAIN,,VCR_MV_TCN/M0C_12/32_37/9_26.8X44_VCRM0B_-14_165H,,,,via chain -- out of scope,,,,,,,,,,,,,,,,,,
x81zs_iso04_vcr1,VCR_MV_TCN/M0C_12/32_37/9_30.8X44_VCRM0B_0_165H,VIA_CHAIN,,VCR_MV_TCN/M0C_12/32_37/9_30.8X44_VCRM0B_0_165H,,,,via chain -- out of scope,,,,,,,,,,,,,,,,,,
x81zs_iso04_vcr1,VCR_MV_TCN/M0C_12/32_37/9_30.8X44_VCRM0B_3_165H,VIA_CHAIN,,VCR_MV_TCN/M0C_12/32_37/9_30.8X44_VCRM0B_3_165H,,,,via chain -- out of scope,,,,,,,,,,,,,,,,,,
x81zs_iso04_vcr1,VCR_MV_TCN/M0C_12/32_37/9_30.8X44_VCRM0B_5_165H,VIA_CHAIN,,VCR_MV_TCN/M0C_12/32_37/9_30.8X44_VCRM0B_5_165H,,,,via chain -- out of scope,,,,,,,,,,,,,,,,,,
x81zs_iso04_vcr1,VCR_MV_TCN/M0C_12/32_37/9_30.8X44_VCRM0B_7_165H,VIA_CHAIN,,VCR_MV_TCN/M0C_12/32_37/9_30.8X44_VCRM0B_7_165H,,,,via chain -- out of scope,,,,,,,,,,,,,,,,,,
x81zs_iso04_vcr1,VCR_MV_TCN/M0C_12/32_37/9_30.8X44_VCRM0B_9_165H,VIA_CHAIN,,VCR_MV_TCN/M0C_12/32_37/9_30.8X44_VCRM0B_9_165H,,,,via chain -- out of scope,,,,,,,,,,,,,,,,,,
x81zs_iso04_vcr1,VCR_MV_TCN/M0C_12/32_37/9_30.8X44_VCRM0B_11_165H,VIA_CHAIN,,VCR_MV_TCN/M0C_12/32_37/9_30.8X44_VCRM0B_11_165H,,,,via chain -- out of scope,,,,,,,,,,,,,,,,,,
x81zs_iso04_vcr1,VCR_MV_TCN/M0C_12/32_37/9_30.8X44_VCRM0B_12_165H,VIA_CHAIN,,VCR_MV_TCN/M0C_12/32_37/9_30.8X44_VCRM0B_12_165H,,,,via chain -- out of scope,,,,,,,,,,,,,,,,,,
x81zs_iso04_vcr1,VCR_MV_TCN/M0C_12/32_37/9_30.8X44_VCRM0B_13_165H,VIA_CHAIN,,VCR_MV_TCN/M0C_12/32_37/9_30.8X44_VCRM0B_13_165H,,,,via chain -- out of scope,,,,,,,,,,,,,,,,,,
x81zs_iso04_vcr1,VCR_MV_TCN/M0C_12/32_37/9_30.8X44_VCRM0B_14_165H,VIA_CHAIN,,VCR_MV_TCN/M0C_12/32_37/9_30.8X44_VCRM0B_14_165H,,,,via chain -- out of scope,,,,,,,,,,,,,,,,,,
x81zs_iso04_vcr1,VCR_MV_TCN/M0C_12/32_37/9_30.8X44_VCRM0B_-3_165H,VIA_CHAIN,,VCR_MV_TCN/M0C_12/32_37/9_30.8X44_VCRM0B_-3_165H,,,,via chain -- out of scope,,,,,,,,,,,,,,,,,,
x81zs_iso04_vcr1,VCR_MV_TCN/M0C_12/32_37/9_30.8X44_VCRM0B_-5_165H,VIA_CHAIN,,VCR_MV_TCN/M0C_12/32_37/9_30.8X44_VCRM0B_-5_165H,,,,via chain -- out of scope,,,,,,,,,,,,,,,,,,
x81zs_iso04_vcr1,VCR_MV_TCN/M0C_12/32_37/9_30.8X44_VCRM0B_-7_165H,VIA_CHAIN,,VCR_MV_TCN/M0C_12/32_37/9_30.8X44_VCRM0B_-7_165H,,,,via chain -- out of scope,,,,,,,,,,,,,,,,,,
x81zs_iso04_vcr1,VCR_MV_TCN/M0C_12/32_37/9_30.8X44_VCRM0B_-9_165H,VIA_CHAIN,,VCR_MV_TCN/M0C_12/32_37/9_30.8X44_VCRM0B_-9_165H,,,,via chain -- out of scope,,,,,,,,,,,,,,,,,,
x81zs_iso04_vcr1,VCR_MV_TCN/M0C_12/32_37/9_30.8X44_VCRM0B_-11_165H,VIA_CHAIN,,VCR_MV_TCN/M0C_12/32_37/9_30.8X44_VCRM0B_-11_165H,,,,via chain -- out of scope,,,,,,,,,,,,,,,,,,
x81zs_iso04_vcr1,VCR_MV_TCN/M0C_12/32_37/9_30.8X44_VCRM0B_-12_165H,VIA_CHAIN,,VCR_MV_TCN/M0C_12/32_37/9_30.8X44_VCRM0B_-12_165H,,,,via chain -- out of scope,,,,,,,,,,,,,,,,,,
x81zs_iso04_vcr1,VCR_MV_TCN/M0C_12/32_37/9_30.8X44_VCRM0B_-13_165H,VIA_CHAIN,,VCR_MV_TCN/M0C_12/32_37/9_30.8X44_VCRM0B_-13_165H,,,,via chain -- out of scope,,,,,,,,,,,,,,,,,,
x81zs_iso04_vcr1,VCR_MV_TCN/M0C_12/32_37/9_30.8X44_VCRM0B_-14_165H,VIA_CHAIN,,VCR_MV_TCN/M0C_12/32_37/9_30.8X44_VCRM0B_-14_165H,,,,via chain -- out of scope,,,,,,,,,,,,,,,,,,
x81zs_iso04_vcr1,VCR_MV_TCN/M0C_12/32_37/9_36.8X44_VCRM0B_0_165H,VIA_CHAIN,,VCR_MV_TCN/M0C_12/32_37/9_36.8X44_VCRM0B_0_165H,,,,via chain -- out of scope,,,,,,,,,,,,,,,,,,
x81zs_iso04_vcr1,VCR_MV_TCN/M0C_12/32_37/9_36.8X44_VCRM0B_3_165H,VIA_CHAIN,,VCR_MV_TCN/M0C_12/32_37/9_36.8X44_VCRM0B_3_165H,,,,via chain -- out of scope,,,,,,,,,,,,,,,,,,
x81zs_iso04_vcr1,VCR_MV_TCN/M0C_12/32_37/9_36.8X44_VCRM0B_5_165H,VIA_CHAIN,,VCR_MV_TCN/M0C_12/32_37/9_36.8X44_VCRM0B_5_165H,,,,via chain -- out of scope,,,,,,,,,,,,,,,,,,
x81zs_iso04_vcr1,VCR_MV_TCN/M0C_12/32_37/9_36.8X44_VCRM0B_7_165H,VIA_CHAIN,,VCR_MV_TCN/M0C_12/32_37/9_36.8X44_VCRM0B_7_165H,,,,via chain -- out of scope,,,,,,,,,,,,,,,,,,
x81zs_iso04_vcr1,VCR_MV_TCN/M0C_12/32_37/9_36.8X44_VCRM0B_9_165H,VIA_CHAIN,,VCR_MV_TCN/M0C_12/32_37/9_36.8X44_VCRM0B_9_165H,,,,via chain -- out of scope,,,,,,,,,,,,,,,,,,
x81zs_iso04_vcr1,VCR_MV_TCN/M0C_12/32_37/9_36.8X44_VCRM0B_11_165H,VIA_CHAIN,,VCR_MV_TCN/M0C_12/32_37/9_36.8X44_VCRM0B_11_165H,,,,via chain -- out of scope,,,,,,,,,,,,,,,,,,
x81zs_iso04_vcr1,VCR_MV_TCN/M0C_12/32_37/9_36.8X44_VCRM0B_12_165H,VIA_CHAIN,,VCR_MV_TCN/M0C_12/32_37/9_36.8X44_VCRM0B_12_165H,,,,via chain -- out of scope,,,,,,,,,,,,,,,,,,
x81zs_iso04_vcr1,VCR_MV_TCN/M0C_12/32_37/9_36.8X44_VCRM0B_13_165H,VIA_CHAIN,,VCR_MV_TCN/M0C_12/32_37/9_36.8X44_VCRM0B_13_165H,,,,via chain -- out of scope,,,,,,,,,,,,,,,,,,
x81zs_iso04_vcr1,VCR_MV_TCN/M0C_12/32_37/9_36.8X44_VCRM0B_14_165H,VIA_CHAIN,,VCR_MV_TCN/M0C_12/32_37/9_36.8X44_VCRM0B_14_165H,,,,via chain -- out of scope,,,,,,,,,,,,,,,,,,
x81zs_iso04_vcr1,VCR_MV_TCN/M0C_12/32_37/9_36.8X44_VCRM0B_-3_165H,VIA_CHAIN,,VCR_MV_TCN/M0C_12/32_37/9_36.8X44_VCRM0B_-3_165H,,,,via chain -- out of scope,,,,,,,,,,,,,,,,,,
x81zs_iso04_vcr1,VCR_MV_TCN/M0C_12/32_37/9_36.8X44_VCRM0B_-5_165H,VIA_CHAIN,,VCR_MV_TCN/M0C_12/32_37/9_36.8X44_VCRM0B_-5_165H,,,,via chain -- out of scope,,,,,,,,,,,,,,,,,,
x81zs_iso04_vcr1,VCR_MV_TCN/M0C_12/32_37/9_36.8X44_VCRM0B_-7_165H,VIA_CHAIN,,VCR_MV_TCN/M0C_12/32_37/9_36.8X44_VCRM0B_-7_165H,,,,via chain -- out of scope,,,,,,,,,,,,,,,,,,
x81zs_iso04_vcr1,VCR_MV_TCN/M0C_12/32_37/9_36.8X44_VCRM0B_-9_165H,VIA_CHAIN,,VCR_MV_TCN/M0C_12/32_37/9_36.8X44_VCRM0B_-9_165H,,,,via chain -- out of scope,,,,,,,,,,,,,,,,,,
x81zs_iso04_vcr1,VCR_MV_TCN/M0C_12/32_37/9_36.8X44_VCRM0B_-11_165H,VIA_CHAIN,,VCR_MV_TCN/M0C_12/32_37/9_36.8X44_VCRM0B_-11_165H,,,,via chain -- out of scope,,,,,,,,,,,,,,,,,,
x81zs_iso04_vcr1,VCR_MV_TCN/M0C_12/32_37/9_36.8X44_VCRM0B_-12_165H,VIA_CHAIN,,VCR_MV_TCN/M0C_12/32_37/9_36.8X44_VCRM0B_-12_165H,,,,via chain -- out of scope,,,,,,,,,,,,,,,,,,
x81zs_iso04_vcr1,VCR_MV_TCN/M0C_12/32_37/9_36.8X44_VCRM0B_-13_165H,VIA_CHAIN,,VCR_MV_TCN/M0C_12/32_37/9_36.8X44_VCRM0B_-13_165H,,,,via chain -- out of scope,,,,,,,,,,,,,,,,,,
x81zs_iso04_vcr1,VCR_MV_TCN/M0C_12/32_37/9_36.8X44_VCRM0B_-14_165H,VIA_CHAIN,,VCR_MV_TCN/M0C_12/32_37/9_36.8X44_VCRM0B_-14_165H,,,,via chain -- out of scope,,,,,,,,,,,,,,,,,,
x81zs_iso04_vcr1,VCR_MV_TCN/M0C_12/32_37/9_40.8X44_VCRM0B_0_165H,VIA_CHAIN,,VCR_MV_TCN/M0C_12/32_37/9_40.8X44_VCRM0B_0_165H,,,,via chain -- out of scope,,,,,,,,,,,,,,,,,,
x81zs_iso04_vcr1,VCR_MV_TCN/M0C_12/32_37/9_40.8X44_VCRM0B_3_165H,VIA_CHAIN,,VCR_MV_TCN/M0C_12/32_37/9_40.8X44_VCRM0B_3_165H,,,,via chain -- out of scope,,,,,,,,,,,,,,,,,,
x81zs_iso04_vcr1,VCR_MV_TCN/M0C_12/32_37/9_40.8X44_VCRM0B_5_165H,VIA_CHAIN,,VCR_MV_TCN/M0C_12/32_37/9_40.8X44_VCRM0B_5_165H,,,,via chain -- out of scope,,,,,,,,,,,,,,,,,,
x81zs_iso04_vcr1,VCR_MV_TCN/M0C_12/32_37/9_40.8X44_VCRM0B_7_165H,VIA_CHAIN,,VCR_MV_TCN/M0C_12/32_37/9_40.8X44_VCRM0B_7_165H,,,,via chain -- out of scope,,,,,,,,,,,,,,,,,,
x81zs_iso04_vcr1,VCR_MV_TCN/M0C_12/32_37/9_40.8X44_VCRM0B_9_165H,VIA_CHAIN,,VCR_MV_TCN/M0C_12/32_37/9_40.8X44_VCRM0B_9_165H,,,,via chain -- out of scope,,,,,,,,,,,,,,,,,,
x81zs_iso04_vcr1,VCR_MV_TCN/M0C_12/32_37/9_40.8X44_VCRM0B_11_165H,VIA_CHAIN,,VCR_MV_TCN/M0C_12/32_37/9_40.8X44_VCRM0B_11_165H,,,,via chain -- out of scope,,,,,,,,,,,,,,,,,,
x81zs_iso04_vcr1,VCR_MV_TCN/M0C_12/32_37/9_40.8X44_VCRM0B_12_165H,VIA_CHAIN,,VCR_MV_TCN/M0C_12/32_37/9_40.8X44_VCRM0B_12_165H,,,,via chain -- out of scope,,,,,,,,,,,,,,,,,,
x81zs_iso04_vcr1,VCR_MV_TCN/M0C_12/32_37/9_40.8X44_VCRM0B_13_165H,VIA_CHAIN,,VCR_MV_TCN/M0C_12/32_37/9_40.8X44_VCRM0B_13_165H,,,,via chain -- out of scope,,,,,,,,,,,,,,,,,,
x81zs_iso04_vcr1,VCR_MV_TCN/M0C_12/32_37/9_40.8X44_VCRM0B_14_165H,VIA_CHAIN,,VCR_MV_TCN/M0C_12/32_37/9_40.8X44_VCRM0B_14_165H,,,,via chain -- out of scope,,,,,,,,,,,,,,,,,,
x81zs_iso04_vcr1,VCR_MV_TCN/M0C_12/32_37/9_40.8X44_VCRM0B_-3_165H,VIA_CHAIN,,VCR_MV_TCN/M0C_12/32_37/9_40.8X44_VCRM0B_-3_165H,,,,via chain -- out of scope,,,,,,,,,,,,,,,,,,
x81zs_iso06_1,VG_MV_Poly/M0C_12/32_15/9_12x15_VGM0B/P_10_P_132CH,VIA_CHAIN,,VG_MV_Poly/M0C_12/32_15/9_12x15_VGM0B/P_10_P_132CH,,,,via chain -- out of scope,,,,,,,,,,,,,,,,,,
x81zs_iso06_1,VG_MV_Poly/M0C_12/32_15/9_12x15_VGM0B/P_11_P_132CH,VIA_CHAIN,,VG_MV_Poly/M0C_12/32_15/9_12x15_VGM0B/P_11_P_132CH,,,,via chain -- out of scope,,,,,,,,,,,,,,,,,,
x81zs_iso06_1,VG_MV_Poly/M0C_12/32_15/9_12x15_VGM0B/P_12_P_132CH,VIA_CHAIN,,VG_MV_Poly/M0C_12/32_15/9_12x15_VGM0B/P_12_P_132CH,,,,via chain -- out of scope,,,,,,,,,,,,,,,,,,
x81zs_iso06_1,VG_MV_Poly/M0C_12/32_15/9_12x15_VGM0B/P_0_N_132CH,VIA_CHAIN,,VG_MV_Poly/M0C_12/32_15/9_12x15_VGM0B/P_0_N_132CH,,,,via chain -- out of scope,,,,,,,,,,,,,,,,,,
x81zs_iso06_1,VG_MV_Poly/M0C_12/32_15/9_12x15_VGM0B/P_-3_N_132CH,VIA_CHAIN,,VG_MV_Poly/M0C_12/32_15/9_12x15_VGM0B/P_-3_N_132CH,,,,via chain -- out of scope,,,,,,,,,,,,,,,,,,
x81zs_iso06_1,VG_MV_Poly/M0C_12/32_15/9_12x15_VGM0B/P_-5_N_132CH,VIA_CHAIN,,VG_MV_Poly/M0C_12/32_15/9_12x15_VGM0B/P_-5_N_132CH,,,,via chain -- out of scope,,,,,,,,,,,,,,,,,,
x81zs_iso06_1,VG_MV_Poly/M0C_12/32_15/9_12x15_VGM0B/P_-7_N_132CH,VIA_CHAIN,,VG_MV_Poly/M0C_12/32_15/9_12x15_VGM0B/P_-7_N_132CH,,,,via chain -- out of scope,,,,,,,,,,,,,,,,,,
x81zs_iso06_1,VG_MV_Poly/M0C_12/32_15/9_12x15_VGM0B/P_-8_N_132CH,VIA_CHAIN,,VG_MV_Poly/M0C_12/32_15/9_12x15_VGM0B/P_-8_N_132CH,,,,via chain -- out of scope,,,,,,,,,,,,,,,,,,
x81zs_iso06_1,VG_MV_Poly/M0C_12/32_15/9_12x15_VGM0B/P_-9_N_132CH,VIA_CHAIN,,VG_MV_Poly/M0C_12/32_15/9_12x15_VGM0B/P_-9_N_132CH,,,,via chain -- out of scope,,,,,,,,,,,,,,,,,,
x81zs_iso06_1,VG_MV_Poly/M0C_12/32_15/9_12x15_VGM0B/P_-10_N_132CH,VIA_CHAIN,,VG_MV_Poly/M0C_12/32_15/9_12x15_VGM0B/P_-10_N_132CH,,,,via chain -- out of scope,,,,,,,,,,,,,,,,,,
x81zs_iso06_1,VG_MV_Poly/M0C_12/32_15/9_12x15_VGM0B/P_-11_N_132CH,VIA_CHAIN,,VG_MV_Poly/M0C_12/32_15/9_12x15_VGM0B/P_-11_N_132CH,,,,via chain -- out of scope,,,,,,,,,,,,,,,,,,
x81zs_iso06_1,VG_MV_Poly/M0C_12/32_15/9_12x15_VGM0B/P_-12_N_132CH,VIA_CHAIN,,VG_MV_Poly/M0C_12/32_15/9_12x15_VGM0B/P_-12_N_132CH,,,,via chain -- out of scope,,,,,,,,,,,,,,,,,,
x81zs_iso06_1,VG_MV_Poly/M0B_12/32_15/9_12x15_VGM0C/P_0_P_132CH,VIA_CHAIN,,VG_MV_Poly/M0B_12/32_15/9_12x15_VGM0C/P_0_P_132CH,,,,via chain -- out of scope,,,,,,,,,,,,,,,,,,
x81zs_iso06_1,VG_MV_Poly/M0B_12/32_15/9_12x15_VGM0C/P_3_P_132CH,VIA_CHAIN,,VG_MV_Poly/M0B_12/32_15/9_12x15_VGM0C/P_3_P_132CH,,,,via chain -- out of scope,,,,,,,,,,,,,,,,,,
x81zs_iso06_1,VG_MV_Poly/M0B_12/32_15/9_12x15_VGM0C/P_5_P_132CH,VIA_CHAIN,,VG_MV_Poly/M0B_12/32_15/9_12x15_VGM0C/P_5_P_132CH,,,,via chain -- out of scope,,,,,,,,,,,,,,,,,,
x81zs_iso06_1,VG_MV_Poly/M0B_12/32_15/9_12x15_VGM0C/P_7_P_132CH,VIA_CHAIN,,VG_MV_Poly/M0B_12/32_15/9_12x15_VGM0C/P_7_P_132CH,,,,via chain -- out of scope,,,,,,,,,,,,,,,,,,
x81zs_iso06_1,VG_MV_Poly/M0B_12/32_15/9_12x15_VGM0C/P_8_P_132CH,VIA_CHAIN,,VG_MV_Poly/M0B_12/32_15/9_12x15_VGM0C/P_8_P_132CH,,,,via chain -- out of scope,,,,,,,,,,,,,,,,,,
x81zs_iso06_1,VG_MV_Poly/M0B_12/32_15/9_12x15_VGM0C/P_9_P_132CH,VIA_CHAIN,,VG_MV_Poly/M0B_12/32_15/9_12x15_VGM0C/P_9_P_132CH,,,,via chain -- out of scope,,,,,,,,,,,,,,,,,,
x81zs_iso06_1,VG_MV_Poly/M0B_12/32_15/9_12x15_VGM0C/P_10_P_132CH,VIA_CHAIN,,VG_MV_Poly/M0B_12/32_15/9_12x15_VGM0C/P_10_P_132CH,,,,via chain -- out of scope,,,,,,,,,,,,,,,,,,
x81zs_iso06_1,VG_MV_Poly/M0B_12/32_15/9_12x15_VGM0C/P_11_P_132CH,VIA_CHAIN,,VG_MV_Poly/M0B_12/32_15/9_12x15_VGM0C/P_11_P_132CH,,,,via chain -- out of scope,,,,,,,,,,,,,,,,,,
x81zs_iso06_1,VG_MV_Poly/M0B_12/32_15/9_12x15_VGM0C/P_12_P_132CH,VIA_CHAIN,,VG_MV_Poly/M0B_12/32_15/9_12x15_VGM0C/P_12_P_132CH,,,,via chain -- out of scope,,,,,,,,,,,,,,,,,,
x81zs_iso06_1,VG_MV_Poly/M0B_12/32_15/9_12x15_VGM0C/P_0_N_132CH,VIA_CHAIN,,VG_MV_Poly/M0B_12/32_15/9_12x15_VGM0C/P_0_N_132CH,,,,via chain -- out of scope,,,,,,,,,,,,,,,,,,
x81zs_iso06_1,VG_MV_Poly/M0B_12/32_15/9_12x15_VGM0C/P_-3_N_132CH,VIA_CHAIN,,VG_MV_Poly/M0B_12/32_15/9_12x15_VGM0C/P_-3_N_132CH,,,,via chain -- out of scope,,,,,,,,,,,,,,,,,,
x81zs_iso06_1,VG_MV_Poly/M0B_12/32_15/9_12x15_VGM0C/P_-5_N_132CH,VIA_CHAIN,,VG_MV_Poly/M0B_12/32_15/9_12x15_VGM0C/P_-5_N_132CH,,,,via chain -- out of scope,,,,,,,,,,,,,,,,,,
x81zs_iso06_1,VG_MV_Poly/M0B_12/32_15/9_12x15_VGM0C/P_-7_N_132CH,VIA_CHAIN,,VG_MV_Poly/M0B_12/32_15/9_12x15_VGM0C/P_-7_N_132CH,,,,via chain -- out of scope,,,,,,,,,,,,,,,,,,
x81zs_iso06_1,VG_MV_Poly/M0B_12/32_15/9_12x15_VGM0C/P_-8_N_132CH,VIA_CHAIN,,VG_MV_Poly/M0B_12/32_15/9_12x15_VGM0C/P_-8_N_132CH,,,,via chain -- out of scope,,,,,,,,,,,,,,,,,,
x81zs_iso06_1,VG_MV_Poly/M0B_12/32_15/9_12x15_VGM0C/P_-9_N_132CH,VIA_CHAIN,,VG_MV_Poly/M0B_12/32_15/9_12x15_VGM0C/P_-9_N_132CH,,,,via chain -- out of scope,,,,,,,,,,,,,,,,,,
x81zs_iso06_1,VG_MV_Poly/M0B_12/32_15/9_12x15_VGM0C/P_-10_N_132CH,VIA_CHAIN,,VG_MV_Poly/M0B_12/32_15/9_12x15_VGM0C/P_-10_N_132CH,,,,via chain -- out of scope,,,,,,,,,,,,,,,,,,
x81zs_iso06_1,VG_MV_Poly/M0B_12/32_15/9_12x15_VGM0C/P_-11_N_132CH,VIA_CHAIN,,VG_MV_Poly/M0B_12/32_15/9_12x15_VGM0C/P_-11_N_132CH,,,,via chain -- out of scope,,,,,,,,,,,,,,,,,,
x81zs_iso06_1,VG_MV_Poly/M0B_12/32_15/9_12x15_VGM0C/P_-12_N_132CH,VIA_CHAIN,,VG_MV_Poly/M0B_12/32_15/9_12x15_VGM0C/P_-12_N_132CH,,,,via chain -- out of scope,,,,,,,,,,,,,,,,,,
x81zs_iso06_1,VG_MV_Poly/M0B_12/32_14/9_12X14_VGM0C_0_165CH,VIA_CHAIN,,VG_MV_Poly/M0B_12/32_14/9_12X14_VGM0C_0_165CH,,,,via chain -- out of scope,,,,,,,,,,,,,,,,,,
x81zs_iso06_1,VG_MV_Poly/M0B_12/32_14/9_12X14_VGM0C_3_165CH,VIA_CHAIN,,VG_MV_Poly/M0B_12/32_14/9_12X14_VGM0C_3_165CH,,,,via chain -- out of scope,,,,,,,,,,,,,,,,,,
x81zs_iso06_1,VG_MV_Poly/M0B_12/32_14/9_12X14_VGM0C_5_165CH,VIA_CHAIN,,VG_MV_Poly/M0B_12/32_14/9_12X14_VGM0C_5_165CH,,,,via chain -- out of scope,,,,,,,,,,,,,,,,,,
x81zs_iso06_1,VG_MV_Poly/M0B_12/32_14/9_12X14_VGM0C_7_165CH,VIA_CHAIN,,VG_MV_Poly/M0B_12/32_14/9_12X14_VGM0C_7_165CH,,,,via chain -- out of scope,,,,,,,,,,,,,,,,,,
x81zs_iso06_1,VG_MV_Poly/M0B_12/32_14/9_12X14_VGM0C_8_165CH,VIA_CHAIN,,VG_MV_Poly/M0B_12/32_14/9_12X14_VGM0C_8_165CH,,,,via chain -- out of scope,,,,,,,,,,,,,,,,,,
x81zs_iso06_1,VG_MV_Poly/M0B_12/32_14/9_12X14_VGM0C_9_165CH,VIA_CHAIN,,VG_MV_Poly/M0B_12/32_14/9_12X14_VGM0C_9_165CH,,,,via chain -- out of scope,,,,,,,,,,,,,,,,,,
x81zs_iso06_1,VG_MV_Poly/M0B_12/32_14/9_12X14_VGM0C_10_165CH,VIA_CHAIN,,VG_MV_Poly/M0B_12/32_14/9_12X14_VGM0C_10_165CH,,,,via chain -- out of scope,,,,,,,,,,,,,,,,,,
x81zs_iso06_1,VG_MV_Poly/M0B_12/32_14/9_12X14_VGM0C_11_165CH,VIA_CHAIN,,VG_MV_Poly/M0B_12/32_14/9_12X14_VGM0C_11_165CH,,,,via chain -- out of scope,,,,,,,,,,,,,,,,,,
x81zs_iso06_1,VG_MV_Poly/M0B_12/32_14/9_12X14_VGM0C_12_165CH,VIA_CHAIN,,VG_MV_Poly/M0B_12/32_14/9_12X14_VGM0C_12_165CH,,,,via chain -- out of scope,,,,,,,,,,,,,,,,,,
x81zs_iso06_1,VG_MV_Poly/M0B_12/32_14/9_12X14_VGM0C_-3_165CH,VIA_CHAIN,,VG_MV_Poly/M0B_12/32_14/9_12X14_VGM0C_-3_165CH,,,,via chain -- out of scope,,,,,,,,,,,,,,,,,,
x81zs_iso06_1,VG_MV_Poly/M0B_12/32_14/9_12X14_VGM0C_-5_165CH,VIA_CHAIN,,VG_MV_Poly/M0B_12/32_14/9_12X14_VGM0C_-5_165CH,,,,via chain -- out of scope,,,,,,,,,,,,,,,,,,
x81zs_iso06_1,VG_MV_Poly/M0B_12/32_14/9_12X14_VGM0C_-7_165CH,VIA_CHAIN,,VG_MV_Poly/M0B_12/32_14/9_12X14_VGM0C_-7_165CH,,,,via chain -- out of scope,,,,,,,,,,,,,,,,,,
x81zs_iso06_1,VG_MV_Poly/M0B_12/32_14/9_12X14_VGM0C_-8_165CH,VIA_CHAIN,,VG_MV_Poly/M0B_12/32_14/9_12X14_VGM0C_-8_165CH,,,,via chain -- out of scope,,,,,,,,,,,,,,,,,,
x81zs_iso06_1,VG_MV_Poly/M0B_12/32_14/9_12X14_VGM0C_-9_165CH,VIA_CHAIN,,VG_MV_Poly/M0B_12/32_14/9_12X14_VGM0C_-9_165CH,,,,via chain -- out of scope,,,,,,,,,,,,,,,,,,
x81zs_iso06_1,VG_MV_Poly/M0B_12/32_14/9_12X14_VGM0C_-10_165CH,VIA_CHAIN,,VG_MV_Poly/M0B_12/32_14/9_12X14_VGM0C_-10_165CH,,,,via chain -- out of scope,,,,,,,,,,,,,,,,,,
x81zs_iso06_1,VG_MV_Poly/M0B_12/32_14/9_12X14_VGM0C_-11_165CH,VIA_CHAIN,,VG_MV_Poly/M0B_12/32_14/9_12X14_VGM0C_-11_165CH,,,,via chain -- out of scope,,,,,,,,,,,,,,,,,,
x81zs_iso06_1,VG_MV_Poly/M0B_12/32_14/9_12X14_VGM0C_-12_165CH,VIA_CHAIN,,VG_MV_Poly/M0B_12/32_14/9_12X14_VGM0C_-12_165CH,,,,via chain -- out of scope,,,,,,,,,,,,,,,,,,
x81zs_iso06_1,VG_MV_Poly/M0B_12/32_14/9_12X14_VGM0C/P_0_P_165CH,VIA_CHAIN,,VG_MV_Poly/M0B_12/32_14/9_12X14_VGM0C/P_0_P_165CH,,,,via chain -- out of scope,,,,,,,,,,,,,,,,,,
x81zs_iso06_1,VG_MV_Poly/M0B_12/32_14/9_12X14_VGM0C/P_3_P_165CH,VIA_CHAIN,,VG_MV_Poly/M0B_12/32_14/9_12X14_VGM0C/P_3_P_165CH,,,,via chain -- out of scope,,,,,,,,,,,,,,,,,,
x81zs_iso06_1,VG_MV_Poly/M0B_12/32_14/9_12X14_VGM0C/P_5_P_165CH,VIA_CHAIN,,VG_MV_Poly/M0B_12/32_14/9_12X14_VGM0C/P_5_P_165CH,,,,via chain -- out of scope,,,,,,,,,,,,,,,,,,
x81zs_iso06_1,VG_MV_Poly/M0B_12/32_14/9_12X14_VGM0C/P_7_P_165CH,VIA_CHAIN,,VG_MV_Poly/M0B_12/32_14/9_12X14_VGM0C/P_7_P_165CH,,,,via chain -- out of scope,,,,,,,,,,,,,,,,,,
x81zs_iso06_1,VG_MV_Poly/M0B_12/32_14/9_12X14_VGM0C/P_8_P_165CH,VIA_CHAIN,,VG_MV_Poly/M0B_12/32_14/9_12X14_VGM0C/P_8_P_165CH,,,,via chain -- out of scope,,,,,,,,,,,,,,,,,,
x81zs_iso06_1,VG_MV_Poly/M0B_12/32_14/9_12X14_VGM0C/P_9_P_165CH,VIA_CHAIN,,VG_MV_Poly/M0B_12/32_14/9_12X14_VGM0C/P_9_P_165CH,,,,via chain -- out of scope,,,,,,,,,,,,,,,,,,
x81zs_iso06_1,VG_MV_Poly/M0B_12/32_14/9_12X14_VGM0C/P_10_P_165CH,VIA_CHAIN,,VG_MV_Poly/M0B_12/32_14/9_12X14_VGM0C/P_10_P_165CH,,,,via chain -- out of scope,,,,,,,,,,,,,,,,,,
x81zs_iso06_1,VG_MV_Poly/M0B_12/32_14/9_12X14_VGM0C/P_11_P_165CH,VIA_CHAIN,,VG_MV_Poly/M0B_12/32_14/9_12X14_VGM0C/P_11_P_165CH,,,,via chain -- out of scope,,,,,,,,,,,,,,,,,,
x81zs_iso06_1,VG_MV_Poly/M0B_12/32_14/9_12X14_VGM0C/P_12_P_165CH,VIA_CHAIN,,VG_MV_Poly/M0B_12/32_14/9_12X14_VGM0C/P_12_P_165CH,,,,via chain -- out of scope,,,,,,,,,,,,,,,,,,
x81zs_iso06_1,VG_MV_Poly/M0B_12/32_14/9_12X14_VGM0C/N_-3_N_165CH,VIA_CHAIN,,VG_MV_Poly/M0B_12/32_14/9_12X14_VGM0C/N_-3_N_165CH,,,,via chain -- out of scope,,,,,,,,,,,,,,,,,,
x81zs_iso06_1,VG_MV_Poly/M0B_12/32_14/9_12X14_VGM0C/N_-5_N_165CH,VIA_CHAIN,,VG_MV_Poly/M0B_12/32_14/9_12X14_VGM0C/N_-5_N_165CH,,,,via chain -- out of scope,,,,,,,,,,,,,,,,,,
x81zs_iso06_1,VG_MV_Poly/M0B_12/32_14/9_12X14_VGM0C/N_-7_N_165CH,VIA_CHAIN,,VG_MV_Poly/M0B_12/32_14/9_12X14_VGM0C/N_-7_N_165CH,,,,via chain -- out of scope,,,,,,,,,,,,,,,,,,
x81zs_iso06_1,VG_MV_Poly/M0B_12/32_14/9_12X14_VGM0C/N_-8_N_165CH,VIA_CHAIN,,VG_MV_Poly/M0B_12/32_14/9_12X14_VGM0C/N_-8_N_165CH,,,,via chain -- out of scope,,,,,,,,,,,,,,,,,,
x81zs_iso06_1,VG_MV_Poly/M0B_12/32_14/9_12X14_VGM0C/N_-9_N_165CH,VIA_CHAIN,,VG_MV_Poly/M0B_12/32_14/9_12X14_VGM0C/N_-9_N_165CH,,,,via chain -- out of scope,,,,,,,,,,,,,,,,,,
x81zs_iso06_1,VG_MV_Poly/M0B_12/32_14/9_12X14_VGM0C/N_-10_N_165CH,VIA_CHAIN,,VG_MV_Poly/M0B_12/32_14/9_12X14_VGM0C/N_-10_N_165CH,,,,via chain -- out of scope,,,,,,,,,,,,,,,,,,
x81zs_iso06_1,VG_MV_Poly/M0B_12/32_14/9_12X14_VGM0C/N_-11_N_165CH,VIA_CHAIN,,VG_MV_Poly/M0B_12/32_14/9_12X14_VGM0C/N_-11_N_165CH,,,,via chain -- out of scope,,,,,,,,,,,,,,,,,,
x81zs_iso06_1,VG_MV_Poly/M0B_12/32_14/9_12X14_VGM0C/N_-12_N_165CH,VIA_CHAIN,,VG_MV_Poly/M0B_12/32_14/9_12X14_VGM0C/N_-12_N_165CH,,,,via chain -- out of scope,,,,,,,,,,,,,,,,,,
x81zs_iso06_1,VCR_MV_TCN/M0C_12/32_37/9_40.8X44_VCRM0B_-5_165H,VIA_CHAIN,,VCR_MV_TCN/M0C_12/32_37/9_40.8X44_VCRM0B_-5_165H,,,,via chain -- out of scope,,,,,,,,,,,,,,,,,,
x81zs_iso06_1,VCR_MV_TCN/M0C_12/32_37/9_40.8X44_VCRM0B_-7_165H,VIA_CHAIN,,VCR_MV_TCN/M0C_12/32_37/9_40.8X44_VCRM0B_-7_165H,,,,via chain -- out of scope,,,,,,,,,,,,,,,,,,
x81zs_iso06_1,VCR_MV_TCN/M0C_12/32_37/9_40.8X44_VCRM0B_-9_165H,VIA_CHAIN,,VCR_MV_TCN/M0C_12/32_37/9_40.8X44_VCRM0B_-9_165H,,,,via chain -- out of scope,,,,,,,,,,,,,,,,,,
x81zs_iso06_1,VCR_MV_TCN/M0C_12/32_37/9_40.8X44_VCRM0B_-11_165H,VIA_CHAIN,,VCR_MV_TCN/M0C_12/32_37/9_40.8X44_VCRM0B_-11_165H,,,,via chain -- out of scope,,,,,,,,,,,,,,,,,,
x81zs_iso06_1,VCR_MV_TCN/M0C_12/32_37/9_40.8X44_VCRM0B_-12_165H,VIA_CHAIN,,VCR_MV_TCN/M0C_12/32_37/9_40.8X44_VCRM0B_-12_165H,,,,via chain -- out of scope,,,,,,,,,,,,,,,,,,
x81zs_iso06_1,VCR_MV_TCN/M0C_12/32_37/9_40.8X44_VCRM0B_-13_165H,VIA_CHAIN,,VCR_MV_TCN/M0C_12/32_37/9_40.8X44_VCRM0B_-13_165H,,,,via chain -- out of scope,,,,,,,,,,,,,,,,,,
x81zs_iso06_1,VCR_MV_TCN/M0C_12/32_37/9_40.8X44_VCRM0B_-14_165H,VIA_CHAIN,,VCR_MV_TCN/M0C_12/32_37/9_40.8X44_VCRM0B_-14_165H,,,,via chain -- out of scope,,,,,,,,,,,,,,,,,,
x81zs_tcntcn01,TCNTCN132-NZ5-L-A:SDR:PGD:REF:1TRK_1PP,TCNTCN,A,TCNTCN-<MOS>-A:SDR:PGD:REF:1TRK_1PP,5760,0.000173611,PGD ETE: 12 active TCN (VT) columns/unit x 2 LO<->HI tip-to-tip pair(s) each (LO1 tracks 6;14 vs HI1 tracks 9;11) = 24 LKG paths/unit; x 4x60 unit cells = 5760; Scalar = 1/5760,,,,,,,,,,,,,,,12,24,2,6/14,9/11
x81zs_tcntcn01,TCNTCN132-PZ5-L-A:SDR:PGD:REF:1TRK_1PP,TCNTCN,A,TCNTCN-<MOS>-A:SDR:PGD:REF:1TRK_1PP,5760,0.000173611,PGD ETE: 12 active TCN (VT) columns/unit x 2 LO<->HI tip-to-tip pair(s) each (LO1 tracks 6;14 vs HI1 tracks 9;11) = 24 LKG paths/unit; x 4x60 unit cells = 5760; Scalar = 1/5760,,,,,,,,,,,,,,,12,24,2,6/14,9/11
x81zs_tcntcn01,TCNTCN132-NPZ5-L-A:SDR:PGD:REF:1TRK_1PP,TCNTCN,A,TCNTCN-<MOS>-A:SDR:PGD:REF:1TRK_1PP,5760,0.000173611,PGD ETE: 12 active TCN (VT) columns/unit x 2 LO<->HI tip-to-tip pair(s) each (LO1 tracks 6;14 vs HI1 tracks 9;11) = 24 LKG paths/unit; x 4x60 unit cells = 5760; Scalar = 1/5760,,,,,,,,,,,,,,,12,24,2,6/14,9/11
x81zs_tcntcn01,TCNTCN165-NZ7-L-A:SDR:PGD:REF:1TRK_1PP,TCNTCN,A,TCNTCN-<MOS>-A:SDR:PGD:REF:1TRK_1PP,5760,0.000173611,PGD ETE: 12 active TCN (VT) columns/unit x 2 LO<->HI tip-to-tip pair(s) each (LO1 tracks 7;17 vs HI1 tracks 11;13) = 24 LKG paths/unit; x 4x60 unit cells = 5760; Scalar = 1/5760,,,,,,,,,,,,,,,12,24,2,7/17,11/13
x81zs_tcntcn01,TCNTCN165-PZ7-L-A:SDR:PGD:REF:1TRK_1PP,TCNTCN,A,TCNTCN-<MOS>-A:SDR:PGD:REF:1TRK_1PP,5760,0.000173611,PGD ETE: 12 active TCN (VT) columns/unit x 2 LO<->HI tip-to-tip pair(s) each (LO1 tracks 7;17 vs HI1 tracks 11;13) = 24 LKG paths/unit; x 4x60 unit cells = 5760; Scalar = 1/5760,,,,,,,,,,,,,,,12,24,2,7/17,11/13
x81zs_tcntcn01,TCNTCN165-NPZ7-L-A:SDR:PGD:REF:1TRK_1PP,TCNTCN,A,TCNTCN-<MOS>-A:SDR:PGD:REF:1TRK_1PP,5760,0.000173611,PGD ETE: 12 active TCN (VT) columns/unit x 2 LO<->HI tip-to-tip pair(s) each (LO1 tracks 7;17 vs HI1 tracks 11;13) = 24 LKG paths/unit; x 4x60 unit cells = 5760; Scalar = 1/5760,,,,,,,,,,,,,,,12,24,2,7/17,11/13
x81zs_tcntcn01,TCNTCN132-NZ5-L-A:SDR:PGD:REF:2TRK_1PP,TCNTCN,A,TCNTCN-<MOS>-A:SDR:PGD:REF:2TRK_1PP,5760,0.000173611,PGD ETE: 12 active TCN (VT) columns/unit x 2 LO<->HI tip-to-tip pair(s) each (LO1 tracks 4;16 vs HI1 tracks 9;11) = 24 LKG paths/unit; x 4x60 unit cells = 5760; Scalar = 1/5760,,,,,,,,,,,,,,,12,24,2,4/16,9/11
x81zs_tcntcn01,TCNTCN132-PZ5-L-A:SDR:PGD:REF:2TRK_1PP,TCNTCN,A,TCNTCN-<MOS>-A:SDR:PGD:REF:2TRK_1PP,5760,0.000173611,PGD ETE: 12 active TCN (VT) columns/unit x 2 LO<->HI tip-to-tip pair(s) each (LO1 tracks 4;16 vs HI1 tracks 9;11) = 24 LKG paths/unit; x 4x60 unit cells = 5760; Scalar = 1/5760,,,,,,,,,,,,,,,12,24,2,4/16,9/11
x81zs_tcntcn01,TCNTCN132-NPZ5-L-A:SDR:PGD:REF:2TRK_1PP,TCNTCN,A,TCNTCN-<MOS>-A:SDR:PGD:REF:2TRK_1PP,5760,0.000173611,PGD ETE: 12 active TCN (VT) columns/unit x 2 LO<->HI tip-to-tip pair(s) each (LO1 tracks 4;16 vs HI1 tracks 9;11) = 24 LKG paths/unit; x 4x60 unit cells = 5760; Scalar = 1/5760,,,,,,,,,,,,,,,12,24,2,4/16,9/11
x81zs_tcntcn01,TCNTCN165-NZ7-L-A:SDR:PGD:REF:2TRK_1PP,TCNTCN,A,TCNTCN-<MOS>-A:SDR:PGD:REF:2TRK_1PP,5760,0.000173611,PGD ETE: 12 active TCN (VT) columns/unit x 2 LO<->HI tip-to-tip pair(s) each (LO1 tracks 4;20 vs HI1 tracks 11;13) = 24 LKG paths/unit; x 4x60 unit cells = 5760; Scalar = 1/5760,,,,,,,,,,,,,,,12,24,2,4/20,11/13
x81zs_tcntcn01,TCNTCN165-PZ7-L-A:SDR:PGD:REF:2TRK_1PP,TCNTCN,A,TCNTCN-<MOS>-A:SDR:PGD:REF:2TRK_1PP,5760,0.000173611,PGD ETE: 12 active TCN (VT) columns/unit x 2 LO<->HI tip-to-tip pair(s) each (LO1 tracks 4;20 vs HI1 tracks 11;13) = 24 LKG paths/unit; x 4x60 unit cells = 5760; Scalar = 1/5760,,,,,,,,,,,,,,,12,24,2,4/20,11/13
x81zs_tcntcn01,TCNTCN165-NPZ7-L-A:SDR:PGD:REF:2TRK_1PP,TCNTCN,A,TCNTCN-<MOS>-A:SDR:PGD:REF:2TRK_1PP,5760,0.000173611,PGD ETE: 12 active TCN (VT) columns/unit x 2 LO<->HI tip-to-tip pair(s) each (LO1 tracks 4;20 vs HI1 tracks 11;13) = 24 LKG paths/unit; x 4x60 unit cells = 5760; Scalar = 1/5760,,,,,,,,,,,,,,,12,24,2,4/20,11/13
x81zs_tcntcn01,TCNTCN132-NPZ5-L-B:VCR:PGD:CD:N4,TCNTCN,B,TCNTCN-<MOS>-B:VCR:PGD:CD:<SKEW>,5760,0.000173611,PGD ETE: 12 active TCN (VT) columns/unit x 2 LO<->HI tip-to-tip pair(s) each (LO1 tracks 6;14 vs HI1 tracks 4;16) = 24 LKG paths/unit; x 4x60 unit cells = 5760; Scalar = 1/5760,,,,,,,,,,,,,,,12,24,2,6/14,4/16
x81zs_tcntcn01,TCNTCN132-NPZ5-L-B:VCR:PGD:CD:N2,TCNTCN,B,TCNTCN-<MOS>-B:VCR:PGD:CD:<SKEW>,5760,0.000173611,PGD ETE: 12 active TCN (VT) columns/unit x 2 LO<->HI tip-to-tip pair(s) each (LO1 tracks 6;14 vs HI1 tracks 4;16) = 24 LKG paths/unit; x 4x60 unit cells = 5760; Scalar = 1/5760,,,,,,,,,,,,,,,12,24,2,6/14,4/16
x81zs_tcntcn01,TCNTCN132-NPZ5-L-B:VCR:PGD:CD:NOM,TCNTCN,B,TCNTCN-<MOS>-B:VCR:PGD:CD:NOM,5760,0.000173611,PGD ETE: 12 active TCN (VT) columns/unit x 2 LO<->HI tip-to-tip pair(s) each (LO1 tracks 6;14 vs HI1 tracks 4;16) = 24 LKG paths/unit; x 4x60 unit cells = 5760; Scalar = 1/5760,,,,,,,,,,,,,,,12,24,2,6/14,4/16
x81zs_tcntcn01,TCNTCN132-NPZ5-L-B:VCR:PGD:CD:P2,TCNTCN,B,TCNTCN-<MOS>-B:VCR:PGD:CD:<SKEW>,5760,0.000173611,PGD ETE: 12 active TCN (VT) columns/unit x 2 LO<->HI tip-to-tip pair(s) each (LO1 tracks 6;14 vs HI1 tracks 4;16) = 24 LKG paths/unit; x 4x60 unit cells = 5760; Scalar = 1/5760,,,,,,,,,,,,,,,12,24,2,6/14,4/16
x81zs_tcntcn01,TCNTCN132-NPZ5-L-B:VCR:PGD:CD:P4,TCNTCN,B,TCNTCN-<MOS>-B:VCR:PGD:CD:<SKEW>,5760,0.000173611,PGD ETE: 12 active TCN (VT) columns/unit x 2 LO<->HI tip-to-tip pair(s) each (LO1 tracks 6;14 vs HI1 tracks 4;16) = 24 LKG paths/unit; x 4x60 unit cells = 5760; Scalar = 1/5760,,,,,,,,,,,,,,,12,24,2,6/14,4/16
x81zs_tcntcn01,TCNTCN132-NPZ5-L-B:VCR:PGD:REG:N4,TCNTCN,B,TCNTCN-<MOS>-B:VCR:PGD:REG:<SKEW>,5760,0.000173611,PGD ETE: 12 active TCN (VT) columns/unit x 2 LO<->HI tip-to-tip pair(s) each (LO1 tracks 6;14 vs HI1 tracks 4;16) = 24 LKG paths/unit; x 4x60 unit cells = 5760; Scalar = 1/5760,,,,,,,,,,,,,,,12,24,2,6/14,4/16
x81zs_tcntcn01,TCNTCN132-NPZ5-L-B:VCR:PGD:REG:N2,TCNTCN,B,TCNTCN-<MOS>-B:VCR:PGD:REG:<SKEW>,5760,0.000173611,PGD ETE: 12 active TCN (VT) columns/unit x 2 LO<->HI tip-to-tip pair(s) each (LO1 tracks 6;14 vs HI1 tracks 4;16) = 24 LKG paths/unit; x 4x60 unit cells = 5760; Scalar = 1/5760,,,,,,,,,,,,,,,12,24,2,6/14,4/16
x81zs_tcntcn01,TCNTCN132-NPZ5-L-B:VCR:PGD:REG:NOM,TCNTCN,B,TCNTCN-<MOS>-B:VCR:PGD:REG:NOM,5760,0.000173611,PGD ETE: 12 active TCN (VT) columns/unit x 2 LO<->HI tip-to-tip pair(s) each (LO1 tracks 6;14 vs HI1 tracks 4;16) = 24 LKG paths/unit; x 4x60 unit cells = 5760; Scalar = 1/5760,,,,,,,,,,,,,,,12,24,2,6/14,4/16
x81zs_tcntcn01,TCNTCN132-NPZ5-L-B:VCR:PGD:REG:P2,TCNTCN,B,TCNTCN-<MOS>-B:VCR:PGD:REG:<SKEW>,5760,0.000173611,PGD ETE: 12 active TCN (VT) columns/unit x 2 LO<->HI tip-to-tip pair(s) each (LO1 tracks 6;14 vs HI1 tracks 4;16) = 24 LKG paths/unit; x 4x60 unit cells = 5760; Scalar = 1/5760,,,,,,,,,,,,,,,12,24,2,6/14,4/16
x81zs_tcntcn01,TCNTCN132-NPZ5-L-B:VCR:PGD:REG:P4,TCNTCN,B,TCNTCN-<MOS>-B:VCR:PGD:REG:<SKEW>,5760,0.000173611,PGD ETE: 12 active TCN (VT) columns/unit x 2 LO<->HI tip-to-tip pair(s) each (LO1 tracks 6;14 vs HI1 tracks 4;16) = 24 LKG paths/unit; x 4x60 unit cells = 5760; Scalar = 1/5760,,,,,,,,,,,,,,,12,24,2,6/14,4/16
x81zs_tcntcn01,TCNTCN132-NPZ5-L-A:GLK_OGD_DEN:1TRK_1PP,TCNTCN,A,TCNTCN-<MOS>-A:GLK_OGD_DEN:1TRK_1PP,5760,0.000173611,PGD ETE: 12 active TCN (VT) columns/unit x 2 LO<->HI tip-to-tip pair(s) each (LO1 tracks 6;14 vs HI1 tracks 9;11) = 24 LKG paths/unit; x 4x60 unit cells = 5760; Scalar = 1/5760,,,,,,,,,,,,,,,12,24,2,6/14,9/11
x81zs_tcntcn01,TCNTCN132-NPZ5-L-A:PLG_OGD_DEN:1TRK_1PP,TCNTCN,A,TCNTCN-<MOS>-A:PLG_OGD_DEN:1TRK_1PP,5760,0.000173611,PGD ETE: 12 active TCN (VT) columns/unit x 2 LO<->HI tip-to-tip pair(s) each (LO1 tracks 6;14 vs HI1 tracks 9;11) = 24 LKG paths/unit; x 4x60 unit cells = 5760; Scalar = 1/5760,,,,,,,,,,,,,,,12,24,2,6/14,9/11
x81zs_tcntcn01,TCNTCN132-NPZ5-L-A:LNK_OGD_DEN:1TRK_1PP,TCNTCN,A,TCNTCN-<MOS>-A:LNK_OGD_DEN:1TRK_1PP,5760,0.000173611,PGD ETE: 12 active TCN (VT) columns/unit x 2 LO<->HI tip-to-tip pair(s) each (LO1 tracks 6;14 vs HI1 tracks 9;11) = 24 LKG paths/unit; x 4x60 unit cells = 5760; Scalar = 1/5760,,,,,,,,,,,,,,,12,24,2,6/14,9/11
x81zs_tcntcn01,TCNTCN132-NPZ5-L-A:TCP:PGD:CD:N2,TCNTCN,A,TCNTCN-<MOS>-A:TCP:PGD:CD:<SKEW>,5760,0.000173611,PGD ETE: 12 active TCN (VT) columns/unit x 2 LO<->HI tip-to-tip pair(s) each (LO1 tracks 4;16 vs HI1 tracks 9;11) = 24 LKG paths/unit; x 4x60 unit cells = 5760; Scalar = 1/5760,,,,,,,,,,,,,,,12,24,2,4/16,9/11
x81zs_tcntcn01,TCNTCN132-NPZ5-L-A:TCP:PGD:CD:N1,TCNTCN,A,TCNTCN-<MOS>-A:TCP:PGD:CD:<SKEW>,5760,0.000173611,PGD ETE: 12 active TCN (VT) columns/unit x 2 LO<->HI tip-to-tip pair(s) each (LO1 tracks 4;16 vs HI1 tracks 9;11) = 24 LKG paths/unit; x 4x60 unit cells = 5760; Scalar = 1/5760,,,,,,,,,,,,,,,12,24,2,4/16,9/11
x81zs_tcntcn01,TCNTCN132-NPZ5-L-A:TCP:PGD:CD:NOM,TCNTCN,A,TCNTCN-<MOS>-A:TCP:PGD:CD:NOM,5760,0.000173611,PGD ETE: 12 active TCN (VT) columns/unit x 2 LO<->HI tip-to-tip pair(s) each (LO1 tracks 4;16 vs HI1 tracks 9;11) = 24 LKG paths/unit; x 4x60 unit cells = 5760; Scalar = 1/5760,,,,,,,,,,,,,,,12,24,2,4/16,9/11
x81zs_tcntcn01,TCNTCN132-NPZ5-L-A:TCP:PGD:CD:P1,TCNTCN,A,TCNTCN-<MOS>-A:TCP:PGD:CD:<SKEW>,5760,0.000173611,PGD ETE: 12 active TCN (VT) columns/unit x 2 LO<->HI tip-to-tip pair(s) each (LO1 tracks 4;16 vs HI1 tracks 9;11) = 24 LKG paths/unit; x 4x60 unit cells = 5760; Scalar = 1/5760,,,,,,,,,,,,,,,12,24,2,4/16,9/11
x81zs_tcntcn01,TCNTCN132-NPZ5-L-A:TCP:PGD:CD:P2,TCNTCN,A,TCNTCN-<MOS>-A:TCP:PGD:CD:<SKEW>,5760,0.000173611,PGD ETE: 12 active TCN (VT) columns/unit x 2 LO<->HI tip-to-tip pair(s) each (LO1 tracks 4;16 vs HI1 tracks 9;11) = 24 LKG paths/unit; x 4x60 unit cells = 5760; Scalar = 1/5760,,,,,,,,,,,,,,,12,24,2,4/16,9/11
x81zs_tcntcn01,TCNTCN132-NPZ5-L-A:TCP:PGD:CD:P4,TCNTCN,A,TCNTCN-<MOS>-A:TCP:PGD:CD:<SKEW>,5760,0.000173611,PGD ETE: 12 active TCN (VT) columns/unit x 2 LO<->HI tip-to-tip pair(s) each (LO1 tracks 4;16 vs HI1 tracks 9;11) = 24 LKG paths/unit; x 4x60 unit cells = 5760; Scalar = 1/5760,,,,,,,,,,,,,,,12,24,2,4/16,9/11
x81zs_tcntcn01,TCNTCN132-NPZ5-L-A:TCP:PGD:CD:P6,TCNTCN,A,TCNTCN-<MOS>-A:TCP:PGD:CD:<SKEW>,5760,0.000173611,PGD ETE: 12 active TCN (VT) columns/unit x 2 LO<->HI tip-to-tip pair(s) each (LO1 tracks 4;16 vs HI1 tracks 9;11) = 24 LKG paths/unit; x 4x60 unit cells = 5760; Scalar = 1/5760,,,,,,,,,,,,,,,12,24,2,4/16,9/11
x81zs_tcntcn01,TCNTCN132-NPZ5-L-A:TCP:PGD:CD:P8,TCNTCN,A,TCNTCN-<MOS>-A:TCP:PGD:CD:<SKEW>,5760,0.000173611,PGD ETE: 12 active TCN (VT) columns/unit x 2 LO<->HI tip-to-tip pair(s) each (LO1 tracks 4;16 vs HI1 tracks 9;11) = 24 LKG paths/unit; x 4x60 unit cells = 5760; Scalar = 1/5760,,,,,,,,,,,,,,,12,24,2,4/16,9/11
x81zs_tcntcn01,TCNTCN132-NPZ5-L-A:TCP:PGD:REG:N5,TCNTCN,A,TCNTCN-<MOS>-A:TCP:PGD:REG:<SKEW>,5760,0.000173611,PGD ETE: 12 active TCN (VT) columns/unit x 2 LO<->HI tip-to-tip pair(s) each (LO1 tracks 4;16 vs HI1 tracks 9;11) = 24 LKG paths/unit; x 4x60 unit cells = 5760; Scalar = 1/5760,,,,,,,,,,,,,,,12,24,2,4/16,9/11
x81zs_tcntcn01,TCNTCN132-NPZ5-L-A:TCP:PGD:REG:N3,TCNTCN,A,TCNTCN-<MOS>-A:TCP:PGD:REG:<SKEW>,5760,0.000173611,PGD ETE: 12 active TCN (VT) columns/unit x 2 LO<->HI tip-to-tip pair(s) each (LO1 tracks 4;16 vs HI1 tracks 9;11) = 24 LKG paths/unit; x 4x60 unit cells = 5760; Scalar = 1/5760,,,,,,,,,,,,,,,12,24,2,4/16,9/11
x81zs_tcntcn01,TCNTCN132-NPZ5-L-A:TCP:PGD:REG:N1,TCNTCN,A,TCNTCN-<MOS>-A:TCP:PGD:REG:<SKEW>,5760,0.000173611,PGD ETE: 12 active TCN (VT) columns/unit x 2 LO<->HI tip-to-tip pair(s) each (LO1 tracks 4;16 vs HI1 tracks 9;11) = 24 LKG paths/unit; x 4x60 unit cells = 5760; Scalar = 1/5760,,,,,,,,,,,,,,,12,24,2,4/16,9/11
x81zs_tcntcn01,TCNTCN132-NPZ5-L-A:TCP:PGD:REG:NOM,TCNTCN,A,TCNTCN-<MOS>-A:TCP:PGD:REG:NOM,5760,0.000173611,PGD ETE: 12 active TCN (VT) columns/unit x 2 LO<->HI tip-to-tip pair(s) each (LO1 tracks 4;16 vs HI1 tracks 9;11) = 24 LKG paths/unit; x 4x60 unit cells = 5760; Scalar = 1/5760,,,,,,,,,,,,,,,12,24,2,4/16,9/11
x81zs_tcntcn01,TCNTCN132-NPZ5-L-A:TCP:PGD:REG:P1,TCNTCN,A,TCNTCN-<MOS>-A:TCP:PGD:REG:<SKEW>,5760,0.000173611,PGD ETE: 12 active TCN (VT) columns/unit x 2 LO<->HI tip-to-tip pair(s) each (LO1 tracks 4;16 vs HI1 tracks 9;11) = 24 LKG paths/unit; x 4x60 unit cells = 5760; Scalar = 1/5760,,,,,,,,,,,,,,,12,24,2,4/16,9/11
x81zs_tcntcn01,TCNTCN132-NPZ5-L-A:TCP:PGD:REG:P3,TCNTCN,A,TCNTCN-<MOS>-A:TCP:PGD:REG:<SKEW>,5760,0.000173611,PGD ETE: 12 active TCN (VT) columns/unit x 2 LO<->HI tip-to-tip pair(s) each (LO1 tracks 4;16 vs HI1 tracks 9;11) = 24 LKG paths/unit; x 4x60 unit cells = 5760; Scalar = 1/5760,,,,,,,,,,,,,,,12,24,2,4/16,9/11
x81zs_tcntcn01,TCNTCN132-NPZ5-L-A:TCP:PGD:REG:P5,TCNTCN,A,TCNTCN-<MOS>-A:TCP:PGD:REG:<SKEW>,5760,0.000173611,PGD ETE: 12 active TCN (VT) columns/unit x 2 LO<->HI tip-to-tip pair(s) each (LO1 tracks 4;16 vs HI1 tracks 9;11) = 24 LKG paths/unit; x 4x60 unit cells = 5760; Scalar = 1/5760,,,,,,,,,,,,,,,12,24,2,4/16,9/11
x81zs_tcntcn01,TCNTCN132-NPZ5-L-A:TCN:OGD:CD:N2,TCNTCN,A,TCNTCN-<MOS>-A:TCN:OGD:CD:<SKEW>,5760,0.000173611,PGD ETE: 12 active TCN (VT) columns/unit x 2 LO<->HI tip-to-tip pair(s) each (LO1 tracks 4;16 vs HI1 tracks 9;11) = 24 LKG paths/unit; x 4x60 unit cells = 5760; Scalar = 1/5760,,,,,,,,,,,,,,,12,24,2,4/16,9/11
x81zs_tcntcn01,TCNTCN132-NPZ5-L-A:TCN:OGD:CD:N1,TCNTCN,A,TCNTCN-<MOS>-A:TCN:OGD:CD:<SKEW>,5760,0.000173611,PGD ETE: 12 active TCN (VT) columns/unit x 2 LO<->HI tip-to-tip pair(s) each (LO1 tracks 4;16 vs HI1 tracks 9;11) = 24 LKG paths/unit; x 4x60 unit cells = 5760; Scalar = 1/5760,,,,,,,,,,,,,,,12,24,2,4/16,9/11
x81zs_tcntcn01,TCNTCN132-NPZ5-L-A:TCN:OGD:CD:NOM,TCNTCN,A,TCNTCN-<MOS>-A:TCN:OGD:CD:NOM,5760,0.000173611,PGD ETE: 12 active TCN (VT) columns/unit x 2 LO<->HI tip-to-tip pair(s) each (LO1 tracks 4;16 vs HI1 tracks 9;11) = 24 LKG paths/unit; x 4x60 unit cells = 5760; Scalar = 1/5760,,,,,,,,,,,,,,,12,24,2,4/16,9/11
x81zs_tcntcn01,TCNTCN132-NPZ5-L-A:TCN:OGD:CD:P1,TCNTCN,A,TCNTCN-<MOS>-A:TCN:OGD:CD:<SKEW>,5760,0.000173611,PGD ETE: 12 active TCN (VT) columns/unit x 2 LO<->HI tip-to-tip pair(s) each (LO1 tracks 4;16 vs HI1 tracks 9;11) = 24 LKG paths/unit; x 4x60 unit cells = 5760; Scalar = 1/5760,,,,,,,,,,,,,,,12,24,2,4/16,9/11
x81zs_tcntcn01,TCNTCN132-NPZ5-L-A:TCN:OGD:CD:P2,TCNTCN,A,TCNTCN-<MOS>-A:TCN:OGD:CD:<SKEW>,5760,0.000173611,PGD ETE: 12 active TCN (VT) columns/unit x 2 LO<->HI tip-to-tip pair(s) each (LO1 tracks 4;16 vs HI1 tracks 9;11) = 24 LKG paths/unit; x 4x60 unit cells = 5760; Scalar = 1/5760,,,,,,,,,,,,,,,12,24,2,4/16,9/11
x81zs_tcntcn01,TCNTCN132-NPZ5-L-A:TCN:OGD:REG:N5,TCNTCN,A,TCNTCN-<MOS>-A:TCN:OGD:REG:<SKEW>,5760,0.000173611,PGD ETE: 12 active TCN (VT) columns/unit x 2 LO<->HI tip-to-tip pair(s) each (LO1 tracks 4;16 vs HI1 tracks 9;11) = 24 LKG paths/unit; x 4x60 unit cells = 5760; Scalar = 1/5760,,,,,,,,,,,,,,,12,24,2,4/16,9/11
x81zs_tcntcn01,TCNTCN132-NPZ5-L-A:TCN:OGD:REG:N3,TCNTCN,A,TCNTCN-<MOS>-A:TCN:OGD:REG:<SKEW>,5760,0.000173611,PGD ETE: 12 active TCN (VT) columns/unit x 2 LO<->HI tip-to-tip pair(s) each (LO1 tracks 4;16 vs HI1 tracks 9;11) = 24 LKG paths/unit; x 4x60 unit cells = 5760; Scalar = 1/5760,,,,,,,,,,,,,,,12,24,2,4/16,9/11
x81zs_tcntcn01,TCNTCN132-NPZ5-L-A:TCN:OGD:REG:N1,TCNTCN,A,TCNTCN-<MOS>-A:TCN:OGD:REG:<SKEW>,5760,0.000173611,PGD ETE: 12 active TCN (VT) columns/unit x 2 LO<->HI tip-to-tip pair(s) each (LO1 tracks 4;16 vs HI1 tracks 9;11) = 24 LKG paths/unit; x 4x60 unit cells = 5760; Scalar = 1/5760,,,,,,,,,,,,,,,12,24,2,4/16,9/11
x81zs_tcntcn01,TCNTCN132-NPZ5-L-A:TCN:OGD:REG:NOM,TCNTCN,A,TCNTCN-<MOS>-A:TCN:OGD:REG:NOM,5760,0.000173611,PGD ETE: 12 active TCN (VT) columns/unit x 2 LO<->HI tip-to-tip pair(s) each (LO1 tracks 4;16 vs HI1 tracks 9;11) = 24 LKG paths/unit; x 4x60 unit cells = 5760; Scalar = 1/5760,,,,,,,,,,,,,,,12,24,2,4/16,9/11
x81zs_tcntcn01,TCNTCN132-NPZ5-L-A:TCN:OGD:REG:P1,TCNTCN,A,TCNTCN-<MOS>-A:TCN:OGD:REG:<SKEW>,5760,0.000173611,PGD ETE: 12 active TCN (VT) columns/unit x 2 LO<->HI tip-to-tip pair(s) each (LO1 tracks 4;16 vs HI1 tracks 9;11) = 24 LKG paths/unit; x 4x60 unit cells = 5760; Scalar = 1/5760,,,,,,,,,,,,,,,12,24,2,4/16,9/11
x81zs_tcntcn01,TCNTCN132-NPZ5-L-A:TCN:OGD:REG:P3,TCNTCN,A,TCNTCN-<MOS>-A:TCN:OGD:REG:<SKEW>,5760,0.000173611,PGD ETE: 12 active TCN (VT) columns/unit x 2 LO<->HI tip-to-tip pair(s) each (LO1 tracks 4;16 vs HI1 tracks 9;11) = 24 LKG paths/unit; x 4x60 unit cells = 5760; Scalar = 1/5760,,,,,,,,,,,,,,,12,24,2,4/16,9/11
x81zs_tcntcn01,TCNTCN132-NPZ5-L-A:TCN:OGD:REG:P5,TCNTCN,A,TCNTCN-<MOS>-A:TCN:OGD:REG:<SKEW>,5760,0.000173611,PGD ETE: 12 active TCN (VT) columns/unit x 2 LO<->HI tip-to-tip pair(s) each (LO1 tracks 4;16 vs HI1 tracks 9;11) = 24 LKG paths/unit; x 4x60 unit cells = 5760; Scalar = 1/5760,,,,,,,,,,,,,,,12,24,2,4/16,9/11
x81zs_tcntcn01,TCNTCN132-NPZ5-L-A:NESTCP:PGD:CD:N2,TCNTCN,A,TCNTCN-<MOS>-A:NESTCP:PGD:CD:<SKEW>,5760,0.000173611,PGD ETE: 12 active TCN (VT) columns/unit x 2 LO<->HI tip-to-tip pair(s) each (LO1 tracks 4;16 vs HI1 tracks 9;11) = 24 LKG paths/unit; x 4x60 unit cells = 5760; Scalar = 1/5760,,,,,,,,,,,,,,,12,24,2,4/16,9/11
x81zs_tcntcn01,TCNTCN132-NPZ5-L-A:NESTCP:PGD:CD:N1,TCNTCN,A,TCNTCN-<MOS>-A:NESTCP:PGD:CD:<SKEW>,5760,0.000173611,PGD ETE: 12 active TCN (VT) columns/unit x 2 LO<->HI tip-to-tip pair(s) each (LO1 tracks 4;16 vs HI1 tracks 9;11) = 24 LKG paths/unit; x 4x60 unit cells = 5760; Scalar = 1/5760,,,,,,,,,,,,,,,12,24,2,4/16,9/11
x81zs_tcntcn01,TCNTCN132-NPZ5-L-A:NESTCP:PGD:CD:NOM,TCNTCN,A,TCNTCN-<MOS>-A:NESTCP:PGD:CD:NOM,5760,0.000173611,PGD ETE: 12 active TCN (VT) columns/unit x 2 LO<->HI tip-to-tip pair(s) each (LO1 tracks 4;16 vs HI1 tracks 9;11) = 24 LKG paths/unit; x 4x60 unit cells = 5760; Scalar = 1/5760,,,,,,,,,,,,,,,12,24,2,4/16,9/11
x81zs_tcntcn01,TCNTCN132-NPZ5-L-A:NESTCP:PGD:CD:P1,TCNTCN,A,TCNTCN-<MOS>-A:NESTCP:PGD:CD:<SKEW>,5760,0.000173611,PGD ETE: 12 active TCN (VT) columns/unit x 2 LO<->HI tip-to-tip pair(s) each (LO1 tracks 4;16 vs HI1 tracks 9;11) = 24 LKG paths/unit; x 4x60 unit cells = 5760; Scalar = 1/5760,,,,,,,,,,,,,,,12,24,2,4/16,9/11
x81zs_tcntcn01,TCNTCN132-NPZ5-L-A:NESTCP:PGD:CD:P2,TCNTCN,A,TCNTCN-<MOS>-A:NESTCP:PGD:CD:<SKEW>,5760,0.000173611,PGD ETE: 12 active TCN (VT) columns/unit x 2 LO<->HI tip-to-tip pair(s) each (LO1 tracks 4;16 vs HI1 tracks 9;11) = 24 LKG paths/unit; x 4x60 unit cells = 5760; Scalar = 1/5760,,,,,,,,,,,,,,,12,24,2,4/16,9/11
x81zs_tcntcn01,TCNTCN132-NPZ5-L-A:NESTCP:PGD:CD:P4,TCNTCN,A,TCNTCN-<MOS>-A:NESTCP:PGD:CD:<SKEW>,5760,0.000173611,PGD ETE: 12 active TCN (VT) columns/unit x 2 LO<->HI tip-to-tip pair(s) each (LO1 tracks 4;16 vs HI1 tracks 9;11) = 24 LKG paths/unit; x 4x60 unit cells = 5760; Scalar = 1/5760,,,,,,,,,,,,,,,12,24,2,4/16,9/11
x81zs_tcntcn01,TCNTCN132-NPZ5-L-A:NESTCP:PGD:CD:P6,TCNTCN,A,TCNTCN-<MOS>-A:NESTCP:PGD:CD:<SKEW>,5760,0.000173611,PGD ETE: 12 active TCN (VT) columns/unit x 2 LO<->HI tip-to-tip pair(s) each (LO1 tracks 4;16 vs HI1 tracks 9;11) = 24 LKG paths/unit; x 4x60 unit cells = 5760; Scalar = 1/5760,,,,,,,,,,,,,,,12,24,2,4/16,9/11
x81zs_tcntcn01,TCNTCN132-NPZ5-L-A:NESTCP:PGD:CD:P8,TCNTCN,A,TCNTCN-<MOS>-A:NESTCP:PGD:CD:<SKEW>,5760,0.000173611,PGD ETE: 12 active TCN (VT) columns/unit x 2 LO<->HI tip-to-tip pair(s) each (LO1 tracks 4;16 vs HI1 tracks 9;11) = 24 LKG paths/unit; x 4x60 unit cells = 5760; Scalar = 1/5760,,,,,,,,,,,,,,,12,24,2,4/16,9/11
x81zs_tcntcn01,TCNTCN132-NPZ5-L-A:ESDTCP:PGD:CD:N2,TCNTCN,A,TCNTCN-<MOS>-A:ESDTCP:PGD:CD:<SKEW>,5760,0.000173611,PGD ETE: 12 active TCN (VT) columns/unit x 2 LO<->HI tip-to-tip pair(s) each (LO1 tracks 4;16 vs HI1 tracks 9;11) = 24 LKG paths/unit; x 4x60 unit cells = 5760; Scalar = 1/5760,,,,,,,,,,,,,,,12,24,2,4/16,9/11
x81zs_tcntcn01,TCNTCN132-NPZ5-L-A:ESDTCP:PGD:CD:N1,TCNTCN,A,TCNTCN-<MOS>-A:ESDTCP:PGD:CD:<SKEW>,5760,0.000173611,PGD ETE: 12 active TCN (VT) columns/unit x 2 LO<->HI tip-to-tip pair(s) each (LO1 tracks 4;16 vs HI1 tracks 9;11) = 24 LKG paths/unit; x 4x60 unit cells = 5760; Scalar = 1/5760,,,,,,,,,,,,,,,12,24,2,4/16,9/11
x81zs_tcntcn01,TCNTCN132-NPZ5-L-A:ESDTCP:PGD:CD:NOM,TCNTCN,A,TCNTCN-<MOS>-A:ESDTCP:PGD:CD:NOM,5760,0.000173611,PGD ETE: 12 active TCN (VT) columns/unit x 2 LO<->HI tip-to-tip pair(s) each (LO1 tracks 4;16 vs HI1 tracks 9;11) = 24 LKG paths/unit; x 4x60 unit cells = 5760; Scalar = 1/5760,,,,,,,,,,,,,,,12,24,2,4/16,9/11
x81zs_tcntcn01,TCNTCN132-NPZ5-L-A:ESDTCP:PGD:CD:P1,TCNTCN,A,TCNTCN-<MOS>-A:ESDTCP:PGD:CD:<SKEW>,5760,0.000173611,PGD ETE: 12 active TCN (VT) columns/unit x 2 LO<->HI tip-to-tip pair(s) each (LO1 tracks 4;16 vs HI1 tracks 9;11) = 24 LKG paths/unit; x 4x60 unit cells = 5760; Scalar = 1/5760,,,,,,,,,,,,,,,12,24,2,4/16,9/11
x81zs_tcntcn01,TCNTCN132-NPZ5-L-A:ESDTCP:PGD:CD:P2,TCNTCN,A,TCNTCN-<MOS>-A:ESDTCP:PGD:CD:<SKEW>,5760,0.000173611,PGD ETE: 12 active TCN (VT) columns/unit x 2 LO<->HI tip-to-tip pair(s) each (LO1 tracks 4;16 vs HI1 tracks 9;11) = 24 LKG paths/unit; x 4x60 unit cells = 5760; Scalar = 1/5760,,,,,,,,,,,,,,,12,24,2,4/16,9/11
x81zs_tcntcn01,TCNTCN132-NPZ5-L-A:ESDTCP:PGD:CD:P4,TCNTCN,A,TCNTCN-<MOS>-A:ESDTCP:PGD:CD:<SKEW>,5760,0.000173611,PGD ETE: 12 active TCN (VT) columns/unit x 2 LO<->HI tip-to-tip pair(s) each (LO1 tracks 4;16 vs HI1 tracks 9;11) = 24 LKG paths/unit; x 4x60 unit cells = 5760; Scalar = 1/5760,,,,,,,,,,,,,,,12,24,2,4/16,9/11
x81zs_tcntcn01,TCNTCN132-NPZ5-L-A:ESDTCP:PGD:CD:P6,TCNTCN,A,TCNTCN-<MOS>-A:ESDTCP:PGD:CD:<SKEW>,5760,0.000173611,PGD ETE: 12 active TCN (VT) columns/unit x 2 LO<->HI tip-to-tip pair(s) each (LO1 tracks 4;16 vs HI1 tracks 9;11) = 24 LKG paths/unit; x 4x60 unit cells = 5760; Scalar = 1/5760,,,,,,,,,,,,,,,12,24,2,4/16,9/11
x81zs_tcntcn01,TCNTCN132-NPZ5-L-A:ESDTCP:PGD:CD:P8,TCNTCN,A,TCNTCN-<MOS>-A:ESDTCP:PGD:CD:<SKEW>,5760,0.000173611,PGD ETE: 12 active TCN (VT) columns/unit x 2 LO<->HI tip-to-tip pair(s) each (LO1 tracks 4;16 vs HI1 tracks 9;11) = 24 LKG paths/unit; x 4x60 unit cells = 5760; Scalar = 1/5760,,,,,,,,,,,,,,,12,24,2,4/16,9/11
x81zs_tcntcn01,TCNTCN132-NPZ5-L-A:NESESDTCP:PGD:CD:N2,TCNTCN,A,TCNTCN-<MOS>-A:NESESDTCP:PGD:CD:<SKEW>,5760,0.000173611,PGD ETE: 12 active TCN (VT) columns/unit x 2 LO<->HI tip-to-tip pair(s) each (LO1 tracks 4;16 vs HI1 tracks 9;11) = 24 LKG paths/unit; x 4x60 unit cells = 5760; Scalar = 1/5760,,,,,,,,,,,,,,,12,24,2,4/16,9/11
x81zs_tcntcn01,TCNTCN132-NPZ5-L-A:NESESDTCP:PGD:CD:N1,TCNTCN,A,TCNTCN-<MOS>-A:NESESDTCP:PGD:CD:<SKEW>,5760,0.000173611,PGD ETE: 12 active TCN (VT) columns/unit x 2 LO<->HI tip-to-tip pair(s) each (LO1 tracks 4;16 vs HI1 tracks 9;11) = 24 LKG paths/unit; x 4x60 unit cells = 5760; Scalar = 1/5760,,,,,,,,,,,,,,,12,24,2,4/16,9/11
x81zs_tcntcn01,TCNTCN132-NPZ5-L-A:NESESDTCP:PGD:CD:NOM,TCNTCN,A,TCNTCN-<MOS>-A:NESESDTCP:PGD:CD:NOM,5760,0.000173611,PGD ETE: 12 active TCN (VT) columns/unit x 2 LO<->HI tip-to-tip pair(s) each (LO1 tracks 4;16 vs HI1 tracks 9;11) = 24 LKG paths/unit; x 4x60 unit cells = 5760; Scalar = 1/5760,,,,,,,,,,,,,,,12,24,2,4/16,9/11
x81zs_tcntcn01,TCNTCN132-NPZ5-L-A:NESESDTCP:PGD:CD:P1,TCNTCN,A,TCNTCN-<MOS>-A:NESESDTCP:PGD:CD:<SKEW>,5760,0.000173611,PGD ETE: 12 active TCN (VT) columns/unit x 2 LO<->HI tip-to-tip pair(s) each (LO1 tracks 4;16 vs HI1 tracks 9;11) = 24 LKG paths/unit; x 4x60 unit cells = 5760; Scalar = 1/5760,,,,,,,,,,,,,,,12,24,2,4/16,9/11
x81zs_tcntcn01,TCNTCN132-NPZ5-L-A:NESESDTCP:PGD:CD:P2,TCNTCN,A,TCNTCN-<MOS>-A:NESESDTCP:PGD:CD:<SKEW>,5760,0.000173611,PGD ETE: 12 active TCN (VT) columns/unit x 2 LO<->HI tip-to-tip pair(s) each (LO1 tracks 4;16 vs HI1 tracks 9;11) = 24 LKG paths/unit; x 4x60 unit cells = 5760; Scalar = 1/5760,,,,,,,,,,,,,,,12,24,2,4/16,9/11
x81zs_tcntcn01,TCNTCN132-NPZ5-L-A:NESESDTCP:PGD:CD:P4,TCNTCN,A,TCNTCN-<MOS>-A:NESESDTCP:PGD:CD:<SKEW>,5760,0.000173611,PGD ETE: 12 active TCN (VT) columns/unit x 2 LO<->HI tip-to-tip pair(s) each (LO1 tracks 4;16 vs HI1 tracks 9;11) = 24 LKG paths/unit; x 4x60 unit cells = 5760; Scalar = 1/5760,,,,,,,,,,,,,,,12,24,2,4/16,9/11
x81zs_tcntcn01,TCNTCN132-NPZ5-L-A:NESESDTCP:PGD:CD:P6,TCNTCN,A,TCNTCN-<MOS>-A:NESESDTCP:PGD:CD:<SKEW>,5760,0.000173611,PGD ETE: 12 active TCN (VT) columns/unit x 2 LO<->HI tip-to-tip pair(s) each (LO1 tracks 4;16 vs HI1 tracks 9;11) = 24 LKG paths/unit; x 4x60 unit cells = 5760; Scalar = 1/5760,,,,,,,,,,,,,,,12,24,2,4/16,9/11
x81zs_tcntcn01,TCNTCN132-NPZ5-L-A:NESESDTCP:PGD:CD:P8,TCNTCN,A,TCNTCN-<MOS>-A:NESESDTCP:PGD:CD:<SKEW>,5760,0.000173611,PGD ETE: 12 active TCN (VT) columns/unit x 2 LO<->HI tip-to-tip pair(s) each (LO1 tracks 4;16 vs HI1 tracks 9;11) = 24 LKG paths/unit; x 4x60 unit cells = 5760; Scalar = 1/5760,,,,,,,,,,,,,,,12,24,2,4/16,9/11
x81zs_tcntcn01,TCNTCN132-NPZ5-L-B:VCRNUB:PGD:CD:N5,TCNTCN,B,TCNTCN-<MOS>-B:VCRNUB:PGD:CD:<SKEW>,5760,0.000173611,PGD ETE: 12 active TCN (VT) columns/unit x 2 LO<->HI tip-to-tip pair(s) each (LO1 tracks 6;14 vs HI1 tracks 4;16) = 24 LKG paths/unit; x 4x60 unit cells = 5760; Scalar = 1/5760,,,,,,,,,,,,,,,12,24,2,6/14,4/16
x81zs_tcntcn01,TCNTCN132-NPZ5-L-B:VCRNUB:PGD:CD:N3,TCNTCN,B,TCNTCN-<MOS>-B:VCRNUB:PGD:CD:<SKEW>,5760,0.000173611,PGD ETE: 12 active TCN (VT) columns/unit x 2 LO<->HI tip-to-tip pair(s) each (LO1 tracks 6;14 vs HI1 tracks 4;16) = 24 LKG paths/unit; x 4x60 unit cells = 5760; Scalar = 1/5760,,,,,,,,,,,,,,,12,24,2,6/14,4/16
x81zs_tcntcn01,TCNTCN132-NPZ5-L-B:VCRNUB:PGD:CD:N1,TCNTCN,B,TCNTCN-<MOS>-B:VCRNUB:PGD:CD:<SKEW>,5760,0.000173611,PGD ETE: 12 active TCN (VT) columns/unit x 2 LO<->HI tip-to-tip pair(s) each (LO1 tracks 6;14 vs HI1 tracks 4;16) = 24 LKG paths/unit; x 4x60 unit cells = 5760; Scalar = 1/5760,,,,,,,,,,,,,,,12,24,2,6/14,4/16
x81zs_tcntcn01,TCNTCN132-NPZ5-L-B:VCRNUB:PGD:CD:NOM,TCNTCN,B,TCNTCN-<MOS>-B:VCRNUB:PGD:CD:NOM,5760,0.000173611,PGD ETE: 12 active TCN (VT) columns/unit x 2 LO<->HI tip-to-tip pair(s) each (LO1 tracks 6;14 vs HI1 tracks 4;16) = 24 LKG paths/unit; x 4x60 unit cells = 5760; Scalar = 1/5760,,,,,,,,,,,,,,,12,24,2,6/14,4/16
x81zs_tcntcn01,TCNTCN165-NPZ7-L-B:VCR:PGD:DEN:1TRK_1PP,TCNTCN,B,TCNTCN-<MOS>-B:VCR:PGD:DEN:1TRK_1PP,11520,8.68056e-05,PGD ETE: 24 active TCN (VT) columns/unit x 2 LO<->HI tip-to-tip pair(s) each (LO1 tracks 4;5;16;17 vs HI1 tracks 7;8;19;20) = 48 LKG paths/unit; x 4x60 unit cells = 11520; Scalar = 1/11520,,,,,,,,,,,,,,,24,48,2,4/5/16/17,7/8/19/20
x81zs_tcntcn01,TCNTCN165-NPZ7-L-C:SDR:PGD:DEN:2TRK_1PP,TCNTCN,C,TCNTCN-<MOS>-C:SDR:PGD:DEN:2TRK_1PP,11520,8.68056e-05,PGD ETE: 24 active TCN (VT) columns/unit x 2 LO<->HI tip-to-tip pair(s) each (LO1 tracks 4;7;17;20 vs HI1 tracks 11;12;13) = 48 LKG paths/unit; x 4x60 unit cells = 11520; Scalar = 1/11520,,,,,,,,,,,,,,,24,48,2,4/7/17/20,11/12/13
x81zs_tcntcn01,TCNTCN132-NPZ5-L-C:TCP:PGD:CD:N2,TCNTCN,C,TCNTCN-<MOS>-C:TCP:PGD:CD:<SKEW>,11520,8.68056e-05,PGD ETE: 24 active TCN (VT) columns/unit x 2 LO<->HI tip-to-tip pair(s) each (LO1 tracks 4;6;14;16 vs HI1 tracks 9;10;11) = 48 LKG paths/unit; x 4x60 unit cells = 11520; Scalar = 1/11520,,,,,,,,,,,,,,,24,48,2,4/6/14/16,9/10/11
x81zs_tcntcn01,TCNTCN132-NPZ5-L-C:TCP:PGD:CD:N1,TCNTCN,C,TCNTCN-<MOS>-C:TCP:PGD:CD:<SKEW>,11520,8.68056e-05,PGD ETE: 24 active TCN (VT) columns/unit x 2 LO<->HI tip-to-tip pair(s) each (LO1 tracks 4;6;14;16 vs HI1 tracks 9;10;11) = 48 LKG paths/unit; x 4x60 unit cells = 11520; Scalar = 1/11520,,,,,,,,,,,,,,,24,48,2,4/6/14/16,9/10/11
x81zs_tcntcn01,TCNTCN132-NPZ5-L-C:TCP:PGD:CD:NOM,TCNTCN,C,TCNTCN-<MOS>-C:TCP:PGD:CD:NOM,11520,8.68056e-05,PGD ETE: 24 active TCN (VT) columns/unit x 2 LO<->HI tip-to-tip pair(s) each (LO1 tracks 4;6;14;16 vs HI1 tracks 9;10;11) = 48 LKG paths/unit; x 4x60 unit cells = 11520; Scalar = 1/11520,,,,,,,,,,,,,,,24,48,2,4/6/14/16,9/10/11
x81zs_tcntcn01,TCNTCN132-NPZ5-L-C:TCP:PGD:CD:P1,TCNTCN,C,TCNTCN-<MOS>-C:TCP:PGD:CD:<SKEW>,11520,8.68056e-05,PGD ETE: 24 active TCN (VT) columns/unit x 2 LO<->HI tip-to-tip pair(s) each (LO1 tracks 4;6;14;16 vs HI1 tracks 9;10;11) = 48 LKG paths/unit; x 4x60 unit cells = 11520; Scalar = 1/11520,,,,,,,,,,,,,,,24,48,2,4/6/14/16,9/10/11
x81zs_tcntcn01,TCNTCN132-NPZ5-L-C:TCP:PGD:CD:P2,TCNTCN,C,TCNTCN-<MOS>-C:TCP:PGD:CD:<SKEW>,11520,8.68056e-05,PGD ETE: 24 active TCN (VT) columns/unit x 2 LO<->HI tip-to-tip pair(s) each (LO1 tracks 4;6;14;16 vs HI1 tracks 9;10;11) = 48 LKG paths/unit; x 4x60 unit cells = 11520; Scalar = 1/11520,,,,,,,,,,,,,,,24,48,2,4/6/14/16,9/10/11
x81zs_tcntcn01,TCNTCN132-NPZ5-L-D:SDR:PGD:DEN:2TRK_1PP,TCNTCN,D,TCNTCN-<MOS>-D:SDR:PGD:DEN:2TRK_1PP,5760,0.000173611,PGD ETE: 12 active TCN (VT) columns/unit x 2 LO<->HI tip-to-tip pair(s) each (LO1 tracks 6;14 vs HI1 tracks 9;11) = 24 LKG paths/unit; x 4x60 unit cells = 5760; Scalar = 1/5760,,,,,,,,,,,,,,,12,24,2,6/14,9/11
x81zs_tcntcn01,TCNTCN165-NPZ7-L-C:DENTCP:PGD:CD:N2,TCNTCN,C,TCNTCN-<MOS>-C:DENTCP:PGD:CD:<SKEW>,11520,8.68056e-05,PGD ETE: 24 active TCN (VT) columns/unit x 2 LO<->HI tip-to-tip pair(s) each (LO1 tracks 4;7;17;20 vs HI1 tracks 11;12;13) = 48 LKG paths/unit; x 4x60 unit cells = 11520; Scalar = 1/11520,,,,,,,,,,,,,,,24,48,2,4/7/17/20,11/12/13
x81zs_tcntcn01,TCNTCN165-NPZ7-L-C:DENTCP:PGD:CD:N1,TCNTCN,C,TCNTCN-<MOS>-C:DENTCP:PGD:CD:<SKEW>,11520,8.68056e-05,PGD ETE: 24 active TCN (VT) columns/unit x 2 LO<->HI tip-to-tip pair(s) each (LO1 tracks 4;7;17;20 vs HI1 tracks 11;12;13) = 48 LKG paths/unit; x 4x60 unit cells = 11520; Scalar = 1/11520,,,,,,,,,,,,,,,24,48,2,4/7/17/20,11/12/13
x81zs_tcntcn01,TCNTCN165-NPZ7-L-C:DENTCP:PGD:CD:NOM,TCNTCN,C,TCNTCN-<MOS>-C:DENTCP:PGD:CD:NOM,11520,8.68056e-05,PGD ETE: 24 active TCN (VT) columns/unit x 2 LO<->HI tip-to-tip pair(s) each (LO1 tracks 4;7;17;20 vs HI1 tracks 11;12;13) = 48 LKG paths/unit; x 4x60 unit cells = 11520; Scalar = 1/11520,,,,,,,,,,,,,,,24,48,2,4/7/17/20,11/12/13
x81zs_tcntcn01,TCNTCN165-NPZ7-L-C:DENTCP:PGD:CD:P1,TCNTCN,C,TCNTCN-<MOS>-C:DENTCP:PGD:CD:<SKEW>,11520,8.68056e-05,PGD ETE: 24 active TCN (VT) columns/unit x 2 LO<->HI tip-to-tip pair(s) each (LO1 tracks 4;7;17;20 vs HI1 tracks 11;12;13) = 48 LKG paths/unit; x 4x60 unit cells = 11520; Scalar = 1/11520,,,,,,,,,,,,,,,24,48,2,4/7/17/20,11/12/13
x81zs_tcntcn01,TCNTCN165-NPZ7-L-C:DENTCP:PGD:CD:P2,TCNTCN,C,TCNTCN-<MOS>-C:DENTCP:PGD:CD:<SKEW>,11520,8.68056e-05,PGD ETE: 24 active TCN (VT) columns/unit x 2 LO<->HI tip-to-tip pair(s) each (LO1 tracks 4;7;17;20 vs HI1 tracks 11;12;13) = 48 LKG paths/unit; x 4x60 unit cells = 11520; Scalar = 1/11520,,,,,,,,,,,,,,,24,48,2,4/7/17/20,11/12/13
x81zs_tcntcn01,TCNTCN165-NPZ7-L-C:DENTCP:OGD:CD:N2,TCNTCN,C,TCNTCN-<MOS>-C:DENTCP:OGD:CD:<SKEW>,11520,8.68056e-05,PGD ETE: 24 active TCN (VT) columns/unit x 2 LO<->HI tip-to-tip pair(s) each (LO1 tracks 4;7;17;20 vs HI1 tracks 11;12;13) = 48 LKG paths/unit; x 4x60 unit cells = 11520; Scalar = 1/11520,,,,,,,,,,,,,,,24,48,2,4/7/17/20,11/12/13
x81zs_tcntcn01,TCNTCN165-NPZ7-L-C:DENTCP:OGD:CD:N1,TCNTCN,C,TCNTCN-<MOS>-C:DENTCP:OGD:CD:<SKEW>,11520,8.68056e-05,PGD ETE: 24 active TCN (VT) columns/unit x 2 LO<->HI tip-to-tip pair(s) each (LO1 tracks 4;7;17;20 vs HI1 tracks 11;12;13) = 48 LKG paths/unit; x 4x60 unit cells = 11520; Scalar = 1/11520,,,,,,,,,,,,,,,24,48,2,4/7/17/20,11/12/13
x81zs_tcntcn01,TCNTCN165-NPZ7-L-C:DENTCP:OGD:CD:NOM,TCNTCN,C,TCNTCN-<MOS>-C:DENTCP:OGD:CD:NOM,11520,8.68056e-05,PGD ETE: 24 active TCN (VT) columns/unit x 2 LO<->HI tip-to-tip pair(s) each (LO1 tracks 4;7;17;20 vs HI1 tracks 11;12;13) = 48 LKG paths/unit; x 4x60 unit cells = 11520; Scalar = 1/11520,,,,,,,,,,,,,,,24,48,2,4/7/17/20,11/12/13
x81zs_tcntcn01,TCNTCN165-NPZ7-L-C:DENTCP:OGD:CD:P1,TCNTCN,C,TCNTCN-<MOS>-C:DENTCP:OGD:CD:<SKEW>,11520,8.68056e-05,PGD ETE: 24 active TCN (VT) columns/unit x 2 LO<->HI tip-to-tip pair(s) each (LO1 tracks 4;7;17;20 vs HI1 tracks 11;12;13) = 48 LKG paths/unit; x 4x60 unit cells = 11520; Scalar = 1/11520,,,,,,,,,,,,,,,24,48,2,4/7/17/20,11/12/13
x81zs_tcntcn01,TCNTCN165-NPZ7-L-C:DENTCP:OGD:CD:P2,TCNTCN,C,TCNTCN-<MOS>-C:DENTCP:OGD:CD:<SKEW>,11520,8.68056e-05,PGD ETE: 24 active TCN (VT) columns/unit x 2 LO<->HI tip-to-tip pair(s) each (LO1 tracks 4;7;17;20 vs HI1 tracks 11;12;13) = 48 LKG paths/unit; x 4x60 unit cells = 11520; Scalar = 1/11520,,,,,,,,,,,,,,,24,48,2,4/7/17/20,11/12/13
