gds_layer,datatype,internal_num,layer_name,is_text,base_layer,purpose,tfgdsmap_id
1,0,10001,NDIFFDRAWN,FALSE,ndiff,drawing,1
1,1,10601,NDIFFKOR,FALSE,ndiff,blockage,601
1,2,10298,NDIFFPORT,FALSE,ndiff,pin,298
1,13,14964,NDIFFTSDRBITCELLID,FALSE,ndiff,TSDRBitCellID,4964
1,51,10992,NDIFFKGA,FALSE,ndiff,keepGenAway,992
1,68,18093,NDIFFLITHOFILLID,FALSE,ndiff,lithoFillerID,8093
1,93,16962,NDIFFFILLKOR,FALSE,ndiff,fillBlockage,6962
1,98,17112,TSDRNTAPID,FALSE,TSDRntap,id,7112
1,134,12396,NLUGUARDRING,FALSE,ndiff,luGuardRing,2396
1,250,14017,NDIFFDUMMYFILL,FALSE,ndiff,fill,4017
1,260,19617,NDIFFDENIDLDMAX,FALSE,ndiff,densityIDldmax,9617
1,261,19618,NDIFFDENIDLDMIN,FALSE,ndiff,densityIDldmin,9618
1,262,19619,NDIFFDENIDLDIMAX,FALSE,ndiff,densityIDldimax,9619
1,263,19620,NDIFFDENIDLDIMIN,FALSE,ndiff,densityIDldimin,9620
1,264,19621,NDIFFDENIDCDMAX,FALSE,ndiff,densityIDcdmax,9621
1,265,19622,NDIFFDENIDCDMIN,FALSE,ndiff,densityIDcdmin,9622
1,274,32462,NDIFFTAPID,FALSE,ndiff,tapID,22462
1,311,65232,NDIFFTSDRMARK,FALSE,ndiff,TSDRmark,55232
1,521,10364,SDVOLTAGEVHI,FALSE,SDVoltage,vhi,364
1,30001,63043,NDIFFQTFMWAIVER,FALSE,ndiff,qtfmWaiver,53043
2,0,10002,POLYDRAWN,FALSE,poly,drawing,2
2,1,10605,POLYKOR,FALSE,poly,blockage,605
2,2,10300,POLYPORT,FALSE,poly,pin,300
2,4,10083,POLYRESID,FALSE,poly,resID,83
2,6,10204,GATED_NACID,FALSE,gatedNAC,id,204
2,13,14965,POLYTSDRBITCELLID,FALSE,poly,TSDRBitCellID,4965
2,33,10275,POLYDUMMYID,FALSE,poly,dummy,275
2,51,10231,POLYKGA,FALSE,poly,keepGenAway,231
2,68,18094,POLYLITHOFILLID,FALSE,poly,lithoFillerID,8094
2,93,16963,POLYFILLKOR,FALSE,poly,fillBlockage,6963
2,141,12050,POLYVLOLIB,FALSE,poly,vlolib,2050
2,142,12051,POLYVHILIB,FALSE,poly,vhilib,2051
2,143,12052,POLYDELTAVLIB,FALSE,poly,DeltaVlib,2052
2,144,12053,POLYDELTAVLIB_M,FALSE,poly,DeltaVlib_m,2053
2,250,14018,POLYDUMMYFILL,FALSE,poly,fill,4018
2,252,16191,POLYTRFILL,FALSE,poly,trFill,6191
2,260,19637,POLYDENIDLDMAX,FALSE,poly,densityIDldmax,9637
2,261,19638,POLYDENIDLDMIN,FALSE,poly,densityIDldmin,9638
2,262,19639,POLYDENIDLDIMAX,FALSE,poly,densityIDldimax,9639
2,263,19640,POLYDENIDLDIMIN,FALSE,poly,densityIDldimin,9640
2,264,19641,POLYDENIDCDMAX,FALSE,poly,densityIDcdmax,9641
2,265,19642,POLYDENIDCDMIN,FALSE,poly,densityIDcdmin,9642
2,307,49580,POLYTSDRN2,FALSE,poly,TSDRn2,39580
2,308,49581,POLYTSDRP2,FALSE,poly,TSDRp2,39581
2,309,49582,POLYTSDRP4,FALSE,poly,TSDRp4,39582
2,310,49583,POLYTSDRP6,FALSE,poly,TSDRp6,39583
2,311,49584,POLYTSDRMARK,FALSE,poly,TSDRmark,39584
2,312,54158,POLYTSDRN1,FALSE,poly,TSDRn1,44158
2,313,54159,POLYTSDRP1,FALSE,poly,TSDRp1,44159
2,314,54160,POLYTSDRP3,FALSE,poly,TSDRp3,44160
2,317,24377,POLYTSDRACTIVEE,FALSE,poly,TSDRActiveE,14377
2,330,28542,POLYTSDRACTIVETE,FALSE,poly,TSDRActiveETE,18542
2,495,35034,POLYTSDRN05A,FALSE,poly,TSDRn05A,25034
2,496,35035,POLYTSDRP05A,FALSE,poly,TSDRp05A,25035
2,497,35036,POLYTSDRN15A,FALSE,poly,TSDRn15A,25036
2,498,35037,POLYTSDRP15A,FALSE,poly,TSDRp15A,25037
2,504,50636,POLYTSDRACTIVEL,FALSE,poly,TSDRActiveL,40636
2,520,57042,POLYVLO,FALSE,poly,vlo,47042
2,521,57043,POLYVHI,FALSE,poly,vhi,47043
2,522,57044,POLYVLOFC,FALSE,poly,vlofc,47044
2,523,57045,POLYVHIFC,FALSE,poly,vhifc,47045
2,532,36971,POLYTSDRBITCELLN05A,FALSE,poly,TSDRBitCelln05A,26971
2,533,36972,POLYTSDRBITCELLP05A,FALSE,poly,TSDRBitCellp05A,26972
2,534,13789,POLYTSDRBITCELLN1,FALSE,poly,TSDRBitCelln1,3789
2,535,36973,POLYTSDRBITCELLP1,FALSE,poly,TSDRBitCellp1,26973
2,536,13791,POLYTSDRBITCELLN15A,FALSE,poly,TSDRBitCelln15A,3791
2,537,13790,POLYTSDRBITCELLP15A,FALSE,poly,TSDRBitCellp15A,3790
2,538,13795,POLYTSDRBITCELLN2,FALSE,poly,TSDRBitCelln2,3795
2,539,13798,POLYTSDRBITCELLP2,FALSE,poly,TSDRBitCellp2,3798
2,657,13505,POLYDELTAV_M,FALSE,poly,DeltaV_m,3505
2,658,13610,POLYDELTAV,FALSE,poly,DeltaV,3610
2,659,13611,POLYDELTAVFC_M,FALSE,poly,DeltaVfc_m,3611
2,660,13612,POLYDELTAVFC,FALSE,poly,DeltaVfc,3612
2,30001,63045,POLYQTFMQWAIVER,FALSE,poly,qtfmWaiver,53045
4,0,10004,M1DRAWN,FALSE,m1,drawing,4
4,1,10607,M1KOR,FALSE,m1,blockage,607
4,2,10301,M1PORT,FALSE,m1,pin,301
4,4,10351,M1RESID,FALSE,m1,resID,351
4,13,14967,M1TSDRBITCELLID,FALSE,m1,TSDRBitCellID,4967
4,21,17819,M1CRITICALID,FALSE,m1,critical,7819
4,51,10208,M1KGA,FALSE,m1,keepGenAway,208
4,58,16900,M1ALLOWOTC,FALSE,m1,allowOTC,6900
4,68,18096,M1LITHOFILLID,FALSE,m1,lithoFillerID,8096
4,93,16965,M1FILLKOR,FALSE,m1,fillBlockage,6965
4,141,12054,M1VLOLIB,FALSE,m1,vlolib,2054
4,142,12055,M1VHILIB,FALSE,m1,vhilib,2055
4,143,12056,M1DELTAVLIB,FALSE,m1,DeltaVlib,2056
4,144,12057,M1DELTAVLIB_M,FALSE,m1,DeltaVlib_m,2057
4,239,17996,M1RCSTOP,FALSE,m1,rcStop,7996
4,240,18998,M1RCSTART,FALSE,m1,rcStart,8998
4,250,14020,M1DUMMYFILL,FALSE,m1,fill,4020
4,252,16193,M1TRFILL,FALSE,m1,trFill,6193
4,253,17599,M1THERMALFILL,FALSE,m1,thermalFill,7599
4,254,12849,M1THERMALFILL2,FALSE,m1,thermalFill2,2849
4,260,19667,M1DENIDLDMAX,FALSE,m1,densityIDldmax,9667
4,261,19668,M1DENIDLDMIN,FALSE,m1,densityIDldmin,9668
4,262,19669,M1DENIDLDIMAX,FALSE,m1,densityIDldimax,9669
4,263,19670,M1DENIDLDIMIN,FALSE,m1,densityIDldimin,9670
4,264,19671,M1DENIDCDMAX,FALSE,m1,densityIDcdmax,9671
4,265,19672,M1DENIDCDMIN,FALSE,m1,densityIDcdmin,9672
4,297,60666,M1IPC,FALSE,m1,ipc,50666
4,298,49291,M1PWR,FALSE,m1,pwr,39291
4,305,10090,M1TSDRACTIVEFUTID,FALSE,m1,TSDRActiveFUTID,90
4,306,31044,M1TSDRACTIVESPACEID,FALSE,m1,TSDRActiveSpace,21044
4,311,65184,M1TSDRMARK,FALSE,m1,TSDRmark,55184
4,317,24381,M1TSDRACTIVEE,FALSE,m1,TSDRActiveE,14381
4,333,24475,M1TSDRACTIVECDID,FALSE,m1,TSDRActiveCDID,14475
4,349,27975,M1TSDRACTIVECPID,FALSE,m1,TSDRActiveCPID,17975
4,378,14170,M1TSDRMARK2,FALSE,m1,TSDRmark2,4170
4,379,14194,M1TSDRMARK3,FALSE,m1,TSDRmark3,4194
4,408,31618,M1NOFDR,FALSE,m1,noFDR,21618
4,416,30401,M1NOBEARDID,FALSE,m1,noBeardID,20401
4,456,63334,M1TSDRACTIVES,FALSE,m1,TSDRActiveS,53334
4,458,54165,M1TSDRACTIVEFUT2ID,FALSE,m1,TSDRActiveFUT2ID,44165
4,509,34063,M1TESTCHIPROUTEID,FALSE,m1,testChipRouteID,24063
4,520,56954,M1VLO,FALSE,m1,vlo,46954
4,521,56987,M1VHI,FALSE,m1,vhi,46987
4,522,57021,M1VLOFC,FALSE,m1,vlofc,47021
4,523,56988,M1VHIFC,FALSE,m1,vhifc,46988
4,657,59983,M1DELTAV_M,FALSE,m1,DeltaV_m,49983
4,658,59984,M1DELTAV,FALSE,m1,DeltaV,49984
4,659,59985,M1DELTAVFC_M,FALSE,m1,DeltaVfc_m,49985
4,660,59986,M1DELTAVFC,FALSE,m1,DeltaVfc,49986
4,664,63054,M1TSDRVCGROUNDMETAL,FALSE,m1,TSDRVCgroundMetal,53054
4,671,15033,M1VLIMIT,FALSE,m1,vlimit,5033
4,680,14000,M1TSDRACTIVEC2C,FALSE,m1,TSDRActiveC2C,4000
5,0,10181,TCNDRAWN,FALSE,tcn,drawing,181
5,1,10604,TCNKOR,FALSE,tcn,blockage,604
5,2,10297,TCNPORT,FALSE,tcn,pin,297
5,4,10349,TCNRESID,FALSE,tcn,resID,349
5,13,14968,TCNTSDRBITCELLID,FALSE,tcn,TSDRBitCellID,4968
5,51,10993,TCNKGA,FALSE,tcn,keepGenAway,993
5,68,18097,TCNLITHOFILLID,FALSE,tcn,lithoFillerID,8097
5,93,16966,TCNFILLKOR,FALSE,tcn,fillBlockage,6966
5,141,12058,TCNVLOLIB,FALSE,tcn,vlolib,2058
5,142,12059,TCNVHILIB,FALSE,tcn,vhilib,2059
5,143,12060,TCNDELTAVLIB,FALSE,tcn,DeltaVlib,2060
5,144,12061,TCNDELTAVLIB_M,FALSE,tcn,DeltaVlib_m,2061
5,250,14021,TCNDUMMYFILL,FALSE,tcn,fill,4021
5,252,16194,TCNTRFILL,FALSE,tcn,trFill,6194
5,260,19647,TCNDENIDLDMAX,FALSE,tcn,densityIDldmax,9647
5,261,19648,TCNDENIDLDMIN,FALSE,tcn,densityIDldmin,9648
5,262,19649,TCNDENIDLDIMAX,FALSE,tcn,densityIDldimax,9649
5,263,19650,TCNDENIDLDIMIN,FALSE,tcn,densityIDldimin,9650
5,264,19651,TCNDENIDCDMAX,FALSE,tcn,densityIDcdmax,9651
5,265,19652,TCNDENIDCDMIN,FALSE,tcn,densityIDcdmin,9652
5,311,65219,TCNTSDRMARK,FALSE,tcn,TSDRmark,55219
5,317,24385,TCNTSDRACTIVEE,FALSE,tcn,TSDRActiveE,14385
5,330,32023,TCNTSDRACTIVETE,FALSE,tcn,TSDRActiveETE,22023
5,456,52986,TCNTSDRACTIVES,FALSE,tcn,TSDRActiveS,42986
5,504,50637,TCNTSDRACTIVEL,FALSE,tcn,TSDRActiveL,40637
5,520,57049,TCNVLO,FALSE,tcn,vlo,47049
5,521,57048,TCNVHI,FALSE,tcn,vhi,47048
5,522,57047,TCNVLOFC,FALSE,tcn,vlofc,47047
5,523,57046,TCNVHIFC,FALSE,tcn,vhifc,47046
5,635,65065,TCNTSDRTRANSITIONBITCELL,FALSE,tcn,TSDRTransitionBitCell,55065
5,636,65066,TCNTSDRACTIVEBITCELLETE,FALSE,tcn,TSDRActiveBitCellETE,55066
5,657,13772,TCNDELTAV_M,FALSE,tcn,DeltaV_m,3772
5,658,13773,TCNDELTAV,FALSE,tcn,DeltaV,3773
5,659,13774,TCNDELTAVFC_M,FALSE,tcn,DeltaVfc_m,3774
5,660,13775,TCNDELTAVFC,FALSE,tcn,DeltaVfc,3775
5,664,63052,TCNTSDRVCGROUNDMETAL,FALSE,tcn,TSDRVCgroundMetal,53052
5,30001,63046,TCNQTFMWAIVER,FALSE,tcn,qtfmWaiver,53046
6,0,10183,GCNDRAWN,FALSE,gcn,drawing,183
6,1,10603,GCNKOR,FALSE,gcn,blockage,603
6,2,10296,GCNPORT,FALSE,gcn,pin,296
6,4,10350,GCNRESID,FALSE,gcn,resID,350
6,13,14969,GCNTSDRBITCELLID,FALSE,gcn,TSDRBitCellID,4969
6,51,10994,GCNKGA,FALSE,gcn,keepGenAway,994
6,93,16967,GCNFILLKOR,FALSE,gcn,fillBlockage,6967
6,250,14022,GCNDUMMYFILL,FALSE,gcn,fill,4022
6,252,16195,GCNTRFILL,FALSE,gcn,trFill,6195
6,260,26589,GCNDENIDLDMAX,FALSE,gcn,densityIDldmax,16589
6,261,26590,GCNDENIDLDMIN,FALSE,gcn,densityIDldmin,16590
6,262,26591,GCNDENIDLDIMAX,FALSE,gcn,densityIDldimax,16591
6,263,26592,GCNDENIDLDIMIN,FALSE,gcn,densityIDldimin,16592
6,264,26593,GCNDENIDCDMAX,FALSE,gcn,densityIDcdmax,16593
6,265,26594,GCNDENIDCDMIN,FALSE,gcn,densityIDcdmin,16594
6,324,63333,GCNTSDRACTIVE,FALSE,gcn,TSDRActive,53333
6,325,63330,GCNTSDRTRANSITION,FALSE,gcn,TSDRTransition,53330
6,326,63332,GCNTSDRACTIVECUSTOMCDID,FALSE,gcn,TSDRActiveCustomCDID,53332
6,327,63331,GCNTSDRACTIVECUSTOMMISREGID,FALSE,gcn,TSDRActiveCustomMisregID,53331
6,328,63329,GCNTSDRTRANSITIONCUSTOM,FALSE,gcn,TSDRTransitionCustom,53329
6,333,28575,GCNTSDRACTIVECDID,FALSE,gcn,TSDRActiveCDID,18575
6,372,22595,GCNTSDRACTIVEMISREGID,FALSE,gcn,TSDRActiveMisregID,12595
6,387,33196,GCNTSDRACTIVEPATTERNID,FALSE,gcn,TSDRActivePatternID,23196
8,0,10008,PDIFFDRAWN,FALSE,pdiff,drawing,8
8,1,10602,PDIFFKOR,FALSE,pdiff,blockage,602
8,2,10299,PDIFFPORT,FALSE,pdiff,pin,299
8,13,14970,PDIFFTSDRBITCELLID,FALSE,pdiff,TSDRBitCellID,4970
8,51,10051,PDIFFKGA,FALSE,pdiff,keepGenAway,51
8,68,18099,PDIFFLITHOFILLID,FALSE,pdiff,lithoFillerID,8099
8,93,16968,PDIFFFILLKOR,FALSE,pdiff,fillBlockage,6968
8,98,18032,TSDRPTAPID,FALSE,TSDRptap,id,8032
8,134,12395,PLUGUARDRING,FALSE,pdiff,luGuardRing,2395
8,250,14023,PDIFFDUMMYFILL,FALSE,pdiff,fill,4023
8,260,19627,PDIFFDENIDLDMAX,FALSE,pdiff,densityIDldmax,9627
8,261,19628,PDIFFDENIDLDMIN,FALSE,pdiff,densityIDldmin,9628
8,262,19629,PDIFFDENIDLDIMAX,FALSE,pdiff,densityIDldimax,9629
8,263,19630,PDIFFDENIDLDIMIN,FALSE,pdiff,densityIDldimin,9630
8,264,19631,PDIFFDENIDCDMAX,FALSE,pdiff,densityIDcdmax,9631
8,265,19632,PDIFFDENIDCDMIN,FALSE,pdiff,densityIDcdmin,9632
8,274,32463,PDIFFTAPID,FALSE,pdiff,tapID,22463
8,311,65231,PDIFFTSDRMARK,FALSE,pdiff,TSDRmark,55231
8,30001,63044,PDIFFQTFMWAIVER,FALSE,pdiff,qtfmWaiver,53044
11,0,33785,SDGENDRAWN,FALSE,sdGen,drawing,23785
11,1,33786,SDGENKOR,FALSE,sdGen,blockage,23786
11,13,33916,SDGENTSDRBITCELLID,FALSE,sdGen,TSDRBitCellID,23916
11,18,33789,SDGENTG,FALSE,sdGen,toSynDrawing,23789
11,51,33790,SDGENKGA,FALSE,sdGen,keepGenAway,23790
11,68,33792,SDGENLITHOFILLERID,FALSE,sdGen,lithoFillerID,23792
11,93,33800,SDGENFILLKOR,FALSE,sdGen,fillBlockage,23800
11,191,33801,SDGEN_DRWAIVERID1,FALSE,sdGen,drWaiver1,23801
11,192,33802,SDGEN_DRWAIVERID2,FALSE,sdGen,drWaiver2,23802
11,193,33803,SDGEN_DRWAIVERID3,FALSE,sdGen,drWaiver3,23803
11,194,33804,SDGEN_DRWAIVERID4,FALSE,sdGen,drWaiver4,23804
11,195,33805,SDGEN_DRWAIVERID5,FALSE,sdGen,drWaiver5,23805
11,250,33807,SDGENDUMMYFILL,FALSE,sdGen,fill,23807
11,252,33808,SDGENTRFILL,FALSE,sdGen,trFill,23808
11,30001,63047,SDGENQTFMWAIVER,FALSE,sdGen,qtfmWaiver,53047
14,0,10014,M2DRAWN,FALSE,m2,drawing,14
14,1,10609,M2KOR,FALSE,m2,blockage,609
14,2,10302,M2PORT,FALSE,m2,pin,302
14,4,10352,M2RESID,FALSE,m2,resID,352
14,21,17825,M2CRITICALID,FALSE,m2,critical,7825
14,51,10209,M2KGA,FALSE,m2,keepGenAway,209
14,58,16901,M2ALLOWOTC,FALSE,m2,allowOTC,6901
14,68,18102,M2LITHOFILLID,FALSE,m2,lithoFillerID,8102
14,93,16971,M2FILLKOR,FALSE,m2,fillBlockage,6971
14,141,12062,M2VLOLIB,FALSE,m2,vlolib,2062
14,142,12063,M2VHILIB,FALSE,m2,vhilib,2063
14,143,12064,M2DELTAVLIB,FALSE,m2,DeltaVlib,2064
14,144,12065,M2DELTAVLIB_M,FALSE,m2,DeltaVlib_m,2065
14,239,17997,M2RCSTOP,FALSE,m2,rcStop,7997
14,240,18999,M2RCSTART,FALSE,m2,rcStart,8999
14,250,14025,M2DUMMYFILL,FALSE,m2,fill,4025
14,252,16202,M2TRFILL,FALSE,m2,trFill,6202
14,253,17608,M2THERMALFILL,FALSE,m2,thermalFill,7608
14,254,12851,M2THERMALFILL2,FALSE,m2,thermalFill2,2851
14,260,19677,M2DENIDLDMAX,FALSE,m2,densityIDldmax,9677
14,261,19678,M2DENIDLDMIN,FALSE,m2,densityIDldmin,9678
14,262,19679,M2DENIDLDIMAX,FALSE,m2,densityIDldimax,9679
14,263,19680,M2DENIDLDIMIN,FALSE,m2,densityIDldimin,9680
14,264,19681,M2DENIDCDMAX,FALSE,m2,densityIDcdmax,9681
14,265,19682,M2DENIDCDMIN,FALSE,m2,densityIDcdmin,9682
14,305,10091,M2TSDRACTIVEFUTID,FALSE,m2,TSDRActiveFUTID,91
14,306,31045,M2TSDRACTIVESPACEID,FALSE,m2,TSDRActiveSpace,21045
14,311,30982,M2TSDRMARK,FALSE,m2,TSDRmark,20982
14,317,49539,M2TSDRACTIVEE,FALSE,m2,TSDRActiveE,39539
14,333,24477,M2TSDRACTIVECDID,FALSE,m2,TSDRActiveCDID,14477
14,340,25360,M2TSDRROUTEID,FALSE,m2,TSDRRouteID,15360
14,349,27976,M2TSDRACTIVECPID,FALSE,m2,TSDRActiveCPID,17976
14,372,13796,M2TSDRACTIVEMISREGID,FALSE,m2,TSDRActiveMisregID,3796
14,373,12809,M2TSDRACTIVECD3ID,FALSE,m2,TSDRActiveCD3ID,2809
14,374,12372,M2TSDRACTIVEMISREG3ID,FALSE,m2,TSDRActiveMisreg3ID,2372
14,375,12371,M2TSDRACTIVECP3ID,FALSE,m2,TSDRActiveCP3ID,2371
14,377,12301,M2TSDRACTIVEFUT4ID,FALSE,m2,TSDRActiveFUT4ID,2301
14,378,12300,M2TSDRMARK2,FALSE,m2,TSDRmark2,2300
14,379,12299,M2TSDRMARK3,FALSE,m2,TSDRmark3,2299
14,380,12302,M2TSDRACTIVEFUT3ID,FALSE,m2,TSDRActiveFUT3ID,2302
14,408,31621,M2NOFDR,FALSE,m2,noFDR,21621
14,416,30402,M2NOBEARDID,FALSE,m2,noBeardID,20402
14,456,12276,M2TSDRACTIVES,FALSE,m2,TSDRActiveS,2276
14,458,54166,M2TSDRACTIVEFUT2ID,FALSE,m2,TSDRActiveFUT2ID,44166
14,459,13491,M2TSDRACTIVERESTRICTEDCD,FALSE,m2,TSDRActiveRestrictedCD,3491
14,460,13786,M2TSDRACTIVESALELE,FALSE,m2,TSDRActiveSALELE,3786
14,461,13787,M2TSDRACTIVELELE,FALSE,m2,TSDRActiveLELE,3787
14,462,13788,M2TSDRACTIVEDP,FALSE,m2,TSDRActiveDP,3788
14,503,50634,M2TSDR180BE,FALSE,m2,TSDR180BE,40634
14,509,34062,M2TESTCHIPROUTEID,FALSE,m2,testChipRouteID,24062
14,510,62930,M2CDMETROHALO,FALSE,m2,cdMetroHalo,52930
14,520,56955,M2VLO,FALSE,m2,vlo,46955
14,521,56986,M2VHI,FALSE,m2,vhi,46986
14,522,57020,M2VLOFC,FALSE,m2,vlofc,47020
14,523,56989,M2VHIFC,FALSE,m2,vhifc,46989
14,657,59805,M2DELTAV_M,FALSE,m2,DeltaV_m,49805
14,658,59806,M2DELTAV,FALSE,m2,DeltaV,49806
14,659,59807,M2DELTAVFC_M,FALSE,m2,DeltaVfc_m,49807
14,660,59808,M2DELTAVFC,FALSE,m2,DeltaVfc,49808
14,662,17790,M2NOTRACKID,FALSE,m2,noTrackID,7790
14,663,21678,M2WINGID,FALSE,m2,wingID,11678
14,664,63055,M2TSDRVCGROUNDMETAL,FALSE,m2,TSDRVCgroundMetal,53055
14,665,54408,M2TSDRACTIVESPACECOLOR2,FALSE,m2,TSDRActiveSpaceColor2,44408
14,666,54407,M2TSDRACTIVESPACECOLOR1,FALSE,m2,TSDRActiveSpaceColor1,44407
14,667,55175,M2TSDRACTIVESKIPTRACK,FALSE,m2,TSDRActiveSkipTrack,45175
14,668,55001,M2TSDRACTIVEMIXEDCD,FALSE,m2,TSDRActiveMixedCD,45001
14,669,55178,M2TSDRACTIVELELESKIPTRACK,FALSE,m2,TSDRActiveLELEskipTrack,45178
14,670,55179,M2TSDRACTIVESALELESKIPTRACK,FALSE,m2,TSDRActiveSALELEskipTrack,45179
14,671,15021,M2VLIMIT,FALSE,m2,vlimit,5021
14,674,10841,M2TSDRLARGEETESALELE,FALSE,m2,TSDRLargeETESALELE,841
14,680,13125,M2TSDRACTIVEC2C,FALSE,m2,TSDRActiveC2C,3125
18,0,10018,M3DRAWN,FALSE,m3,drawing,18
18,1,10611,M3KOR,FALSE,m3,blockage,611
18,2,10303,M3PORT,FALSE,m3,pin,303
18,4,10353,M3RESID,FALSE,m3,resID,353
18,21,17827,M3CRITICALID,FALSE,m3,critical,7827
18,51,10210,M3KGA,FALSE,m3,keepGenAway,210
18,58,16902,M3ALLOWOTC,FALSE,m3,allowOTC,6902
18,68,18104,M3LITHOFILLID,FALSE,m3,lithoFillerID,8104
18,93,16973,M3FILLKOR,FALSE,m3,fillBlockage,6973
18,141,12066,M3VLOLIB,FALSE,m3,vlolib,2066
18,142,12067,M3VHILIB,FALSE,m3,vhilib,2067
18,143,12068,M3DELTAVLIB,FALSE,m3,DeltaVlib,2068
18,144,12069,M3DELTAVLIB_M,FALSE,m3,DeltaVlib_m,2069
18,239,17998,M3RCSTOP,FALSE,m3,rcStop,7998
18,240,19016,M3RCSTART,FALSE,m3,rcStart,9016
18,250,14027,M3DUMMYFILL,FALSE,m3,fill,4027
18,252,16206,M3TRFILL,FALSE,m3,trFill,6206
18,253,17612,M3THERMALFILL,FALSE,m3,thermalFill,7612
18,254,12854,M3THERMALFILL2,FALSE,m3,thermalFill2,2854
18,260,19687,M3DENIDLDMAX,FALSE,m3,densityIDldmax,9687
18,261,19688,M3DENIDLDMIN,FALSE,m3,densityIDldmin,9688
18,262,19689,M3DENIDLDIMAX,FALSE,m3,densityIDldimax,9689
18,263,19690,M3DENIDLDIMIN,FALSE,m3,densityIDldimin,9690
18,264,19691,M3DENIDCDMAX,FALSE,m3,densityIDcdmax,9691
18,265,19692,M3DENIDCDMIN,FALSE,m3,densityIDcdmin,9692
18,305,10092,M3TSDRACTIVEFUTID,FALSE,m3,TSDRActiveFUTID,92
18,306,31046,M3TSDRACTIVESPACEID,FALSE,m3,TSDRActiveSpace,21046
18,311,65183,M3TSDRMARK,FALSE,m3,TSDRmark,55183
18,317,49540,M3TSDRACTIVEE,FALSE,m3,TSDRActiveE,39540
18,333,24479,M3TSDRACTIVECDID,FALSE,m3,TSDRActiveCDID,14479
18,349,27977,M3TSDRACTIVECPID,FALSE,m3,TSDRActiveCPID,17977
18,378,14169,M3TSDRMARK2,FALSE,m3,TSDRmark2,4169
18,379,14193,M3TSDRMARK3,FALSE,m3,TSDRmark3,4193
18,408,31622,M3NOFDR,FALSE,m3,noFDR,21622
18,416,30403,M3NOBEARDID,FALSE,m3,noBeardID,20403
18,456,14135,M3TSDRACTIVES,FALSE,m3,TSDRActiveS,4135
18,458,54167,M3TSDRACTIVEFUT2ID,FALSE,m3,TSDRActiveFUT2ID,44167
18,509,34061,M3TESTCHIPROUTEID,FALSE,m3,testChipRouteID,24061
18,520,56956,M3VLO,FALSE,m3,vlo,46956
18,521,56985,M3VHI,FALSE,m3,vhi,46985
18,522,57019,M3VLOFC,FALSE,m3,vlofc,47019
18,523,56990,M3VHIFC,FALSE,m3,vhifc,46990
18,657,59821,M3DELTAV_M,FALSE,m3,DeltaV_m,49821
18,658,59822,M3DELTAV,FALSE,m3,DeltaV,49822
18,659,59823,M3DELTAVFC_M,FALSE,m3,DeltaVfc_m,49823
18,660,59824,M3DELTAVFC,FALSE,m3,DeltaVfc,49824
18,664,63056,M3TSDRVCGROUNDMETAL,FALSE,m3,TSDRVCgroundMetal,53056
18,671,15022,M3VLIMIT,FALSE,m3,vlimit,5022
18,680,13126,M3TSDRACTIVEC2C,FALSE,m3,TSDRActiveC2C,3126
22,0,10022,M4DRAWN,FALSE,m4,drawing,22
22,1,10613,M4KOR,FALSE,m4,blockage,613
22,2,10304,M4PORT,FALSE,m4,pin,304
22,4,10354,M4RESID,FALSE,m4,resID,354
22,21,17831,M4CRITICALID,FALSE,m4,critical,7831
22,51,10211,M4KGA,FALSE,m4,keepGenAway,211
22,58,16903,M4ALLOWOTC,FALSE,m4,allowOTC,6903
22,68,18108,M4LITHOFILLID,FALSE,m4,lithoFillerID,8108
22,93,16977,M4FILLKOR,FALSE,m4,fillBlockage,6977
22,141,12070,M4VLOLIB,FALSE,m4,vlolib,2070
22,142,12071,M4VHILIB,FALSE,m4,vhilib,2071
22,143,12072,M4DELTAVLIB,FALSE,m4,DeltaVlib,2072
22,144,12073,M4DELTAVLIB_M,FALSE,m4,DeltaVlib_m,2073
22,239,17999,M4RCSTOP,FALSE,m4,rcStop,7999
22,240,19001,M4RCSTART,FALSE,m4,rcStart,9001
22,250,14029,M4DUMMYFILL,FALSE,m4,fill,4029
22,252,16210,M4TRFILL,FALSE,m4,trFill,6210
22,253,17616,M4THERMALFILL,FALSE,m4,thermalFill,7616
22,254,12855,M4THERMALFILL2,FALSE,m4,thermalFill2,2855
22,260,19697,M4DENIDLDMAX,FALSE,m4,densityIDldmax,9697
22,261,19698,M4DENIDLDMIN,FALSE,m4,densityIDldmin,9698
22,262,19699,M4DENIDLDIMAX,FALSE,m4,densityIDldimax,9699
22,263,19700,M4DENIDLDIMIN,FALSE,m4,densityIDldimin,9700
22,264,19701,M4DENIDCDMAX,FALSE,m4,densityIDcdmax,9701
22,265,19702,M4DENIDCDMIN,FALSE,m4,densityIDcdmin,9702
22,305,10060,M4TSDRACTIVEFUTID,FALSE,m4,TSDRActiveFUTID,60
22,306,31047,M4TSDRACTIVESPACEID,FALSE,m4,TSDRActiveSpace,21047
22,311,65182,M4TSDRMARK,FALSE,m4,TSDRmark,55182
22,317,49541,M4TSDRACTIVEE,FALSE,m4,TSDRActiveE,39541
22,333,30288,M4TSDRACTIVECDID,FALSE,m4,TSDRActiveCDID,20288
22,349,27978,M4TSDRACTIVECPID,FALSE,m4,TSDRActiveCPID,17978
22,378,14164,M4TSDRMARK2,FALSE,m4,TSDRmark2,4164
22,379,14192,M4TSDRMARK3,FALSE,m4,TSDRmark3,4192
22,408,13638,M4NOFDR,FALSE,m4,noFDR,3638
22,416,30404,M4NOBEARDID,FALSE,m4,noBeardID,20404
22,456,14134,M4TSDRACTIVES,FALSE,m4,TSDRActiveS,4134
22,458,54168,M4TSDRACTIVEFUT2ID,FALSE,m4,TSDRActiveFUT2ID,44168
22,509,34060,M4TESTCHIPROUTEID,FALSE,m4,testChipRouteID,24060
22,520,56957,M4VLO,FALSE,m4,vlo,46957
22,521,56984,M4VHI,FALSE,m4,vhi,46984
22,522,57018,M4VLOFC,FALSE,m4,vlofc,47018
22,523,56991,M4VHIFC,FALSE,m4,vhifc,46991
22,657,59812,M4DELTAV_M,FALSE,m4,DeltaV_m,49812
22,658,59811,M4DELTAV,FALSE,m4,DeltaV,49811
22,659,59810,M4DELTAVFC_M,FALSE,m4,DeltaVfc_m,49810
22,660,59809,M4DELTAVFC,FALSE,m4,DeltaVfc,49809
22,664,63057,M4TSDRVCGROUNDMETAL,FALSE,m4,TSDRVCgroundMetal,53057
22,671,15023,M4VLIMIT,FALSE,m4,vlimit,5023
22,680,13127,M4TSDRACTIVEC2C,FALSE,m4,TSDRActiveC2C,3127
25,0,10007,V4DRAWN,FALSE,v4,drawing,7
25,1,10614,V4KOR,FALSE,v4,blockage,614
25,2,31657,V4PORT,FALSE,v4,pin,21657
25,51,10694,V4KGA,FALSE,v4,keepGenAway,694
25,58,16888,V4ALLOWOTC,FALSE,v4,allowOTC,6888
25,68,18109,V4LITHOFILLID,FALSE,v4,lithoFillerID,8109
25,93,16978,V4FILLKOR,FALSE,v4,fillBlockage,6978
25,250,14030,V4DUMMYFILL,FALSE,v4,fill,4030
25,252,16213,V4TRFILL,FALSE,v4,trFill,6213
25,253,17619,V4THERMALFILL,FALSE,v4,thermalFill,7619
25,254,12886,V4THERMALFILL2,FALSE,v4,thermalFill2,2886
25,260,19877,V4DENIDLDMAX,FALSE,v4,densityIDldmax,9877
25,261,19878,V4DENIDLDMIN,FALSE,v4,densityIDldmin,9878
25,262,19879,V4DENIDLDIMAX,FALSE,v4,densityIDldimax,9879
25,263,19880,V4DENIDLDIMIN,FALSE,v4,densityIDldimin,9880
25,264,19881,V4DENIDCDMAX,FALSE,v4,densityIDcdmax,9881
25,265,19882,V4DENIDCDMIN,FALSE,v4,densityIDcdmin,9882
25,311,65196,V4TSDRMARK,FALSE,v4,TSDRmark,55196
25,327,10998,V4TSDRWING,FALSE,v4,TSDRWingID,998
25,328,10999,V4TSDRNOWING,FALSE,v4,TSDRNoWingID,999
25,333,30293,V4TSDRACTIVECDID,FALSE,v4,TSDRActiveCDID,20293
25,372,30294,V4TSDRACTIVEMISREGID,FALSE,v4,TSDRActiveMisregID,20294
25,375,54390,V4TSDRACTIVEMETALENCLOSEID,FALSE,v4,TSDRActiveMetalEncloseID,44390
25,416,34357,V4NOBEARDID,FALSE,v4,noBeardID,24357
26,0,10010,M5DRAWN,FALSE,m5,drawing,10
26,1,10615,M5KOR,FALSE,m5,blockage,615
26,2,10305,M5PORT,FALSE,m5,pin,305
26,4,10355,M5RESID,FALSE,m5,resID,355
26,21,17833,M5CRITICALID,FALSE,m5,critical,7833
26,51,10212,M5KGA,FALSE,m5,keepGenAway,212
26,58,16904,M5ALLOWOTC,FALSE,m5,allowOTC,6904
26,68,18110,M5LITHOFILLID,FALSE,m5,lithoFillerID,8110
26,93,16979,M5FILLKOR,FALSE,m5,fillBlockage,6979
26,141,12074,M5VLOLIB,FALSE,m5,vlolib,2074
26,142,12075,M5VHILIB,FALSE,m5,vhilib,2075
26,143,12076,M5DELTAVLIB,FALSE,m5,DeltaVlib,2076
26,144,12077,M5DELTAVLIB_M,FALSE,m5,DeltaVlib_m,2077
26,239,18000,M5RCSTOP,FALSE,m5,rcStop,8000
26,240,19002,M5RCSTART,FALSE,m5,rcStart,9002
26,250,14031,M5DUMMYFILL,FALSE,m5,fill,4031
26,252,16214,M5TRFILL,FALSE,m5,trFill,6214
26,253,17620,M5THERMALFILL,FALSE,m5,thermalFill,7620
26,254,12856,M5THERMALFILL2,FALSE,m5,thermalFill2,2856
26,260,19707,M5DENIDLDMAX,FALSE,m5,densityIDldmax,9707
26,261,19708,M5DENIDLDMIN,FALSE,m5,densityIDldmin,9708
26,262,19709,M5DENIDLDIMAX,FALSE,m5,densityIDldimax,9709
26,263,19710,M5DENIDLDIMIN,FALSE,m5,densityIDldimin,9710
26,264,19711,M5DENIDCDMAX,FALSE,m5,densityIDcdmax,9711
26,265,19712,M5DENIDCDMIN,FALSE,m5,densityIDcdmin,9712
26,305,10140,M5TSDRACTIVEFUTID,FALSE,m5,TSDRActiveFUTID,140
26,306,31048,M5TSDRACTIVESPACEID,FALSE,m5,TSDRActiveSpace,21048
26,311,65181,M5TSDRMARK,FALSE,m5,TSDRmark,55181
26,317,49542,M5TSDRACTIVEE,FALSE,m5,TSDRActiveE,39542
26,333,30295,M5TSDRACTIVECDID,FALSE,m5,TSDRActiveCDID,20295
26,349,27981,M5TSDRACTIVECPID,FALSE,m5,TSDRActiveCPID,17981
26,378,14163,M5TSDRMARK2,FALSE,m5,TSDRmark2,4163
26,379,14191,M5TSDRMARK3,FALSE,m5,TSDRmark3,4191
26,408,13642,M5NOFDR,FALSE,m5,noFDR,3642
26,416,30405,M5NOBEARDID,FALSE,m5,noBeardID,20405
26,456,14133,M5TSDRACTIVES,FALSE,m5,TSDRActiveS,4133
26,458,54169,M5TSDRACTIVEFUT2ID,FALSE,m5,TSDRActiveFUT2ID,44169
26,509,34059,M5TESTCHIPROUTEID,FALSE,m5,testChipRouteID,24059
26,520,56958,M5VLO,FALSE,m5,vlo,46958
26,521,56983,M5VHI,FALSE,m5,vhi,46983
26,522,57017,M5VLOFC,FALSE,m5,vlofc,47017
26,523,56992,M5VHIFC,FALSE,m5,vhifc,46992
26,657,59861,M5DELTAV_M,FALSE,m5,DeltaV_m,49861
26,658,59862,M5DELTAV,FALSE,m5,DeltaV,49862
26,659,59863,M5DELTAVFC_M,FALSE,m5,DeltaVfc_m,49863
26,660,59864,M5DELTAVFC,FALSE,m5,DeltaVfc,49864
26,664,63058,M5TSDRVCGROUNDMETAL,FALSE,m5,TSDRVCgroundMetal,53058
26,671,15024,M5VLIMIT,FALSE,m5,vlimit,5024
26,680,60664,M5_TSDRACTIVEC2C,FALSE,m5,TSDRActiveC2C,50664
29,0,10031,V5DRAWN,FALSE,v5,drawing,31
29,1,10616,V5KOR,FALSE,v5,blockage,616
29,2,31594,V5PORT,FALSE,v5,pin,21594
29,51,10695,V5KGA,FALSE,v5,keepGenAway,695
29,58,16889,V5ALLOWOTC,FALSE,v5,allowOTC,6889
29,68,18113,V5LITHOFILLID,FALSE,v5,lithoFillerID,8113
29,93,16980,V5FILLKOR,FALSE,v5,fillBlockage,6980
29,250,14032,V5DUMMYFILL,FALSE,v5,fill,4032
29,252,16217,V5TRFILL,FALSE,v5,trFill,6217
29,253,17623,V5THERMALFILL,FALSE,v5,thermalFill,7623
29,254,12887,V5THERMALFILL2,FALSE,v5,thermalFill2,2887
29,260,19887,V5DENIDLDMAX,FALSE,v5,densityIDldmax,9887
29,261,19888,V5DENIDLDMIN,FALSE,v5,densityIDldmin,9888
29,262,19889,V5DENIDLDIMAX,FALSE,v5,densityIDldimax,9889
29,263,19890,V5DENIDLDIMIN,FALSE,v5,densityIDldimin,9890
29,264,19891,V5DENIDCDMAX,FALSE,v5,densityIDcdmax,9891
29,265,19892,V5DENIDCDMIN,FALSE,v5,densityIDcdmin,9892
29,311,65195,V5TSDRMARK,FALSE,v5,TSDRmark,55195
29,327,11000,V5TSDRWING,FALSE,v5,TSDRWingID,1000
29,328,11001,V5TSDRNOWING,FALSE,v5,TSDRNoWingID,1001
29,333,30300,V5TSDRACTIVECDID,FALSE,v5,TSDRActiveCDID,20300
29,372,30301,V5TSDRACTIVEMISREGID,FALSE,v5,TSDRActiveMisregID,20301
29,375,54391,V5TSDRACTIVEMETALENCLOSEID,FALSE,v5,TSDRActiveMetalEncloseID,44391
29,416,31910,V5NOBEARDID,FALSE,v5,noBeardID,21910
30,0,10032,M6DRAWN,FALSE,m6,drawing,32
30,1,10617,M6KOR,FALSE,m6,blockage,617
30,2,10306,M6PORT,FALSE,m6,pin,306
30,4,10356,M6RESID,FALSE,m6,resID,356
30,21,17837,M6CRITICALID,FALSE,m6,critical,7837
30,51,10217,M6KGA,FALSE,m6,keepGenAway,217
30,58,16905,M6ALLOWOTC,FALSE,m6,allowOTC,6905
30,68,18114,M6LITHOFILLID,FALSE,m6,lithoFillerID,8114
30,93,16981,M6FILLKOR,FALSE,m6,fillBlockage,6981
30,141,12078,M6VLOLIB,FALSE,m6,vlolib,2078
30,142,12079,M6VHILIB,FALSE,m6,vhilib,2079
30,143,12080,M6DELTAVLIB,FALSE,m6,DeltaVlib,2080
30,144,12081,M6DELTAVLIB_M,FALSE,m6,DeltaVlib_m,2081
30,239,18001,M6RCSTOP,FALSE,m6,rcStop,8001
30,240,19003,M6RCSTART,FALSE,m6,rcStart,9003
30,250,14033,M6DUMMYFILL,FALSE,m6,fill,4033
30,252,16218,M6TRFILL,FALSE,m6,trFill,6218
30,253,17624,M6THERMALFILL,FALSE,m6,thermalFill,7624
30,254,12857,M6THERMALFILL2,FALSE,m6,thermalFill2,2857
30,260,19717,M6DENIDLDMAX,FALSE,m6,densityIDldmax,9717
30,261,19718,M6DENIDLDMIN,FALSE,m6,densityIDldmin,9718
30,262,19719,M6DENIDLDIMAX,FALSE,m6,densityIDldimax,9719
30,263,19720,M6DENIDLDIMIN,FALSE,m6,densityIDldimin,9720
30,264,19721,M6DENIDCDMAX,FALSE,m6,densityIDcdmax,9721
30,265,19722,M6DENIDCDMIN,FALSE,m6,densityIDcdmin,9722
30,305,10141,M6TSDRACTIVEFUTID,FALSE,m6,TSDRActiveFUTID,141
30,306,34065,M6TSDRACTIVESPACEID,FALSE,m6,TSDRActiveSpace,24065
30,311,65180,M6TSDRMARK,FALSE,m6,TSDRmark,55180
30,317,49543,M6TSDRACTIVEE,FALSE,m6,TSDRActiveE,39543
30,333,30304,M6TSDRACTIVECDID,FALSE,m6,TSDRActiveCDID,20304
30,349,27984,M6TSDRACTIVECPID,FALSE,m6,TSDRActiveCPID,17984
30,378,14162,M6TSDRMARK2,FALSE,m6,TSDRmark2,4162
30,379,14190,M6TSDRMARK3,FALSE,m6,TSDRmark3,4190
30,408,13644,M6NOFDR,FALSE,m6,noFDR,3644
30,416,30406,M6NOBEARDID,FALSE,m6,noBeardID,20406
30,456,14132,M6TSDRACTIVES,FALSE,m6,TSDRActiveS,4132
30,458,54170,M6TSDRACTIVEFUT2ID,FALSE,m6,TSDRActiveFUT2ID,44170
30,509,33915,M6TESTCHIPROUTEID,FALSE,m6,testChipRouteID,23915
30,520,56959,M6VLO,FALSE,m6,vlo,46959
30,521,56982,M6VHI,FALSE,m6,vhi,46982
30,522,57016,M6VLOFC,FALSE,m6,vlofc,47016
30,523,56993,M6VHIFC,FALSE,m6,vhifc,46993
30,657,59829,M6DELTAV_M,FALSE,m6,DeltaV_m,49829
30,658,59830,M6DELTAV,FALSE,m6,DeltaV,49830
30,659,59831,M6DELTAVFC_M,FALSE,m6,DeltaVfc_m,49831
30,660,59832,M6DELTAVFC,FALSE,m6,DeltaVfc,49832
30,664,63059,M6TSDRVCGROUNDMETAL,FALSE,m6,TSDRVCgroundMetal,53059
30,671,15025,M6VLIMIT,FALSE,m6,vlimit,5025
31,0,14793,VTDRAWN,FALSE,vt,drawing,4793
31,1,14794,VTKOR,FALSE,vt,blockage,4794
31,2,31595,VTPORT,FALSE,vt,pin,21595
31,13,14975,VTTSDRBITCELLID,FALSE,vt,TSDRBitCellID,4975
31,51,14915,VTKGA,FALSE,vt,keepGenAway,4915
31,58,33883,VTALLOWOTC,FALSE,vt,allowOTC,23883
31,68,18115,VTLITHOFILLID,FALSE,vt,lithoFillerID,8115
31,93,16982,VTFILLKOR,FALSE,vt,fillBlockage,6982
31,250,14827,VTDUMMYFILL,FALSE,vt,fill,4827
31,252,16219,VTTRFILL,FALSE,vt,trFill,6219
31,260,20007,VTDENIDLDMAX,FALSE,vt,densityIDldmax,10007
31,261,20008,VTDENIDLDMIN,FALSE,vt,densityIDldmin,10008
31,262,20009,VTDENIDLDIMAX,FALSE,vt,densityIDldimax,10009
31,263,20010,VTDENIDLDIMIN,FALSE,vt,densityIDldimin,10010
31,264,20011,VTDENIDCDMAX,FALSE,vt,densityIDcdmax,10011
31,265,20012,VTDENIDCDMIN,FALSE,vt,densityIDcdmin,10012
31,306,13486,VTTSDRACTIVESPACE,FALSE,vt,TSDRActiveSpace,3486
31,311,65201,VTTSDRMARK,FALSE,vt,TSDRmark,55201
31,327,14801,VTTSDRWING,FALSE,vt,TSDRWingID,4801
31,328,14802,VTTSDRNOWING,FALSE,vt,TSDRNoWingID,4802
31,329,24459,VTTSDRACTIVESPECIAL,FALSE,vt,TSDRActiveSpecial,14459
31,332,54436,VT_TSDRACTIVEDOUBLET,FALSE,vt,TSDRActiveDoublet,44436
31,333,50374,VTTSDRACTIVECDID,FALSE,vt,TSDRActiveCDID,40374
31,372,50376,VTTSDRACTIVEMISREGID,FALSE,vt,TSDRActiveMisregID,40376
31,375,54385,VTTSDRACTIVEMETALENCLOSEID,FALSE,vt,TSDRActiveMetalEncloseID,44385
32,0,14828,VGDRAWN,FALSE,vg,drawing,4828
32,1,14829,VGKOR,FALSE,vg,blockage,4829
32,2,31596,VGPORT,FALSE,vg,pin,21596
32,13,14976,VGTSDRBITCELLID,FALSE,vg,TSDRBitCellID,4976
32,51,14840,VGKGA,FALSE,vg,keepGenAway,4840
32,58,33886,VGALLOWOTC,FALSE,vg,allowOTC,23886
32,68,18116,VGLITHOFILLID,FALSE,vg,lithoFillerID,8116
32,93,16983,VGFILLKOR,FALSE,vg,fillBlockage,6983
32,250,14870,VGDUMMYFILL,FALSE,vg,fill,4870
32,252,16220,VGTRFILL,FALSE,vg,trFill,6220
32,260,20017,VGDENIDLDMAX,FALSE,vg,densityIDldmax,10017
32,261,20018,VGDENIDLDMIN,FALSE,vg,densityIDldmin,10018
32,262,20019,VGDENIDLDIMAX,FALSE,vg,densityIDldimax,10019
32,263,20020,VGDENIDLDIMIN,FALSE,vg,densityIDldimin,10020
32,264,20021,VGDENIDCDMAX,FALSE,vg,densityIDcdmax,10021
32,265,20022,VGDENIDCDMIN,FALSE,vg,densityIDcdmin,10022
32,306,13485,VGTSDRACTIVESPACE,FALSE,vg,TSDRActiveSpace,3485
32,311,65202,VGTSDRMARK,FALSE,vg,TSDRmark,55202
32,332,54435,VG_TSDRACTIVEDOUBLET,FALSE,vg,TSDRActiveDoublet,44435
32,333,50373,VGTSDRACTIVECDID,FALSE,vg,TSDRActiveCDID,40373
32,372,50375,VGTSDRACTIVEMISREGID,FALSE,vg,TSDRActiveMisregID,40375
32,375,54384,VGTSDRACTIVEMETALENCLOSEID,FALSE,vg,TSDRActiveMetalEncloseID,44384
32,402,55012,VGFMCSKEWAB1,FALSE,vg,fmcskewab1,45012
32,403,55014,VGFMCSKEWAB2,FALSE,vg,fmcskewab2,45014
32,404,55017,VGFMCSKEWCD1,FALSE,vg,fmcskewcd1,45017
32,405,55019,VGFMCSKEWCD2,FALSE,vg,fmcskewcd2,45019
33,0,10144,V6DRAWN,FALSE,v6,drawing,144
33,1,10618,V6KOR,FALSE,v6,blockage,618
33,2,31597,V6PORT,FALSE,v6,pin,21597
33,51,10696,V6KGA,FALSE,v6,keepGenAway,696
33,58,16890,V6ALLOWOTC,FALSE,v6,allowOTC,6890
33,68,18117,V6LITHOFILLID,FALSE,v6,lithoFillerID,8117
33,93,16984,V6FILLKOR,FALSE,v6,fillBlockage,6984
33,250,14034,V6DUMMYFILL,FALSE,v6,fill,4034
33,252,16221,V6TRFILL,FALSE,v6,trFill,6221
33,253,17627,V6THERMALFILL,FALSE,v6,thermalFill,7627
33,254,12888,V6THERMALFILL2,FALSE,v6,thermalFill2,2888
33,260,19897,V6DENIDLDMAX,FALSE,v6,densityIDldmax,9897
33,261,19898,V6DENIDLDMIN,FALSE,v6,densityIDldmin,9898
33,262,19899,V6DENIDLDIMAX,FALSE,v6,densityIDldimax,9899
33,263,19900,V6DENIDLDIMIN,FALSE,v6,densityIDldimin,9900
33,264,19901,V6DENIDCDMAX,FALSE,v6,densityIDcdmax,9901
33,265,19902,V6DENIDCDMIN,FALSE,v6,densityIDcdmin,9902
33,311,65194,V6TSDRMARK,FALSE,v6,TSDRmark,55194
33,327,11002,V6TSDRWING,FALSE,v6,TSDRWingID,1002
33,328,11003,V6TSDRNOWING,FALSE,v6,TSDRNoWingID,1003
33,333,30302,V6TSDRACTIVECDID,FALSE,v6,TSDRActiveCDID,20302
33,372,30303,V6TSDRACTIVEMISREGID,FALSE,v6,TSDRActiveMisregID,20303
33,375,54392,V6TSDRACTIVEMETALENCLOSEID,FALSE,v6,TSDRActiveMetalEncloseID,44392
34,0,10145,M7DRAWN,FALSE,m7,drawing,145
34,1,10619,M7KOR,FALSE,m7,blockage,619
34,2,10307,M7PORT,FALSE,m7,pin,307
34,4,10357,M7RESID,FALSE,m7,resID,357
34,21,17841,M7CRITICALID,FALSE,m7,critical,7841
34,51,10218,M7KGA,FALSE,m7,keepGenAway,218
34,58,16906,M7ALLOWOTC,FALSE,m7,allowOTC,6906
34,68,18118,M7LITHOFILLID,FALSE,m7,lithoFillerID,8118
34,93,16985,M7FILLKOR,FALSE,m7,fillBlockage,6985
34,141,12082,M7VLOLIB,FALSE,m7,vlolib,2082
34,142,12083,M7VHILIB,FALSE,m7,vhilib,2083
34,143,12084,M7DELTAVLIB,FALSE,m7,DeltaVlib,2084
34,144,12085,M7DELTAVLIB_M,FALSE,m7,DeltaVlib_m,2085
34,239,18002,M7RCSTOP,FALSE,m7,rcStop,8002
34,240,19004,M7RCSTART,FALSE,m7,rcStart,9004
34,250,14035,M7DUMMYFILL,FALSE,m7,fill,4035
34,252,16222,M7TRFILL,FALSE,m7,trFill,6222
34,253,17628,M7THERMALFILL,FALSE,m7,thermalFill,7628
34,254,12858,M7THERMALFILL2,FALSE,m7,thermalFill2,2858
34,260,19727,M7DENIDLDMAX,FALSE,m7,densityIDldmax,9727
34,261,19728,M7DENIDLDMIN,FALSE,m7,densityIDldmin,9728
34,262,19729,M7DENIDLDIMAX,FALSE,m7,densityIDldimax,9729
34,263,19730,M7DENIDLDIMIN,FALSE,m7,densityIDldimin,9730
34,264,19731,M7DENIDCDMAX,FALSE,m7,densityIDcdmax,9731
34,265,19732,M7DENIDCDMIN,FALSE,m7,densityIDcdmin,9732
34,305,10142,M7TSDRACTIVEFUTID,FALSE,m7,TSDRActiveFUTID,142
34,306,34066,M7TSDRACTIVESPACEID,FALSE,m7,TSDRActiveSpace,24066
34,311,65179,M7TSDRMARK,FALSE,m7,TSDRmark,55179
34,317,49544,M7TSDRACTIVEE,FALSE,m7,TSDRActiveE,39544
34,333,30309,M7TSDRACTIVECDID,FALSE,m7,TSDRActiveCDID,20309
34,349,31904,M7TSDRACTIVECPID,FALSE,m7,TSDRActiveCPID,21904
34,378,14159,M7TSDRMARK2,FALSE,m7,TSDRmark2,4159
34,379,14189,M7TSDRMARK3,FALSE,m7,TSDRmark3,4189
34,408,13646,M7NOFDR,FALSE,m7,noFDR,3646
34,416,40119,M7NOBEARDID,FALSE,m7,noBeardID,30119
34,456,14131,M7TSDRACTIVES,FALSE,m7,TSDRActiveS,4131
34,458,54171,M7TSDRACTIVEFUT2ID,FALSE,m7,TSDRActiveFUT2ID,44171
34,509,33914,M7TESTCHIPROUTEID,FALSE,m7,testChipRouteID,23914
34,520,56960,M7VLO,FALSE,m7,vlo,46960
34,521,56981,M7VHI,FALSE,m7,vhi,46981
34,522,57015,M7VLOFC,FALSE,m7,vlofc,47015
34,523,56994,M7VHIFC,FALSE,m7,vhifc,46994
34,657,59837,M7DELTAV_M,FALSE,m7,DeltaV_m,49837
34,658,59838,M7DELTAV,FALSE,m7,DeltaV,49838
34,659,59839,M7DELTAVFC_M,FALSE,m7,DeltaVfc_m,49839
34,660,59840,M7DELTAVFC,FALSE,m7,DeltaVfc,49840
34,671,15026,M7VLIMIT,FALSE,m7,vlimit,5026
36,0,17006,VCRDRAWN,FALSE,vcr,drawing,7006
36,1,17021,VCRKOR,FALSE,vcr,blockage,7021
36,2,17022,VCRPORT,FALSE,vcr,pin,7022
36,13,17028,VCRTSDRBITCELLID,FALSE,vcr,TSDRBitCellID,7028
36,51,17031,VCRKGA,FALSE,vcr,keepGenAway,7031
36,68,17032,VCRLITHOFILLID,FALSE,vcr,lithoFillerID,7032
36,93,17064,VCRFILLKOR,FALSE,vcr,fillBlockage,7064
36,250,17066,VCRDUMMYFILL,FALSE,vcr,fill,7066
36,252,17067,VCRTRFILL,FALSE,vcr,trFill,7067
36,260,17099,VCRDENIDLDMAX,FALSE,vcr,densityIDldmax,7099
36,261,17100,VCRDENIDLDMIN,FALSE,vcr,densityIDldmin,7100
36,262,17103,VCRDENIDLDIMAX,FALSE,vcr,densityIDldimax,7103
36,263,17104,VCRDENIDLDIMIN,FALSE,vcr,densityIDldimin,7104
36,264,17105,VCRDENIDCDMAX,FALSE,vcr,densityIDcdmax,7105
36,265,17108,VCRDENIDCDMIN,FALSE,vcr,densityIDcdmin,7108
36,306,17110,VCRTSDRACTIVESPACE,FALSE,vcr,TSDRActiveSpace,7110
36,311,17111,VCRTSDRMARK,FALSE,vcr,TSDRmark,7111
36,327,17113,VCRTSDRWING,FALSE,vcr,TSDRWingID,7113
36,328,17114,VCRTSDRNOWING,FALSE,vcr,TSDRNoWingID,7114
36,329,17115,VCRTSDRACTIVESPECIAL,FALSE,vcr,TSDRActiveSpecial,7115
36,332,17116,VCR_TSDRACTIVEDOUBLET,FALSE,vcr,TSDRActiveDoublet,7116
36,333,60662,VCR_TSDRACTIVECDID,FALSE,vcr,TSDRActiveCDID,50662
36,334,60929,VCR_TSDRACTIVEEXTENSION,FALSE,vcr,TSDRActiveExtension,50929
36,335,60930,VCR_TSDRACTIVECOMBO,FALSE,vcr,TSDRActiveCombo,50930
36,372,60663,VCR_TSDRACTIVEMISREGID,FALSE,vcr,TSDRActiveMisregID,50663
36,375,17117,VCRTSDRACTIVEMETALENCLOSEID,FALSE,vcr,TSDRActiveMetalEncloseID,7117
37,0,10220,V7DRAWN,FALSE,v7,drawing,220
37,1,10620,V7KOR,FALSE,v7,blockage,620
37,2,31599,V7PORT,FALSE,v7,pin,21599
37,51,10697,V7KGA,FALSE,v7,keepGenAway,697
37,58,16891,V7ALLOWOTC,FALSE,v7,allowOTC,6891
37,68,18119,V7LITHOFILLID,FALSE,v7,lithoFillerID,8119
37,93,16986,V7FILLKOR,FALSE,v7,fillBlockage,6986
37,250,14036,V7DUMMYFILL,FALSE,v7,fill,4036
37,252,16224,V7TRFILL,FALSE,v7,trFill,6224
37,253,17630,V7THERMALFILL,FALSE,v7,thermalFill,7630
37,254,12889,V7THERMALFILL2,FALSE,v7,thermalFill2,2889
37,260,19907,V7DENIDLDMAX,FALSE,v7,densityIDldmax,9907
37,261,19908,V7DENIDLDMIN,FALSE,v7,densityIDldmin,9908
37,262,19909,V7DENIDLDIMAX,FALSE,v7,densityIDldimax,9909
37,263,19910,V7DENIDLDIMIN,FALSE,v7,densityIDldimin,9910
37,264,19911,V7DENIDCDMAX,FALSE,v7,densityIDcdmax,9911
37,265,19912,V7DENIDCDMIN,FALSE,v7,densityIDcdmin,9912
37,311,65193,V7TSDRMARK,FALSE,v7,TSDRmark,55193
37,327,11004,V7TSDRWING,FALSE,v7,TSDRWingID,1004
37,328,11005,V7TSDRNOWING,FALSE,v7,TSDRNoWingID,1005
37,333,30311,V7TSDRACTIVECDID,FALSE,v7,TSDRActiveCDID,20311
37,372,30312,V7TSDRACTIVEMISREGID,FALSE,v7,TSDRActiveMisregID,20312
37,375,54393,V7TSDRACTIVEMETALENCLOSEID,FALSE,v7,TSDRActiveMetalEncloseID,44393
38,0,10163,M8DRAWN,FALSE,m8,drawing,163
38,1,10621,M8KOR,FALSE,m8,blockage,621
38,2,10308,M8PORT,FALSE,m8,pin,308
38,4,10358,M8RESID,FALSE,m8,resID,358
38,21,17843,M8CRITICALID,FALSE,m8,critical,7843
38,51,10169,M8KGA,FALSE,m8,keepGenAway,169
38,58,16907,M8ALLOWOTC,FALSE,m8,allowOTC,6907
38,68,18120,M8LITHOFILLID,FALSE,m8,lithoFillerID,8120
38,93,16987,M8FILLKOR,FALSE,m8,fillBlockage,6987
38,110,27144,M8TERMID1,FALSE,m8,termID1,17144
38,111,27145,M8TERMID2,FALSE,m8,termID2,17145
38,112,27146,M8TERMID3,FALSE,m8,termID3,17146
38,113,61575,M8TERMID4,FALSE,m8,termID4,51575
38,114,61574,M8TERMID5,FALSE,m8,termID5,51574
38,141,12086,M8VLOLIB,FALSE,m8,vlolib,2086
38,142,12087,M8VHILIB,FALSE,m8,vhilib,2087
38,143,12088,M8DELTAVLIB,FALSE,m8,DeltaVlib,2088
38,144,12089,M8DELTAVLIB_M,FALSE,m8,DeltaVlib_m,2089
38,239,18003,M8RCSTOP,FALSE,m8,rcStop,8003
38,240,19005,M8RCSTART,FALSE,m8,rcStart,9005
38,250,14037,M8DUMMYFILL,FALSE,m8,fill,4037
38,252,16225,M8TRFILL,FALSE,m8,trFill,6225
38,253,17631,M8THERMALFILL,FALSE,m8,thermalFill,7631
38,254,12859,M8THERMALFILL2,FALSE,m8,thermalFill2,2859
38,260,19737,M8DENIDLDMAX,FALSE,m8,densityIDldmax,9737
38,261,19738,M8DENIDLDMIN,FALSE,m8,densityIDldmin,9738
38,262,19739,M8DENIDLDIMAX,FALSE,m8,densityIDldimax,9739
38,263,19740,M8DENIDLDIMIN,FALSE,m8,densityIDldimin,9740
38,264,19741,M8DENIDCDMAX,FALSE,m8,densityIDcdmax,9741
38,265,19742,M8DENIDCDMIN,FALSE,m8,densityIDcdmin,9742
38,305,10143,M8TSDRACTIVEFUTID,FALSE,m8,TSDRActiveFUTID,143
38,306,34067,M8TSDRACTIVESPACEID,FALSE,m8,TSDRActiveSpace,24067
38,311,65178,M8TSDRMARK,FALSE,m8,TSDRmark,55178
38,317,49545,M8TSDRACTIVEE,FALSE,m8,TSDRActiveE,39545
38,333,30313,M8TSDRACTIVECDID,FALSE,m8,TSDRActiveCDID,20313
38,349,13161,M8TSDRACTIVECPID,FALSE,m8,TSDRActiveCPID,3161
38,378,14158,M8TSDRMARK2,FALSE,m8,TSDRmark2,4158
38,379,14188,M8TSDRMARK3,FALSE,m8,TSDRmark3,4188
38,408,13648,M8NOFDR,FALSE,m8,noFDR,3648
38,416,40120,M8NOBEARDID,FALSE,m8,noBeardID,30120
38,456,14130,M8TSDRACTIVES,FALSE,m8,TSDRActiveS,4130
38,458,54172,M8TSDRACTIVEFUT2ID,FALSE,m8,TSDRActiveFUT2ID,44172
38,509,33913,M8TESTCHIPROUTEID,FALSE,m8,testChipRouteID,23913
38,520,56961,M8VLO,FALSE,m8,vlo,46961
38,521,56980,M8VHI,FALSE,m8,vhi,46980
38,522,57014,M8VLOFC,FALSE,m8,vlofc,47014
38,523,56995,M8VHIFC,FALSE,m8,vhifc,46995
38,657,59845,M8DELTAV_M,FALSE,m8,DeltaV_m,49845
38,658,59846,M8DELTAV,FALSE,m8,DeltaV,49846
38,659,59847,M8DELTAVFC_M,FALSE,m8,DeltaVfc_m,49847
38,660,59848,M8DELTAVFC,FALSE,m8,DeltaVfc,49848
38,671,15027,M8VLIMIT,FALSE,m8,vlimit,5027
41,0,10056,V8DRAWN,FALSE,v8,drawing,56
41,1,10622,V8KOR,FALSE,v8,blockage,622
41,2,31601,V8PORT,FALSE,v8,pin,21601
41,51,10698,V8KGA,FALSE,v8,keepGenAway,698
41,58,16893,V8ALLOWOTC,FALSE,v8,allowOTC,6893
41,68,18122,V8LITHOFILLID,FALSE,v8,lithoFillerID,8122
41,93,16989,V8FILLKOR,FALSE,v8,fillBlockage,6989
41,250,14038,V8DUMMYFILL,FALSE,v8,fill,4038
41,252,16228,V8TRFILL,FALSE,v8,trFill,6228
41,253,17634,V8THERMALFILL,FALSE,v8,thermalFill,7634
41,254,12890,V8THERMALFILL2,FALSE,v8,thermalFill2,2890
41,260,19917,V8DENIDLDMAX,FALSE,v8,densityIDldmax,9917
41,261,19918,V8DENIDLDMIN,FALSE,v8,densityIDldmin,9918
41,262,19919,V8DENIDLDIMAX,FALSE,v8,densityIDldimax,9919
41,263,19920,V8DENIDLDIMIN,FALSE,v8,densityIDldimin,9920
41,264,19921,V8DENIDCDMAX,FALSE,v8,densityIDcdmax,9921
41,265,19922,V8DENIDCDMIN,FALSE,v8,densityIDcdmin,9922
41,311,65192,V8TSDRMARK,FALSE,v8,TSDRmark,55192
41,327,11006,V8TSDRWING,FALSE,v8,TSDRWingID,1006
41,328,11007,V8TSDRNOWING,FALSE,v8,TSDRNoWingID,1007
41,333,30315,V8TSDRACTIVECDID,FALSE,v8,TSDRActiveCDID,20315
41,372,30316,V8TSDRACTIVEMISREGID,FALSE,v8,TSDRActiveMisregID,20316
41,375,54394,V8TSDRACTIVEMETALENCLOSEID,FALSE,v8,TSDRActiveMetalEncloseID,44394
43,0,15321,V1DRAWN,FALSE,v1,drawing,5321
43,1,15322,V1KOR,FALSE,v1,blockage,5322
43,2,31602,V1PORT,FALSE,v1,pin,21602
43,51,15334,V1KGA,FALSE,v1,keepGenAway,5334
43,58,16894,V1ALLOWOTC,FALSE,v1,allowOTC,6894
43,68,18124,V1LITHOFILLID,FALSE,v1,lithoFillerID,8124
43,93,16991,V1FILLKOR,FALSE,v1,fillBlockage,6991
43,250,15364,V1DUMMYFILL,FALSE,v1,fill,5364
43,252,16230,V1TRFILL,FALSE,v1,trFill,6230
43,253,17636,V1THERMALFILL,FALSE,v1,thermalFill,7636
43,254,12875,V1THERMALFILL2,FALSE,v1,thermalFill2,2875
43,260,19807,V1DENIDLDMAX,FALSE,v1,densityIDldmax,9807
43,261,19808,V1DENIDLDMIN,FALSE,v1,densityIDldmin,9808
43,262,19809,V1DENIDLDIMAX,FALSE,v1,densityIDldimax,9809
43,263,19810,V1DENIDLDIMIN,FALSE,v1,densityIDldimin,9810
43,264,19811,V1DENIDCDMAX,FALSE,v1,densityIDcdmax,9811
43,265,19812,V1DENIDCDMIN,FALSE,v1,densityIDcdmin,9812
43,311,65199,V1TSDRMARK,FALSE,v1,TSDRmark,55199
43,327,10441,V1TSDRWING,FALSE,v1,TSDRWingID,441
43,328,10442,V1TSDRNOWING,FALSE,v1,TSDRNoWingID,442
43,331,60958,V1_TSDRACTIVESPLIT,FALSE,v1,TSDRActiveSplit,50958
43,333,30277,V1TSDRACTIVECDID,FALSE,v1,TSDRActiveCDID,20277
43,372,30278,V1TSDRACTIVEMISREGID,FALSE,v1,TSDRActiveMisregID,20278
43,375,54387,V1TSDRACTIVEMETALENCLOSEID,FALSE,v1,TSDRActiveMetalEncloseID,44387
43,376,10911,V1_TSDRACTIVEVIAARRAYID,FALSE,v1,TSDRActiveViaArrayID,911
43,416,31913,V1NOBEARDID,FALSE,v1,noBeardID,21913
45,0,11139,V9DRAWN,FALSE,v9,drawing,1139
45,1,11140,V9KOR,FALSE,v9,blockage,1140
45,2,31604,V9PORT,FALSE,v9,pin,21604
45,51,11148,V9KGA,FALSE,v9,keepGenAway,1148
45,58,16896,V9ALLOWOTC,FALSE,v9,allowOTC,6896
45,68,18126,V9LITHOFILLID,FALSE,v9,lithoFillerID,8126
45,93,16993,V9FILLKOR,FALSE,v9,fillBlockage,6993
45,250,14040,V9DUMMYFILL,FALSE,v9,fill,4040
45,252,16232,V9TRFILL,FALSE,v9,trFill,6232
45,253,17638,V9THERMALFILL,FALSE,v9,thermalFill,7638
45,254,12891,V9THERMALFILL2,FALSE,v9,thermalFill2,2891
45,260,19927,V9DENIDLDMAX,FALSE,v9,densityIDldmax,9927
45,261,19928,V9DENIDLDMIN,FALSE,v9,densityIDldmin,9928
45,262,19929,V9DENIDLDIMAX,FALSE,v9,densityIDldimax,9929
45,263,19930,V9DENIDLDIMIN,FALSE,v9,densityIDldimin,9930
45,264,19931,V9DENIDCDMAX,FALSE,v9,densityIDcdmax,9931
45,265,19932,V9DENIDCDMIN,FALSE,v9,densityIDcdmin,9932
45,311,65191,V9TSDRMARK,FALSE,v9,TSDRmark,55191
45,327,11152,V9TSDRWING,FALSE,v9,TSDRWingID,1152
45,328,11153,V9TSDRNOWING,FALSE,v9,TSDRNoWingID,1153
45,333,30319,V9TSDRACTIVECDID,FALSE,v9,TSDRActiveCDID,20319
45,372,30320,V9TSDRACTIVEMISREGID,FALSE,v9,TSDRActiveMisregID,20320
45,375,54395,V9TSDRACTIVEMETALENCLOSEID,FALSE,v9,TSDRActiveMetalEncloseID,44395
46,0,11122,M9DRAWN,FALSE,m9,drawing,1122
46,1,11123,M9KOR,FALSE,m9,blockage,1123
46,2,11124,M9PORT,FALSE,m9,pin,1124
46,4,11126,M9RESID,FALSE,m9,resID,1126
46,21,17850,M9CRITICALID,FALSE,m9,critical,7850
46,51,11135,M9KGA,FALSE,m9,keepGenAway,1135
46,58,16908,M9ALLOWOTC,FALSE,m9,allowOTC,6908
46,68,18127,M9LITHOFILLID,FALSE,m9,lithoFillerID,8127
46,93,16994,M9FILLKOR,FALSE,m9,fillBlockage,6994
46,141,12090,M9VLOLIB,FALSE,m9,vlolib,2090
46,142,12091,M9VHILIB,FALSE,m9,vhilib,2091
46,143,12092,M9DELTAVLIB,FALSE,m9,DeltaVlib,2092
46,144,12093,M9DELTAVLIB_M,FALSE,m9,DeltaVlib_m,2093
46,239,18004,M9RCSTOP,FALSE,m9,rcStop,8004
46,240,19006,M9RCSTART,FALSE,m9,rcStart,9006
46,250,14041,M9DUMMYFILL,FALSE,m9,fill,4041
46,252,16233,M9TRFILL,FALSE,m9,trFill,6233
46,253,17639,M9THERMALFILL,FALSE,m9,thermalFill,7639
46,254,12860,M9THERMALFILL2,FALSE,m9,thermalFill2,2860
46,260,19747,M9DENIDLDMAX,FALSE,m9,densityIDldmax,9747
46,261,19748,M9DENIDLDMIN,FALSE,m9,densityIDldmin,9748
46,262,19749,M9DENIDLDIMAX,FALSE,m9,densityIDldimax,9749
46,263,19750,M9DENIDLDIMIN,FALSE,m9,densityIDldimin,9750
46,264,19751,M9DENIDCDMAX,FALSE,m9,densityIDcdmax,9751
46,265,19752,M9DENIDCDMIN,FALSE,m9,densityIDcdmin,9752
46,305,11136,M9TSDRACTIVEFUTID,FALSE,m9,TSDRActiveFUTID,1136
46,306,34068,M9TSDRACTIVESPACEID,FALSE,m9,TSDRActiveSpace,24068
46,311,65177,M9TSDRMARK,FALSE,m9,TSDRmark,55177
46,317,49546,M9TSDRACTIVEE,FALSE,m9,TSDRActiveE,39546
46,333,30317,M9TSDRACTIVECDID,FALSE,m9,TSDRActiveCDID,20317
46,349,49558,M9TSDRACTIVECPID,FALSE,m9,TSDRActiveCPID,39558
46,378,14157,M9TSDRMARK2,FALSE,m9,TSDRmark2,4157
46,379,14187,M9TSDRMARK3,FALSE,m9,TSDRmark3,4187
46,408,13652,M9NOFDR,FALSE,m9,noFDR,3652
46,416,40121,M9NOBEARDID,FALSE,m9,noBeardID,30121
46,456,14129,M9TSDRACTIVES,FALSE,m9,TSDRActiveS,4129
46,458,54173,M9TSDRACTIVEFUT2ID,FALSE,m9,TSDRActiveFUT2ID,44173
46,509,33910,M9TESTCHIPROUTEID,FALSE,m9,testChipRouteID,23910
46,520,56962,M9VLO,FALSE,m9,vlo,46962
46,521,56979,M9VHI,FALSE,m9,vhi,46979
46,522,57013,M9VLOFC,FALSE,m9,vlofc,47013
46,523,56996,M9VHIFC,FALSE,m9,vhifc,46996
46,657,59853,M9DELTAV_M,FALSE,m9,DeltaV_m,49853
46,658,59854,M9DELTAV,FALSE,m9,DeltaV,49854
46,659,59855,M9DELTAVFC_M,FALSE,m9,DeltaVfc_m,49855
46,660,59856,M9DELTAVFC,FALSE,m9,DeltaVfc,49856
46,671,15028,M9VLIMIT,FALSE,m9,vlimit,5028
49,0,61432,HVNWELLDRAWN,FALSE,hvnwell,drawing,51432
49,1,61431,HVNWELLKOR,FALSE,hvnwell,blockage,51431
49,13,61430,HVNWELLTSDRBITCELLID,FALSE,hvnwell,TSDRBitCellID,51430
49,18,61429,HVNWELLTG,FALSE,hvnwell,toSynDrawing,51429
49,51,61428,HVNWELLKGA,FALSE,hvnwell,keepGenAway,51428
49,68,61427,HVNWELLLITHOFILLERID,FALSE,hvnwell,lithoFillerID,51427
49,93,61426,HVNWELLFILLKOR,FALSE,hvnwell,fillBlockage,51426
49,191,61425,HVNWELL_DRWAIVERID1,FALSE,hvnwell,drWaiver1,51425
49,192,61424,HVNWELL_DRWAIVERID2,FALSE,hvnwell,drWaiver2,51424
49,193,61423,HVNWELL_DRWAIVERID3,FALSE,hvnwell,drWaiver3,51423
49,194,61422,HVNWELL_DRWAIVERID4,FALSE,hvnwell,drWaiver4,51422
49,195,61421,HVNWELL_DRWAIVERID5,FALSE,hvnwell,drWaiver5,51421
49,250,61420,HVNWELLDUMMYFILL,FALSE,hvnwell,fill,51420
49,252,61419,HVNWELLTRFILL,FALSE,hvnwell,trFill,51419
49,30001,61418,HVNWELLQTFMWAIVER,FALSE,hvnwell,qtfmWaiver,51418
50,0,10050,CELLBOUNDARY,FALSE,chkBoundary,boundary,50
50,5,12398,PRSORIENTATION,FALSE,chkBoundary,prs,2398
50,10,13143,ILPADID,FALSE,ilpad,id,3143
50,15,10930,HVPADID,FALSE,hvpad,id,930
50,17,10914,PADLKGCHECKID,FALSE,padlkgcheck,id,914
50,18,11166,BGDIODEBODYID1,FALSE,bgdiodeBody,id1,1166
50,20,17138,VCYTESTPADID,FALSE,vcytestpad,id,7138
50,22,17177,VCTCPADID,FALSE,vctcpad,id,7177
50,23,17228,VCPADID,FALSE,vcpad,id,7228
50,24,32416,EMSLPADBOUNDARY,FALSE,emslpad,id,22416
50,27,13927,FEPADBOUNDARY,FALSE,fepad,id,3927
50,28,13928,BEPADBOUNDARY,FALSE,bepad,id,3928
50,29,13939,SLPADBOUNDARY,FALSE,slpad,id,3939
50,30,13940,EMPADBOUNDARY,FALSE,empad,id,3940
50,31,13941,RFPADBOUNDARY,FALSE,rfpad,id,3941
50,32,25261,RECLPADBOUNDARY,FALSE,reclpad,id,15261
50,33,25262,LMTRPADBOUNDARY,FALSE,lmtrpad,id,15262
50,34,25263,YTESTPADBOUNDARY,FALSE,ytestpad,id,15263
50,35,25264,BTSPADBOUNDARY,FALSE,btspad,id,15264
50,78,54246,ANTENNA_DIODE_ID,FALSE,antenna_diode,id,44246
50,100,10810,ESD_D0_ID0,FALSE,esd_d0,id,810
50,101,10811,ESD_D1_ID1,FALSE,esd_d1,id,811
50,102,10812,ESD_D2_ID2,FALSE,esd_d2,id,812
50,103,10813,ESD_D3_ID3,FALSE,esd_d3,id,813
50,104,10814,ESD_D4_ID4,FALSE,esd_d4,id,814
50,105,10815,ESD_D5_ID5,FALSE,esd_d5,id,815
50,106,10816,ESD_D6_ID6,FALSE,esd_d6,id,816
50,107,10817,ESD_D7_ID7,FALSE,esd_d7,id,817
50,110,10820,ESD_CLAMP_ID10,FALSE,esd_clamp,id,820
50,138,11200,TEXTDRAWING,FALSE,text,drawing,1200
50,150,24151,TESTROWBOUNDARY,FALSE,testRow,boundary,14151
50,151,36726,TESTROWBOUNDARYMOD,FALSE,testRowMod,boundary,26726
50,213,63367,DAPAD,FALSE,dapad,id,53367
50,215,12846,FSICPADID,FALSE,fsicpad,id,2846
53,0,11168,V10DRAWN,FALSE,v10,drawing,1168
53,1,11169,V10KOR,FALSE,v10,blockage,1169
53,2,31605,V10PORT,FALSE,v10,pin,21605
53,51,11178,V10KGA,FALSE,v10,keepGenAway,1178
53,58,16897,V10ALLOWOTC,FALSE,v10,allowOTC,6897
53,68,18128,V10LITHOFILLID,FALSE,v10,lithoFillerID,8128
53,93,16995,V10FILLKOR,FALSE,v10,fillBlockage,6995
53,250,14042,V10DUMMYFILL,FALSE,v10,fill,4042
53,252,16238,V10TRFILL,FALSE,v10,trFill,6238
53,253,17644,V10THERMALFILL,FALSE,v10,thermalFill,7644
53,254,12876,V10THERMALFILL2,FALSE,v10,thermalFill2,2876
53,260,19937,V10DENIDLDMAX,FALSE,v10,densityIDldmax,9937
53,261,19938,V10DENIDLDMIN,FALSE,v10,densityIDldmin,9938
53,262,19939,V10DENIDLDIMAX,FALSE,v10,densityIDldimax,9939
53,263,19940,V10DENIDLDIMIN,FALSE,v10,densityIDldimin,9940
53,264,19941,V10DENIDCDMAX,FALSE,v10,densityIDcdmax,9941
53,265,19942,V10DENIDCDMIN,FALSE,v10,densityIDcdmin,9942
53,311,65190,V10TSDRMARK,FALSE,v10,TSDRmark,55190
53,327,11180,V10TSDRWING,FALSE,v10,TSDRWingID,1180
53,328,11181,V10TSDRNOWING,FALSE,v10,TSDRNoWingID,1181
53,333,38236,V10TSDRACTIVECDID,FALSE,v10,TSDRActiveCDID,28236
53,372,38247,V10TSDRACTIVEMISREGID,FALSE,v10,TSDRActiveMisregID,28247
53,375,54396,V10TSDRACTIVEMETALENCLOSEID,FALSE,v10,TSDRActiveMetalEncloseID,44396
54,0,11182,M10DRAWN,FALSE,m10,drawing,1182
54,1,11183,M10KOR,FALSE,m10,blockage,1183
54,2,11184,M10PORT,FALSE,m10,pin,1184
54,4,11186,M10RESID,FALSE,m10,resID,1186
54,21,17852,M10CRITICALID,FALSE,m10,critical,7852
54,51,11190,M10KGA,FALSE,m10,keepGenAway,1190
54,58,16909,M10ALLOWOTC,FALSE,m10,allowOTC,6909
54,68,18129,M10LITHOFILLID,FALSE,m10,lithoFillerID,8129
54,93,16996,M10FILLKOR,FALSE,m10,fillBlockage,6996
54,141,12094,M10VLOLIB,FALSE,m10,vlolib,2094
54,142,12095,M10VHILIB,FALSE,m10,vhilib,2095
54,143,12096,M10DELTAVLIB,FALSE,m10,DeltaVlib,2096
54,144,12097,M10DELTAVLIB_M,FALSE,m10,DeltaVlib_m,2097
54,239,18005,M10RCSTOP,FALSE,m10,rcStop,8005
54,240,19007,M10RCSTART,FALSE,m10,rcStart,9007
54,250,14043,M10DUMMYFILL,FALSE,m10,fill,4043
54,252,16239,M10TRFILL,FALSE,m10,trFill,6239
54,253,17645,M10THERMALFILL,FALSE,m10,thermalFill,7645
54,254,12863,M10THERMALFILL2,FALSE,m10,thermalFill2,2863
54,260,19757,M10DENIDLDMAX,FALSE,m10,densityIDldmax,9757
54,261,19758,M10DENIDLDMIN,FALSE,m10,densityIDldmin,9758
54,262,19759,M10DENIDLDIMAX,FALSE,m10,densityIDldimax,9759
54,263,19760,M10DENIDLDIMIN,FALSE,m10,densityIDldimin,9760
54,264,19761,M10DENIDCDMAX,FALSE,m10,densityIDcdmax,9761
54,265,19762,M10DENIDCDMIN,FALSE,m10,densityIDcdmin,9762
54,305,11191,M10TSDRACTIVEFUTID,FALSE,m10,TSDRActiveFUTID,1191
54,306,34069,M10TSDRACTIVESPACEID,FALSE,m10,TSDRActiveSpace,24069
54,311,65176,M10TSDRMARK,FALSE,m10,TSDRmark,55176
54,317,49547,M10TSDRACTIVEE,FALSE,m10,TSDRActiveE,39547
54,333,30321,M10TSDRACTIVECDID,FALSE,m10,TSDRActiveCDID,20321
54,349,49559,M10TSDRACTIVECPID,FALSE,m10,TSDRActiveCPID,39559
54,378,14156,M10TSDRMARK2,FALSE,m10,TSDRmark2,4156
54,379,14186,M10TSDRMARK3,FALSE,m10,TSDRmark3,4186
54,408,13658,M10NOFDR,FALSE,m10,noFDR,3658
54,416,40122,M10NOBEARDID,FALSE,m10,noBeardID,30122
54,456,14128,M10TSDRACTIVES,FALSE,m10,TSDRActiveS,4128
54,458,54174,M10TSDRACTIVEFUT2ID,FALSE,m10,TSDRActiveFUT2ID,44174
54,509,33909,M10TESTCHIPROUTEID,FALSE,m10,testChipRouteID,23909
54,520,56963,M10VLO,FALSE,m10,vlo,46963
54,521,56978,M10VHI,FALSE,m10,vhi,46978
54,522,57012,M10VLOFC,FALSE,m10,vlofc,47012
54,523,56997,M10VHIFC,FALSE,m10,vhifc,46997
54,657,59869,M10DELTAV_M,FALSE,m10,DeltaV_m,49869
54,658,59870,M10DELTAV,FALSE,m10,DeltaV,49870
54,659,59871,M10DELTAVFC_M,FALSE,m10,DeltaVfc_m,49871
54,660,59872,M10DELTAVFC,FALSE,m10,DeltaVfc,49872
54,671,15029,M10VLIMIT,FALSE,m10,vlimit,5029
55,0,11225,M0DRAWN,FALSE,m0,drawing,1225
55,1,11226,M0KOR,FALSE,m0,blockage,1226
55,2,11227,M0PORT,FALSE,m0,pin,1227
55,4,11229,M0RESID,FALSE,m0,resID,1229
55,13,14973,M0TSDRBITCELLID,FALSE,m0,TSDRBitCellID,4973
55,21,17853,M0CRITICALID,FALSE,m0,critical,7853
55,51,11237,M0KGA,FALSE,m0,keepGenAway,1237
55,58,16910,M0ALLOWOTC,FALSE,m0,allowOTC,6910
55,68,18130,M0LITHOFILLID,FALSE,m0,lithoFillerID,8130
55,93,16997,M0FILLKOR,FALSE,m0,fillBlockage,6997
55,141,12098,M0VLOLIB,FALSE,m0,vlolib,2098
55,142,12099,M0VHILIB,FALSE,m0,vhilib,2099
55,143,12100,M0DELTAVLIB,FALSE,m0,DeltaVlib,2100
55,144,12101,M0DELTAVLIB_M,FALSE,m0,DeltaVlib_m,2101
55,239,18006,M0RCSTOP,FALSE,m0,rcStop,8006
55,240,19008,M0RCSTART,FALSE,m0,rcStart,9008
55,250,14044,M0DUMMYFILL,FALSE,m0,fill,4044
55,252,16240,M0TRFILL,FALSE,m0,trFill,6240
55,253,17646,M0THERMALFILL,FALSE,m0,thermalFill,7646
55,254,12847,M0THERMALFILL2,FALSE,m0,thermalFill2,2847
55,260,19657,M0DENIDLDMAX,FALSE,m0,densityIDldmax,9657
55,261,19658,M0DENIDLDMIN,FALSE,m0,densityIDldmin,9658
55,262,19659,M0DENIDLDIMAX,FALSE,m0,densityIDldimax,9659
55,263,19660,M0DENIDLDIMIN,FALSE,m0,densityIDldimin,9660
55,264,19661,M0DENIDCDMAX,FALSE,m0,densityIDcdmax,9661
55,265,19662,M0DENIDCDMIN,FALSE,m0,densityIDcdmin,9662
55,305,11238,M0TSDRACTIVEFUTID,FALSE,m0,TSDRActiveFUTID,1238
55,306,34070,M0TSDRACTIVESPACEID,FALSE,m0,TSDRActiveSpace,24070
55,311,30981,M0TSDRMARK,FALSE,m0,TSDRmark,20981
55,317,24396,M0TSDRACTIVEE,FALSE,m0,TSDRActiveE,14396
55,333,24473,M0TSDRACTIVECDID,FALSE,m0,TSDRActiveCDID,14473
55,340,25381,M0TSDRROUTEID,FALSE,m0,TSDRRouteID,15381
55,349,49560,M0TSDRACTIVECPID,FALSE,m0,TSDRActiveCPID,39560
55,372,17086,M0TSDRACTIVEMISREGID,FALSE,m0,TSDRActiveMisregID,7086
55,373,12292,M0TSDRACTIVECD3ID,FALSE,m0,TSDRActiveCD3ID,2292
55,374,12293,M0TSDRACTIVEMISREG3ID,FALSE,m0,TSDRActiveMisreg3ID,2293
55,375,12294,M0TSDRACTIVECP3ID,FALSE,m0,TSDRActiveCP3ID,2294
55,377,12296,M0TSDRACTIVEFUT4ID,FALSE,m0,TSDRActiveFUT4ID,2296
55,378,12297,M0TSDRMARK2,FALSE,m0,TSDRmark2,2297
55,379,12298,M0TSDRMARK3,FALSE,m0,TSDRmark3,2298
55,380,12295,M0TSDRACTIVEFUT3ID,FALSE,m0,TSDRActiveFUT3ID,2295
55,408,31629,M0NOFDR,FALSE,m0,noFDR,21629
55,416,30407,M0NOBEARDID,FALSE,m0,noBeardID,20407
55,456,12277,M0TSDRACTIVES,FALSE,m0,TSDRActiveS,2277
55,458,54164,M0TSDRACTIVEFUT2ID,FALSE,m0,TSDRActiveFUT2ID,44164
55,459,13487,M0TSDRACTIVERESTRICTEDCD,FALSE,m0,TSDRActiveRestrictedCD,3487
55,460,13488,M0TSDRACTIVESALELE,FALSE,m0,TSDRActiveSALELE,3488
55,461,13489,M0TSDRACTIVELELE,FALSE,m0,TSDRActiveLELE,3489
55,462,13490,M0TSDRACTIVEDP,FALSE,m0,TSDRActiveDP,3490
55,503,50633,M0TSDR180BE,FALSE,m0,TSDR180BE,40633
55,509,34064,M0TESTCHIPROUTEID,FALSE,m0,testChipRouteID,24064
55,510,62877,M0CDMETROHALO,FALSE,m0,cdMetroHalo,52877
55,520,56964,M0VLO,FALSE,m0,vlo,46964
55,521,56977,M0VHI,FALSE,m0,vhi,46977
55,522,57011,M0VLOFC,FALSE,m0,vlofc,47011
55,523,56998,M0VHIFC,FALSE,m0,vhifc,46998
55,657,59975,M0DELTAV_M,FALSE,m0,DeltaV_m,49975
55,658,59976,M0DELTAV,FALSE,m0,DeltaV,49976
55,659,59978,M0DELTAVFC_M,FALSE,m0,DeltaVfc_m,49978
55,660,59977,M0DELTAVFC,FALSE,m0,DeltaVfc,49977
55,662,17789,M0NOTRACKID,FALSE,m0,noTrackID,7789
55,663,21677,M0WINGID,FALSE,m0,wingID,11677
55,664,63053,M0TSDRVCGROUNDMETAL,FALSE,m0,TSDRVCgroundMetal,53053
55,665,63324,M0TSDRACTIVESPACECOLOR2,FALSE,m0,TSDRActiveSpaceColor2,53324
55,666,63323,M0TSDRACTIVESPACECOLOR1,FALSE,m0,TSDRActiveSpaceColor1,53323
55,667,63326,M0TSDRACTIVESKIPTRACK,FALSE,m0,TSDRActiveSkipTrack,53326
55,668,63325,M0TSDRACTIVEMIXEDCD,FALSE,m0,TSDRActiveMixedCD,53325
55,669,54383,M0TSDRACTIVELELESKIPTRACK,FALSE,m0,TSDRActiveLELEskipTrack,44383
55,670,54382,M0TSDRACTIVESALELESKIPTRACK,FALSE,m0,TSDRActiveSALELEskipTrack,44382
55,671,15030,M0VLIMIT,FALSE,m0,vlimit,5030
55,672,14138,M0TSDRACTIVEHINA,FALSE,m0,TSDRActivehiNA,4138
55,674,10840,M0TSDRLARGEETESALELE,FALSE,m0,TSDRLargeETESALELE,840
55,680,60665,M0_TSDRACTIVEC2C,FALSE,m0,TSDRActiveC2C,50665
56,0,12258,V0DRAWN,FALSE,v0,drawing,2258
56,1,12259,V0KOR,FALSE,v0,blockage,2259
56,2,31606,V0PORT,FALSE,v0,pin,21606
56,13,14974,V0TSDRBITCELLID,FALSE,v0,TSDRBitCellID,4974
56,51,12268,V0KGA,FALSE,v0,keepGenAway,2268
56,58,16898,V0ALLOWOTC,FALSE,v0,allowOTC,6898
56,68,18131,V0LITHOFILLID,FALSE,v0,lithoFillerID,8131
56,93,16998,V0FILLKOR,FALSE,v0,fillBlockage,6998
56,250,14045,V0DUMMYFILL,FALSE,v0,fill,4045
56,252,16241,V0TRFILL,FALSE,v0,trFill,6241
56,253,17647,V0THERMALFILL,FALSE,v0,thermalFill,7647
56,254,12874,V0THERMALFILL2,FALSE,v0,thermalFill2,2874
56,260,20161,V0DENIDLDMAX,FALSE,v0,densityIDldmax,10161
56,261,20162,V0DENIDLDMIN,FALSE,v0,densityIDldmin,10162
56,262,20163,V0DENIDLDIMAX,FALSE,v0,densityIDldimax,10163
56,263,20164,V0DENIDLDIMIN,FALSE,v0,densityIDldimin,10164
56,264,20165,V0DENIDCDMAX,FALSE,v0,densityIDcdmax,10165
56,265,20166,V0DENIDCDMIN,FALSE,v0,densityIDcdmin,10166
56,311,65200,V0TSDRMARK,FALSE,v0,TSDRmark,55200
56,327,12271,V0TSDRWING,FALSE,v0,TSDRWingID,2271
56,328,12272,V0TSDRNOWING,FALSE,v0,TSDRNoWingID,2272
56,331,54433,V0_TSDRACTIVESPLIT,FALSE,v0,TSDRActiveSplit,44433
56,332,54434,V0_TSDRACTIVEDOUBLET,FALSE,v0,TSDRActiveDoublet,44434
56,333,18195,V0TSDRACTIVECDID,FALSE,v0,TSDRActiveCDID,8195
56,334,10234,V0TSDRASCTIVEBRIDGEPGDID,FALSE,v0,TSDRActiveBridgePGDID,234
56,335,10238,V0TSDRASCTIVEBRIDGEOGDID,FALSE,v0,TSDRActiveBridgeOGDID,238
56,372,28038,V0TSDRACTIVEMISREGID,FALSE,v0,TSDRActiveMisregID,18038
56,375,54386,V0TSDRACTIVEMETALENCLOSEID,FALSE,v0,TSDRActiveMetalEncloseID,44386
56,376,10908,V0_TSDRACTIVEVIAARRAYID,FALSE,v0,TSDRActiveViaArrayID,908
57,0,12351,V11DRAWN,FALSE,v11,drawing,2351
57,1,12352,V11KOR,FALSE,v11,blockage,2352
57,2,31607,V11PORT,FALSE,v11,pin,21607
57,51,12350,V11KGA,FALSE,v11,keepGenAway,2350
57,58,16899,V11ALLOWOTC,FALSE,v11,allowOTC,6899
57,68,18132,V11LITHOFILLID,FALSE,v11,lithoFillerID,8132
57,93,16999,V11FILLKOR,FALSE,v11,fillBlockage,6999
57,250,14046,V11DUMMYFILL,FALSE,v11,fill,4046
57,252,16242,V11TRFILL,FALSE,v11,trFill,6242
57,253,17648,V11THERMALFILL,FALSE,v11,thermalFill,7648
57,254,12877,V11THERMALFILL2,FALSE,v11,thermalFill2,2877
57,260,19947,V11DENIDLDMAX,FALSE,v11,densityIDldmax,9947
57,261,19948,V11DENIDLDMIN,FALSE,v11,densityIDldmin,9948
57,262,19949,V11DENIDLDIMAX,FALSE,v11,densityIDldimax,9949
57,263,19950,V11DENIDLDIMIN,FALSE,v11,densityIDldimin,9950
57,264,19951,V11DENIDCDMAX,FALSE,v11,densityIDcdmax,9951
57,265,19952,V11DENIDCDMIN,FALSE,v11,densityIDcdmin,9952
57,311,65189,V11TSDRMARK,FALSE,v11,TSDRmark,55189
57,327,12360,V11TSDRWING,FALSE,v11,TSDRWingID,2360
57,328,12361,V11TSDRNOWING,FALSE,v11,TSDRNoWingID,2361
57,333,38237,V11TSDRACTIVECDID,FALSE,v11,TSDRActiveCDID,28237
57,372,38246,V11TSDRACTIVEMISREGID,FALSE,v11,TSDRActiveMisregID,28246
57,375,54397,V11TSDRACTIVEMETALENCLOSEID,FALSE,v11,TSDRActiveMetalEncloseID,44397
58,0,12330,M11DRAWN,FALSE,m11,drawing,2330
58,1,12331,M11KOR,FALSE,m11,blockage,2331
58,2,12332,M11PORT,FALSE,m11,pin,2332
58,4,12334,M11RESID,FALSE,m11,resID,2334
58,21,17856,M11CRITICALID,FALSE,m11,critical,7856
58,51,12338,M11KGA,FALSE,m11,keepGenAway,2338
58,58,16911,M11ALLOWOTC,FALSE,m11,allowOTC,6911
58,68,18133,M11LITHOFILLID,FALSE,m11,lithoFillerID,8133
58,93,17000,M11FILLKOR,FALSE,m11,fillBlockage,7000
58,141,12102,M11VLOLIB,FALSE,m11,vlolib,2102
58,142,12103,M11VHILIB,FALSE,m11,vhilib,2103
58,143,12104,M11DELTAVLIB,FALSE,m11,DeltaVlib,2104
58,144,12105,M11DELTAVLIB_M,FALSE,m11,DeltaVlib_m,2105
58,239,18007,M11RCSTOP,FALSE,m11,rcStop,8007
58,240,19009,M11RCSTART,FALSE,m11,rcStart,9009
58,250,14047,M11DUMMYFILL,FALSE,m11,fill,4047
58,252,16243,M11TRFILL,FALSE,m11,trFill,6243
58,253,17649,M11THERMALFILL,FALSE,m11,thermalFill,7649
58,254,12864,M11THERMALFILL2,FALSE,m11,thermalFill2,2864
58,260,19767,M11DENIDLDMAX,FALSE,m11,densityIDldmax,9767
58,261,19768,M11DENIDLDMIN,FALSE,m11,densityIDldmin,9768
58,262,19769,M11DENIDLDIMAX,FALSE,m11,densityIDldimax,9769
58,263,19770,M11DENIDLDIMIN,FALSE,m11,densityIDldimin,9770
58,264,19771,M11DENIDCDMAX,FALSE,m11,densityIDcdmax,9771
58,265,19772,M11DENIDCDMIN,FALSE,m11,densityIDcdmin,9772
58,305,12339,M11TSDRACTIVEFUTID,FALSE,m11,TSDRActiveFUTID,2339
58,306,50615,M11TSDRACTIVESPACEID,FALSE,m11,TSDRActiveSpace,40615
58,311,65175,M11TSDRMARK,FALSE,m11,TSDRmark,55175
58,317,49742,M11TSDRACTIVEE,FALSE,m11,TSDRActiveE,39742
58,333,30323,M11TSDRACTIVECDID,FALSE,m11,TSDRActiveCDID,20323
58,349,49734,M11TSDRACTIVECPID,FALSE,m11,TSDRActiveCPID,39734
58,378,14153,M11TSDRMARK2,FALSE,m11,TSDRmark2,4153
58,379,14185,M11TSDRMARK3,FALSE,m11,TSDRmark3,4185
58,408,13662,M11NOFDR,FALSE,m11,noFDR,3662
58,416,33206,M11NOBEARDID,FALSE,m11,noBeardID,23206
58,456,14127,M11TSDRACTIVES,FALSE,m11,TSDRActiveS,4127
58,458,54175,M11TSDRACTIVEFUT2ID,FALSE,m11,TSDRActiveFUT2ID,44175
58,509,33908,M11TESTCHIPROUTEID,FALSE,m11,testChipRouteID,23908
58,520,56965,M11VLO,FALSE,m11,vlo,46965
58,521,56976,M11VHI,FALSE,m11,vhi,46976
58,522,57010,M11VLOFC,FALSE,m11,vlofc,47010
58,523,56999,M11VHIFC,FALSE,m11,vhifc,46999
58,657,59877,M11DELTAV_M,FALSE,m11,DeltaV_m,49877
58,658,59878,M11DELTAV,FALSE,m11,DeltaV,49878
58,659,59879,M11DELTAVFC_M,FALSE,m11,DeltaVfc_m,49879
58,660,59880,M11DELTAVFC,FALSE,m11,DeltaVfc,49880
58,671,15031,M11VLIMIT,FALSE,m11,vlimit,5031
61,0,14256,V12DRAWN,FALSE,v12,drawing,4256
61,1,14257,V12KOR,FALSE,v12,blockage,4257
61,2,31608,V12PORT,FALSE,v12,pin,21608
61,51,16506,V12KGA,FALSE,v12,keepGenAway,6506
61,58,16936,V12ALLOWOTC,FALSE,v12,allowOTC,6936
61,68,18135,V12LITHOFILLID,FALSE,v12,lithoFillerID,8135
61,93,17001,V12FILLKOR,FALSE,v12,fillBlockage,7001
61,250,14267,V12DUMMYFILL,FALSE,v12,fill,4267
61,252,16244,V12TRFILL,FALSE,v12,trFill,6244
61,253,17651,V12THERMALFILL,FALSE,v12,thermalFill,7651
61,254,12878,V12THERMALFILL2,FALSE,v12,thermalFill2,2878
61,260,19957,V12DENIDLDMAX,FALSE,v12,densityIDldmax,9957
61,261,19958,V12DENIDLDMIN,FALSE,v12,densityIDldmin,9958
61,262,19959,V12DENIDLDIMAX,FALSE,v12,densityIDldimax,9959
61,263,19960,V12DENIDLDIMIN,FALSE,v12,densityIDldimin,9960
61,264,19961,V12DENIDCDMAX,FALSE,v12,densityIDcdmax,9961
61,265,19962,V12DENIDCDMIN,FALSE,v12,densityIDcdmin,9962
61,311,65188,V12TSDRMARK,FALSE,v12,TSDRmark,55188
61,327,16607,V12TSDRWING,FALSE,v12,TSDRWingID,6607
61,328,16507,V12TSDRNOWING,FALSE,v12,TSDRNoWingID,6507
61,333,38238,V12TSDRACTIVECDID,FALSE,v12,TSDRActiveCDID,28238
61,372,38245,V12TSDRACTIVEMISREGID,FALSE,v12,TSDRActiveMisregID,28245
61,375,54398,V12TSDRACTIVEMETALENCLOSEID,FALSE,v12,TSDRActiveMetalEncloseID,44398
62,0,14268,M12DRAWN,FALSE,m12,drawing,4268
62,1,14269,M12KOR,FALSE,m12,blockage,4269
62,2,14270,M12PORT,FALSE,m12,pin,4270
62,4,14272,M12RESID,FALSE,m12,resID,4272
62,21,17859,M12CRITICALID,FALSE,m12,critical,7859
62,51,14278,M12KGA,FALSE,m12,keepGenAway,4278
62,58,16912,M12ALLOWOTC,FALSE,m12,allowOTC,6912
62,68,18136,M12LITHOFILLID,FALSE,m12,lithoFillerID,8136
62,93,17002,M12FILLKOR,FALSE,m12,fillBlockage,7002
62,141,12106,M12VLOLIB,FALSE,m12,vlolib,2106
62,142,12107,M12VHILIB,FALSE,m12,vhilib,2107
62,143,12108,M12DELTAVLIB,FALSE,m12,DeltaVlib,2108
62,144,12109,M12DELTAVLIB_M,FALSE,m12,DeltaVlib_m,2109
62,239,18008,M12RCSTOP,FALSE,m12,rcStop,8008
62,240,19010,M12RCSTART,FALSE,m12,rcStart,9010
62,250,14281,M12DUMMYFILL,FALSE,m12,fill,4281
62,252,16610,M12TRFILL,FALSE,m12,trFill,6610
62,253,17652,M12THERMALFILL,FALSE,m12,thermalFill,7652
62,254,12865,M12THERMALFILL2,FALSE,m12,thermalFill2,2865
62,260,19777,M12DENIDLDMAX,FALSE,m12,densityIDldmax,9777
62,261,19778,M12DENIDLDMIN,FALSE,m12,densityIDldmin,9778
62,262,19779,M12DENIDLDIMAX,FALSE,m12,densityIDldimax,9779
62,263,19780,M12DENIDLDIMIN,FALSE,m12,densityIDldimin,9780
62,264,19781,M12DENIDCDMAX,FALSE,m12,densityIDcdmax,9781
62,265,19782,M12DENIDCDMIN,FALSE,m12,densityIDcdmin,9782
62,305,16536,M12TSDRACTIVEFUTID,FALSE,m12,TSDRActiveFUTID,6536
62,306,50614,M12TSDRACTIVESPACEID,FALSE,m12,TSDRActiveSpace,40614
62,311,65174,M12TSDRMARK,FALSE,m12,TSDRmark,55174
62,317,49743,M12TSDRACTIVEE,FALSE,m12,TSDRActiveE,39743
62,333,30325,M12TSDRACTIVECDID,FALSE,m12,TSDRActiveCDID,20325
62,349,49733,M12TSDRACTIVECPID,FALSE,m12,TSDRActiveCPID,39733
62,378,14152,M12TSDRMARK2,FALSE,m12,TSDRmark2,4152
62,379,14184,M12TSDRMARK3,FALSE,m12,TSDRmark3,4184
62,408,16561,M12NOFDR,FALSE,m12,noFDR,6561
62,416,33207,M12NOBEARDID,FALSE,m12,noBeardID,23207
62,456,14126,M12TSDRACTIVES,FALSE,m12,TSDRActiveS,4126
62,458,54176,M12TSDRACTIVEFUT2ID,FALSE,m12,TSDRActiveFUT2ID,44176
62,509,33907,M12TESTCHIPROUTEID,FALSE,m12,testChipRouteID,23907
62,520,56966,M12VLO,FALSE,m12,vlo,46966
62,521,56975,M12VHI,FALSE,m12,vhi,46975
62,522,57009,M12VLOFC,FALSE,m12,vlofc,47009
62,523,57000,M12VHIFC,FALSE,m12,vhifc,47000
62,657,59885,M12DELTAV_M,FALSE,m12,DeltaV_m,49885
62,658,59886,M12DELTAV,FALSE,m12,DeltaV,49886
62,659,59887,M12DELTAVFC_M,FALSE,m12,DeltaVfc_m,49887
62,660,59888,M12DELTAVFC,FALSE,m12,DeltaVfc,49888
62,671,15032,M12VLIMIT,FALSE,m12,vlimit,5032
63,63,21332,IPVSIATAG,FALSE,IP,drawing,11332
65,0,11764,GLKDRAWN,FALSE,glk,drawing,1764
65,250,11765,GLKDUMMYFILL,FALSE,glk,fill,1765
66,0,11713,CTCNDRAWN,FALSE,ctcn,drawing,1713
66,1,11767,CTCNKOR,FALSE,ctcn,blockage,1767
66,250,11742,CTCNDUMMYFILL,FALSE,ctcn,fill,1742
67,0,17263,V3DRAWN,FALSE,v3,drawing,7263
67,1,17264,V3KOR,FALSE,v3,blockage,7264
67,2,31609,V3PORT,FALSE,v3,pin,21609
67,51,17277,V3KGA,FALSE,v3,keepGenAway,7277
67,58,17281,V3ALLOWOTC,FALSE,v3,allowOTC,7281
67,68,18140,V3LITHOFILLID,FALSE,v3,lithoFillerID,8140
67,93,17288,V3FILLKOR,FALSE,v3,fillBlockage,7288
67,250,17310,V3DUMMYFILL,FALSE,v3,fill,7310
67,252,17311,V3TRFILL,FALSE,v3,trFill,7311
67,253,17657,V3THERMALFILL,FALSE,v3,thermalFill,7657
67,254,12885,V3THERMALFILL2,FALSE,v3,thermalFill2,2885
67,260,19837,V3DENIDLDMAX,FALSE,v3,densityIDldmax,9837
67,261,19838,V3DENIDLDMIN,FALSE,v3,densityIDldmin,9838
67,262,19839,V3DENIDLDIMAX,FALSE,v3,densityIDldimax,9839
67,263,19840,V3DENIDLDIMIN,FALSE,v3,densityIDldimin,9840
67,264,19841,V3DENIDCDMAX,FALSE,v3,densityIDcdmax,9841
67,265,19842,V3DENIDCDMIN,FALSE,v3,densityIDcdmin,9842
67,311,65197,V3TSDRMARK,FALSE,v3,TSDRmark,55197
67,327,10996,V3TSDRWING,FALSE,v3,TSDRWingID,996
67,328,10997,V3TSDRNOWING,FALSE,v3,TSDRNoWingID,997
67,333,30286,V3TSDRACTIVECDID,FALSE,v3,TSDRActiveCDID,20286
67,372,30287,V3TSDRACTIVEMISREGID,FALSE,v3,TSDRActiveMisregID,20287
67,375,54389,V3TSDRACTIVEMETALENCLOSEID,FALSE,v3,TSDRActiveMetalEncloseID,44389
67,416,31915,V3NOBEARDID,FALSE,v3,noBeardID,21915
71,0,48897,VCPDRAWN,FALSE,vcp,drawing,38897
71,1,48896,VCPKOR,FALSE,vcp,blockage,38896
71,2,48898,VCPPORT,FALSE,vcp,pin,38898
71,51,48914,VCPKGA,FALSE,vcp,keepGenAway,38914
71,55,49767,VCPOPTIONID,FALSE,vcp,optionID,39767
71,68,48918,VCPLITHOFILLID,FALSE,vcp,lithoFillerID,38918
71,93,48895,VCPFILLKOR,FALSE,vcp,fillBlockage,38895
71,191,48900,VCP_DRWAIVERID1,FALSE,vcp,drWaiver1,38900
71,192,48899,VCP_DRWAIVERID2,FALSE,vcp,drWaiver2,38899
71,193,48903,VCP_DRWAIVERID3,FALSE,vcp,drWaiver3,38903
71,194,48902,VCP_DRWAIVERID4,FALSE,vcp,drWaiver4,38902
71,195,48901,VCP_DRWAIVERID5,FALSE,vcp,drWaiver5,38901
71,250,48893,VCPDUMMYFILL,FALSE,vcp,fill,38893
71,252,48916,VCPTRFILL,FALSE,vcp,trFill,38916
71,260,48909,VCPDENIDLDMAX,FALSE,vcp,densityIDldmax,38909
71,261,48908,VCPDENIDLDMIN,FALSE,vcp,densityIDldmin,38908
71,262,48907,VCPDENIDLDIMAX,FALSE,vcp,densityIDldimax,38907
71,263,48904,VCPDENIDLDIMIN,FALSE,vcp,densityIDldimin,38904
71,264,48906,VCPDENIDCDMAX,FALSE,vcp,densityIDcdmax,38906
71,265,48905,VCPDENIDCDMIN,FALSE,vcp,densityIDcdmin,38905
77,0,17125,CE3DRAWN,FALSE,ce3,drawing,7125
77,1,17135,CE3KOR,FALSE,ce3,blockage,7135
77,2,17143,CE3PORT,FALSE,ce3,pin,7143
77,3,17145,CE3ZONE,FALSE,ce3,zone,7145
77,10,17146,CE3CAPID,FALSE,ce3,capID,7146
77,51,17148,CE3KGA,FALSE,ce3,keepGenAway,7148
77,58,17153,CE3ALLOWOTC,FALSE,ce3,allowOTC,7153
77,61,17161,CE3HOLE,FALSE,ce3,hole,7161
77,68,17162,CE3LITHOFILLID,FALSE,ce3,lithoFillerID,7162
77,88,17164,CE3GROUNDID,FALSE,ce3,groundID,7164
77,89,17166,CE3POWERID,FALSE,ce3,powerID,7166
77,93,17167,CE3FILLKOR,FALSE,ce3,fillBlockage,7167
77,239,17168,CE3RCSTOP,FALSE,ce3,rcStop,7168
77,240,17169,CE3RCSTART,FALSE,ce3,rcStart,7169
77,250,17173,CE3DUMMYFILL,FALSE,ce3,fill,7173
77,252,17174,CE3TRFILL,FALSE,ce3,trFill,7174
77,260,17175,CE3DENIDLDMAX,FALSE,ce3,densityIDldmax,7175
77,261,17176,CE3DENIDLDMIN,FALSE,ce3,densityIDldmin,7176
77,262,17197,CE3DENIDLDIMAX,FALSE,ce3,densityIDldimax,7197
77,263,17203,CE3DENIDLDIMIN,FALSE,ce3,densityIDldimin,7203
77,264,17209,CE3DENIDCDMAX,FALSE,ce3,densityIDcdmax,7209
77,265,17211,CE3DENIDCDMIN,FALSE,ce3,densityIDcdmin,7211
77,275,17215,CE3DROPID,FALSE,ce3,dropID,7215
81,1,10175,ACTCAP_ID,FALSE,gatecap,id,175
81,3,63376,VARACTOR165HREGIONID,FALSE,varactor165hRegion,id,53376
81,8,17069,FSBLANKID,FALSE,ID,fsblank,7069
81,13,10130,DIODEID,FALSE,diode,id,130
81,16,17070,TSBLANKID,FALSE,ID,tsblank,7070
81,17,14921,BGDIODE_ID,FALSE,bgdiode,id,4921
81,19,54550,NOEPIID,FALSE,ID,noEpi,44550
81,20,17071,TSC4BLANKID,FALSE,ID,tsc4blank,7071
81,22,17072,SPMBLANKID,FALSE,ID,spmblank,7072
81,23,17073,EREXTBLANKID,FALSE,ID,erextblank,7073
81,26,16184,CDCELLID,FALSE,cdcell,id,6184
81,28,10033,ETCHRINGID,FALSE,etchring,id,33
81,29,10221,EOA,FALSE,edgeofactive,drawing,221
81,30,17074,SFIXBLANKHID,FALSE,ID,sfixblankh,7074
81,38,12989,SLIA5,FALSE,sliA5,APRannotation,2989
81,39,12990,SLIA0,FALSE,sliA0,APRannotation,2990
81,40,10028,SLIA1,FALSE,sliA1,APRannotation,28
81,41,10029,SLIA2,FALSE,sliA2,APRannotation,29
81,42,12991,SLIA3,FALSE,sliA3,APRannotation,2991
81,43,12992,SLIA4,FALSE,sliA4,APRannotation,2992
81,44,12993,SLIE0,FALSE,sliE0,APRannotation,2993
81,45,10049,SLIE1,FALSE,sliE1,APRannotation,49
81,46,10048,SLIE2,FALSE,sliE2,APRannotation,48
81,47,10027,SLIE3,FALSE,sliE3,APRannotation,27
81,49,12994,SLIE4,FALSE,sliE4,APRannotation,2994
81,50,10097,FRAMEDEVICESEAT,FALSE,ID,frameDeviceSeat,97
81,53,17075,SFIXBLANKVID,FALSE,ID,sfixblankv,7075
81,54,10247,BLACKBORDERBLANKID,FALSE,ID,blackborderblank,247
81,55,17076,OUTERTSBLANKID,FALSE,ID,outertsblank,7076
81,57,17077,ALLTSBLANKID,FALSE,ID,alltsblank,7077
81,59,17078,ALLFSBLANKID,FALSE,ID,allfsblank,7078
81,60,17079,ALLFWINBLANKID,FALSE,ID,allfwinblank,7079
81,61,11154,MEHOLE,FALSE,ID,hole,1154
81,62,17080,VALIDATEBLANKID,FALSE,ID,validateblank,7080
81,64,16630,FSOLDIC1ORIGIN,FALSE,fsolDIC1,origin,6630
81,65,16631,CDCELLORIGIN,FALSE,cdcell,origin,6631
81,67,17081,MISCBLANK1ID,FALSE,ID,miscblank1,7081
81,69,60520,FRAMESEAM,FALSE,ID,frameseam,50520
81,71,17082,MISCBLANK2ID,FALSE,ID,miscblank2,7082
81,72,17083,MISCBLANK3ID,FALSE,ID,miscblank3,7083
81,73,17084,MISCBLANK4ID,FALSE,ID,miscblank4,7084
81,74,17085,MISCBLANK5ID,FALSE,ID,miscblank5,7085
81,77,11888,FSOLDIC1BOUNDARY,FALSE,fsolDIC1,boundary,1888
81,92,24334,FRAMECHROME,FALSE,ID,frameChrome,14334
81,99,19092,SLIA6,FALSE,sliA6,APRannotation,9092
81,105,19093,SLIA7,FALSE,sliA7,APRannotation,9093
81,109,10822,ER_LOCK_ID,FALSE,etchringLock,id,822
81,115,10670,LVS_DUMMYGATE,FALSE,lvsDummy,id,670
81,120,10583,GUARDRING_ID,FALSE,guardring,id,583
81,126,19094,SLIA8,FALSE,sliA8,APRannotation,9094
81,127,19095,SLIA9,FALSE,sliA9,APRannotation,9095
81,128,19096,SLIE5,FALSE,sliE5,APRannotation,9096
81,129,10429,VRACTORID1,FALSE,varactor,id1,429
81,130,19097,SLIE6,FALSE,sliE6,APRannotation,9097
81,136,19098,SLIE7,FALSE,sliE7,APRannotation,9098
81,152,19099,SLIE8,FALSE,sliE8,APRannotation,9099
81,154,19100,SLIE9,FALSE,sliE9,APRannotation,9100
81,160,11206,IDPRS,FALSE,ID,prs,1206
81,169,10645,VRACTORID,FALSE,varactor,id,645
81,171,33425,QTFM45TO48PPID,FALSE,ID,qtfm45To48pp,23425
81,172,33426,QTFMOSWSID,FALSE,ID,qtfmOSWS,23426
81,176,10170,GUARDRINGSKEW1,FALSE,guardring,skew1,170
81,177,10171,GUARDRINGSKEW2,FALSE,guardring,skew2,171
81,178,10173,GUARDRINGSKEW3,FALSE,guardring,skew3,173
81,179,10174,GUARDRINGSKEW4,FALSE,guardring,skew4,174
81,180,10688,BGDIODE_1XID,FALSE,bgdiode1x,id,688
81,193,13471,DEVTYPEA_ID,FALSE,devTypeA,id,3471
81,194,13472,DEVTYPEB_ID,FALSE,devTypeB,id,3472
81,195,13470,DEVTYPEC_ID,FALSE,devTypeC,id,3470
81,198,13539,DEVTYPED_ID,FALSE,devTypeD,id,3539
81,199,10459,IDRTYPEAID,FALSE,idrTypeL,id,459
81,209,10466,IDRTYPEBID,FALSE,idrTypeHNA,id,466
81,210,10480,IDRTYPECID,FALSE,idrTypeS,id,480
81,220,11631,FRAMEMFZCENTER,FALSE,ID,frameMFZCenter,1631
81,223,11633,BLACKBORDERTSB,FALSE,ID,blackbordertsb,1633
81,224,11634,BLACKBORDERFS,FALSE,ID,blackborderfs,1634
81,239,11899,MODELTYPE_A,FALSE,modeltype_a,id,1899
81,256,21495,SLIEM0CLR1,FALSE,sliEM0Color1,APRannotation,11495
81,257,21496,SLIEM0CLR2,FALSE,sliEM0Color2,APRannotation,11496
81,259,21498,SLIEM1,FALSE,sliEM1,APRannotation,11498
81,260,21499,SLIEM2CLR1,FALSE,sliEM2Color1,APRannotation,11499
81,261,21500,SLIEM2CLR2,FALSE,sliEM2Color2,APRannotation,11500
81,269,38197,MINDUCTORID,FALSE,metal,inductorID,28197
81,272,12040,PGR_TEMPLATEID,FALSE,pgr_template,id,2040
81,299,10320,ILWAIVERID,FALSE,ilWaiver,id,320
81,301,13106,IDACORE1_ID,FALSE,IDACore1,id,3106
81,302,13107,IDACORE2_ID,FALSE,IDACore2,id,3107
81,303,13108,IDACORE3_ID,FALSE,IDACore3,id,3108
81,304,13109,IDACORE4_ID,FALSE,IDACore4,id,3109
81,305,11778,PGRID,FALSE,pgr,id,1778
81,306,13110,IDA1ORIGIN,FALSE,IDA1,origin,3110
81,318,13111,IDA1BOUNDARY,FALSE,IDA1,boundary,3111
81,319,13112,IDA2ORIGIN,FALSE,IDA2,origin,3112
81,323,29222,CDCELLFRAMEID,FALSE,cdcellFrame,id,19222
81,324,29416,CDCELLFRAMEORIGIN,FALSE,cdcellFrame,origin,19416
81,326,13113,IDA2BOUNDARY,FALSE,IDA2,boundary,3113
81,327,13114,IDA3ORIGIN,FALSE,IDA3,origin,3114
81,328,13115,IDA3BOUNDARY,FALSE,IDA3,boundary,3115
81,329,13116,IDA4ORIGIN,FALSE,IDA4,origin,3116
81,332,13117,IDA4BOUNDARY,FALSE,IDA4,boundary,3117
81,344,33195,EMGUARDRING,FALSE,emguardring,id,23195
81,348,33383,FRAMECHROMEEUV,FALSE,ID,frameChromeEUV,23383
81,349,33384,FRAMECHROMEEPSM4FLE,FALSE,ID,frameChromeEPSM4FLE,23384
81,350,33385,FRAMECHROMEEPSM4,FALSE,ID,frameChromeEPSM4,23385
81,354,13105,IDRTYPES_CELL,FALSE,idrTypeS,celltypeid,3105
81,356,36417,NOLDFM_EHVID,FALSE,noldfmEhv,id,26417
81,358,63096,NOLDFM_HVID,FALSE,noldfmHv,id,53096
81,366,12325,CDCFALSESBID,FALSE,ID,cdcFalseSB,2325
81,367,12326,CDCTRUESBID,FALSE,ID,cdcTrueSB,2326
81,374,30895,FSOLDIC1CELLID,FALSE,fsolDIC1,cellid,20895
81,376,30898,FSOLDIC2ORIGIN,FALSE,fsolDIC2,origin,20898
81,377,30899,FSOLDIC2BOUNDARY,FALSE,fsolDIC2,boundary,20899
81,378,30896,FSOLDIC2CELLID,FALSE,fsolDIC2,cellid,20896
81,379,30900,FSOLCORE1ID,FALSE,fsolCore1,id,20900
81,380,30901,FSOLCORE2ID,FALSE,fsolCore2,id,20901
81,389,30902,CDCELLCELLID,FALSE,cdcell,cellid,20902
81,395,49682,ER_PRD_C_ID,FALSE,erPrdC,id,39682
81,396,49683,ER_PRD_OGD_D_ID,FALSE,erPrdOgdD,id,39683
81,397,49684,ER_PRD_OGD_S_ID,FALSE,erPrdOgdS,id,39684
81,398,49685,ER_PRD_PGD_D_ID,FALSE,erPrdPgdD,id,39685
81,400,22817,FDRID,FALSE,ID,FDR,12817
81,401,22818,LDRID,FALSE,ID,LDR,12818
81,402,22819,FLEXPOLARITY,FALSE,ID,flexPolarity,12819
81,403,22820,FRAMECONSTKOR,FALSE,ID,FrameConstructBlock,12820
81,404,32174,CDSKEWID,FALSE,ID,cdskew,22174
81,405,32175,REGSKEWID,FALSE,ID,regskew,22175
81,406,32176,VSKEWID,FALSE,ID,viaskew,22176
81,407,32177,DOEID,FALSE,ID,doe,22177
81,411,49686,EDM_PGD_IO_ID,FALSE,edmPgdIo,id,39686
81,412,49687,EDM_OGD_IO_ID,FALSE,edmOgdIo,id,39687
81,413,49688,EDM_OGD_SC_ID,FALSE,edmOgdSc,id,39688
81,414,49689,EDM_OGD_F_ID,FALSE,edmOgdF,id,39689
81,419,10751,FRAMECHROMEREMOVEDTS,FALSE,ID,frameChromeRemovedTrueScribe,751
81,420,10750,FRAMECHROMEREMOVEDFS,FALSE,ID,frameChromeRemovedFalseScribe,750
81,425,54253,CDCHORZTRUESB,FALSE,ID,cdcHorzTrueSB,44253
81,426,49690,EDM_PGD_SC_ID,FALSE,edmPgdSc,id,39690
81,427,49691,EDM_PGD_F_ID,FALSE,edmPgdF,id,39691
81,428,49692,EDM_C_ID,FALSE,edmC,id,39692
81,429,49693,PRS_H_ID,FALSE,prsH,id,39693
81,430,49694,PRS_U_ID,FALSE,prsU,id,39694
81,431,49699,EMGR_C_ID,FALSE,emgrC,id,39699
81,432,49698,EMGR_OGD_F_ID,FALSE,emgrOgdF,id,39698
81,433,49697,EMGR_PGD_F_ID,FALSE,emgrPgdF,id,39697
81,464,54995,EMGR_ZIP_ID,FALSE,emgrZip,id,44995
81,478,55799,ODIFFID,FALSE,ID,odiff,45799
81,479,17240,FRAMEFBEKEEPOUTID,FALSE,ID,frameFBEkeepout,7240
81,481,17241,FRAMEFBEALLOWID,FALSE,ID,frameFBEallow,7241
81,490,55441,DVBREFID,FALSE,cellRef,id,45441
81,509,34513,RF_RRREFID,FALSE,rfRrref,id,24513
81,510,34514,RF_RWREFID,FALSE,rfRwref,id,24514
81,511,34515,RF_WWREFID,FALSE,rfWwref,id,24515
81,512,10445,NDIFFCENTERID,FALSE,ndiffCenter,id,445
81,513,10446,PDIFFCENTERID,FALSE,pdiffCenter,id,446
81,514,10447,SRAMPPREFID,FALSE,SRAMppRef,id,447
81,515,10448,SRAMNNREFID,FALSE,SRAMnnRef,id,448
81,516,34948,TSTCELLID,FALSE,tstcell,id,24948
81,520,10431,MFC_2TEHVID,FALSE,mfc_2tehv,id,431
81,521,10417,MFC_2TNVID,FALSE,mfc_2tnv,id,417
81,522,34739,ETCHRING_GND_TIEIN,FALSE,etchringGndTiein,id,24739
81,526,10532,RESDID,FALSE,resd,id,532
81,527,15818,ETCHRING_GND_PRONGCELL,FALSE,etchringGndProngcell,id,5818
81,528,59230,VOLTAGECONTRASTID,FALSE,voltageContrast,id,49230
81,529,10394,MFC_3TEHVID,FALSE,mfc_3tehv,id,394
81,530,10393,MFC_3TNVID,FALSE,mfc_3tnv,id,393
81,531,11504,DCP_HVID,FALSE,dcp_hv,id,1504
81,534,34493,HRS_ID,FALSE,hrs,id,24493
81,535,59587,HRS_KEY_ID,FALSE,hrsKey,id,49587
81,536,59586,HRS_HOLE_ID,FALSE,hrsHole,id,49586
81,537,30914,FSOLCORE3ID,FALSE,fsolCore3,id,20914
81,539,30991,FSOLDIC3ORIGIN,FALSE,fsolDIC3,origin,20991
81,540,30925,FSOLDIC3BOUNDARY,FALSE,fsolDIC3,boundary,20925
81,541,30922,FSOLDIC3CELLID,FALSE,fsolDIC3,cellid,20922
81,544,10879,SRAMNPREFID,FALSE,SRAMnpRef,id,879
81,548,10989,DCP_NVID,FALSE,dcp_nv,id,989
81,549,12285,EDM_PGD_DIC_ID,FALSE,edmPgdDic,id,2285
81,550,12286,EDM_OGD_DIC_ID,FALSE,edmOgdDic,id,2286
81,560,50001,B165H_44PPBASEREGIONID,FALSE,b165h_44ppBaseRegion,id,40001
81,561,10885,TICSKEWAID,FALSE,ticSkewA,id,885
81,562,10985,TICSKEWBID,FALSE,ticSkewB,id,985
81,563,12810,TICSKEWCID,FALSE,ticSkewC,id,2810
81,566,17784,DSAMETROID,FALSE,ID,dsaMetro,7784
81,567,50007,B330H_44PPBASEREGIONID,FALSE,b330h_44ppBaseRegion,id,40007
81,572,21680,IDP252WIDEDPR,FALSE,ID,p252WideDPR,11680
81,575,25636,ZIPPERID,FALSE,zipper,id,15636
81,576,25637,ZIPPER_INACTIVEID,FALSE,zipper_inactive,id,15637
81,577,25638,CORE_ZIPID,FALSE,core_zip,id,15638
81,578,25639,EDMZIPID,FALSE,edmZip,id,15639
81,579,25640,ERZIPID,FALSE,erZip,id,15640
81,580,25641,QTFMNONLYID,FALSE,ID,qtfm_ponly,15641
81,581,25642,QTFMPONLYID,FALSE,ID,qtfm_nonly,15642
81,597,26340,MXVX_TICWAIVERID,FALSE,mxvxTicwaiver,id,16340
81,598,26341,SRSID,FALSE,srs,id,16341
81,612,54730,TICSKEWGID,FALSE,ticSkewG,id,44730
81,615,26556,DEVTYPEE_ID,FALSE,devTypeE,id,16556
81,618,27130,SFIXBLANKHBOTTOM,FALSE,ID,sfixblankhbottom,17130
81,619,27131,SFIXBLANKVRIGHT,FALSE,ID,sfixblankvright,17131
81,623,27850,SRS_OCTAGON_ID,FALSE,srsOctagon,id,17850
81,624,29644,SRS_SQUARE_ID,FALSE,srsSquare,id,19644
81,625,32135,ZIPID,FALSE,zip,id,22135
81,634,34945,FRAMEMFZ,FALSE,ID,frameMFZ,24945
81,636,12835,TICSKEWEID,FALSE,ticSkewE,id,2835
81,637,12830,TICSKEWDID,FALSE,ticSkewD,id,2830
81,639,35438,IDRCORE1ID,FALSE,IDRCore1,id,25438
81,640,62873,IDR1ORIGIN,FALSE,IDR1,origin,52873
81,641,35249,IDR1BOUNDARY,FALSE,IDR1,boundary,25249
81,642,35681,IDRCORE2ID,FALSE,IDRCore2,id,25681
81,643,62874,IDR2ORIGIN,FALSE,IDR2,origin,52874
81,644,35424,IDR2BOUNDARY,FALSE,IDR2,boundary,25424
81,645,62872,IDRCORE3ID,FALSE,IDRCore3,id,52872
81,646,62875,IDR3ORIGIN,FALSE,IDR3,origin,52875
81,647,35437,IDR3BOUNDARY,FALSE,IDR3,boundary,25437
81,652,36539,VOLTAGECONTRASTID0,FALSE,voltageContrast,id0,26539
81,653,36540,VOLTAGECONTRASTID1,FALSE,voltageContrast,id1,26540
81,654,36541,VOLTAGECONTRASTID2,FALSE,voltageContrast,id2,26541
81,655,36542,VOLTAGECONTRASTID3,FALSE,voltageContrast,id3,26542
81,656,36543,VOLTAGECONTRASTID4,FALSE,voltageContrast,id4,26543
81,657,36544,VOLTAGECONTRASTID5,FALSE,voltageContrast,id5,26544
81,658,36545,VOLTAGECONTRASTID6,FALSE,voltageContrast,id6,26545
81,659,36546,VOLTAGECONTRASTID7,FALSE,voltageContrast,id7,26546
81,660,36599,VOLTAGECONTRASTID8,FALSE,voltageContrast,id8,26599
81,661,36600,VOLTAGECONTRASTID9,FALSE,voltageContrast,id9,26600
81,663,54484,IDR4BOUNDARY,FALSE,IDR4,boundary,44484
81,667,54489,IDR5ORIGIN,FALSE,IDR5,origin,44489
81,668,54491,IDR6BOUNDARY,FALSE,IDR6,boundary,44491
81,669,54495,IDR4ORIGIN,FALSE,IDR4,origin,44495
81,670,54504,IDR5BOUNDARY,FALSE,IDR5,boundary,44504
81,671,54505,IDR6ORIGIN,FALSE,IDR6,origin,44505
81,672,54506,IDRCORE4ID,FALSE,IDRCore4,id,44506
81,673,54511,IDRCORE5ID,FALSE,IDRCore5,id,44511
81,674,54513,IDRCORE6ID,FALSE,IDRCore6,id,44513
81,675,54514,TICSKEWFID,FALSE,ticSkewF,id,44514
81,678,36966,FRAMEMFZETCHID,FALSE,ID,frameMFZetch,26966
81,680,21990,TICSKEWHID,FALSE,ticSkewH,id,11990
81,681,21991,TICSKEWIID,FALSE,ticSkewI,id,11991
81,682,36967,FDR2ID,FALSE,ID,FDR2,26967
81,691,63095,MFC_3THVID,FALSE,mfc_3thv,id,53095
81,692,63094,MFC_2THVID,FALSE,mfc_2thv,id,53094
81,694,54361,POLYLINKID,FALSE,POLYLink,id,44361
81,698,10594,ZIP_ORIGIN,FALSE,zip,origin,594
81,699,17883,ETCHRING_MFZID,FALSE,etchringMfz,id,7883
81,700,63368,P240WIDEDPIID,FALSE,ID,p240WideDPI,53368
81,702,14201,HINASTITCHBLANKID,FALSE,ID,HINAstitchblank,4201
81,704,50006,B110H_44PPBASEREGIONID,FALSE,b110h_44ppBaseRegion,id,40006
81,705,50005,B132H_44PPBASEREGIONID,FALSE,b132h_44ppBaseRegion,id,40005
81,706,11770,BASETRANSITIONID,FALSE,basetransition,id,1770
81,708,60348,HALO110ID,FALSE,halo110,id,50348
81,709,60347,HALO132ID,FALSE,halo132,id,50347
81,710,60344,HALO165ID,FALSE,halo165,id,50344
81,720,60292,HALF_FTIID,FALSE,half_fti,id,50292
81,731,60343,REMAINDER55ID,FALSE,remainder55,id,50343
81,732,60342,REMAINDER77ID,FALSE,remainder77,id,50342
81,733,60269,DEVTYPEF_ID,FALSE,devTypeF,id,50269
81,734,60268,DEVTYPEG_ID,FALSE,devTypeG,id,50268
81,735,60237,B165HTURBOBALANCEDTRANSITIONID,FALSE,b165hTurboOph,transitionID,50237
81,736,60254,B165HTURBOBALANCEDID,FALSE,b165hTurboOph,id,50254
81,737,60261,B132HTURBOBALANCEDTRANSITIONID,FALSE,b132hTurboBalanced,transitionID,50261
81,738,60266,B132HTURBOBALANCEDID,FALSE,b132hTurboBalanced,id,50266
81,739,60340,REMAINDER88ID,FALSE,remainder88,id,50340
81,740,60273,B132HTURBOOPHID,FALSE,b132hTurboOph,id,50273
81,743,60278,B110HTURBOBALANCEDID,FALSE,b110hTurboBalanced,id,50278
81,744,60287,B110HTURBOMAXID,FALSE,b110hTurboMax,id,50287
81,745,60308,B132HTURBOOPHTRANSITIONID,FALSE,b132hTurboOph,transitionID,50308
81,746,60311,B110HTURBOBALANCEDTRANSITIONID,FALSE,b110hTurboBalanced,transitionID,50311
81,748,54255,CDCVERTTRUESB,FALSE,ID,cdcVertTrueSB,44255
81,749,54256,CDCHORZFALSESB,FALSE,ID,cdcHorzFalseSB,44256
81,750,54315,ZIPPEROGDID,FALSE,ZipperOGD,id,44315
81,751,54316,ZIPPERPGDID,FALSE,ZipperPGD,id,44316
81,752,54317,ZIPZAGCENTERID,FALSE,ZipZagCenter,id,44317
81,753,54318,ZIPZAGEXTENTID,FALSE,ZipZagExtent,id,44318
81,754,55551,BU_ZIPID,FALSE,buZip,id,45551
81,755,54254,CDCVERTFALSESB,FALSE,ID,cdcVertFalseSB,44254
81,756,54257,CDCEOWBLANK,FALSE,ID,cdceowblank,44257
81,757,60328,B110HTURBOMAXTRANSITIONID,FALSE,b110hTurboMax,transitionID,50328
81,758,60234,PIDTAPID,FALSE,pid,tapID,50234
81,759,60274,ISO_INVERTERID,FALSE,iso_inverter,id,50274
81,774,60335,REMAINDER99ID,FALSE,remainder99,id,50335
81,775,60270,BASEFILLID,FALSE,basefill,id,50270
81,776,11771,DIODEWIDEID,FALSE,diodeWide,id,1771
81,777,11766,EPIBLOCKID,FALSE,epiblock,id,1766
81,778,60667,TICSKEWRBID,FALSE,ticSkewRB,id,50667
82,17,63197,CONSTRTEMPLATEID,FALSE,constrTemplate,id,53197
82,22,10069,BITCELLSRAMID,FALSE,bitcell,sramID,69
82,65,10250,RFREGIONTRACKER1,FALSE,rfRegion,tracker1,250
82,66,10253,RFREGIONTRACKER2,FALSE,rfRegion,tracker2,253
82,67,10254,RFREGIONTRACKER3,FALSE,rfRegion,tracker3,254
82,68,54998,TFRDAC_TEMPLATEID,FALSE,tfrdac_template,id,44998
82,69,54997,TFR_TEMPLATEID,FALSE,tfr_template,id,44997
82,78,17363,FUSEID,FALSE,fuse,id,7363
82,101,18681,EDMID,FALSE,edm,id,8681
82,102,18682,EDMCCID,FALSE,edmcc,id,8682
82,136,24603,HERMETICSEAL,FALSE,hermeticSeal,id,14603
82,189,28727,BHCC1REGIONID,FALSE,bhcc1Region,id,18727
82,196,10903,B110HREGIONID,FALSE,b110hRegion,id,903
82,197,10904,B132HREGIONID,FALSE,b132hRegion,id,904
82,198,10905,B165HREGIONID,FALSE,b165hRegion,id,905
82,199,10906,P44REGIONID,FALSE,p44Region,id,906
82,200,28809,BHDC1REGIONID,FALSE,bhdc1Region,id,18809
82,209,26715,SRAMPASSGATEID,FALSE,SRAM,passgate,16715
82,219,25356,REGFREADPORTID,FALSE,regf,readPort,15356
82,226,15185,DJNDEVTYPE,FALSE,DJN,devType,5185
82,227,15186,DJPDEVTYPE,FALSE,DJP,devType,5186
82,229,16401,DJNCPMID,FALSE,DJN,termID1,6401
82,230,16402,DJPCPMID,FALSE,DJP,termID1,6402
82,243,16611,BGDEMITTER,FALSE,BGDE,termID1,6611
82,245,16613,BGDBASE,FALSE,BGDB,termID1,6613
82,246,16958,DJNJUNCTION,FALSE,DJN,junct,6958
82,247,16959,DJPJUNCTION,FALSE,DJP,junct,6959
82,248,11739,ALTVTID,FALSE,ALTVT,id,1739
82,260,24564,DIFFDENIDLDMAX,FALSE,diff,densityIDldmax,14564
82,261,24565,DIFFDENIDLDMIN,FALSE,diff,densityIDldmin,14565
82,262,24566,DIFFDENIDLDIMAX,FALSE,diff,densityIDldimax,14566
82,263,24567,DIFFDENIDLDIMIN,FALSE,diff,densityIDldimin,14567
82,264,24568,DIFFDENIDCDMAX,FALSE,diff,densityIDcdmax,14568
82,265,24569,DIFFDENIDCDMIN,FALSE,diff,densityIDcdmin,14569
82,282,26711,TFRBODY,FALSE,tfrbody,id,16711
82,283,26712,TFRPROP,FALSE,tfrprop,id,16712
82,293,63011,LOGICCHPGDTRANSITIONID,FALSE,logicchRegion,PGDtransitionID,53011
82,294,63007,LOGICCHOGDTRANSITIONID,FALSE,logicchRegion,OGDtransitionID,53007
82,320,32119,RFREGIONID,FALSE,rfRegion,id,22119
82,353,36414,SRAMTRACKER1,FALSE,SRAM,tracker1,26414
82,354,36415,SRAMTRACKER2,FALSE,SRAM,tracker2,26415
82,355,36416,SRAMTRACKER3,FALSE,SRAM,tracker3,26416
82,356,36410,SRAMTRACKER4,FALSE,SRAM,tracker4,26410
82,362,58864,RFREGIONTRACKER4,FALSE,rfRegion,tracker4,48864
82,402,40124,EMHERMETICID,FALSE,emhermetic,id,30124
82,429,55006,MEMGAPID,FALSE,memGap,id,45006
82,430,54999,MEMGAPPGDTRANSITIONID,FALSE,memGap,PGDtransitionID,44999
82,470,33321,TICID,FALSE,tic,id,23321
82,479,30884,BHDC2REGIONID,FALSE,bhdc2Region,id,20884
82,480,30885,BHDC3REGIONID,FALSE,bhdc3Region,id,20885
82,483,30888,COLRF1REGIONID,FALSE,colrf1Region,id,20888
82,485,30889,COLHDC1REGIONID,FALSE,colhdc1Region,id,20889
82,487,30890,COLHCC1REGIONID,FALSE,colhcc1Region,id,20890
82,489,30887,BRF1REGIONID,FALSE,brf1Region,id,20887
82,490,30908,BRF2REGIONID,FALSE,brf2Region,id,20908
82,496,30927,EDM_FS_ID,FALSE,edmFs,id,20927
82,509,50425,COLHDC2REGIONID,FALSE,colhdc2Region,id,40425
82,513,50691,BHDC4REGIONID,FALSE,bhdc4Region,id,40691
82,516,31000,SRAMTSDRSKEW,FALSE,SRAM,TSDRSkew,21000
82,520,18994,DIERINGID,FALSE,diering,id,8994
82,531,51866,BHDC5REGIONID,FALSE,bhdc5Region,id,41866
82,534,51871,BHDC6REGIONID,FALSE,bhdc6Region,id,41871
82,603,55348,SRAMPULLDOWNID,FALSE,SRAM,pulldown,45348
82,604,55349,REGFWRITEPULLDOWNID,FALSE,regf,writepulldown,45349
82,605,55350,REGFWRITEPASSGATEID,FALSE,regf,writepassgate,45350
82,666,13495,SRAMOGDTRANSITIONID,FALSE,SRAM,OGDtransitionID,3495
82,667,13538,SRAMPGDTRANSITIONID,FALSE,SRAM,PGDtransitionID,3538
82,668,13543,RFPGDTRANSITIONID,FALSE,rfRegion,PGDtransitionID,3543
82,669,13573,RFOGDTRANSITIONID,FALSE,rfRegion,OGDtransitionID,3573
82,670,13580,COLHCC1PGDTRANSITIONID,FALSE,colhcc1Region,PGDtransitionID,3580
82,673,13587,COLHDC1PGDTRANSITIONID,FALSE,colhdc1Region,PGDtransitionID,3587
82,674,13594,COLHDC2PGDTRANSITIONID,FALSE,colhdc2Region,PGDtransitionID,3594
82,676,13599,COLRF1PGDTRANSITIONID,FALSE,colrf1Region,PGDtransitionID,3599
82,694,26569,RFCUSREGIONID,FALSE,rfcusRegion,id,16569
82,698,26566,DIODEREGIONID,FALSE,diodeRegion,id,16566
82,700,26549,COPYEXACTID,FALSE,copyexact,id,16549
82,711,63041,BTPRF11BREGIONID,FALSE,btprf11bRegion,id,53041
82,736,63087,BTPRF11AREGIONID,FALSE,btprf11aRegion,id,53087
82,745,64928,TUCOPTINID,FALSE,tuc,optinID,54928
82,757,54258,TUCOPTINID2,FALSE,tuc,optinID2,44258
82,773,50009,CUSTOMID,FALSE,custom,id,40009
82,774,50008,DIGITALID,FALSE,digital,id,40008
82,775,50002,B132H165H_44PPMIXEDROWID,FALSE,b132h165h_44ppMixedRow,id,40002
82,778,50004,B110H132H_44PPMIXEDROWID,FALSE,b110h132h_44ppMixedRow,id,40004
82,779,50003,B110H165H_44PPMIXEDROWID,FALSE,b110h165h_44ppMixedRow,id,40003
83,1,60928,MEMORYBTID,FALSE,memoryBT,id,50928
83,2,60927,MEMREM96ID,FALSE,memRem96,id,50927
83,3,60926,MEMREM90ID,FALSE,memRem90,id,50926
83,4,60925,MEMREM84ID,FALSE,memRem84,id,50925
83,5,60924,MEMREM78ID,FALSE,memRem78,id,50924
83,6,60923,MEMREM72ID,FALSE,memRem72,id,50923
83,7,10775,B132HTICREGIONID,FALSE,b132hTICRegion,id,775
83,8,11768,HALO330ID,FALSE,halo330,id,1768
83,13,61434,IDRLS_TIC_ILID,FALSE,idrLS_TIC_il,id,51434
83,14,61435,IDRHNA_IDA_TIC_ILID,FALSE,idrHNA_ida_TIC_il,id,51435
83,15,61433,DEVTYPEH_ID,FALSE,devTypeH,id,51433
83,16,61400,SHRINKCUTID,FALSE,ID,shrinkCutID,51400
83,17,61401,NOSHRINKCUTID,FALSE,ID,noShrinkID,51401
83,18,61402,HVTAPID,FALSE,hv,tapID,51402
85,0,61417,HVPWELLDRAWN,FALSE,hvpwell,drawing,51417
85,1,61416,HVPWELLKOR,FALSE,hvpwell,blockage,51416
85,13,61415,HVPWELLTSDRBITCELLID,FALSE,hvpwell,TSDRBitCellID,51415
85,18,61414,HVPWELLTG,FALSE,hvpwell,toSynDrawing,51414
85,51,61413,HVPWELLKGA,FALSE,hvpwell,keepGenAway,51413
85,68,61412,HVPWELLLITHOFILLERID,FALSE,hvpwell,lithoFillerID,51412
85,93,61411,HVPWELLFILLKOR,FALSE,hvpwell,fillBlockage,51411
85,191,61410,HVPWELL_DRWAIVERID1,FALSE,hvpwell,drWaiver1,51410
85,192,61409,HVPWELL_DRWAIVERID2,FALSE,hvpwell,drWaiver2,51409
85,193,61408,HVPWELL_DRWAIVERID3,FALSE,hvpwell,drWaiver3,51408
85,194,61407,HVPWELL_DRWAIVERID4,FALSE,hvpwell,drWaiver4,51407
85,195,61406,HVPWELL_DRWAIVERID5,FALSE,hvpwell,drWaiver5,51406
85,250,61405,HVPWELLDUMMYFILL,FALSE,hvpwell,fill,51405
85,252,61404,HVPWELLTRFILL,FALSE,hvpwell,trFill,51404
85,30001,61403,HVPWELLQTFMWAIVER,FALSE,hvpwell,qtfmWaiver,51403
90,0,17401,CE2DRAWN,FALSE,ce2,drawing,7401
90,1,17395,CE2KOR,FALSE,ce2,blockage,7395
90,2,17394,CE2PORT,FALSE,ce2,pin,7394
90,3,17325,CE2ZONE,FALSE,ce2,zone,7325
90,10,17324,CE2CAPID,FALSE,ce2,capID,7324
90,51,17275,CE2KGA,FALSE,ce2,keepGenAway,7275
90,58,17274,CE2ALLOWOTC,FALSE,ce2,allowOTC,7274
90,61,17271,CE2HOLE,FALSE,ce2,hole,7271
90,68,17257,CE2LITHOFILLID,FALSE,ce2,lithoFillerID,7257
90,88,17256,CE2GROUNDID,FALSE,ce2,groundID,7256
90,89,17255,CE2POWERID,FALSE,ce2,powerID,7255
90,93,17254,CE2FILLKOR,FALSE,ce2,fillBlockage,7254
90,239,17253,CE2RCSTOP,FALSE,ce2,rcStop,7253
90,240,17252,CE2RCSTART,FALSE,ce2,rcStart,7252
90,250,17246,CE2DUMMYFILL,FALSE,ce2,fill,7246
90,252,17237,CE2TRFILL,FALSE,ce2,trFill,7237
90,260,17242,CE2DENIDLDMAX,FALSE,ce2,densityIDldmax,7242
90,261,17235,CE2DENIDLDMIN,FALSE,ce2,densityIDldmin,7235
90,262,17239,CE2DENIDLDIMAX,FALSE,ce2,densityIDldimax,7239
90,263,17234,CE2DENIDLDIMIN,FALSE,ce2,densityIDldimin,7234
90,264,17226,CE2DENIDCDMAX,FALSE,ce2,densityIDcdmax,7226
90,265,17225,CE2DENIDCDMIN,FALSE,ce2,densityIDcdmin,7225
90,275,17220,CE2DROPID,FALSE,ce2,dropID,7220
91,0,10923,CE1DRAWN,FALSE,ce1,drawing,923
91,1,10924,CE1KOR,FALSE,ce1,blockage,924
91,2,10925,CE1PORT,FALSE,ce1,pin,925
91,3,17122,CE1ZONE,FALSE,ce1,zone,7122
91,10,17119,CE1CAPID,FALSE,ce1,capID,7119
91,51,10929,CE1KGA,FALSE,ce1,keepGenAway,929
91,58,23947,CE1ALLOWOTC,FALSE,ce1,allowOTC,13947
91,61,17121,CE1HOLE,FALSE,ce1,hole,7121
91,68,23949,CE1LITHOFILLID,FALSE,ce1,lithoFillerID,13949
91,88,17131,CE1GROUNDID,FALSE,ce1,groundID,7131
91,89,17134,CE1POWERID,FALSE,ce1,powerID,7134
91,93,17010,CE1FILLKOR,FALSE,ce1,fillBlockage,7010
91,239,23956,CE1RCSTOP,FALSE,ce1,rcStop,13956
91,240,23957,CE1RCSTART,FALSE,ce1,rcStart,13957
91,250,14106,CE1DUMMYFILL,FALSE,ce1,fill,4106
91,252,16268,CE1TRFILL,FALSE,ce1,trFill,6268
91,260,20141,CE1DENIDLDMAX,FALSE,ce1,densityIDldmax,10141
91,261,20142,CE1DENIDLDMIN,FALSE,ce1,densityIDldmin,10142
91,262,20143,CE1DENIDLDIMAX,FALSE,ce1,densityIDldimax,10143
91,263,20144,CE1DENIDLDIMIN,FALSE,ce1,densityIDldimin,10144
91,264,20145,CE1DENIDCDMAX,FALSE,ce1,densityIDcdmax,10145
91,265,20146,CE1DENIDCDMIN,FALSE,ce1,densityIDcdmin,10146
91,275,17120,CE1DROPID,FALSE,ce1,dropID,7120
92,0,10944,C4BDRAWN,FALSE,c4b,drawing,944
92,1,10947,C4BKOR,FALSE,c4b,blockage,947
92,2,23967,C4BPORT,FALSE,c4b,pin,13967
92,51,11016,C4BKGA,FALSE,c4b,keepGenAway,1016
92,239,23978,C4BRCSTOP,FALSE,c4b,rcStop,13978
92,240,23979,C4BRCSTART,FALSE,c4b,rcStart,13979
92,287,12799,C4BMECHBUMP,FALSE,c4b,mechBump,2799
92,521,60481,C4BVHI,FALSE,c4b,vhi,50481
92,523,60366,C4BVHIFC,FALSE,c4b,vhifc,50366
95,0,16093,V2DRAWN,FALSE,v2,drawing,6093
95,1,16094,V2KOR,FALSE,v2,blockage,6094
95,2,31611,V2PORT,FALSE,v2,pin,21611
95,51,16106,V2KGA,FALSE,v2,keepGenAway,6106
95,58,16929,V2ALLOWOTC,FALSE,v2,allowOTC,6929
95,68,18147,V2LITHOFILLID,FALSE,v2,lithoFillerID,8147
95,93,17012,V2FILLKOR,FALSE,v2,fillBlockage,7012
95,250,16136,V2DUMMYFILL,FALSE,v2,fill,6136
95,252,16272,V2TRFILL,FALSE,v2,trFill,6272
95,253,17683,V2THERMALFILL,FALSE,v2,thermalFill,7683
95,254,12884,V2THERMALFILL2,FALSE,v2,thermalFill2,2884
95,260,19857,V2DENIDLDMAX,FALSE,v2,densityIDldmax,9857
95,261,19858,V2DENIDLDMIN,FALSE,v2,densityIDldmin,9858
95,262,19859,V2DENIDLDIMAX,FALSE,v2,densityIDldimax,9859
95,263,19860,V2DENIDLDIMIN,FALSE,v2,densityIDldimin,9860
95,264,19861,V2DENIDCDMAX,FALSE,v2,densityIDcdmax,9861
95,265,19862,V2DENIDCDMIN,FALSE,v2,densityIDcdmin,9862
95,311,65198,V2TSDRMARK,FALSE,v2,TSDRmark,55198
95,327,10443,V2TSDRWING,FALSE,v2,TSDRWingID,443
95,328,10444,V2TSDRNOWING,FALSE,v2,TSDRNoWingID,444
95,331,60957,V2_TSDRACTIVESPLIT,FALSE,v2,TSDRActiveSplit,50957
95,333,30282,V2TSDRACTIVECDID,FALSE,v2,TSDRActiveCDID,20282
95,372,30283,V2TSDRACTIVEMISREGID,FALSE,v2,TSDRActiveMisregID,20283
95,375,54388,V2TSDRACTIVEMETALENCLOSEID,FALSE,v2,TSDRActiveMetalEncloseID,44388
95,416,31917,V2NOBEARDID,FALSE,v2,noBeardID,21917
103,143,12901,POLYTCN_DELTAVLIB,FALSE,polytcn,DeltaVlib,2901
103,144,12898,POLYTCN_DELTAVLIB_M,FALSE,polytcn,DeltaVlib_m,2898
103,657,12899,POLYTCN_DELTAV_M,FALSE,polytcn,DeltaV_m,2899
103,658,12903,POLYTCN_DELTAV,FALSE,polytcn,DeltaV,2903
103,659,12900,POLYTCN_DELTAVFC_M,FALSE,polytcn,DeltaVfc_m,2900
103,660,12902,POLYTCN_DELTAVFC,FALSE,polytcn,DeltaVfc,2902
106,200,13898,H0,FALSE,h0,drawing,3898
106,201,13899,H1,FALSE,h1,drawing,3899
106,202,13900,H2,FALSE,h2,drawing,3900
106,203,13901,H3,FALSE,h3,drawing,3901
106,204,13902,H4,FALSE,h4,drawing,3902
106,205,13903,H5,FALSE,h5,drawing,3903
106,206,13904,H6,FALSE,h6,drawing,3904
106,207,13905,H7,FALSE,h7,drawing,3905
106,208,13906,H8,FALSE,h8,drawing,3906
106,209,13907,H9,FALSE,h9,drawing,3907
106,210,13908,H10,FALSE,h10,drawing,3908
106,211,13909,H11,FALSE,h11,drawing,3909
106,212,13910,H12,FALSE,h12,drawing,3910
106,213,13911,H13,FALSE,h13,drawing,3911
106,214,13912,H14,FALSE,h14,drawing,3912
106,215,13913,H15,FALSE,h15,drawing,3913
106,216,13914,H16,FALSE,h16,drawing,3914
106,217,13915,H17,FALSE,h17,drawing,3915
106,218,13916,H18,FALSE,h18,drawing,3916
106,219,13917,H19,FALSE,h19,drawing,3917
106,220,13918,H20,FALSE,h20,drawing,3918
106,221,13920,H21,FALSE,h21,drawing,3920
106,222,13921,H22,FALSE,h22,drawing,3921
106,223,13922,H23,FALSE,h23,drawing,3922
106,224,13923,H24,FALSE,h24,drawing,3923
106,225,13924,H25,FALSE,h25,drawing,3924
106,226,14005,HTEXT,FALSE,hText,drawing,4005
106,227,14006,HTERMINALTEXT,FALSE,hTerminalText,drawing,4006
106,228,14007,HBBOX,FALSE,hBbox,drawing,4007
106,229,14008,HFLIGHTLINE,FALSE,hFlightline,drawing,4008
106,230,14009,HDUMMY,FALSE,hDummy,drawing,4009
106,234,14013,HOD2,FALSE,hOd2,drawing,4013
106,235,14014,HRPO,FALSE,hRpo,drawing,4014
106,236,14015,HABSOLUTERULES,FALSE,hAbsoluteRules,drawing,4015
108,0,10891,FINDRAWN,FALSE,fin,drawing,891
108,1,15127,FINKOR,FALSE,fin,blockage,5127
112,0,11735,M2CLR1DRAWN,FALSE,m2_color1,drawing,1735
112,1,11854,M2CLR1KOR,FALSE,m2_color1,blockage,1854
112,2,11736,M2CLR1PORT,FALSE,m2_color1,pin,1736
112,93,11853,M2CLR1FILLKOR,FALSE,m2_color1,fillBlockage,1853
112,250,11737,M2CLR1DUMMYFILL,FALSE,m2_color1,fill,1737
112,253,16226,M2CLR1THERMALFILL,FALSE,m2_color1,thermalFill,6226
112,254,12852,M2CLR1THERMALFILL2,FALSE,m2_color1,thermalFill2,2852
112,408,11851,M2CLR1NOFDR,FALSE,m2_color1,noFDR,1851
112,416,11852,M2CLR1NOBEARDID,FALSE,m2_color1,noBeardID,1852
119,0,30417,V7TFDRAWN,FALSE,v7tf,drawing,20417
120,0,52132,M0CLR1DRAWN,FALSE,m0_color1,drawing,42132
120,1,52146,M0CLR1KOR,FALSE,m0_color1,blockage,42146
120,2,52133,M0CLR1PORT,FALSE,m0_color1,pin,42133
120,93,52144,M0CLR1FILLKOR,FALSE,m0_color1,fillBlockage,42144
120,250,52134,M0CLR1DUMMYFILL,FALSE,m0_color1,fill,42134
120,408,52139,M0CLR1NOFDR,FALSE,m0_color1,noFDR,42139
120,416,52140,M0CLR1NOBEARDID,FALSE,m0_color1,noBeardID,42140
168,316,12399,DICFO,FALSE,DIC,frameOnly,2399
172,0,11573,C4TDRAWN,FALSE,c4t,drawing,1573
172,2,24043,C4TPORT,FALSE,c4t,pin,14043
184,0,14871,FTIDRAWN,FALSE,fti,drawing,4871
184,1,14905,FTIKOR,FALSE,fti,blockage,4905
184,13,34071,FTITSDRBITCELLID,FALSE,fti,TSDRBitCellID,24071
184,51,14907,FTIKGA,FALSE,fti,keepGenAway,4907
184,68,18168,FTILITHOFILLID,FALSE,fti,lithoFillerID,8168
184,93,20032,FTIFILLKOR,FALSE,fti,fillBlockage,10032
184,250,14880,FTIDUMMYFILL,FALSE,fti,fill,4880
184,252,16342,FTITRFILL,FALSE,fti,trFill,6342
184,260,19997,FTIDENIDLDMAX,FALSE,fti,densityIDldmax,9997
184,261,19998,FTIDENIDLDMIN,FALSE,fti,densityIDldmin,9998
184,262,19999,FTIDENIDLDIMAX,FALSE,fti,densityIDldimax,9999
184,263,20000,FTIDENIDLDIMIN,FALSE,fti,densityIDldimin,10000
184,264,20001,FTIDENIDCDMAX,FALSE,fti,densityIDcdmax,10001
184,265,20002,FTIDENIDCDMIN,FALSE,fti,densityIDcdmin,10002
184,311,65229,FTITSDRMARK,FALSE,fti,TSDRmark,55229
184,324,24407,FTITSDRACTIVE,FALSE,fti,TSDRActive,14407
184,325,24408,FTITSDRTRANSITION,FALSE,fti,TSDRTransition,14408
184,333,50686,FTITSDRACTIVECDID,FALSE,fti,TSDRActiveCDID,40686
184,372,50687,FTITSDRACTIVEMISREGID,FALSE,fti,TSDRActiveMisregID,40687
184,30001,54364,FTIQTFMQWAIVER,FALSE,fti,qtfmWaiver,44364
241,0,52135,M0CLR2DRAWN,FALSE,m0_color2,drawing,42135
241,1,52147,M0CLR2KOR,FALSE,m0_color2,blockage,42147
241,2,52136,M0CLR2PORT,FALSE,m0_color2,pin,42136
241,93,52149,M0CLR2FILLKOR,FALSE,m0_color2,fillBlockage,42149
241,250,52137,M0CLR2DUMMYFILL,FALSE,m0_color2,fill,42137
241,408,52142,M0CLR2NOFDR,FALSE,m0_color2,noFDR,42142
241,416,52141,M0CLR2NOBEARDID,FALSE,m0_color2,noBeardID,42141
254,20,10343,SOFT_FENCE_KOR_DRAWING,FALSE,softFenceKor,drawing,343
254,21,10701,M1_SOFT_FENCE_KOR_DRAWING,FALSE,m1SoftFenceKor,drawing,701
254,22,10702,M2_SOFT_FENCE_KOR_DRAWING,FALSE,m2SoftFenceKor,drawing,702
254,23,10703,M3_SOFT_FENCE_KOR_DRAWING,FALSE,m3SoftFenceKor,drawing,703
254,24,10704,M4_SOFT_FENCE_KOR_DRAWING,FALSE,m4SoftFenceKor,drawing,704
254,25,10705,M5_SOFT_FENCE_KOR_DRAWING,FALSE,m5SoftFenceKor,drawing,705
254,26,10706,M6_SOFT_FENCE_KOR_DRAWING,FALSE,m6SoftFenceKor,drawing,706
254,27,10707,M7_SOFT_FENCE_KOR_DRAWING,FALSE,m7SoftFenceFor,drawing,707
254,28,10708,M8_SOFT_FENCE_KOR_DRAWING,FALSE,m8SoftFenceKor,drawing,708
254,29,10709,M9_SOFT_FENCE_KOR_DRAWING,FALSE,m9SoftFenceKor,drawing,709
254,30,10710,M10_SOFT_FENCE_KOR_DRAWING,FALSE,m10SoftFenceKor,drawing,710
254,31,10711,M11_SOFT_FENCE_KOR_DRAWING,FALSE,m11SoftFenceKor,drawing,711
254,32,10712,M12_SOFT_FENCE_KOR_DRAWING,FALSE,m12SoftFencKor,drawing,712
254,33,10713,M13_SOFT_FENCE_KOR_DRAWING,FALSE,m13SoftFenceKor,drawing,713
254,36,10333,CELLINST_BOUNDARY_DRAWING,FALSE,cellinstBoundary,drawing,333
254,37,10332,FPBLK_DRAWING,FALSE,fpblk,drawing,332
254,38,10331,PORTMARK_DRAWING,FALSE,portmark,drawing,331
254,39,10330,UDM_MARKER_DRAWING,FALSE,udmMarker,drawing,330
254,40,10344,MFILLID_DRAWING,FALSE,mfillid,drawing,344
254,41,10345,MIM_REGION_DRAWING,FALSE,mimRegion,drawing,345
254,43,10336,PLACEMENT_KEEPOUT_DRAWING,FALSE,placementKeepout,drawing,336
254,44,10337,LEPLACECONSTRAINT_DRAWING,FALSE,leplaceconstraint,drawing,337
254,45,10346,POWER_DOMAIN_ID_DRAWING,FALSE,powerDomainId,drawing,346
254,46,29000,DUMMYCUT_DRAWING,FALSE,dummyCut,drawing,19000
254,47,10334,SYNTH_CELLINST_BOUNDARY_DRAWING,FALSE,synthCellinstBoundary,drawing,334
254,48,10335,CELLINSTARRAY_BOUNDARY_DRAWING,FALSE,cellinstarrayBoundary,drawing,335
254,49,34327,M14_SOFT_FENCE_KOR_DRAWING,FALSE,m14SoftFenceKor,drawing,24327
254,50,34328,M15_SOFT_FENCE_KOR_DRAWING,FALSE,m15SoftFenceKor,drawing,24328
255,55,49675,GLOBALKOR,FALSE,global,blockage,39675
255,93,15808,GLOBALFILLKOR,FALSE,global,fillBlockage,5808
273,1,30817,DEVFLAVKOR,FALSE,devflav,blockage,20817
273,51,30844,DEVFLAVKGA,FALSE,devflav,keepGenAway,20844
273,93,55346,DEVFLAVFILLKOR,FALSE,devflav,fillBlockage,45346
273,102,65265,NLVTID,FALSE,nlvt,id,55265
273,103,65266,PLVTID,FALSE,plvt,id,55266
273,104,65267,NSVTID,FALSE,nsvt,id,55267
273,105,65268,PSVTID,FALSE,psvt,id,55268
273,106,65264,NHVTID,FALSE,nhvt,id,55264
273,107,65263,PHVTID,FALSE,phvt,id,55263
273,170,65269,NULVTID,FALSE,nulvt,id,55269
273,171,65270,PULVTID,FALSE,pulvt,id,55270
273,184,63370,NELVTID,FALSE,nelvt,id,53370
273,185,63369,PELVTID,FALSE,pelvt,id,53369
273,199,65273,NLVTFORCEID,FALSE,nlvt,forceId,55273
273,200,65274,PLVTFORCEID,FALSE,plvt,forceId,55274
273,201,65275,NSVTFORCEID,FALSE,nsvt,forceId,55275
273,202,65276,PSVTFORCEID,FALSE,psvt,forceId,55276
273,203,65277,NHVTFORCEID,FALSE,nhvt,forceId,55277
273,204,65278,PHVTFORCEID,FALSE,phvt,forceId,55278
273,207,65279,NULVTFORCEID,FALSE,nulvt,forceId,55279
273,208,65280,PULVTFORCEID,FALSE,pulvt,forceId,55280
273,209,65271,NULVTLLID,FALSE,nulvtll,id,55271
273,210,65272,PULVTLLID,FALSE,pulvtll,id,55272
273,211,65281,NULVTLLFORCEID,FALSE,nulvtll,forceId,55281
273,212,65282,PULVTLLFORCEID,FALSE,pulvtll,forceId,55282
273,213,65283,NELVTFORCEID,FALSE,nelvt,forceId,55283
273,214,65284,PELVTFORCEID,FALSE,pelvt,forceId,55284
273,324,20029,DEVFLAVTSDRACTIVE,FALSE,devflav,TSDRActive,10029
273,325,54410,DEVFLAVTSDRVTMIXING,FALSE,devflav,TSDRvtMixing,44410
273,30001,54366,DEVFLAVQTFMQWAIVER,FALSE,devflav,qtfmWaiver,44366
282,0,28258,M13DRAWN,FALSE,m13,drawing,18258
282,1,28259,M13KOR,FALSE,m13,blockage,18259
282,2,28260,M13PORT,FALSE,m13,pin,18260
282,4,28262,M13RESID,FALSE,m13,resID,18262
282,21,28266,M13CRITICALID,FALSE,m13,critical,18266
282,51,28271,M13KGA,FALSE,m13,keepGenAway,18271
282,58,28274,M13ALLOWOTC,FALSE,m13,allowOTC,18274
282,68,28276,M13LITHOFILLID,FALSE,m13,lithoFillerID,18276
282,93,28287,M13FILLKOR,FALSE,m13,fillBlockage,18287
282,141,12110,M13VLOLIB,FALSE,m13,vlolib,2110
282,142,12111,M13VHILIB,FALSE,m13,vhilib,2111
282,143,12112,M13DELTAVLIB,FALSE,m13,DeltaVlib,2112
282,144,12113,M13DELTAVLIB_M,FALSE,m13,DeltaVlib_m,2113
282,239,28305,M13RCSTOP,FALSE,m13,rcStop,18305
282,240,28306,M13RCSTART,FALSE,m13,rcStart,18306
282,250,28310,M13DUMMYFILL,FALSE,m13,fill,18310
282,252,28312,M13TRFILL,FALSE,m13,trFill,18312
282,253,28311,M13THERMALFILL,FALSE,m13,thermalFill,18311
282,254,12866,M13THERMALFILL2,FALSE,m13,thermalFill2,2866
282,260,28314,M13DENIDLDMAX,FALSE,m13,densityIDldmax,18314
282,261,28315,M13DENIDLDMIN,FALSE,m13,densityIDldmin,18315
282,262,28316,M13DENIDLDIMAX,FALSE,m13,densityIDldimax,18316
282,263,28317,M13DENIDLDIMIN,FALSE,m13,densityIDldimin,18317
282,264,28318,M13DENIDCDMAX,FALSE,m13,densityIDcdmax,18318
282,265,28319,M13DENIDCDMIN,FALSE,m13,densityIDcdmin,18319
282,305,50906,M13TSDRACTIVEFUTID,FALSE,m13,TSDRActiveFUTID,40906
282,306,50907,M13TSDRACTIVESPACEID,FALSE,m13,TSDRActiveSpace,40907
282,311,65173,M13TSDRMARK,FALSE,m13,TSDRmark,55173
282,317,50908,M13TSDRACTIVEE,FALSE,m13,TSDRActiveE,40908
282,333,30327,M13TSDRACTIVECDID,FALSE,m13,TSDRActiveCDID,20327
282,349,50910,M13TSDRACTIVECPID,FALSE,m13,TSDRActiveCPID,40910
282,378,14151,M13TSDRMARK2,FALSE,m13,TSDRmark2,4151
282,379,14183,M13TSDRMARK3,FALSE,m13,TSDRmark3,4183
282,408,28344,M13NOFDR,FALSE,m13,noFDR,18344
282,416,33208,M13NOBEARDID,FALSE,m13,noBeardID,23208
282,456,14125,M13TSDRACTIVES,FALSE,m13,TSDRActiveS,4125
282,458,54177,M13TSDRACTIVEFUT2ID,FALSE,m13,TSDRActiveFUT2ID,44177
282,509,28339,M13TESTCHIPROUTEID,FALSE,m13,testChipRouteID,18339
282,520,56967,M13VLO,FALSE,m13,vlo,46967
282,521,56974,M13VHI,FALSE,m13,vhi,46974
282,522,57008,M13VLOFC,FALSE,m13,vlofc,47008
282,523,57001,M13VHIFC,FALSE,m13,vhifc,47001
282,657,59893,M13DELTAV_M,FALSE,m13,DeltaV_m,49893
282,658,59894,M13DELTAV,FALSE,m13,DeltaV,49894
282,659,59895,M13DELTAVFC_M,FALSE,m13,DeltaVfc_m,49895
282,660,59896,M13DELTAVFC,FALSE,m13,DeltaVfc,49896
282,671,15036,M13VLIMIT,FALSE,m13,vlimit,5036
283,0,28347,V13DRAWN,FALSE,v13,drawing,18347
283,1,28348,V13KOR,FALSE,v13,blockage,18348
283,2,31613,V13PORT,FALSE,v13,pin,21613
283,51,28357,V13KGA,FALSE,v13,keepGenAway,18357
283,58,28360,V13ALLOWOTC,FALSE,v13,allowOTC,18360
283,68,28364,V13LITHOFILLID,FALSE,v13,lithoFillerID,18364
283,93,28366,V13FILLKOR,FALSE,v13,fillBlockage,18366
283,250,28378,V13DUMMYFILL,FALSE,v13,fill,18378
283,252,28380,V13TRFILL,FALSE,v13,trFill,18380
283,253,28379,V13THERMALFILL,FALSE,v13,thermalFill,18379
283,254,12879,V13THERMALFILL2,FALSE,v13,thermalFill2,2879
283,260,28382,V13DENIDLDMAX,FALSE,v13,densityIDldmax,18382
283,261,28383,V13DENIDLDMIN,FALSE,v13,densityIDldmin,18383
283,262,28384,V13DENIDLDIMAX,FALSE,v13,densityIDldimax,18384
283,263,28385,V13DENIDLDIMIN,FALSE,v13,densityIDldimin,18385
283,264,28386,V13DENIDCDMAX,FALSE,v13,densityIDcdmax,18386
283,265,28387,V13DENIDCDMIN,FALSE,v13,densityIDcdmin,18387
283,298,55066,V13PWR,FALSE,v13,pwr,45066
283,311,65187,V13TSDRMARK,FALSE,v13,TSDRmark,55187
283,327,28407,V13TSDRWING,FALSE,v13,TSDRWingID,18407
283,328,28408,V13TSDRNOWING,FALSE,v13,TSDRNoWingID,18408
283,333,38239,V13TSDRACTIVECDID,FALSE,v13,TSDRActiveCDID,28239
283,372,38244,V13TSDRACTIVEMISREGID,FALSE,v13,TSDRActiveMisregID,28244
283,375,54399,V13TSDRACTIVEMETALENCLOSEID,FALSE,v13,TSDRActiveMetalEncloseID,44399
306,0,50114,M16DRAWN,FALSE,m16,drawing,40114
306,1,50113,M16KOR,FALSE,m16,blockage,40113
306,2,50112,M16PORT,FALSE,m16,pin,40112
306,4,50110,M16RESID,FALSE,m16,resID,40110
306,21,50107,M16CRITICALID,FALSE,m16,critical,40107
306,51,50102,M16KGA,FALSE,m16,keepGenAway,40102
306,58,50100,M16ALLOWOTC,FALSE,m16,allowOTC,40100
306,68,50098,M16LITHOFILLID,FALSE,m16,lithoFillerID,40098
306,93,50091,M16FILLKOR,FALSE,m16,fillBlockage,40091
306,141,12114,M16VLOLIB,FALSE,m16,vlolib,2114
306,142,12115,M16VHILIB,FALSE,m16,vhilib,2115
306,143,12116,M16DELTAVLIB,FALSE,m16,DeltaVlib,2116
306,144,12117,M16DELTAVLIB_M,FALSE,m16,DeltaVlib_m,2117
306,239,50077,M16RCSTOP,FALSE,m16,rcStop,40077
306,240,50076,M16RCSTART,FALSE,m16,rcStart,40076
306,250,50072,M16DUMMYFILL,FALSE,m16,fill,40072
306,252,50070,M16TRFILL,FALSE,m16,trFill,40070
306,253,50071,M16THERMALFILL,FALSE,m16,thermalFill,40071
306,254,12871,M16THERMALFILL2,FALSE,m16,thermalFill2,2871
306,260,50068,M16DENIDLDMAX,FALSE,m16,densityIDldmax,40068
306,261,50067,M16DENIDLDMIN,FALSE,m16,densityIDldmin,40067
306,262,50066,M16DENIDLDIMAX,FALSE,m16,densityIDldimax,40066
306,263,50065,M16DENIDLDIMIN,FALSE,m16,densityIDldimin,40065
306,264,50064,M16DENIDCDMAX,FALSE,m16,densityIDcdmax,40064
306,265,50063,M16DENIDCDMIN,FALSE,m16,densityIDcdmin,40063
306,298,21661,M16PWR,FALSE,m16,pwr,11661
306,305,50054,M16TSDRACTIVEFUTID,FALSE,m16,TSDRActiveFUTID,40054
306,306,50053,M16TSDRACTIVESPACEID,FALSE,m16,TSDRActiveSpace,40053
306,311,65170,M16TSDRMARK,FALSE,m16,TSDRmark,55170
306,317,21662,M16TSDRACTIVEE,FALSE,m16,TSDRActiveE,11662
306,333,50043,M16TSDRACTIVECDID,FALSE,m16,TSDRActiveCDID,40043
306,349,21660,M16TSDRACTIVECPID,FALSE,m16,TSDRActiveCPID,11660
306,378,14148,M16TSDRMARK2,FALSE,m16,TSDRmark2,4148
306,379,14171,M16TSDRMARK3,FALSE,m16,TSDRmark3,4171
306,408,21658,M16NOFDR,FALSE,m16,noFDR,11658
306,416,24249,M16NOBEARDID,FALSE,m16,noBeardID,14249
306,456,14122,M16TSDRACTIVES,FALSE,m16,TSDRActiveS,4122
306,458,21659,M16TSDRACTIVEFUT2ID,FALSE,m16,TSDRActiveFUT2ID,11659
306,509,21657,M16TESTCHIPROUTEID,FALSE,m16,testChipRouteID,11657
306,520,56968,M16VLO,FALSE,m16,vlo,46968
306,521,56973,M16VHI,FALSE,m16,vhi,46973
306,522,57007,M16VLOFC,FALSE,m16,vlofc,47007
306,523,57002,M16VHIFC,FALSE,m16,vhifc,47002
306,657,59917,M16DELTAV_M,FALSE,m16,DeltaV_m,49917
306,658,59918,M16DELTAV,FALSE,m16,DeltaV,49918
306,659,59919,M16DELTAVFC_M,FALSE,m16,DeltaVfc_m,49919
306,660,59920,M16DELTAVFC,FALSE,m16,DeltaVfc,49920
306,671,15037,M16VLIMIT,FALSE,m16,vlimit,5037
309,0,26461,TFRDRAWN,FALSE,tfr,drawing,16461
309,2,26463,TFRPORT,FALSE,tfr,pin,16463
309,4,26465,TFRRESID,FALSE,tfr,resID,16465
309,58,26476,TFRALLOWOTC,FALSE,tfr,allowOTC,16476
309,250,26503,TFRDUMMYFILL,FALSE,tfr,fill,16503
315,0,30519,M14DRAWN,FALSE,m14,drawing,20519
315,1,30520,M14KOR,FALSE,m14,blockage,20520
315,2,30521,M14PORT,FALSE,m14,pin,20521
315,4,30523,M14RESID,FALSE,m14,resID,20523
315,21,30526,M14CRITICALID,FALSE,m14,critical,20526
315,51,30531,M14KGA,FALSE,m14,keepGenAway,20531
315,58,30533,M14ALLOWOTC,FALSE,m14,allowOTC,20533
315,68,30535,M14LITHOFILLID,FALSE,m14,lithoFillerID,20535
315,93,30542,M14FILLKOR,FALSE,m14,fillBlockage,20542
315,141,12118,M14VLOLIB,FALSE,m14,vlolib,2118
315,142,12119,M14VHILIB,FALSE,m14,vhilib,2119
315,143,12120,M14DELTAVLIB,FALSE,m14,DeltaVlib,2120
315,144,12121,M14DELTAVLIB_M,FALSE,m14,DeltaVlib_m,2121
315,239,30556,M14RCSTOP,FALSE,m14,rcStop,20556
315,240,30557,M14RCSTART,FALSE,m14,rcStart,20557
315,250,30561,M14DUMMYFILL,FALSE,m14,fill,20561
315,252,30563,M14TRFILL,FALSE,m14,trFill,20563
315,253,30562,M14THERMALFILL,FALSE,m14,thermalFill,20562
315,254,12869,M14THERMALFILL2,FALSE,m14,thermalFill2,2869
315,260,30565,M14DENIDLDMAX,FALSE,m14,densityIDldmax,20565
315,261,30566,M14DENIDLDMIN,FALSE,m14,densityIDldmin,20566
315,262,30567,M14DENIDLDIMAX,FALSE,m14,densityIDldimax,20567
315,263,30568,M14DENIDLDIMIN,FALSE,m14,densityIDldimin,20568
315,264,30569,M14DENIDCDMAX,FALSE,m14,densityIDcdmax,20569
315,265,30570,M14DENIDCDMIN,FALSE,m14,densityIDcdmin,20570
315,298,55013,M14PWR,FALSE,m14,pwr,45013
315,305,30579,M14TSDRACTIVEFUTID,FALSE,m14,TSDRActiveFUTID,20579
315,306,55015,M14TSDRACTIVESPACEID,FALSE,m14,TSDRActiveSpace,45015
315,311,65172,M14TSDRMARK,FALSE,m14,TSDRmark,55172
315,317,55016,M14TSDRACTIVEE,FALSE,m14,TSDRActiveE,45016
315,333,30590,M14TSDRACTIVECDID,FALSE,m14,TSDRActiveCDID,20590
315,349,55018,M14TSDRACTIVECPID,FALSE,m14,TSDRActiveCPID,45018
315,378,14150,M14TSDRMARK2,FALSE,m14,TSDRmark2,4150
315,379,14178,M14TSDRMARK3,FALSE,m14,TSDRmark3,4178
315,408,30593,M14NOFDR,FALSE,m14,noFDR,20593
315,416,33209,M14NOBEARDID,FALSE,m14,noBeardID,23209
315,456,14124,M14TSDRACTIVES,FALSE,m14,TSDRActiveS,4124
315,458,55021,M14TSDRACTIVEFUT2ID,FALSE,m14,TSDRActiveFUT2ID,45021
315,509,55022,M14TESTCHIPROUTEID,FALSE,m14,testChipRouteID,45022
315,520,56969,M14VLO,FALSE,m14,vlo,46969
315,521,56972,M14VHI,FALSE,m14,vhi,46972
315,522,57006,M14VLOFC,FALSE,m14,vlofc,47006
315,523,57003,M14VHIFC,FALSE,m14,vhifc,47003
315,657,59901,M14DELTAV_M,FALSE,m14,DeltaV_m,49901
315,658,59902,M14DELTAV,FALSE,m14,DeltaV,49902
315,659,59903,M14DELTAVFC_M,FALSE,m14,DeltaVfc_m,49903
315,660,59904,M14DELTAVFC,FALSE,m14,DeltaVfc,49904
315,671,15038,M14VLIMIT,FALSE,m14,vlimit,5038
316,0,30443,V14DRAWN,FALSE,v14,drawing,20443
316,1,30444,V14KOR,FALSE,v14,blockage,20444
316,2,31616,V14PORT,FALSE,v14,pin,21616
316,51,30452,V14KGA,FALSE,v14,keepGenAway,20452
316,58,30453,V14ALLOWOTC,FALSE,v14,allowOTC,20453
316,68,30456,V14LITHOFILLID,FALSE,v14,lithoFillerID,20456
316,93,30458,V14FILLKOR,FALSE,v14,fillBlockage,20458
316,250,30467,V14DUMMYFILL,FALSE,v14,fill,20467
316,252,30469,V14TRFILL,FALSE,v14,trFill,20469
316,253,30468,V14THERMALFILL,FALSE,v14,thermalFill,20468
316,254,12880,V14THERMALFILL2,FALSE,v14,thermalFill2,2880
316,260,30471,V14DENIDLDMAX,FALSE,v14,densityIDldmax,20471
316,261,30472,V14DENIDLDMIN,FALSE,v14,densityIDldmin,20472
316,262,30473,V14DENIDLDIMAX,FALSE,v14,densityIDldimax,20473
316,263,30474,V14DENIDLDIMIN,FALSE,v14,densityIDldimin,20474
316,264,30475,V14DENIDCDMAX,FALSE,v14,densityIDcdmax,20475
316,265,30476,V14DENIDCDMIN,FALSE,v14,densityIDcdmin,20476
316,298,55067,V14PWR,FALSE,v14,pwr,45067
316,311,65186,V14TSDRMARK,FALSE,v14,TSDRmark,55186
316,327,30496,V14TSDRWING,FALSE,v14,TSDRWingID,20496
316,328,30497,V14TSDRNOWING,FALSE,v14,TSDRNoWingID,20497
316,333,38240,V14TSDRACTIVECDID,FALSE,v14,TSDRActiveCDID,28240
316,372,38243,V14TSDRACTIVEMISREGID,FALSE,v14,TSDRActiveMisregID,28243
316,375,54400,V14TSDRACTIVEMETALENCLOSEID,FALSE,v14,TSDRActiveMetalEncloseID,44400
338,0,60610,M19DRAWN,FALSE,m19,drawing,50610
338,1,60611,M19KOR,FALSE,m19,blockage,50611
338,2,60612,M19PORT,FALSE,m19,pin,50612
338,4,60613,M19RESID,FALSE,m19,resID,50613
338,21,60614,M19CRITICALID,FALSE,m19,critical,50614
338,51,60615,M19KGA,FALSE,m19,keepGenAway,50615
338,58,60616,M19ALLOWOTC,FALSE,m19,allowOTC,50616
338,68,60617,M19LITHOFILLID,FALSE,m19,lithoFillerID,50617
338,93,60618,M19FILLKOR,FALSE,m19,fillBlockage,50618
338,141,60619,M19VLOLIB,FALSE,m19,vlolib,50619
338,142,60620,M19VHILIB,FALSE,m19,vhilib,50620
338,143,60621,M19DELTAVLIB,FALSE,m19,DeltaVlib,50621
338,144,60622,M19DELTAVLIB_M,FALSE,m19,DeltaVlib_m,50622
338,239,60623,M19RCSTOP,FALSE,m19,rcStop,50623
338,240,60624,M19RCSTART,FALSE,m19,rcStart,50624
338,250,60625,M19DUMMYFILL,FALSE,m19,fill,50625
338,252,60626,M19TRFILL,FALSE,m19,trFill,50626
338,253,60627,M19THERMALFILL,FALSE,m19,thermalFill,50627
338,254,60628,M19THERMALFILL2,FALSE,m19,thermalFill2,50628
338,260,60629,M19DENIDLDMAX,FALSE,m19,densityIDldmax,50629
338,261,60630,M19DENIDLDMIN,FALSE,m19,densityIDldmin,50630
338,262,60631,M19DENIDLDIMAX,FALSE,m19,densityIDldimax,50631
338,263,60632,M19DENIDLDIMIN,FALSE,m19,densityIDldimin,50632
338,264,60633,M19DENIDCDMAX,FALSE,m19,densityIDcdmax,50633
338,265,60634,M19DENIDCDMIN,FALSE,m19,densityIDcdmin,50634
338,305,60637,M19TSDRACTIVEFUTID,FALSE,m19,TSDRActiveFUTID,50637
338,306,60638,M19TSDRACTIVESPACEID,FALSE,m19,TSDRActiveSpace,50638
338,317,60639,M19TSDRACTIVEE,FALSE,m19,TSDRActiveE,50639
338,333,60640,M19TSDRACTIVECDID,FALSE,m19,TSDRActiveCDID,50640
338,349,60641,M19TSDRACTIVECPID,FALSE,m19,TSDRActiveCPID,50641
338,408,60642,M19NOFDR,FALSE,m19,noFDR,50642
338,416,60643,M19NOBEARDID,FALSE,m19,noBeardID,50643
338,458,60644,M19TSDRACTIVEFUT2ID,FALSE,m19,TSDRActiveFUT2ID,50644
338,509,60645,M19TESTCHIPROUTEID,FALSE,m19,testChipRouteID,50645
338,520,60646,M19VLO,FALSE,m19,vlo,50646
338,521,60647,M19VHI,FALSE,m19,vhi,50647
338,522,60648,M19VLOFC,FALSE,m19,vlofc,50648
338,523,60649,M19VHIFC,FALSE,m19,vhifc,50649
338,657,60654,M19DELTAV_M,FALSE,m19,DeltaV_m,50654
338,658,60655,M19DELTAV,FALSE,m19,DeltaV,50655
338,659,60656,M19DELTAVFC_M,FALSE,m19,DeltaVfc_m,50656
338,660,60657,M19DELTAVFC,FALSE,m19,DeltaVfc,50657
338,671,60658,M19VLIMIT,FALSE,m19,vlimit,50658
348,0,40173,MLBDRAWN,FALSE,mlb,drawing,30173
348,1,40174,MLBKOR,FALSE,mlb,blockage,30174
348,2,40175,MLBPORT,FALSE,mlb,pin,30175
348,51,40177,MLBKGA,FALSE,mlb,keepGenAway,30177
348,68,40179,MLBLITHOFILLID,FALSE,mlb,lithoFillerID,30179
348,93,40184,MLBFILLKOR,FALSE,mlb,fillBlockage,30184
348,252,40195,MLBTRFILL,FALSE,mlb,trFill,30195
348,287,50885,MLBMECHBUMPID,FALSE,mlb,mechBump,40885
348,521,60361,MLBVHI,FALSE,mlb,vhi,50361
348,523,60352,MLBVHIFC,FALSE,mlb,vhifc,50352
356,0,34168,RV0DRAWN,FALSE,rv0,drawing,24168
357,0,34199,RM1DRAWN,FALSE,rm1,drawing,24199
358,0,34253,M15DRAWN,FALSE,m15,drawing,24253
358,1,34254,M15KOR,FALSE,m15,blockage,24254
358,2,34255,M15PORT,FALSE,m15,pin,24255
358,4,34257,M15RESID,FALSE,m15,resID,24257
358,21,34260,M15CRITICALID,FALSE,m15,critical,24260
358,51,34265,M15KGA,FALSE,m15,keepGenAway,24265
358,58,34267,M15ALLOWOTC,FALSE,m15,allowOTC,24267
358,68,34269,M15LITHOFILLID,FALSE,m15,lithoFillerID,24269
358,93,34276,M15FILLKOR,FALSE,m15,fillBlockage,24276
358,141,12122,M15VLOLIB,FALSE,m15,vlolib,2122
358,142,12123,M15VHILIB,FALSE,m15,vhilib,2123
358,143,12124,M15DELTAVLIB,FALSE,m15,DeltaVlib,2124
358,144,12125,M15DELTAVLIB_M,FALSE,m15,DeltaVlib_m,2125
358,239,34290,M15RCSTOP,FALSE,m15,rcStop,24290
358,240,34291,M15RCSTART,FALSE,m15,rcStart,24291
358,250,34295,M15DUMMYFILL,FALSE,m15,fill,24295
358,252,34297,M15TRFILL,FALSE,m15,trFill,24297
358,253,34296,M15THERMALFILL,FALSE,m15,thermalFill,24296
358,254,12870,M15THERMALFILL2,FALSE,m15,thermalFill2,2870
358,260,34299,M15DENIDLDMAX,FALSE,m15,densityIDldmax,24299
358,261,34300,M15DENIDLDMIN,FALSE,m15,densityIDldmin,24300
358,262,34301,M15DENIDLDIMAX,FALSE,m15,densityIDldimax,24301
358,263,34302,M15DENIDLDIMIN,FALSE,m15,densityIDldimin,24302
358,264,34303,M15DENIDCDMAX,FALSE,m15,densityIDcdmax,24303
358,265,34304,M15DENIDCDMIN,FALSE,m15,densityIDcdmin,24304
358,298,55056,M15PWR,FALSE,m15,pwr,45056
358,305,34313,M15TSDRACTIVEFUTID,FALSE,m15,TSDRActiveFUTID,24313
358,306,55058,M15TSDRACTIVESPACEID,FALSE,m15,TSDRActiveSpace,45058
358,311,65171,M15TSDRMARK,FALSE,m15,TSDRmark,55171
358,317,55059,M15TSDRACTIVEE,FALSE,m15,TSDRActiveE,45059
358,333,34324,M15TSDRACTIVECDID,FALSE,m15,TSDRActiveCDID,24324
358,349,55061,M15TSDRACTIVECPID,FALSE,m15,TSDRActiveCPID,45061
358,378,14149,M15TSDRMARK2,FALSE,m15,TSDRmark2,4149
358,379,14176,M15TSDRMARK3,FALSE,m15,TSDRmark3,4176
358,408,55062,M15NOFDR,FALSE,m15,noFDR,45062
358,416,55063,M15NOBEARDID,FALSE,m15,noBeardID,45063
358,456,14123,M15TSDRACTIVES,FALSE,m15,TSDRActiveS,4123
358,458,55064,M15TSDRACTIVEFUT2ID,FALSE,m15,TSDRActiveFUT2ID,45064
358,509,55065,M15TESTCHIPROUTEID,FALSE,m15,testChipRouteID,45065
358,520,56970,M15VLO,FALSE,m15,vlo,46970
358,521,56971,M15VHI,FALSE,m15,vhi,46971
358,522,57005,M15VLOFC,FALSE,m15,vlofc,47005
358,523,57004,M15VHIFC,FALSE,m15,vhifc,47004
358,657,59909,M15DELTAV_M,FALSE,m15,DeltaV_m,49909
358,658,59910,M15DELTAV,FALSE,m15,DeltaV,49910
358,659,59911,M15DELTAVFC_M,FALSE,m15,DeltaVfc_m,49911
358,660,59912,M15DELTAVFC,FALSE,m15,DeltaVfc,49912
358,671,15039,M15VLIMIT,FALSE,m15,vlimit,5039
362,0,34638,V15DRAWN,FALSE,v15,drawing,24638
362,1,34639,V15KOR,FALSE,v15,blockage,24639
362,2,34640,V15PORT,FALSE,v15,pin,24640
362,51,34648,V15KGA,FALSE,v15,keepGenAway,24648
362,58,34649,V15ALLOWOTC,FALSE,v15,allowOTC,24649
362,68,34652,V15LITHOFILLID,FALSE,v15,lithoFillerID,24652
362,93,34654,V15FILLKOR,FALSE,v15,fillBlockage,24654
362,250,34663,V15DUMMYFILL,FALSE,v15,fill,24663
362,252,34665,V15TRFILL,FALSE,v15,trFill,24665
362,253,34664,V15THERMALFILL,FALSE,v15,thermalFill,24664
362,254,12881,V15THERMALFILL2,FALSE,v15,thermalFill2,2881
362,260,34667,V15DENIDLDMAX,FALSE,v15,densityIDldmax,24667
362,261,34668,V15DENIDLDMIN,FALSE,v15,densityIDldmin,24668
362,262,34669,V15DENIDLDIMAX,FALSE,v15,densityIDldimax,24669
362,263,34670,V15DENIDLDIMIN,FALSE,v15,densityIDldimin,24670
362,264,34671,V15DENIDCDMAX,FALSE,v15,densityIDcdmax,24671
362,265,34672,V15DENIDCDMIN,FALSE,v15,densityIDcdmin,24672
362,298,20069,V15PWR,FALSE,v15,pwr,10069
362,311,65185,V15TSDRMARK,FALSE,v15,TSDRmark,55185
362,327,34692,V15TSDRWING,FALSE,v15,TSDRWingID,24692
362,328,34693,V15TSDRNOWING,FALSE,v15,TSDRNoWingID,24693
362,333,38241,V15TSDRACTIVECDID,FALSE,v15,TSDRActiveCDID,28241
362,372,38242,V15TSDRACTIVEMISREGID,FALSE,v15,TSDRActiveMisregID,28242
362,375,54401,V15TSDRACTIVEMETALENCLOSEID,FALSE,v15,TSDRActiveMetalEncloseID,44401
364,0,60585,V18DRAWN,FALSE,v18,drawing,50585
364,1,60586,V18KOR,FALSE,v18,blockage,50586
364,2,60587,V18PORT,FALSE,v18,pin,50587
364,51,60588,V18KGA,FALSE,v18,keepGenAway,50588
364,58,60589,V18ALLOWOTC,FALSE,v18,allowOTC,50589
364,68,60590,V18LITHOFILLID,FALSE,v18,lithoFillerID,50590
364,93,60591,V18FILLKOR,FALSE,v18,fillBlockage,50591
364,250,60592,V18DUMMYFILL,FALSE,v18,fill,50592
364,252,60593,V18TRFILL,FALSE,v18,trFill,50593
364,253,60594,V18THERMALFILL,FALSE,v18,thermalFill,50594
364,254,60595,V18THERMALFILL2,FALSE,v18,thermalFill2,50595
364,260,60596,V18DENIDLDMAX,FALSE,v18,densityIDldmax,50596
364,261,60597,V18DENIDLDMIN,FALSE,v18,densityIDldmin,50597
364,262,60598,V18DENIDLDIMAX,FALSE,v18,densityIDldimax,50598
364,263,60599,V18DENIDLDIMIN,FALSE,v18,densityIDldimin,50599
364,264,60600,V18DENIDCDMAX,FALSE,v18,densityIDcdmax,50600
364,265,60601,V18DENIDCDMIN,FALSE,v18,densityIDcdmin,50601
364,327,60603,V18TSDRWING,FALSE,v18,TSDRWingID,50603
364,328,60604,V18TSDRNOWING,FALSE,v18,TSDRNoWingID,50604
364,333,60605,V18TSDRACTIVECDID,FALSE,v18,TSDRActiveCDID,50605
364,372,60606,V18TSDRACTIVEMISREGID,FALSE,v18,TSDRActiveMisregID,50606
364,375,60607,V18TSDRACTIVEMETALENCLOSEID,FALSE,v18,TSDRActiveMetalEncloseID,50607
367,0,55234,V16DRAWN,FALSE,v16,drawing,45234
367,1,55233,V16KOR,FALSE,v16,blockage,45233
367,2,55232,V16PORT,FALSE,v16,pin,45232
367,51,55231,V16KGA,FALSE,v16,keepGenAway,45231
367,58,55230,V16ALLOWOTC,FALSE,v16,allowOTC,45230
367,68,55229,V16LITHOFILLID,FALSE,v16,lithoFillerID,45229
367,93,55228,V16FILLKOR,FALSE,v16,fillBlockage,45228
367,250,55225,V16DUMMYFILL,FALSE,v16,fill,45225
367,252,55224,V16TRFILL,FALSE,v16,trFill,45224
367,253,55223,V16THERMALFILL,FALSE,v16,thermalFill,45223
367,254,12882,V16THERMALFILL2,FALSE,v16,thermalFill2,2882
367,260,55222,V16DENIDLDMAX,FALSE,v16,densityIDldmax,45222
367,261,55221,V16DENIDLDMIN,FALSE,v16,densityIDldmin,45221
367,262,55220,V16DENIDLDIMAX,FALSE,v16,densityIDldimax,45220
367,263,55219,V16DENIDLDIMIN,FALSE,v16,densityIDldimin,45219
367,264,55218,V16DENIDCDMAX,FALSE,v16,densityIDcdmax,45218
367,265,55217,V16DENIDCDMIN,FALSE,v16,densityIDcdmin,45217
367,327,55215,V16TSDRWING,FALSE,v16,TSDRWingID,45215
367,328,55214,V16TSDRNOWING,FALSE,v16,TSDRNoWingID,45214
367,333,55213,V16TSDRACTIVECDID,FALSE,v16,TSDRActiveCDID,45213
367,372,55212,V16TSDRACTIVEMISREGID,FALSE,v16,TSDRActiveMisregID,45212
367,375,55211,V16TSDRACTIVEMETALENCLOSEID,FALSE,v16,TSDRActiveMetalEncloseID,45211
368,0,55324,M17DRAWN,FALSE,m17,drawing,45324
368,1,55325,M17KOR,FALSE,m17,blockage,45325
368,2,55326,M17PORT,FALSE,m17,pin,45326
368,4,55327,M17RESID,FALSE,m17,resID,45327
368,21,12655,M17CRITICALID,FALSE,m17,critical,2655
368,51,55328,M17KGA,FALSE,m17,keepGenAway,45328
368,58,55329,M17ALLOWOTC,FALSE,m17,allowOTC,45329
368,68,55330,M17LITHOFILLID,FALSE,m17,lithoFillerID,45330
368,93,55331,M17FILLKOR,FALSE,m17,fillBlockage,45331
368,141,55335,M17VLOLIB,FALSE,m17,vlolib,45335
368,142,55336,M17VHILIB,FALSE,m17,vhilib,45336
368,143,55338,M17DELTAVLIB,FALSE,m17,DeltaVlib,45338
368,144,55345,M17DELTAVLIB_M,FALSE,m17,DeltaVlib_m,45345
368,239,55368,M17RCSTOP,FALSE,m17,rcStop,45368
368,240,55388,M17RCSTART,FALSE,m17,rcStart,45388
368,250,55392,M17DUMMYFILL,FALSE,m17,fill,45392
368,252,55393,M17TRFILL,FALSE,m17,trFill,45393
368,253,55394,M17THERMALFILL,FALSE,m17,thermalFill,45394
368,254,12872,M17THERMALFILL2,FALSE,m17,thermalFill2,2872
368,260,55395,M17DENIDLDMAX,FALSE,m17,densityIDldmax,45395
368,261,55396,M17DENIDLDMIN,FALSE,m17,densityIDldmin,45396
368,262,55397,M17DENIDLDIMAX,FALSE,m17,densityIDldimax,45397
368,263,55398,M17DENIDLDIMIN,FALSE,m17,densityIDldimin,45398
368,264,55399,M17DENIDCDMAX,FALSE,m17,densityIDcdmax,45399
368,265,55400,M17DENIDCDMIN,FALSE,m17,densityIDcdmin,45400
368,305,55403,M17TSDRACTIVEFUTID,FALSE,m17,TSDRActiveFUTID,45403
368,306,55404,M17TSDRACTIVESPACEID,FALSE,m17,TSDRActiveSpace,45404
368,317,55405,M17TSDRACTIVEE,FALSE,m17,TSDRActiveE,45405
368,333,55406,M17TSDRACTIVECDID,FALSE,m17,TSDRActiveCDID,45406
368,349,55407,M17TSDRACTIVECPID,FALSE,m17,TSDRActiveCPID,45407
368,408,55408,M17NOFDR,FALSE,m17,noFDR,45408
368,416,55409,M17NOBEARDID,FALSE,m17,noBeardID,45409
368,458,55410,M17TSDRACTIVEFUT2ID,FALSE,m17,TSDRActiveFUT2ID,45410
368,509,55411,M17TESTCHIPROUTEID,FALSE,m17,testChipRouteID,45411
368,520,55412,M17VLO,FALSE,m17,vlo,45412
368,521,55413,M17VHI,FALSE,m17,vhi,45413
368,522,55414,M17VLOFC,FALSE,m17,vlofc,45414
368,523,55415,M17VHIFC,FALSE,m17,vhifc,45415
368,657,55420,M17DELTAV_M,FALSE,m17,DeltaV_m,45420
368,658,55421,M17DELTAV,FALSE,m17,DeltaV,45421
368,659,55422,M17DELTAVFC_M,FALSE,m17,DeltaVfc_m,45422
368,660,55423,M17DELTAVFC,FALSE,m17,DeltaVfc,45423
368,671,15041,M17VLIMIT,FALSE,m17,vlimit,5041
369,0,55260,V17DRAWN,FALSE,v17,drawing,45260
369,1,55259,V17KOR,FALSE,v17,blockage,45259
369,2,55258,V17PORT,FALSE,v17,pin,45258
369,51,55257,V17KGA,FALSE,v17,keepGenAway,45257
369,58,55256,V17ALLOWOTC,FALSE,v17,allowOTC,45256
369,68,55255,V17LITHOFILLID,FALSE,v17,lithoFillerID,45255
369,93,55254,V17FILLKOR,FALSE,v17,fillBlockage,45254
369,250,55251,V17DUMMYFILL,FALSE,v17,fill,45251
369,252,55250,V17TRFILL,FALSE,v17,trFill,45250
369,253,55249,V17THERMALFILL,FALSE,v17,thermalFill,45249
369,254,12883,V17THERMALFILL2,FALSE,v17,thermalFill2,2883
369,260,55248,V17DENIDLDMAX,FALSE,v17,densityIDldmax,45248
369,261,55247,V17DENIDLDMIN,FALSE,v17,densityIDldmin,45247
369,262,55246,V17DENIDLDIMAX,FALSE,v17,densityIDldimax,45246
369,263,55243,V17DENIDLDIMIN,FALSE,v17,densityIDldimin,45243
369,264,55242,V17DENIDCDMAX,FALSE,v17,densityIDcdmax,45242
369,265,55241,V17DENIDCDMIN,FALSE,v17,densityIDcdmin,45241
369,327,55239,V17TSDRWING,FALSE,v17,TSDRWingID,45239
369,328,55238,V17TSDRNOWING,FALSE,v17,TSDRNoWingID,45238
369,333,55237,V17TSDRACTIVECDID,FALSE,v17,TSDRActiveCDID,45237
369,372,55236,V17TSDRACTIVEMISREGID,FALSE,v17,TSDRActiveMisregID,45236
369,375,55235,V17TSDRACTIVEMETALENCLOSEID,FALSE,v17,TSDRActiveMetalEncloseID,45235
370,0,55319,M18DRAWN,FALSE,m18,drawing,45319
370,1,55318,M18KOR,FALSE,m18,blockage,45318
370,2,55316,M18PORT,FALSE,m18,pin,45316
370,4,55312,M18RESID,FALSE,m18,resID,45312
370,21,12654,M18CRITICALID,FALSE,m18,critical,2654
370,51,55308,M18KGA,FALSE,m18,keepGenAway,45308
370,58,55307,M18ALLOWOTC,FALSE,m18,allowOTC,45307
370,68,55306,M18LITHOFILLID,FALSE,m18,lithoFillerID,45306
370,93,55305,M18FILLKOR,FALSE,m18,fillBlockage,45305
370,141,55301,M18VLOLIB,FALSE,m18,vlolib,45301
370,142,55300,M18VHILIB,FALSE,m18,vhilib,45300
370,143,55299,M18DELTAVLIB,FALSE,m18,DeltaVlib,45299
370,144,55298,M18DELTAVLIB_M,FALSE,m18,DeltaVlib_m,45298
370,239,55297,M18RCSTOP,FALSE,m18,rcStop,45297
370,240,55296,M18RCSTART,FALSE,m18,rcStart,45296
370,250,55292,M18DUMMYFILL,FALSE,m18,fill,45292
370,252,55291,M18TRFILL,FALSE,m18,trFill,45291
370,253,55290,M18THERMALFILL,FALSE,m18,thermalFill,45290
370,254,12873,M18THERMALFILL2,FALSE,m18,thermalFill2,2873
370,260,55289,M18DENIDLDMAX,FALSE,m18,densityIDldmax,45289
370,261,55288,M18DENIDLDMIN,FALSE,m18,densityIDldmin,45288
370,262,55287,M18DENIDLDIMAX,FALSE,m18,densityIDldimax,45287
370,263,55286,M18DENIDLDIMIN,FALSE,m18,densityIDldimin,45286
370,264,55285,M18DENIDCDMAX,FALSE,m18,densityIDcdmax,45285
370,265,55284,M18DENIDCDMIN,FALSE,m18,densityIDcdmin,45284
370,305,55281,M18TSDRACTIVEFUTID,FALSE,m18,TSDRActiveFUTID,45281
370,306,55280,M18TSDRACTIVESPACEID,FALSE,m18,TSDRActiveSpace,45280
370,317,55279,M18TSDRACTIVEE,FALSE,m18,TSDRActiveE,45279
370,333,55278,M18TSDRACTIVECDID,FALSE,m18,TSDRActiveCDID,45278
370,349,55277,M18TSDRACTIVECPID,FALSE,m18,TSDRActiveCPID,45277
370,408,55276,M18NOFDR,FALSE,m18,noFDR,45276
370,416,55275,M18NOBEARDID,FALSE,m18,noBeardID,45275
370,458,55274,M18TSDRACTIVEFUT2ID,FALSE,m18,TSDRActiveFUT2ID,45274
370,509,55273,M18TESTCHIPROUTEID,FALSE,m18,testChipRouteID,45273
370,520,55272,M18VLO,FALSE,m18,vlo,45272
370,521,55271,M18VHI,FALSE,m18,vhi,45271
370,522,55270,M18VLOFC,FALSE,m18,vlofc,45270
370,523,55269,M18VHIFC,FALSE,m18,vhifc,45269
370,657,55264,M18DELTAV_M,FALSE,m18,DeltaV_m,45264
370,658,55263,M18DELTAV,FALSE,m18,DeltaV,45263
370,659,55262,M18DELTAVFC_M,FALSE,m18,DeltaVfc_m,45262
370,660,55261,M18DELTAVFC,FALSE,m18,DeltaVfc,45261
370,671,15042,M18VLIMIT,FALSE,m18,vlimit,5042
385,0,36425,GVADRAWN,FALSE,gva,drawing,26425
385,1,36426,GVAKOR,FALSE,gva,blockage,26426
385,2,36427,GVAPORT,FALSE,gva,pin,26427
385,51,36435,GVAKGA,FALSE,gva,keepGenAway,26435
385,68,36440,GVALITHOFILLID,FALSE,gva,lithoFillerID,26440
385,93,36445,GVAFILLKOR,FALSE,gva,fillBlockage,26445
385,250,36454,GVADUMMYFILL,FALSE,gva,fill,26454
385,252,36456,GVATRFILL,FALSE,gva,trFill,26456
385,260,36458,GVADENIDLDMAX,FALSE,gva,densityIDldmax,26458
385,261,36459,GVADENIDLDMIN,FALSE,gva,densityIDldmin,26459
385,262,36460,GVADENIDLDIMAX,FALSE,gva,densityIDldimax,26460
385,263,36461,GVADENIDLDIMIN,FALSE,gva,densityIDldimin,26461
385,264,36462,GVADENIDCDMAX,FALSE,gva,densityIDcdmax,26462
385,265,36463,GVADENIDCDMIN,FALSE,gva,densityIDcdmin,26463
385,270,37893,GVAFSID,FALSE,gva,FSID,27893
403,0,60584,V19DRAWN,FALSE,v19,drawing,50584
403,1,60583,V19KOR,FALSE,v19,blockage,50583
403,2,60582,V19PORT,FALSE,v19,pin,50582
403,51,60581,V19KGA,FALSE,v19,keepGenAway,50581
403,58,60580,V19ALLOWOTC,FALSE,v19,allowOTC,50580
403,68,60579,V19LITHOFILLID,FALSE,v19,lithoFillerID,50579
403,93,60578,V19FILLKOR,FALSE,v19,fillBlockage,50578
403,250,60577,V19DUMMYFILL,FALSE,v19,fill,50577
403,252,60576,V19TRFILL,FALSE,v19,trFill,50576
403,253,60575,V19THERMALFILL,FALSE,v19,thermalFill,50575
403,254,60574,V19THERMALFILL2,FALSE,v19,thermalFill2,50574
403,260,60573,V19DENIDLDMAX,FALSE,v19,densityIDldmax,50573
403,261,60572,V19DENIDLDMIN,FALSE,v19,densityIDldmin,50572
403,262,60571,V19DENIDLDIMAX,FALSE,v19,densityIDldimax,50571
403,263,60570,V19DENIDLDIMIN,FALSE,v19,densityIDldimin,50570
403,264,60569,V19DENIDCDMAX,FALSE,v19,densityIDcdmax,50569
403,265,60568,V19DENIDCDMIN,FALSE,v19,densityIDcdmin,50568
403,327,60566,V19TSDRWING,FALSE,v19,TSDRWingID,50566
403,328,60565,V19TSDRNOWING,FALSE,v19,TSDRNoWingID,50565
403,333,60564,V19TSDRACTIVECDID,FALSE,v19,TSDRActiveCDID,50564
403,372,60563,V19TSDRACTIVEMISREGID,FALSE,v19,TSDRActiveMisregID,50563
403,375,60562,V19TSDRACTIVEMETALENCLOSEID,FALSE,v19,TSDRActiveMetalEncloseID,50562
496,100,38220,QABOUNDARY,FALSE,qaboundary,drawing,28220
496,101,38221,QAPASS,FALSE,qapass,drawing,28221
496,102,38222,QAFAIL,FALSE,qafail,drawing,28222
496,103,38223,QAABORT,FALSE,qaabort,drawing,28223
496,104,38224,QASKIP,FALSE,qaskip,drawing,28224
496,105,38225,QAWAIVED,FALSE,qawaived,drawing,28225
496,106,38226,QANOTE,FALSE,qanote,drawing,28226
496,107,38227,QAACTION,FALSE,qaaction,drawing,28227
496,108,38248,QASNIP,FALSE,qasnip,drawing,28248
496,200,55446,QA_EDM_MX_SPACE_ID,FALSE,edmMxSpace,id,45446
497,0,35674,SUBISODRAWN,FALSE,subiso,drawing,25674
497,2,18685,PWELL_SUBISOPORT,FALSE,subiso,pin,8685
509,0,11571,TRMDRAWN,FALSE,trm,drawing,1571
509,1,11572,TRMKOR,FALSE,trm,blockage,1572
509,2,11578,TRMPORT,FALSE,trm,pin,1578
509,93,11579,TRMFILLKOR,FALSE,trm,fillBlockage,1579
509,250,11580,TRMDUMMYFILL,FALSE,trm,fill,1580
510,0,11584,VCRNUBDRAWN,FALSE,vcrnub,drawing,1584
510,1,11585,VCRNUBKOR,FALSE,vcrnub,blockage,1585
510,2,11664,VCRNUBPORT,FALSE,vcrnub,pin,1664
510,93,11665,VCRNUBFILLKOR,FALSE,vcrnub,fillBlockage,1665
510,250,11673,VCRNUBDUMMYFILL,FALSE,vcrnub,fill,1673
510,333,60660,VCRNUB_TSDRACTIVECDID,FALSE,vcrnub,TSDRActiveCDID,50660
510,334,60964,VCRNUB_TSDRACTIVEEXTENSION,FALSE,vcrnub,TSDRActiveExtension,50964
510,335,60965,VCRNUB_TSDRACTIVECOMBO,FALSE,vcrnub,TSDRActiveCombo,50965
510,372,60661,VCRNUB_TSDRACTIVEMISREGID,FALSE,vcrnub,TSDRActiveMisregID,50661
510,402,60963,VCRNUB_TSDRACTIVENOSPINE,FALSE,vcrnub,TSDRActiveNoSpine,50963
560,0,10986,M2CLR2DRAWN,FALSE,m2_color2,drawing,986
560,1,11731,M2CLR2KOR,FALSE,m2_color2,blockage,1731
560,2,10987,M2CLR2PORT,FALSE,m2_color2,pin,987
560,93,11636,M2CLR2FILLKOR,FALSE,m2_color2,fillBlockage,1636
560,250,10988,M2CLR2DUMMYFILL,FALSE,m2_color2,fill,988
560,253,16223,M2CLR2THERMALFILL,FALSE,m2_color2,thermalFill,6223
560,254,12853,M2CLR2THERMALFILL2,FALSE,m2_color2,thermalFill2,2853
560,408,11086,M2CLR2NOFDR,FALSE,m2_color2,noFDR,1086
560,416,11087,M2CLR2NOBEARDID,FALSE,m2_color2,noBeardID,1087
567,100,21750,C4ALN_CELL,FALSE,celltypeid,c4aln,11750
567,101,21751,C4CD_CELL,FALSE,celltypeid,c4cd,11751
567,102,21752,DFT_CELL,FALSE,celltypeid,dft,11752
567,103,21753,EM_CELL,FALSE,celltypeid,em,11753
567,104,21754,ETEST_CELL,FALSE,celltypeid,etest,11754
567,105,21755,FBECD_CELL,FALSE,celltypeid,fbecd,11755
567,106,21756,IMPCD_CELL,FALSE,celltypeid,impcd,11756
567,107,21757,LOCD_CELL,FALSE,celltypeid,locd,11757
567,108,21758,LSCD_CELL,FALSE,celltypeid,lscd,11758
567,109,21759,MTSQSC_CELL,FALSE,celltypeid,mtsqsc,11759
567,110,21760,OCD_CELL,FALSE,celltypeid,ocd,11760
567,111,21761,PATTREC_CELL,FALSE,celltypeid,pattrec,11761
567,112,21762,PCTCD_CELL,FALSE,celltypeid,pctcd,11762
567,113,21763,POLYCD_CELL,FALSE,celltypeid,polycd,11763
567,114,21764,QRML_CELL,FALSE,celltypeid,qrml,11764
567,115,21765,QTFM_CELL,FALSE,celltypeid,qtfm,11765
567,116,21766,TSVCD_CELL,FALSE,celltypeid,tsvcd,11766
567,117,21767,VIACD_CELL,FALSE,celltypeid,viacd,11767
567,118,21768,SPM_CELL,FALSE,celltypeid,spm,11768
567,119,65144,CMP_CELL,FALSE,celltypeid,cmp,55144
567,120,21771,NIKON_CELL,FALSE,celltypeid,nikon,11771
567,121,21772,ASML_CELL,FALSE,celltypeid,asml,11772
567,122,21773,DBO_CELL,FALSE,celltypeid,dbo,11773
567,123,21774,IBO_CELL,FALSE,celltypeid,ibo,11774
567,125,21776,BEARD_CELL,FALSE,celltypeid,beard,11776
567,126,24604,CORNERLETTER_CELL,FALSE,celltypeid,cornerletters,14604
567,127,24605,FALIGN_CELL,FALSE,celltypeid,falign,14605
567,130,28346,SDRLIKE_CELL,FALSE,celltypeid,sdrlike,18346
567,131,28415,FDRFILLER_CELL,FALSE,celltypeid,fdrfiller,18415
567,132,30396,EOWER_CELL,FALSE,celltypeid,eower,20396
567,133,30397,EOWCR_CELL,FALSE,celltypeid,eowcr,20397
567,135,55367,FECRITDRAWN,FALSE,FECRIT,drawing,45367
567,142,60561,OVL_CELL,FALSE,celltypeid,ovl,50561
567,143,12786,SORTALIGN_CELL,FALSE,celltypeid,sortalign,2786
567,147,32431,CELLTYPEIDBEARD2,FALSE,celltypeid,beard2,22431
567,149,61399,QFLAT_CELL,FALSE,celltypeid,qflat,51399
567,150,21636,CMCFLE_DFBLANKING,FALSE,CMCFLE,DFblanking,11636
567,151,21637,EPSMFLE_CFBLANKING,FALSE,EPSMFLE,CFblanking,11637
567,152,21638,EPSM2FLE_CFBLANKING,FALSE,EPSM2FLE,CFblanking,11638
567,153,21639,COGFLE_CFBLANKING,FALSE,COGFLE,CFblanking,11639
567,154,21640,CMC_DFBLANKING,FALSE,CMC,DFblanking,11640
567,155,21641,EPSM_CFBLANKING,FALSE,EPSM,CFblanking,11641
567,156,21642,EPSM2_CFBLANKING,FALSE,EPSM2,CFblanking,11642
567,157,21643,COG_CFBLANKING,FALSE,COG,CFblanking,11643
567,158,21644,COGSPECIAL_CFBLANKING,FALSE,COGspecial,CFblanking,11644
567,159,24335,EPSM3FLE_CFBLANKING,FALSE,EPSM3FLE,CFblanking,14335
567,160,24336,EPSM3_CFBLANKING,FALSE,EPSM3,CFblanking,14336
567,161,27973,EPSM4FLE_CFBLANKING,FALSE,EPSM4FLE,CFblanking,17973
567,162,27974,EPSM4_CFBLANKING,FALSE,EPSM4,CFblanking,17974
567,166,38094,NOVL_CELL,FALSE,celltypeid,novl,28094
567,167,40126,EXPERIMENT_CELL,FALSE,celltypeid,experiment,30126
567,168,40127,FESDRLIKE_CELL,FALSE,celltypeid,fesdrlike,30127
567,169,32438,DBOTRANSITION_CELL,FALSE,celltypeid,DBOtransition,22438
567,170,32436,ASMLTRANSITION_CELL,FALSE,celltypeid,ASMLtransition,22436
567,171,33215,FSOL_CELL,FALSE,celltypeid,fsol,23215
567,172,33597,EUV_CFBLANKING,FALSE,EUV,CFblanking,23597
567,173,33598,EUVFLE_CFBLANKING,FALSE,EUVFLE,CFblanking,23598
567,174,31030,FSOLCORE_CELL,FALSE,celltypeid,fsolCore,21030
567,175,61395,PFINCACE10_CELL,FALSE,celltypeid,pfinace10,51395
567,176,61396,PFINACE09_CELL,FALSE,celltypeid,pfinace09,51396
567,177,61397,PFINACE08_CELL,FALSE,celltypeid,pfinace08,51397
567,178,61398,PFINACE07_CELL,FALSE,celltypeid,pfinace07,51398
567,186,18212,METALCD_CELL,FALSE,celltypeid,metalcd,8212
567,187,18213,BAKCD_CELL,FALSE,celltypeid,bakcd,8213
567,188,18214,ACECD_CELL,FALSE,celltypeid,acecd,8214
567,189,18215,ACELABEL_CELL,FALSE,celltypeid,acelabel,8215
567,190,18679,FINSDRLIKE_CELL,FALSE,celltypeid,finsdrlike,8679
567,191,20027,CANON_CELL,FALSE,celltypeid,canon,10027
567,192,53792,DSACUTSYNTH_CELL,FALSE,celltypeid,dsaCutSynth,43792
567,193,54327,CDBO_CELL,FALSE,celltypeid,cdbo,44327
567,194,54328,IDBO_CELL,FALSE,celltypeid,idbo,44328
567,195,54329,NOVLSPM_CELL,FALSE,celltypeid,novlspm,44329
567,196,54330,INOVL_CELL,FALSE,celltypeid,inovl,44330
567,197,54331,NOVLQUAD_CELL,FALSE,celltypeid,novlquad,44331
567,198,54332,IBONOVL_CELL,FALSE,celltypeid,ibonovl,44332
567,199,55343,SDRTRANSITION_CELL,FALSE,celltypeid,SDRtransition,45343
567,200,55761,SPMINNER_CELL,FALSE,celltypeid,spmInner,45761
567,201,55762,SPMOUTER_CELL,FALSE,celltypeid,spmOuter,45762
567,202,58114,DSABEARD_CELL,FALSE,celltypeid,dsabeard,48114
567,203,58115,DSAEOWCR_CELL,FALSE,celltypeid,dsaeowcr,48115
567,204,58116,DSAEOWER_CELL,FALSE,celltypeid,dsaeower,48116
567,205,58117,ETESTTRANSITION_CELL,FALSE,celltypeid,etestTransition,48117
567,206,34506,SXR_CELL,FALSE,celltypeid,sxr,24506
567,207,34507,EXPTFSOL_CELL,FALSE,celltypeid,exptFSOL,24507
567,209,11073,EOWABUTMENT_CELL,FALSE,celltypeid,eowabutment,1073
567,210,11072,EOWOVERLAP_CELL,FALSE,celltypeid,eowoverlap,1072
567,224,13984,COGPOLYIMIDE_CFBLANKING,FALSE,COGpolyimide,CFblanking,3984
567,225,26342,FLATPAD_CELL,FALSE,celltypeid,flatpad,16342
567,226,62516,SXRKLA_CELL,FALSE,celltypeid,sxrkla,52516
567,227,62534,MFZEOW_CELL,FALSE,celltypeid,mfzeow,52534
567,228,62535,MFZFILLER_CELL,FALSE,celltypeid,mfzfiller,52535
567,229,36887,DBOSPM_CELL,FALSE,celltypeid,dbospm,26887
567,230,36888,SPMFALSESB_CELL,FALSE,celltypeid,spmfalsesb,26888
567,231,36889,SPMTRUESB_CELL,FALSE,celltypeid,spmtruesb,26889
567,232,36890,CDBOSPM_CELL,FALSE,celltypeid,cdbospm,26890
567,233,36886,MINIMFZ_CELL,FALSE,celltypeid,minimfz,26886
567,234,36988,WATDREG_CELL,FALSE,celltypeid,watdReg,26988
567,235,36989,WATDCMP_CELL,FALSE,celltypeid,watdCmp,26989
567,501,53797,PREPACE01,FALSE,celltypeid,prepace01,43797
567,502,53798,PREPACE02,FALSE,celltypeid,prepace02,43798
567,503,53799,PREPACE03,FALSE,celltypeid,prepace03,43799
567,504,53800,PREPACE04,FALSE,celltypeid,prepace04,43800
567,505,53801,PREPACE05,FALSE,celltypeid,prepace05,43801
567,506,53802,PREPACE06,FALSE,celltypeid,prepace06,43802
567,507,53803,PREPACE07,FALSE,celltypeid,prepace07,43803
567,508,53804,PREPACE08,FALSE,celltypeid,prepace08,43804
567,509,53805,PREPACE09,FALSE,celltypeid,prepace09,43805
567,510,53806,PREPACE10,FALSE,celltypeid,prepace10,43806
567,511,53807,PREPACE11,FALSE,celltypeid,prepace11,43807
567,512,53808,PREPACE12,FALSE,celltypeid,prepace12,43808
567,513,53809,PREPACE13,FALSE,celltypeid,prepace13,43809
567,514,53810,PREPACE14,FALSE,celltypeid,prepace14,43810
567,515,53811,PREPACE15,FALSE,celltypeid,prepace15,43811
567,516,53812,PREPACE16,FALSE,celltypeid,prepace16,43812
567,517,53813,PREPACE17,FALSE,celltypeid,prepace17,43813
567,518,53814,PREPACE18,FALSE,celltypeid,prepace18,43814
567,519,53815,PREPACE19,FALSE,celltypeid,prepace19,43815
567,520,53816,PREPACE20,FALSE,celltypeid,prepace20,43816
567,531,53836,PSTPACE01,FALSE,celltypeid,pstpace01,43836
567,532,53835,PSTPACE02,FALSE,celltypeid,pstpace02,43835
567,533,53834,PSTPACE03,FALSE,celltypeid,pstpace03,43834
567,534,53833,PSTPACE04,FALSE,celltypeid,pstpace04,43833
567,535,53832,PSTPACE05,FALSE,celltypeid,pstpace05,43832
567,536,53831,PSTPACE06,FALSE,celltypeid,pstpace06,43831
567,537,53830,PSTPACE07,FALSE,celltypeid,pstpace07,43830
567,538,53829,PSTPACE08,FALSE,celltypeid,pstpace08,43829
567,539,53828,PSTPACE09,FALSE,celltypeid,pstpace09,43828
567,540,53827,PSTPACE10,FALSE,celltypeid,pstpace10,43827
567,541,53826,PSTPACE11,FALSE,celltypeid,pstpace11,43826
567,542,53825,PSTPACE12,FALSE,celltypeid,pstpace12,43825
567,543,53824,PSTPACE13,FALSE,celltypeid,pstpace13,43824
567,544,53823,PSTPACE14,FALSE,celltypeid,pstpace14,43823
567,545,53822,PSTPACE15,FALSE,celltypeid,pstpace15,43822
567,546,53821,PSTPACE16,FALSE,celltypeid,pstpace16,43821
567,547,53820,PSTPACE17,FALSE,celltypeid,pstpace17,43820
567,548,53819,PSTPACE18,FALSE,celltypeid,pstpace18,43819
567,549,53818,PSTPACE19,FALSE,celltypeid,pstpace19,43818
567,550,53817,PSTPACE20,FALSE,celltypeid,pstpace20,43817
567,551,53847,PSTPACE21,FALSE,celltypeid,pstpace21,43847
567,552,53848,PSTPACE22,FALSE,celltypeid,pstpace22,43848
567,553,53849,PSTPACE23,FALSE,celltypeid,pstpace23,43849
567,554,53850,PSTPACE24,FALSE,celltypeid,pstpace24,43850
567,555,53851,PSTPACE25,FALSE,celltypeid,pstpace25,43851
567,556,53852,PSTPACE26,FALSE,celltypeid,pstpace26,43852
567,557,53853,PSTPACE27,FALSE,celltypeid,pstpace27,43853
567,558,53854,PSTPACE28,FALSE,celltypeid,pstpace28,43854
567,559,53855,PSTPACE29,FALSE,celltypeid,pstpace29,43855
567,560,53856,PSTPACE30,FALSE,celltypeid,pstpace30,43856
567,561,53838,PSTPACE31,FALSE,celltypeid,pstpace31,43838
567,562,53839,PSTPACE32,FALSE,celltypeid,pstpace32,43839
567,563,53840,PSTPACE33,FALSE,celltypeid,pstpace33,43840
567,564,53841,PSTPACE34,FALSE,celltypeid,pstpace34,43841
567,565,53842,PSTPACE35,FALSE,celltypeid,pstpace35,43842
567,566,53843,PSTPACE36,FALSE,celltypeid,pstpace36,43843
567,567,53844,PSTPACE37,FALSE,celltypeid,pstpace37,43844
567,568,53845,PSTPACE38,FALSE,celltypeid,pstpace38,43845
567,569,53846,PSTPACE39,FALSE,celltypeid,pstpace39,43846
567,570,53837,PSTPACE40,FALSE,celltypeid,pstpace40,43837
567,571,64728,BSACE01_CELL,FALSE,celltypeid,bsace01,54728
567,572,64729,BSACE02_CELL,FALSE,celltypeid,bsace02,54729
567,573,64730,BSACE03_CELL,FALSE,celltypeid,bsace03,54730
567,574,64738,BSACE04_CELL,FALSE,celltypeid,bsace04,54738
567,575,64739,BSACE05_CELL,FALSE,celltypeid,bsace05,54739
567,576,64740,BSACE06_CELL,FALSE,celltypeid,bsace06,54740
567,577,64741,BSACE07_CELL,FALSE,celltypeid,bsace07,54741
567,578,64742,BSACE08_CELL,FALSE,celltypeid,bsace08,54742
567,579,64743,BSACE09_CELL,FALSE,celltypeid,bsace09,54743
567,580,64744,BSACE10_CELL,FALSE,celltypeid,bsace10,54744
567,601,55347,FECRIT01,FALSE,celltypeid,fecrit01,45347
567,602,55385,FECRIT02,FALSE,celltypeid,fecrit02,45385
567,603,55386,FECRIT03,FALSE,celltypeid,fecrit03,45386
567,604,55387,FECRIT04,FALSE,celltypeid,fecrit04,45387
567,605,55351,FECRIT05,FALSE,celltypeid,fecrit05,45351
567,606,55352,FECRIT06,FALSE,celltypeid,fecrit06,45352
567,607,55353,FECRIT07,FALSE,celltypeid,fecrit07,45353
567,608,55354,FECRIT08,FALSE,celltypeid,fecrit08,45354
567,609,55355,FECRIT09,FALSE,celltypeid,fecrit09,45355
567,610,55356,FECRIT10,FALSE,celltypeid,fecrit10,45356
567,611,55357,FECRIT11,FALSE,celltypeid,fecrit11,45357
567,612,55358,FECRIT12,FALSE,celltypeid,fecrit12,45358
567,613,55359,FECRIT13,FALSE,celltypeid,fecrit13,45359
567,614,55360,FECRIT14,FALSE,celltypeid,fecrit14,45360
567,615,55361,FECRIT15,FALSE,celltypeid,fecrit15,45361
567,616,55362,FECRIT16,FALSE,celltypeid,fecrit16,45362
567,617,55363,FECRIT17,FALSE,celltypeid,fecrit17,45363
567,618,55364,FECRIT18,FALSE,celltypeid,fecrit18,45364
567,619,55365,FECRIT19,FALSE,celltypeid,fecrit19,45365
567,620,55366,FECRIT20,FALSE,celltypeid,fecrit20,45366
567,621,55731,FECRIT21,FALSE,celltypeid,fecrit21,45731
567,622,55732,FECRIT22,FALSE,celltypeid,fecrit22,45732
567,623,55733,FECRIT23,FALSE,celltypeid,fecrit23,45733
567,624,55734,FECRIT24,FALSE,celltypeid,fecrit24,45734
567,625,55735,FECRIT25,FALSE,celltypeid,fecrit25,45735
567,626,55736,FECRIT26,FALSE,celltypeid,fecrit26,45736
567,627,55737,FECRIT27,FALSE,celltypeid,fecrit27,45737
567,628,55738,FECRIT28,FALSE,celltypeid,fecrit28,45738
567,629,55739,FECRIT29,FALSE,celltypeid,fecrit29,45739
567,630,55740,FECRIT30,FALSE,celltypeid,fecrit30,45740
567,631,55741,FECRIT31,FALSE,celltypeid,fecrit31,45741
567,632,55742,FECRIT32,FALSE,celltypeid,fecrit32,45742
567,633,55743,FECRIT33,FALSE,celltypeid,fecrit33,45743
567,634,55744,FECRIT34,FALSE,celltypeid,fecrit34,45744
567,635,55745,FECRIT35,FALSE,celltypeid,fecrit35,45745
567,636,55746,FECRIT36,FALSE,celltypeid,fecrit36,45746
567,637,55747,FECRIT37,FALSE,celltypeid,fecrit37,45747
567,638,55748,FECRIT38,FALSE,celltypeid,fecrit38,45748
567,639,55749,FECRIT39,FALSE,celltypeid,fecrit39,45749
567,640,55750,FECRIT40,FALSE,celltypeid,fecrit40,45750
567,641,55751,FECRIT41,FALSE,celltypeid,fecrit41,45751
567,642,55752,FECRIT42,FALSE,celltypeid,fecrit42,45752
567,643,55753,FECRIT43,FALSE,celltypeid,fecrit43,45753
567,644,55754,FECRIT44,FALSE,celltypeid,fecrit44,45754
567,645,55755,FECRIT45,FALSE,celltypeid,fecrit45,45755
567,646,55756,FECRIT46,FALSE,celltypeid,fecrit46,45756
567,647,55757,FECRIT47,FALSE,celltypeid,fecrit47,45757
567,648,55758,FECRIT48,FALSE,celltypeid,fecrit48,45758
567,649,55759,FECRIT49,FALSE,celltypeid,fecrit49,45759
567,650,55760,FECRIT50,FALSE,celltypeid,fecrit50,45760
567,651,17783,EPE_CELL,FALSE,celltypeid,epe,7783
567,652,54247,PFINACE01_CELL,FALSE,celltypeid,pfinace01,44247
567,653,54248,PFINACE02_CELL,FALSE,celltypeid,pfinace02,44248
567,654,54249,PFINACE03_CELL,FALSE,celltypeid,pfinace03,44249
567,655,54250,PFINACE04_CELL,FALSE,celltypeid,pfinace04,44250
567,656,54251,PFINACE05_CELL,FALSE,celltypeid,pfinace05,44251
567,657,54252,PFINACE06_CELL,FALSE,celltypeid,pfinace06,44252
567,658,27233,IDRTYPEL_CELL,FALSE,idrTypeL,celltypeid,17233
567,659,27234,IDRTYPEHNA_CELL,FALSE,idrTypeHNA,celltypeid,17234
567,660,54479,FRAMEFSOL_CELL,FALSE,celltypeid,frameFSOL,44479
567,661,36968,FRAMEPSOL_CELL,FALSE,celltypeid,framePSOL,26968
567,662,36969,FRAMEPSOLCORE_CELL,FALSE,celltypeid,framePSOLcore,26969
567,663,54362,PSOL_CELL,FALSE,celltypeid,PSOL,44362
567,664,54363,PSOLCORE_CELL,FALSE,celltypeid,PSOLcore,44363
567,665,63341,CELLTYPEIDZOO,FALSE,celltypeid,zoo,53341
567,666,55023,ZOOFDR_CELL,FALSE,celltypeid,zooFDR,45023
567,667,21368,CDC_CELL,FALSE,celltypeid,cdc,11368
567,693,55005,CONTOURMARK_CELL,FALSE,celltypeid,contourMark,45005
567,694,55193,HINAEUVCFBLANKING,FALSE,HINAEUV,CFblanking,45193
567,695,55194,HINAEUVFLECFBLANKING,FALSE,HINAEUVFLE,CFblanking,45194
567,696,55195,HINAEPSMCFBLANKING,FALSE,HINAEPSM,CFblanking,45195
567,697,55196,HINAEPSMFLECFBLANKING,FALSE,HINAEPSMFLE,CFblanking,45196
567,698,10768,AYSFOCUS_CELL,FALSE,celltypeid,aysfocus,768
567,699,10778,CDCTRUESCRIBE_CELL,FALSE,celltypeid,cdcTrueScribe,778
567,700,64765,ZOOSKEW_CELL,FALSE,celltypeid,zooskew,54765
567,707,63371,IDRIBO_CELL,FALSE,celltypeid,idribo,53371
567,708,63372,IDRNOVL_CELL,FALSE,celltypeid,idrnovl,53372
567,709,63373,IDRIBONOVL_CELL,FALSE,celltypeid,idribonovl,53373
567,710,63374,IDRDBO_CELL,FALSE,celltypeid,idrdbo,53374
567,711,63375,IDRCDBO_CELL,FALSE,celltypeid,idrcdbo,53375
567,712,65261,OVLPARENT_CELL,FALSE,celltypeid,ovlparent,55261
567,713,12015,OVL_CONTAINER_CELL,FALSE,celltypeid,ovl_container,2015
567,714,13103,IDATYPEA_CELL,FALSE,idaTypeA,celltypeid,3103
567,715,13104,IDATYPEN_CELL,FALSE,idaTypeN,celltypeid,3104
567,30101,12801,METROWAIVER1_CELL,FALSE,celltypeid,metroWaiver1,2801
567,30102,12802,METROWAIVER2_CELL,FALSE,celltypeid,metroWaiver2,2802
567,30103,12803,METROWAIVER3_CELL,FALSE,celltypeid,metroWaiver3,2803
567,30104,12804,METROWAIVER4_CELL,FALSE,celltypeid,metroWaiver4,2804
567,30105,12805,METROWAIVER5_CELL,FALSE,celltypeid,metroWaiver5,2805
567,30106,12806,METROWAIVER6_CELL,FALSE,celltypeid,metroWaiver6,2806
567,30107,12807,METROWAIVER7_CELL,FALSE,celltypeid,metroWaiver7,2807
567,30108,12808,METROWAIVER8_CELL,FALSE,celltypeid,metroWaiver8,2808
567,30109,12811,METROWAIVER9_CELL,FALSE,celltypeid,metroWaiver9,2811
567,30110,12812,METROWAIVER10_CELL,FALSE,celltypeid,metroWaiver10,2812
567,30111,12813,METROWAIVER11_CELL,FALSE,celltypeid,metroWaiver11,2813
567,30112,12814,METROWAIVER12_CELL,FALSE,celltypeid,metroWaiver12,2814
567,30113,12817,METROWAIVER13_CELL,FALSE,celltypeid,metroWaiver13,2817
567,30114,12818,METROWAIVER14_CELL,FALSE,celltypeid,metroWaiver14,2818
567,30115,12819,METROWAIVER15_CELL,FALSE,celltypeid,metroWaiver15,2819
567,30116,12820,METROWAIVER16_CELL,FALSE,celltypeid,metroWaiver16,2820
567,30117,12821,METROWAIVER17_CELL,FALSE,celltypeid,metroWaiver17,2821
567,30118,12822,METROWAIVER18_CELL,FALSE,celltypeid,metroWaiver18,2822
567,30119,12823,METROWAIVER19_CELL,FALSE,celltypeid,metroWaiver19,2823
567,30120,12824,METROWAIVER20_CELL,FALSE,celltypeid,metroWaiver20,2824
569,0,31130,PDI_MASKDRAWN,FALSE,PDI_mask,drawing,21130
569,1,31131,PDI_MASKKOR,FALSE,PDI_mask,blockage,21131
569,18,31132,PDI_MASKTG,FALSE,PDI_mask,toSynDrawing,21132
569,51,63164,PDI_MASKKGA,FALSE,PDI_mask,keepGenAway,53164
569,301,31138,PDI_MASKNOMECID,FALSE,PDI_mask,noMECID,21138
569,302,31139,PDI_MASKNOOPC,FALSE,PDI_mask,noOPC,21139
569,303,31140,PDI_MASKSRAFMINUS,FALSE,PDI_mask,SRAFminus,21140
569,304,31141,PDI_MASKSRAFPLUS,FALSE,PDI_mask,SRAFplus,21141
569,316,31153,PDI_MASKMOSI,FALSE,PDI_mask,mosi,21153
569,317,31154,PDI_MASKGLASS,FALSE,PDI_mask,glass,21154
569,335,52982,PDI_MASKTSDRACTIVEIMPLANT,FALSE,PDI_mask,TSDRActiveImplant,42982
569,404,31156,PDI_MASKFRAME,FALSE,PDI_mask,frameDrawing,21156
569,405,31157,PDI_MASKFMCID,FALSE,PDI_mask,fmcid,21157
569,406,31158,PDI_MASKFMCID2,FALSE,PDI_mask,fmcid2,21158
569,409,31160,PDI_MASKSCRATCH1,FALSE,PDI_mask,scratch1,21160
569,410,31161,PDI_MASKSCRATCH2,FALSE,PDI_mask,scratch2,21161
569,411,31162,PDI_MASKSCRATCH3,FALSE,PDI_mask,scratch3,21162
569,412,31163,PDI_MASKSCRATCH4,FALSE,PDI_mask,scratch4,21163
569,413,31164,PDI_MASKSCRATCH5,FALSE,PDI_mask,scratch5,21164
569,414,31165,PDI_MASKMETROCELL,FALSE,PDI_mask,metroCell,21165
569,435,31166,PDI_MASKVMCID,FALSE,PDI_mask,VMCID,21166
569,436,31167,PDI_MASKHMCID,FALSE,PDI_mask,HMCID,21167
569,437,31168,PDI_MASKFAMCID,FALSE,PDI_mask,FAMCID,21168
569,438,31169,PDI_MASKPAMCID,FALSE,PDI_mask,PAMCID,21169
569,440,45499,PDI_MASKISOMCID,FALSE,PDI_mask,ISOMCID,35499
569,441,45580,PDI_MASKCBCMCID,FALSE,PDI_mask,CBCMCID,35580
569,453,31003,PDI_MASKPBBMCID,FALSE,PDI_mask,PBBMCID,21003
569,488,54562,PDI_MASKXROI,FALSE,PDI_mask,xROI,44562
569,489,54770,PDI_MASKYROI,FALSE,PDI_mask,yROI,44770
570,0,10759,NES_MASKDRAWN,FALSE,NES_mask,drawing,759
570,1,15151,NES_MASKKOR,FALSE,NES_mask,blockage,5151
570,18,10760,NES_MASKTG,FALSE,NES_mask,toSynDrawing,760
570,51,63172,NES_MASKKGA,FALSE,NES_mask,keepGenAway,53172
570,301,17218,NES_MASKNOMECID,FALSE,NES_mask,noMECID,7218
570,302,23335,NES_MASKNOOPC,FALSE,NES_mask,noOPC,13335
570,303,21206,NES_MASKSRAFMINUS,FALSE,NES_mask,SRAFminus,11206
570,304,20975,NES_MASKSRAFPLUS,FALSE,NES_mask,SRAFplus,10975
570,316,10762,NES_MASKMOSI,FALSE,NES_mask,mosi,762
570,317,10761,NES_MASKGLASS,FALSE,NES_mask,glass,761
570,335,50620,NES_MASKTSDRACTIVEIMPLANT,FALSE,NES_mask,TSDRActiveImplant,40620
570,404,23544,NES_MASKFRAME,FALSE,NES_mask,frameDrawing,13544
570,405,11594,NES_MASKFMCID,FALSE,NES_mask,fmcid,1594
570,406,23545,NES_MASKFMCID2,FALSE,NES_mask,fmcid2,13545
570,409,23347,NES_MASKSCRATCH1,FALSE,NES_mask,scratch1,13347
570,410,23348,NES_MASKSCRATCH2,FALSE,NES_mask,scratch2,13348
570,411,23349,NES_MASKSCRATCH3,FALSE,NES_mask,scratch3,13349
570,412,23350,NES_MASKSCRATCH4,FALSE,NES_mask,scratch4,13350
570,413,23351,NES_MASKSCRATCH5,FALSE,NES_mask,scratch5,13351
570,414,13567,NES_MASKMETROCELL,FALSE,NES_mask,metroCell,3567
570,435,31117,NES_MASKVMCID,FALSE,NES_mask,VMCID,21117
570,436,31118,NES_MASKHMCID,FALSE,NES_mask,HMCID,21118
570,437,31119,NES_MASKFAMCID,FALSE,NES_mask,FAMCID,21119
570,438,31120,NES_MASKPAMCID,FALSE,NES_mask,PAMCID,21120
570,440,45513,NES_MASKISOMCID,FALSE,NES_mask,ISOMCID,35513
570,441,45570,NES_MASKCBCMCID,FALSE,NES_mask,CBCMCID,35570
570,453,31004,NES_MASKPBBMCID,FALSE,NES_mask,PBBMCID,21004
570,488,54563,NES_MASKXROI,FALSE,NES_mask,xROI,44563
570,489,54771,NES_MASKYROI,FALSE,NES_mask,yROI,44771
571,0,10783,ESD_MASKDRAWN,FALSE,ESD_mask,drawing,783
571,1,15104,ESD_MASKKOR,FALSE,ESD_mask,blockage,5104
571,18,10784,ESD_MASKTG,FALSE,ESD_mask,toSynDrawing,784
571,51,63169,ESD_MASKKGA,FALSE,ESD_mask,keepGenAway,53169
571,301,17158,ESD_MASKNOMECID,FALSE,ESD_mask,noMECID,7158
571,302,23012,ESD_MASKNOOPC,FALSE,ESD_mask,noOPC,13012
571,303,21083,ESD_MASKSRAFMINUS,FALSE,ESD_mask,SRAFminus,11083
571,304,20852,ESD_MASKSRAFPLUS,FALSE,ESD_mask,SRAFplus,10852
571,316,10742,ESD_MASKMOSI,FALSE,ESD_mask,mosi,742
571,317,10743,ESD_MASKGLASS,FALSE,ESD_mask,glass,743
571,335,50618,ESD_MASKTSDRACTIVEIMPLANT,FALSE,ESD_mask,TSDRActiveImplant,40618
571,404,23477,ESD_MASKFRAME,FALSE,ESD_mask,frameDrawing,13477
571,405,11705,ESD_MASKFMCID,FALSE,ESD_mask,fmcid,1705
571,406,23478,ESD_MASKFMCID2,FALSE,ESD_mask,fmcid2,13478
571,409,23024,ESD_MASKSCRATCH1,FALSE,ESD_mask,scratch1,13024
571,410,23025,ESD_MASKSCRATCH2,FALSE,ESD_mask,scratch2,13025
571,411,23026,ESD_MASKSCRATCH3,FALSE,ESD_mask,scratch3,13026
571,412,23027,ESD_MASKSCRATCH4,FALSE,ESD_mask,scratch4,13027
571,413,23028,ESD_MASKSCRATCH5,FALSE,ESD_mask,scratch5,13028
571,414,13524,ESD_MASKMETROCELL,FALSE,ESD_mask,metroCell,3524
571,435,31061,ESD_MASKVMCID,FALSE,ESD_mask,VMCID,21061
571,436,31062,ESD_MASKHMCID,FALSE,ESD_mask,HMCID,21062
571,437,31063,ESD_MASKFAMCID,FALSE,ESD_mask,FAMCID,21063
571,438,31064,ESD_MASKPAMCID,FALSE,ESD_mask,PAMCID,21064
571,440,45514,ESD_MASKISOMCID,FALSE,ESD_mask,ISOMCID,35514
571,441,45549,ESD_MASKCBCMCID,FALSE,ESD_mask,CBCMCID,35549
571,453,31005,ESD_MASKPBBMCID,FALSE,ESD_mask,PBBMCID,21005
571,488,54564,ESD_MASKXROI,FALSE,ESD_mask,xROI,44564
571,489,54772,ESD_MASKYROI,FALSE,ESD_mask,yROI,44772
572,0,47831,PBM_MASKDRAWN,FALSE,PBM_mask,drawing,37831
572,1,47832,PBM_MASKKOR,FALSE,PBM_mask,blockage,37832
572,18,47833,PBM_MASKTG,FALSE,PBM_mask,toSynDrawing,37833
572,51,63177,PBM_MASKKGA,FALSE,PBM_mask,keepGenAway,53177
572,301,47839,PBM_MASKNOMECID,FALSE,PBM_mask,noMECID,37839
572,302,47840,PBM_MASKNOOPC,FALSE,PBM_mask,noOPC,37840
572,303,47841,PBM_MASKSRAFMINUS,FALSE,PBM_mask,SRAFminus,37841
572,304,47842,PBM_MASKSRAFPLUS,FALSE,PBM_mask,SRAFplus,37842
572,316,47854,PBM_MASKMOSI,FALSE,PBM_mask,mosi,37854
572,317,47855,PBM_MASKGLASS,FALSE,PBM_mask,glass,37855
572,335,50622,PBM_MASKTSDRACTIVEIMPLANT,FALSE,PBM_mask,TSDRActiveImplant,40622
572,404,47859,PBM_MASKFRAME,FALSE,PBM_mask,frameDrawing,37859
572,405,47860,PBM_MASKFMCID,FALSE,PBM_mask,fmcid,37860
572,406,47861,PBM_MASKFMCID2,FALSE,PBM_mask,fmcid2,37861
572,409,47862,PBM_MASKSCRATCH1,FALSE,PBM_mask,scratch1,37862
572,410,47863,PBM_MASKSCRATCH2,FALSE,PBM_mask,scratch2,37863
572,411,47864,PBM_MASKSCRATCH3,FALSE,PBM_mask,scratch3,37864
572,412,47865,PBM_MASKSCRATCH4,FALSE,PBM_mask,scratch4,37865
572,413,47866,PBM_MASKSCRATCH5,FALSE,PBM_mask,scratch5,37866
572,414,47867,PBM_MASKMETROCELL,FALSE,PBM_mask,metroCell,37867
572,435,47868,PBM_MASKVMCID,FALSE,PBM_mask,VMCID,37868
572,436,47869,PBM_MASKHMCID,FALSE,PBM_mask,HMCID,37869
572,437,47870,PBM_MASKFAMCID,FALSE,PBM_mask,FAMCID,37870
572,438,47871,PBM_MASKPAMCID,FALSE,PBM_mask,PAMCID,37871
572,440,47830,PBM_MASKISOMCID,FALSE,PBM_mask,ISOMCID,37830
572,441,47829,PBM_MASKCBCMCID,FALSE,PBM_mask,CBCMCID,37829
572,453,31006,PBM_MASKPBBMCID,FALSE,PBM_mask,PBBMCID,21006
572,488,54565,PBM_MASKXROI,FALSE,PBM_mask,xROI,44565
572,489,54773,PBM_MASKYROI,FALSE,PBM_mask,yROI,44773
573,0,47874,NBM_MASKDRAWN,FALSE,NBM_mask,drawing,37874
573,1,47875,NBM_MASKKOR,FALSE,NBM_mask,blockage,37875
573,18,47876,NBM_MASKTG,FALSE,NBM_mask,toSynDrawing,37876
573,51,63175,NBM_MASKKGA,FALSE,NBM_mask,keepGenAway,53175
573,301,47881,NBM_MASKNOMECID,FALSE,NBM_mask,noMECID,37881
573,302,47882,NBM_MASKNOOPC,FALSE,NBM_mask,noOPC,37882
573,303,47883,NBM_MASKSRAFMINUS,FALSE,NBM_mask,SRAFminus,37883
573,304,47884,NBM_MASKSRAFPLUS,FALSE,NBM_mask,SRAFplus,37884
573,316,47896,NBM_MASKMOSI,FALSE,NBM_mask,mosi,37896
573,317,47897,NBM_MASKGLASS,FALSE,NBM_mask,glass,37897
573,335,50623,NBM_MASKTSDRACTIVEIMPLANT,FALSE,NBM_mask,TSDRActiveImplant,40623
573,404,47901,NBM_MASKFRAME,FALSE,NBM_mask,frameDrawing,37901
573,405,47902,NBM_MASKFMCID,FALSE,NBM_mask,fmcid,37902
573,406,47903,NBM_MASKFMCID2,FALSE,NBM_mask,fmcid2,37903
573,409,47904,NBM_MASKSCRATCH1,FALSE,NBM_mask,scratch1,37904
573,410,47905,NBM_MASKSCRATCH2,FALSE,NBM_mask,scratch2,37905
573,411,47906,NBM_MASKSCRATCH3,FALSE,NBM_mask,scratch3,37906
573,412,47907,NBM_MASKSCRATCH4,FALSE,NBM_mask,scratch4,37907
573,413,47908,NBM_MASKSCRATCH5,FALSE,NBM_mask,scratch5,37908
573,414,47909,NBM_MASKMETROCELL,FALSE,NBM_mask,metroCell,37909
573,435,47910,NBM_MASKVMCID,FALSE,NBM_mask,VMCID,37910
573,436,47911,NBM_MASKHMCID,FALSE,NBM_mask,HMCID,37911
573,437,47912,NBM_MASKFAMCID,FALSE,NBM_mask,FAMCID,37912
573,438,47913,NBM_MASKPAMCID,FALSE,NBM_mask,PAMCID,37913
573,440,47873,NBM_MASKISOMCID,FALSE,NBM_mask,ISOMCID,37873
573,441,47872,NBM_MASKCBCMCID,FALSE,NBM_mask,CBCMCID,37872
573,453,31007,NBM_MASKPBBMCID,FALSE,NBM_mask,PBBMCID,21007
573,488,54566,NBM_MASKXROI,FALSE,NBM_mask,xROI,44566
573,489,54774,NBM_MASKYROI,FALSE,NBM_mask,yROI,44774
581,0,10779,NSD_MASKDRAWN,FALSE,NSD_mask,drawing,779
581,1,15099,NSD_MASKKOR,FALSE,NSD_mask,blockage,5099
581,18,10780,NSD_MASKTG,FALSE,NSD_mask,toSynDrawing,780
581,51,63192,NSD_MASKKGA,FALSE,NSD_mask,keepGenAway,53192
581,301,17150,NSD_MASKNOMECID,FALSE,NSD_mask,noMECID,7150
581,302,22983,NSD_MASKNOOPC,FALSE,NSD_mask,noOPC,12983
581,303,21071,NSD_MASKSRAFMINUS,FALSE,NSD_mask,SRAFminus,11071
581,304,20840,NSD_MASKSRAFPLUS,FALSE,NSD_mask,SRAFplus,10840
581,316,10738,NSD_MASKMOSI,FALSE,NSD_mask,mosi,738
581,317,10739,NSD_MASKGLASS,FALSE,NSD_mask,glass,739
581,335,50621,NSD_MASKTSDRACTIVEIMPLANT,FALSE,NSD_mask,TSDRActiveImplant,40621
581,404,23467,NSD_MASKFRAME,FALSE,NSD_mask,frameDrawing,13467
581,405,11370,NSD_MASKFMCID,FALSE,NSD_mask,fmcid,1370
581,406,23468,NSD_MASKFMCID2,FALSE,NSD_mask,fmcid2,13468
581,409,23469,NSD_MASKSCRATCH1,FALSE,NSD_mask,scratch1,13469
581,410,23470,NSD_MASKSCRATCH2,FALSE,NSD_mask,scratch2,13470
581,411,23471,NSD_MASKSCRATCH3,FALSE,NSD_mask,scratch3,13471
581,412,23472,NSD_MASKSCRATCH4,FALSE,NSD_mask,scratch4,13472
581,413,23473,NSD_MASKSCRATCH5,FALSE,NSD_mask,scratch5,13473
581,414,13518,NSD_MASKMETROCELL,FALSE,NSD_mask,metroCell,3518
581,435,31053,NSD_MASKVMCID,FALSE,NSD_mask,VMCID,21053
581,436,31054,NSD_MASKHMCID,FALSE,NSD_mask,HMCID,21054
581,437,31055,NSD_MASKFAMCID,FALSE,NSD_mask,FAMCID,21055
581,438,31056,NSD_MASKPAMCID,FALSE,NSD_mask,PAMCID,21056
581,440,45540,NSD_MASKISOMCID,FALSE,NSD_mask,ISOMCID,35540
581,441,45546,NSD_MASKCBCMCID,FALSE,NSD_mask,CBCMCID,35546
581,453,31015,NSD_MASKPBBMCID,FALSE,NSD_mask,PBBMCID,21015
581,488,54574,NSD_MASKXROI,FALSE,NSD_mask,xROI,44574
581,489,54782,NSD_MASKYROI,FALSE,NSD_mask,yROI,44782
582,0,10781,PSD_MASKDRAWN,FALSE,PSD_mask,drawing,781
582,1,15100,PSD_MASKKOR,FALSE,PSD_mask,blockage,5100
582,18,10782,PSD_MASKTG,FALSE,PSD_mask,toSynDrawing,782
582,51,63193,PSD_MASKKGA,FALSE,PSD_mask,keepGenAway,53193
582,301,17152,PSD_MASKNOMECID,FALSE,PSD_mask,noMECID,7152
582,302,22995,PSD_MASKNOOPC,FALSE,PSD_mask,noOPC,12995
582,303,21074,PSD_MASKSRAFMINUS,FALSE,PSD_mask,SRAFminus,11074
582,304,20843,PSD_MASKSRAFPLUS,FALSE,PSD_mask,SRAFplus,10843
582,316,10740,PSD_MASKMOSI,FALSE,PSD_mask,mosi,740
582,317,10741,PSD_MASKGLASS,FALSE,PSD_mask,glass,741
582,335,50619,PSD_MASKTSDRACTIVEIMPLANT,FALSE,PSD_mask,TSDRActiveImplant,40619
582,404,23475,PSD_MASKFRAME,FALSE,PSD_mask,frameDrawing,13475
582,405,11382,PSD_MASKFMCID,FALSE,PSD_mask,fmcid,1382
582,406,24611,PSD_MASKFMCID2,FALSE,PSD_mask,fmcid2,14611
582,409,23007,PSD_MASKSCRATCH1,FALSE,PSD_mask,scratch1,13007
582,410,23008,PSD_MASKSCRATCH2,FALSE,PSD_mask,scratch2,13008
582,411,23009,PSD_MASKSCRATCH3,FALSE,PSD_mask,scratch3,13009
582,412,23010,PSD_MASKSCRATCH4,FALSE,PSD_mask,scratch4,13010
582,413,23011,PSD_MASKSCRATCH5,FALSE,PSD_mask,scratch5,13011
582,414,13519,PSD_MASKMETROCELL,FALSE,PSD_mask,metroCell,3519
582,435,31057,PSD_MASKVMCID,FALSE,PSD_mask,VMCID,21057
582,436,31058,PSD_MASKHMCID,FALSE,PSD_mask,HMCID,21058
582,437,31059,PSD_MASKFAMCID,FALSE,PSD_mask,FAMCID,21059
582,438,31060,PSD_MASKPAMCID,FALSE,PSD_mask,PAMCID,21060
582,440,45541,PSD_MASKISOMCID,FALSE,PSD_mask,ISOMCID,35541
582,441,45547,PSD_MASKCBCMCID,FALSE,PSD_mask,CBCMCID,35547
582,453,31016,PSD_MASKPBBMCID,FALSE,PSD_mask,PBBMCID,21016
582,488,54575,PSD_MASKXROI,FALSE,PSD_mask,xROI,44575
582,489,54783,PSD_MASKYROI,FALSE,PSD_mask,yROI,44783
591,0,24585,ZRO_MASKDRAWN,FALSE,ZRO_mask,drawing,14585
591,1,24586,ZRO_MASKKOR,FALSE,ZRO_mask,blockage,14586
591,51,24587,ZRO_MASKKGA,FALSE,ZRO_mask,keepGenAway,14587
591,301,24588,ZRO_MASKNOMECID,FALSE,ZRO_mask,noMECID,14588
591,302,24589,ZRO_MASKNOOPC,FALSE,ZRO_mask,noOPC,14589
591,303,24590,ZRO_MASKSRAFMINUS,FALSE,ZRO_mask,SRAFminus,14590
591,304,24591,ZRO_MASKSRAFPLUS,FALSE,ZRO_mask,SRAFplus,14591
591,316,24581,ZRO_MASKFO,FALSE,ZRO_mask,frameOnly,14581
591,404,24596,ZRO_MASKFRAME,FALSE,ZRO_mask,frameDrawing,14596
591,405,24790,ZRO_MASKFMCID,FALSE,ZRO_mask,fmcid,14790
591,406,24791,ZRO_MASKFMCID2,FALSE,ZRO_mask,fmcid2,14791
591,409,24598,ZRO_MASKSCRATCH1,FALSE,ZRO_mask,scratch1,14598
591,410,24599,ZRO_MASKSCRATCH2,FALSE,ZRO_mask,scratch2,14599
591,411,24600,ZRO_MASKSCRATCH3,FALSE,ZRO_mask,scratch3,14600
591,412,24601,ZRO_MASKSCRATCH4,FALSE,ZRO_mask,scratch4,14601
591,413,24602,ZRO_MASKSCRATCH5,FALSE,ZRO_mask,scratch5,14602
591,414,24792,ZRO_MASKMETROCELL,FALSE,ZRO_mask,metroCell,14792
591,418,46532,ZRO_MASKNIKONSDR,FALSE,ZRO_mask,NikonSDR,36532
591,479,48257,ZRO_MASKOPCID1,FALSE,ZRO_mask,opcID1,38257
591,480,48258,ZRO_MASKOPCID2,FALSE,ZRO_mask,opcID2,38258
591,488,54584,ZRO_MASKXROI,FALSE,ZRO_mask,xROI,44584
591,489,54792,ZRO_MASKYROI,FALSE,ZRO_mask,yROI,44792
594,0,32971,DNU_MASKDRAWN,FALSE,DNU_mask,drawing,22971
594,1,32461,DNU_MASKKOR,FALSE,DNU_mask,blockage,22461
594,51,32970,DNU_MASKKGA,FALSE,DNU_mask,keepGenAway,22970
594,301,32460,DNU_MASKNOMECID,FALSE,DNU_mask,noMECID,22460
594,302,32459,DNU_MASKNOOPC,FALSE,DNU_mask,noOPC,22459
594,303,32458,DNU_MASKSRAFMINUS,FALSE,DNU_mask,SRAFminus,22458
594,304,32457,DNU_MASKSRAFPLUS,FALSE,DNU_mask,SRAFplus,22457
594,324,33740,DNU_MASKTSDRACTIVE,FALSE,DNU_mask,TSDRActive,23740
594,325,33741,DNU_MASKTSDRTRANSITION,FALSE,DNU_mask,TSDRTransition,23741
594,329,33742,DNU_MASKTSDRACTIVESPECIAL,FALSE,DNU_mask,TSDRActiveSpecial,23742
594,404,32759,DNU_MASKFRAME,FALSE,DNU_mask,frameDrawing,22759
594,405,32454,DNU_MASKFMCID,FALSE,DNU_mask,fmcid,22454
594,406,32453,DNU_MASKFMCID2,FALSE,DNU_mask,fmcid2,22453
594,409,32452,DNU_MASKSCRATCH1,FALSE,DNU_mask,scratch1,22452
594,410,32451,DNU_MASKSCRATCH2,FALSE,DNU_mask,scratch2,22451
594,411,32450,DNU_MASKSCRATCH3,FALSE,DNU_mask,scratch3,22450
594,412,32449,DNU_MASKSCRATCH4,FALSE,DNU_mask,scratch4,22449
594,413,32448,DNU_MASKSCRATCH5,FALSE,DNU_mask,scratch5,22448
594,414,32464,DNU_MASKMETROCELL,FALSE,DNU_mask,metroCell,22464
594,418,46658,DNU_MASKNIKONSDR,FALSE,DNU_mask,NikonSDR,36658
594,479,48261,DNU_MASKOPCID1,FALSE,DNU_mask,opcID1,38261
594,480,48262,DNU_MASKOPCID2,FALSE,DNU_mask,opcID2,38262
594,488,54587,DNU_MASKXROI,FALSE,DNU_mask,xROI,44587
594,489,54795,DNU_MASKYROI,FALSE,DNU_mask,yROI,44795
599,0,48284,DPR_MASKDRAWN,FALSE,DPR_mask,drawing,38284
599,1,48295,DPR_MASKKOR,FALSE,DPR_mask,blockage,38295
599,13,35025,DPR_MASKTSDRBITCELLID,FALSE,DPR_mask,TSDRBitCellID,25025
599,40,58041,DPR_MASKID1,FALSE,DPR_mask,id1,48041
599,41,58042,DPR_MASKID2,FALSE,DPR_mask,id2,48042
599,42,58043,DPR_MASKID3,FALSE,DPR_mask,id3,48043
599,43,58044,DPR_MASKID4,FALSE,DPR_mask,id4,48044
599,44,62920,DPR_MASKID5,FALSE,DPR_mask,id5,52920
599,45,62921,DPR_MASKID6,FALSE,DPR_mask,id6,52921
599,46,62922,DPR_MASKID7,FALSE,DPR_mask,id7,52922
599,47,62923,DPR_MASKID8,FALSE,DPR_mask,id8,52923
599,51,48285,DPR_MASKKGA,FALSE,DPR_mask,keepGenAway,38285
599,301,48293,DPR_MASKNOMECID,FALSE,DPR_mask,noMECID,38293
599,302,48279,DPR_MASKNOOPC,FALSE,DPR_mask,noOPC,38279
599,303,48294,DPR_MASKSRAFMINUS,FALSE,DPR_mask,SRAFminus,38294
599,304,48289,DPR_MASKSRAFPLUS,FALSE,DPR_mask,SRAFplus,38289
599,311,65233,DPR_MASKTSDRMARK,FALSE,DPR_mask,TSDRmark,55233
599,316,17258,DPR_MASKFO,FALSE,DPR_mask,frameOnly,7258
599,324,55443,DPR_MASKTSDRACTIVE,FALSE,DPR_mask,TSDRActive,45443
599,325,55444,DPR_MASKTSDRTRANSITION,FALSE,DPR_mask,TSDRTransition,45444
599,329,55445,DPR_MASKTSDRACTIVESPECIAL,FALSE,DPR_mask,TSDRActiveSpecial,45445
599,333,58231,DPR_MASKTSDRACTIVECDID,FALSE,DPR_mask,TSDRActiveCDID,48231
599,364,18074,DPR_MASKTSDRTRANSITION1,FALSE,DPR_mask,TSDRTransition1,8074
599,365,18075,DPR_MASKTSDRTRANSITION2,FALSE,DPR_mask,TSDRTransition2,8075
599,366,18076,DPR_MASKTSDRTRANSITION3,FALSE,DPR_mask,TSDRTransition3,8076
599,367,18077,DPR_MASKTSDRTRANSITION4,FALSE,DPR_mask,TSDRTransition4,8077
599,368,62924,DPR_MASKTSDRTRANSITION5,FALSE,DPR_mask,TSDRTransition5,52924
599,369,62925,DPR_MASKTSDRTRANSITION6,FALSE,DPR_mask,TSDRTransition6,52925
599,370,62926,DPR_MASKTSDRTRANSITION7,FALSE,DPR_mask,TSDRTransition7,52926
599,371,62927,DPR_MASKTSDRTRANSITION8,FALSE,DPR_mask,TSDRTransition8,52927
599,372,58232,DPR_MASKTSDRACTIVEMISREGID,FALSE,DPR_mask,TSDRActiveMisregID,48232
599,404,48287,DPR_MASKFRAME,FALSE,DPR_mask,frameDrawing,38287
599,405,48281,DPR_MASKFMCID,FALSE,DPR_mask,fmcid,38281
599,406,48291,DPR_MASKFMCID2,FALSE,DPR_mask,fmcid2,38291
599,409,48282,DPR_MASKSCRATCH1,FALSE,DPR_mask,scratch1,38282
599,410,48297,DPR_MASKSCRATCH2,FALSE,DPR_mask,scratch2,38297
599,411,48290,DPR_MASKSCRATCH3,FALSE,DPR_mask,scratch3,38290
599,412,48280,DPR_MASKSCRATCH4,FALSE,DPR_mask,scratch4,38280
599,413,48296,DPR_MASKSCRATCH5,FALSE,DPR_mask,scratch5,38296
599,414,48288,DPR_MASKMETROCELL,FALSE,DPR_mask,metroCell,38288
599,418,48292,DPR_MASKNIKONSDR,FALSE,DPR_mask,NikonSDR,38292
599,472,35030,DPR_MASKTSDRTRANSITIONSPECIAL,FALSE,DPR_mask,TSDRTransitionSpecial,25030
599,479,48286,DPR_MASKOPCID1,FALSE,DPR_mask,opcID1,38286
599,480,48283,DPR_MASKOPCID2,FALSE,DPR_mask,opcID2,38283
599,488,54592,DPR_MASKXROI,FALSE,DPR_mask,xROI,44592
599,489,54800,DPR_MASKYROI,FALSE,DPR_mask,yROI,44800
599,495,63328,DPR_MASKTSDRN05A,FALSE,DPR_mask,TSDRn05A,53328
599,496,63327,DPR_MASKTSDRP05A,FALSE,DPR_mask,TSDRp05A,53327
599,527,58508,DPR_MASKLITHOACTIVEJOG,FALSE,DPR_mask,lithoActiveJog,48508
599,528,58509,DPR_MASKLITHOACTIVECDPITCH,FALSE,DPR_mask,lithoActiveCdPitch,48509
599,532,54375,DPR_MASKTSDRBITCELLN05A,FALSE,DPR_mask,TSDRBitCelln05A,44375
599,533,54374,DPR_MASKTSDRBITCELLP05A,FALSE,DPR_mask,TSDRBitCellp05A,44374
599,561,55771,DPR_MASKTSDRWIDEDIODE,FALSE,DPR_mask,TSDRWidediode,45771
599,573,11548,DPR_MASKTSDRACTIVEJOG,FALSE,DPR_mask,TSDRActiveJog,1548
599,574,11549,DPR_MASKTSDRTRANSITIONJOG,FALSE,DPR_mask,TSDRTransitionJog,1549
599,575,11502,DPR_MASKTSDRACTIVEB130HQTFM,FALSE,DPR_mask,TSDRActiveB130h_qtfm,1502
599,576,11503,DPR_MASKTSDRTRANSITIONB130HQTFM,FALSE,DPR_mask,TSDRTransitionB130h_qtfm,1503
599,578,17792,DPR_MASKTSDRACTIVEB288HEHV,FALSE,DPR_mask,TSDRActiveB288h_EHV,7792
599,579,17804,DPR_MASKTSDRTRANSITIONB288HEHV,FALSE,DPR_mask,TSDRTransitionB288h_EHV,7804
601,0,48304,PLY_MASKDRAWN,FALSE,PLY_mask,drawing,38304
601,1,48315,PLY_MASKKOR,FALSE,PLY_mask,blockage,38315
601,51,48305,PLY_MASKKGA,FALSE,PLY_mask,keepGenAway,38305
601,301,48313,PLY_MASKNOMECID,FALSE,PLY_mask,noMECID,38313
601,302,48299,PLY_MASKNOOPC,FALSE,PLY_mask,noOPC,38299
601,303,48314,PLY_MASKSRAFMINUS,FALSE,PLY_mask,SRAFminus,38314
601,304,48309,PLY_MASKSRAFPLUS,FALSE,PLY_mask,SRAFplus,38309
601,325,54161,PLY_MASKTSDRTRANSITION,FALSE,PLY_mask,TSDRTransition,44161
601,333,54162,PLY_MASKTSDRACTIVECDID,FALSE,PLY_mask,TSDRActiveCDID,44162
601,404,48307,PLY_MASKFRAME,FALSE,PLY_mask,frameDrawing,38307
601,405,48301,PLY_MASKFMCID,FALSE,PLY_mask,fmcid,38301
601,406,48311,PLY_MASKFMCID2,FALSE,PLY_mask,fmcid2,38311
601,409,48302,PLY_MASKSCRATCH1,FALSE,PLY_mask,scratch1,38302
601,410,48317,PLY_MASKSCRATCH2,FALSE,PLY_mask,scratch2,38317
601,411,48310,PLY_MASKSCRATCH3,FALSE,PLY_mask,scratch3,38310
601,412,48300,PLY_MASKSCRATCH4,FALSE,PLY_mask,scratch4,38300
601,413,48316,PLY_MASKSCRATCH5,FALSE,PLY_mask,scratch5,38316
601,414,48308,PLY_MASKMETROCELL,FALSE,PLY_mask,metroCell,38308
601,418,48312,PLY_MASKNIKONSDR,FALSE,PLY_mask,NikonSDR,38312
601,479,48306,PLY_MASKOPCID1,FALSE,PLY_mask,opcID1,38306
601,480,48303,PLY_MASKOPCID2,FALSE,PLY_mask,opcID2,38303
601,488,54594,PLY_MASKXROI,FALSE,PLY_mask,xROI,44594
601,489,54802,PLY_MASKYROI,FALSE,PLY_mask,yROI,44802
601,490,58329,PLY_MASKDSA42P,FALSE,PLY_mask,dsa42p,48329
601,491,58330,PLY_MASKDSA84P,FALSE,PLY_mask,dsa84p,48330
601,492,58365,PLY_MASKLADDER,FALSE,PLY_mask,ladder,48365
601,560,55774,PLY_MASKTSDRDIODEJUNCTION,FALSE,PLY_mask,TSDRDiodeJunction,45774
601,564,11015,PLY_MASKTSDRACTIVECDID46P,FALSE,PLY_mask,TSDRActiveCDID46p,1015
601,565,11023,PLY_MASKTSDRACTIVECDID48P,FALSE,PLY_mask,TSDRActiveCDID48p,1023
601,569,11053,PLY_MASKTSDRTRANSITION46P,FALSE,PLY_mask,TSDRTransition46p,1053
601,570,11068,PLY_MASKTSDRTRANSITION48P,FALSE,PLY_mask,TSDRTransition48p,1068
601,571,11222,PLY_MASKTSDRTRANSITION54P,FALSE,PLY_mask,TSDRTransition54p,1222
601,572,11223,PLY_MASKTSDRACTIVECDID54P,FALSE,PLY_mask,TSDRActiveCDID54p,1223
601,573,11224,PLY_MASKTSDRTRANSITION51P,FALSE,PLY_mask,TSDRTransition51p,1224
601,574,11233,PLY_MASKTSDRACTIVECDID51P,FALSE,PLY_mask,TSDRActiveCDID51p,1233
601,575,11241,PLY_MASKTSDRTRANSITION45P,FALSE,PLY_mask,TSDRTransition45p,1241
601,576,11242,PLY_MASKTSDRACTIVECDID45P,FALSE,PLY_mask,TSDRActiveCDID45p,1242
601,581,54977,PLY_MASKTSDRACTIVECDID56P,FALSE,PLY_mask,TSDRActiveCDID56p,44977
601,582,54975,PLY_MASKTSDRTRANSITION56P,FALSE,PLY_mask,TSDRTransition56p,44975
601,583,54976,PLY_MASKTSDRACTIVECDID52P,FALSE,PLY_mask,TSDRActiveCDID52p,44976
601,584,54974,PLY_MASKTSDRTRANSITION52P,FALSE,PLY_mask,TSDRTransition52p,44974
601,588,54733,PLY_MASKTSDRACTIVECDID50P,FALSE,PLY_mask,TSDRActiveCDID50p,44733
601,589,54973,PLY_MASKTSDRTRANSITION50P,FALSE,PLY_mask,TSDRTransition50p,44973
601,590,14102,PLY_MASKTSDRACTIVETGCDID,FALSE,PLY_mask,TSDRActiveTGCDID,4102
601,614,14115,PLY_MASKTSDRACTIVECDID72P,FALSE,PLY_mask,TSDRActiveCDID72p,4115
601,615,14118,PLY_MASKTSDRACTIVECDID96P,FALSE,PLY_mask,TSDRActiveCDID96p,4118
601,616,14116,PLY_MASKTSDRTRANSITION72P,FALSE,PLY_mask,TSDRTransition72p,4116
601,617,14117,PLY_MASKTSDRTRANSITION96P,FALSE,PLY_mask,TSDRTransition96p,4117
601,620,14101,PLY_MASKTSDRTRANSITIONTG,FALSE,PLY_mask,TSDRTransitionTG,4101
601,684,11656,PLY_MASKTSDRACTIVECDID47P,FALSE,PLY_mask,TSDRActiveCDID47p,1656
601,685,11657,PLY_MASKTSDRTRANSITION47P,FALSE,PLY_mask,TSDRTransition47p,1657
601,688,11660,PLY_MASKTSDRACTIVECDID49P,FALSE,PLY_mask,TSDRActiveCDID49p,1660
601,690,11661,PLY_MASKTSDRTRANSITION49P,FALSE,PLY_mask,TSDRTransition49p,1661
601,691,60943,PLY_MASKTSDRACTIVEPITCH,FALSE,PLY_mask,TSDRActivePitch,50943
601,692,60942,PLY_MASKTSDRTRANSITION44P,FALSE,PLY_mask,TSDRTransition44p,50942
601,693,60941,PLY_MASKTSDRACTIVEMISREGID44P,FALSE,PLY_mask,TSDRActiveMisregID44p,50941
601,694,60940,PLY_MASKTSDRACTIVECDID44P,FALSE,PLY_mask,TSDRActiveCDID44p,50940
601,695,60939,PLY_MASKTSDRTRANSITION43P,FALSE,PLY_mask,TSDRTransition43p,50939
601,696,60938,PLY_MASKTSDRACTIVEMISREGID43P,FALSE,PLY_mask,TSDRActiveMisregID43p,50938
601,697,60937,PLY_MASKTSDRACTIVECDID43P,FALSE,PLY_mask,TSDRActiveCDID43p,50937
601,698,60936,PLY_MASKTSDRTRANSITION42P,FALSE,PLY_mask,TSDRTransition42p,50936
601,699,60935,PLY_MASKTSDRACTIVEMISREGID42P,FALSE,PLY_mask,TSDRActiveMisregID42p,50935
601,700,60934,PLY_MASKTSDRACTIVECDID42P,FALSE,PLY_mask,TSDRActiveCDID42p,50934
601,701,60933,PLY_MASKTSDRTRANSITION41P,FALSE,PLY_mask,TSDRTransition41p,50933
601,702,60932,PLY_MASKTSDRACTIVEMISREGID41P,FALSE,PLY_mask,TSDRActiveMisregID41p,50932
601,703,60931,PLY_MASKTSDRACTIVECDID41P,FALSE,PLY_mask,TSDRActiveCDID41p,50931
605,0,33585,PCT_MASKDRAWN,FALSE,PCT_mask,drawing,23585
605,1,33584,PCT_MASKKOR,FALSE,PCT_mask,blockage,23584
605,51,33583,PCT_MASKKGA,FALSE,PCT_mask,keepGenAway,23583
605,301,33582,PCT_MASKNOMECID,FALSE,PCT_mask,noMECID,23582
605,302,33581,PCT_MASKNOOPC,FALSE,PCT_mask,noOPC,23581
605,303,33580,PCT_MASKSRAFMINUS,FALSE,PCT_mask,SRAFminus,23580
605,304,33579,PCT_MASKSRAFPLUS,FALSE,PCT_mask,SRAFplus,23579
605,311,65228,PCT_MASKTSDRMARK,FALSE,PCT_mask,TSDRmark,55228
605,325,33864,PCT_MASKTSDRTRANSITION,FALSE,PCT_mask,TSDRTransition,23864
605,327,50759,PCT_MASKTSDRWING,FALSE,PCT_mask,TSDRWingID,40759
605,330,33863,PCT_MASKTSDRACTIVETE,FALSE,PCT_mask,TSDRActiveETE,23863
605,404,33577,PCT_MASKFRAME,FALSE,PCT_mask,frameDrawing,23577
605,405,33576,PCT_MASKFMCID,FALSE,PCT_mask,fmcid,23576
605,406,33575,PCT_MASKFMCID2,FALSE,PCT_mask,fmcid2,23575
605,409,33573,PCT_MASKSCRATCH1,FALSE,PCT_mask,scratch1,23573
605,410,33572,PCT_MASKSCRATCH2,FALSE,PCT_mask,scratch2,23572
605,411,33571,PCT_MASKSCRATCH3,FALSE,PCT_mask,scratch3,23571
605,412,33570,PCT_MASKSCRATCH4,FALSE,PCT_mask,scratch4,23570
605,413,33569,PCT_MASKSCRATCH5,FALSE,PCT_mask,scratch5,23569
605,414,33568,PCT_MASKMETROCELL,FALSE,PCT_mask,metroCell,23568
605,418,48254,PCT_MASKNIKONSDR,FALSE,PCT_mask,NikonSDR,38254
605,479,48255,PCT_MASKOPCID1,FALSE,PCT_mask,opcID1,38255
605,480,48256,PCT_MASKOPCID2,FALSE,PCT_mask,opcID2,38256
605,488,54598,PCT_MASKXROI,FALSE,PCT_mask,xROI,44598
605,489,54806,PCT_MASKYROI,FALSE,PCT_mask,yROI,44806
613,0,48376,VCT_MASKDRAWN,FALSE,VCT_mask,drawing,38376
613,1,48369,VCT_MASKKOR,FALSE,VCT_mask,blockage,38369
613,51,48377,VCT_MASKKGA,FALSE,VCT_mask,keepGenAway,38377
613,301,48373,VCT_MASKNOMECID,FALSE,VCT_mask,noMECID,38373
613,302,48385,VCT_MASKNOOPC,FALSE,VCT_mask,noOPC,38385
613,303,48384,VCT_MASKSRAFMINUS,FALSE,VCT_mask,SRAFminus,38384
613,304,48382,VCT_MASKSRAFPLUS,FALSE,VCT_mask,SRAFplus,38382
613,404,48368,VCT_MASKFRAME,FALSE,VCT_mask,frameDrawing,38368
613,405,48378,VCT_MASKFMCID,FALSE,VCT_mask,fmcid,38378
613,406,48370,VCT_MASKFMCID2,FALSE,VCT_mask,fmcid2,38370
613,409,48383,VCT_MASKSCRATCH1,FALSE,VCT_mask,scratch1,38383
613,410,48380,VCT_MASKSCRATCH2,FALSE,VCT_mask,scratch2,38380
613,411,48379,VCT_MASKSCRATCH3,FALSE,VCT_mask,scratch3,38379
613,412,48374,VCT_MASKSCRATCH4,FALSE,VCT_mask,scratch4,38374
613,413,48372,VCT_MASKSCRATCH5,FALSE,VCT_mask,scratch5,38372
613,414,48371,VCT_MASKMETROCELL,FALSE,VCT_mask,metroCell,38371
613,418,48375,VCT_MASKNIKONSDR,FALSE,VCT_mask,NikonSDR,38375
613,479,48386,VCT_MASKOPCID1,FALSE,VCT_mask,opcID1,38386
613,480,48381,VCT_MASKOPCID2,FALSE,VCT_mask,opcID2,38381
613,488,54606,VCT_MASKXROI,FALSE,VCT_mask,xROI,44606
613,489,54814,VCT_MASKYROI,FALSE,VCT_mask,yROI,44814
613,601,11625,VCT_MASKSDRID,FALSE,VCT_mask,sdrid,1625
615,0,48416,VCG_MASKDRAWN,FALSE,VCG_mask,drawing,38416
615,1,48409,VCG_MASKKOR,FALSE,VCG_mask,blockage,38409
615,51,48417,VCG_MASKKGA,FALSE,VCG_mask,keepGenAway,38417
615,301,48413,VCG_MASKNOMECID,FALSE,VCG_mask,noMECID,38413
615,302,48425,VCG_MASKNOOPC,FALSE,VCG_mask,noOPC,38425
615,303,48424,VCG_MASKSRAFMINUS,FALSE,VCG_mask,SRAFminus,38424
615,304,48422,VCG_MASKSRAFPLUS,FALSE,VCG_mask,SRAFplus,38422
615,404,48408,VCG_MASKFRAME,FALSE,VCG_mask,frameDrawing,38408
615,405,48418,VCG_MASKFMCID,FALSE,VCG_mask,fmcid,38418
615,406,48410,VCG_MASKFMCID2,FALSE,VCG_mask,fmcid2,38410
615,409,48423,VCG_MASKSCRATCH1,FALSE,VCG_mask,scratch1,38423
615,410,48420,VCG_MASKSCRATCH2,FALSE,VCG_mask,scratch2,38420
615,411,48419,VCG_MASKSCRATCH3,FALSE,VCG_mask,scratch3,38419
615,412,48414,VCG_MASKSCRATCH4,FALSE,VCG_mask,scratch4,38414
615,413,48412,VCG_MASKSCRATCH5,FALSE,VCG_mask,scratch5,38412
615,414,48411,VCG_MASKMETROCELL,FALSE,VCG_mask,metroCell,38411
615,418,48415,VCG_MASKNIKONSDR,FALSE,VCG_mask,NikonSDR,38415
615,479,48426,VCG_MASKOPCID1,FALSE,VCG_mask,opcID1,38426
615,480,48421,VCG_MASKOPCID2,FALSE,VCG_mask,opcID2,38421
615,488,54607,VCG_MASKXROI,FALSE,VCG_mask,xROI,44607
615,489,54815,VCG_MASKYROI,FALSE,VCG_mask,yROI,44815
615,601,11626,VCG_MASKSDRID,FALSE,VCG_mask,sdrid,1626
618,0,27373,VA0_MASKDRAWN,FALSE,VA0_mask,drawing,17373
618,1,27374,VA0_MASKKOR,FALSE,VA0_mask,blockage,17374
618,51,27375,VA0_MASKKGA,FALSE,VA0_mask,keepGenAway,17375
618,301,27376,VA0_MASKNOMECID,FALSE,VA0_mask,noMECID,17376
618,302,27377,VA0_MASKNOOPC,FALSE,VA0_mask,noOPC,17377
618,303,27378,VA0_MASKSRAFMINUS,FALSE,VA0_mask,SRAFminus,17378
618,304,27379,VA0_MASKSRAFPLUS,FALSE,VA0_mask,SRAFplus,17379
618,404,27381,VA0_MASKFRAME,FALSE,VA0_mask,frameDrawing,17381
618,405,27382,VA0_MASKFMCID,FALSE,VA0_mask,fmcid,17382
618,406,27383,VA0_MASKFMCID2,FALSE,VA0_mask,fmcid2,17383
618,409,27385,VA0_MASKSCRATCH1,FALSE,VA0_mask,scratch1,17385
618,410,27386,VA0_MASKSCRATCH2,FALSE,VA0_mask,scratch2,17386
618,411,27387,VA0_MASKSCRATCH3,FALSE,VA0_mask,scratch3,17387
618,412,27388,VA0_MASKSCRATCH4,FALSE,VA0_mask,scratch4,17388
618,413,27389,VA0_MASKSCRATCH5,FALSE,VA0_mask,scratch5,17389
618,414,27390,VA0_MASKMETROCELL,FALSE,VA0_mask,metroCell,17390
618,418,48449,VA0_MASKNIKONSDR,FALSE,VA0_mask,NikonSDR,38449
618,479,48450,VA0_MASKOPCID1,FALSE,VA0_mask,opcID1,38450
618,480,48451,VA0_MASKOPCID2,FALSE,VA0_mask,opcID2,38451
618,488,54610,VA0_MASKXROI,FALSE,VA0_mask,xROI,44610
618,489,54818,VA0_MASKYROI,FALSE,VA0_mask,yROI,44818
623,0,27409,MT2_MASKDRAWN,FALSE,MT2_mask,drawing,17409
623,1,27410,MT2_MASKKOR,FALSE,MT2_mask,blockage,17410
623,51,27411,MT2_MASKKGA,FALSE,MT2_mask,keepGenAway,17411
623,301,27412,MT2_MASKNOMECID,FALSE,MT2_mask,noMECID,17412
623,302,27413,MT2_MASKNOOPC,FALSE,MT2_mask,noOPC,17413
623,303,27414,MT2_MASKSRAFMINUS,FALSE,MT2_mask,SRAFminus,17414
623,304,27415,MT2_MASKSRAFPLUS,FALSE,MT2_mask,SRAFplus,17415
623,404,27417,MT2_MASKFRAME,FALSE,MT2_mask,frameDrawing,17417
623,405,27418,MT2_MASKFMCID,FALSE,MT2_mask,fmcid,17418
623,406,27419,MT2_MASKFMCID2,FALSE,MT2_mask,fmcid2,17419
623,409,27421,MT2_MASKSCRATCH1,FALSE,MT2_mask,scratch1,17421
623,410,27422,MT2_MASKSCRATCH2,FALSE,MT2_mask,scratch2,17422
623,411,27423,MT2_MASKSCRATCH3,FALSE,MT2_mask,scratch3,17423
623,412,27424,MT2_MASKSCRATCH4,FALSE,MT2_mask,scratch4,17424
623,413,27425,MT2_MASKSCRATCH5,FALSE,MT2_mask,scratch5,17425
623,414,27426,MT2_MASKMETROCELL,FALSE,MT2_mask,metroCell,17426
623,418,48505,MT2_MASKNIKONSDR,FALSE,MT2_mask,NikonSDR,38505
623,479,48479,MT2_MASKOPCID1,FALSE,MT2_mask,opcID1,38479
623,480,48480,MT2_MASKOPCID2,FALSE,MT2_mask,opcID2,38480
623,488,54615,MT2_MASKXROI,FALSE,MT2_mask,xROI,44615
623,489,54823,MT2_MASKYROI,FALSE,MT2_mask,yROI,44823
624,0,27391,VA1_MASKDRAWN,FALSE,VA1_mask,drawing,17391
624,1,27392,VA1_MASKKOR,FALSE,VA1_mask,blockage,17392
624,51,27393,VA1_MASKKGA,FALSE,VA1_mask,keepGenAway,17393
624,301,27394,VA1_MASKNOMECID,FALSE,VA1_mask,noMECID,17394
624,302,27395,VA1_MASKNOOPC,FALSE,VA1_mask,noOPC,17395
624,303,27396,VA1_MASKSRAFMINUS,FALSE,VA1_mask,SRAFminus,17396
624,304,27397,VA1_MASKSRAFPLUS,FALSE,VA1_mask,SRAFplus,17397
624,404,27399,VA1_MASKFRAME,FALSE,VA1_mask,frameDrawing,17399
624,405,27400,VA1_MASKFMCID,FALSE,VA1_mask,fmcid,17400
624,406,27401,VA1_MASKFMCID2,FALSE,VA1_mask,fmcid2,17401
624,409,27403,VA1_MASKSCRATCH1,FALSE,VA1_mask,scratch1,17403
624,410,27404,VA1_MASKSCRATCH2,FALSE,VA1_mask,scratch2,17404
624,411,27405,VA1_MASKSCRATCH3,FALSE,VA1_mask,scratch3,17405
624,412,27406,VA1_MASKSCRATCH4,FALSE,VA1_mask,scratch4,17406
624,413,27407,VA1_MASKSCRATCH5,FALSE,VA1_mask,scratch5,17407
624,414,27408,VA1_MASKMETROCELL,FALSE,VA1_mask,metroCell,17408
624,418,48454,VA1_MASKNIKONSDR,FALSE,VA1_mask,NikonSDR,38454
624,479,48453,VA1_MASKOPCID1,FALSE,VA1_mask,opcID1,38453
624,480,48452,VA1_MASKOPCID2,FALSE,VA1_mask,opcID2,38452
624,488,54616,VA1_MASKXROI,FALSE,VA1_mask,xROI,44616
624,489,54824,VA1_MASKYROI,FALSE,VA1_mask,yROI,44824
625,0,27445,MT3_MASKDRAWN,FALSE,MT3_mask,drawing,17445
625,1,27446,MT3_MASKKOR,FALSE,MT3_mask,blockage,17446
625,51,27447,MT3_MASKKGA,FALSE,MT3_mask,keepGenAway,17447
625,301,27448,MT3_MASKNOMECID,FALSE,MT3_mask,noMECID,17448
625,302,27449,MT3_MASKNOOPC,FALSE,MT3_mask,noOPC,17449
625,303,27450,MT3_MASKSRAFMINUS,FALSE,MT3_mask,SRAFminus,17450
625,304,27451,MT3_MASKSRAFPLUS,FALSE,MT3_mask,SRAFplus,17451
625,404,27453,MT3_MASKFRAME,FALSE,MT3_mask,frameDrawing,17453
625,405,27454,MT3_MASKFMCID,FALSE,MT3_mask,fmcid,17454
625,406,27455,MT3_MASKFMCID2,FALSE,MT3_mask,fmcid2,17455
625,409,27457,MT3_MASKSCRATCH1,FALSE,MT3_mask,scratch1,17457
625,410,27458,MT3_MASKSCRATCH2,FALSE,MT3_mask,scratch2,17458
625,411,27459,MT3_MASKSCRATCH3,FALSE,MT3_mask,scratch3,17459
625,412,27460,MT3_MASKSCRATCH4,FALSE,MT3_mask,scratch4,17460
625,413,27461,MT3_MASKSCRATCH5,FALSE,MT3_mask,scratch5,17461
625,414,27462,MT3_MASKMETROCELL,FALSE,MT3_mask,metroCell,17462
625,418,48506,MT3_MASKNIKONSDR,FALSE,MT3_mask,NikonSDR,38506
625,479,48478,MT3_MASKOPCID1,FALSE,MT3_mask,opcID1,38478
625,480,48477,MT3_MASKOPCID2,FALSE,MT3_mask,opcID2,38477
625,488,54617,MT3_MASKXROI,FALSE,MT3_mask,xROI,44617
625,489,54825,MT3_MASKYROI,FALSE,MT3_mask,yROI,44825
626,0,27427,VA2_MASKDRAWN,FALSE,VA2_mask,drawing,17427
626,1,27428,VA2_MASKKOR,FALSE,VA2_mask,blockage,17428
626,51,27429,VA2_MASKKGA,FALSE,VA2_mask,keepGenAway,17429
626,301,27430,VA2_MASKNOMECID,FALSE,VA2_mask,noMECID,17430
626,302,27431,VA2_MASKNOOPC,FALSE,VA2_mask,noOPC,17431
626,303,27432,VA2_MASKSRAFMINUS,FALSE,VA2_mask,SRAFminus,17432
626,304,27433,VA2_MASKSRAFPLUS,FALSE,VA2_mask,SRAFplus,17433
626,404,27435,VA2_MASKFRAME,FALSE,VA2_mask,frameDrawing,17435
626,405,27436,VA2_MASKFMCID,FALSE,VA2_mask,fmcid,17436
626,406,27437,VA2_MASKFMCID2,FALSE,VA2_mask,fmcid2,17437
626,409,27439,VA2_MASKSCRATCH1,FALSE,VA2_mask,scratch1,17439
626,410,27440,VA2_MASKSCRATCH2,FALSE,VA2_mask,scratch2,17440
626,411,27441,VA2_MASKSCRATCH3,FALSE,VA2_mask,scratch3,17441
626,412,27442,VA2_MASKSCRATCH4,FALSE,VA2_mask,scratch4,17442
626,413,27443,VA2_MASKSCRATCH5,FALSE,VA2_mask,scratch5,17443
626,414,27444,VA2_MASKMETROCELL,FALSE,VA2_mask,metroCell,17444
626,418,48455,VA2_MASKNIKONSDR,FALSE,VA2_mask,NikonSDR,38455
626,479,48456,VA2_MASKOPCID1,FALSE,VA2_mask,opcID1,38456
626,480,48457,VA2_MASKOPCID2,FALSE,VA2_mask,opcID2,38457
626,488,54618,VA2_MASKXROI,FALSE,VA2_mask,xROI,44618
626,489,54826,VA2_MASKYROI,FALSE,VA2_mask,yROI,44826
627,0,27481,MT4_MASKDRAWN,FALSE,MT4_mask,drawing,17481
627,1,27482,MT4_MASKKOR,FALSE,MT4_mask,blockage,17482
627,51,27483,MT4_MASKKGA,FALSE,MT4_mask,keepGenAway,17483
627,301,27484,MT4_MASKNOMECID,FALSE,MT4_mask,noMECID,17484
627,302,27485,MT4_MASKNOOPC,FALSE,MT4_mask,noOPC,17485
627,303,27486,MT4_MASKSRAFMINUS,FALSE,MT4_mask,SRAFminus,17486
627,304,27487,MT4_MASKSRAFPLUS,FALSE,MT4_mask,SRAFplus,17487
627,404,27489,MT4_MASKFRAME,FALSE,MT4_mask,frameDrawing,17489
627,405,27490,MT4_MASKFMCID,FALSE,MT4_mask,fmcid,17490
627,406,27491,MT4_MASKFMCID2,FALSE,MT4_mask,fmcid2,17491
627,409,27493,MT4_MASKSCRATCH1,FALSE,MT4_mask,scratch1,17493
627,410,27494,MT4_MASKSCRATCH2,FALSE,MT4_mask,scratch2,17494
627,411,27495,MT4_MASKSCRATCH3,FALSE,MT4_mask,scratch3,17495
627,412,27496,MT4_MASKSCRATCH4,FALSE,MT4_mask,scratch4,17496
627,413,27497,MT4_MASKSCRATCH5,FALSE,MT4_mask,scratch5,17497
627,414,27498,MT4_MASKMETROCELL,FALSE,MT4_mask,metroCell,17498
627,418,48507,MT4_MASKNIKONSDR,FALSE,MT4_mask,NikonSDR,38507
627,479,48475,MT4_MASKOPCID1,FALSE,MT4_mask,opcID1,38475
627,480,48476,MT4_MASKOPCID2,FALSE,MT4_mask,opcID2,38476
627,488,54619,MT4_MASKXROI,FALSE,MT4_mask,xROI,44619
627,489,54827,MT4_MASKYROI,FALSE,MT4_mask,yROI,44827
628,0,27463,VA3_MASKDRAWN,FALSE,VA3_mask,drawing,17463
628,1,27464,VA3_MASKKOR,FALSE,VA3_mask,blockage,17464
628,51,27465,VA3_MASKKGA,FALSE,VA3_mask,keepGenAway,17465
628,301,27466,VA3_MASKNOMECID,FALSE,VA3_mask,noMECID,17466
628,302,27467,VA3_MASKNOOPC,FALSE,VA3_mask,noOPC,17467
628,303,27468,VA3_MASKSRAFMINUS,FALSE,VA3_mask,SRAFminus,17468
628,304,27469,VA3_MASKSRAFPLUS,FALSE,VA3_mask,SRAFplus,17469
628,404,27471,VA3_MASKFRAME,FALSE,VA3_mask,frameDrawing,17471
628,405,27472,VA3_MASKFMCID,FALSE,VA3_mask,fmcid,17472
628,406,27473,VA3_MASKFMCID2,FALSE,VA3_mask,fmcid2,17473
628,409,27475,VA3_MASKSCRATCH1,FALSE,VA3_mask,scratch1,17475
628,410,27476,VA3_MASKSCRATCH2,FALSE,VA3_mask,scratch2,17476
628,411,27477,VA3_MASKSCRATCH3,FALSE,VA3_mask,scratch3,17477
628,412,27478,VA3_MASKSCRATCH4,FALSE,VA3_mask,scratch4,17478
628,413,27479,VA3_MASKSCRATCH5,FALSE,VA3_mask,scratch5,17479
628,414,27480,VA3_MASKMETROCELL,FALSE,VA3_mask,metroCell,17480
628,418,48460,VA3_MASKNIKONSDR,FALSE,VA3_mask,NikonSDR,38460
628,479,48459,VA3_MASKOPCID1,FALSE,VA3_mask,opcID1,38459
628,480,48458,VA3_MASKOPCID2,FALSE,VA3_mask,opcID2,38458
628,488,54620,VA3_MASKXROI,FALSE,VA3_mask,xROI,44620
628,489,54828,VA3_MASKYROI,FALSE,VA3_mask,yROI,44828
629,0,27517,MT5_MASKDRAWN,FALSE,MT5_mask,drawing,17517
629,1,27518,MT5_MASKKOR,FALSE,MT5_mask,blockage,17518
629,51,27519,MT5_MASKKGA,FALSE,MT5_mask,keepGenAway,17519
629,301,27520,MT5_MASKNOMECID,FALSE,MT5_mask,noMECID,17520
629,302,27521,MT5_MASKNOOPC,FALSE,MT5_mask,noOPC,17521
629,303,27522,MT5_MASKSRAFMINUS,FALSE,MT5_mask,SRAFminus,17522
629,304,27523,MT5_MASKSRAFPLUS,FALSE,MT5_mask,SRAFplus,17523
629,404,27525,MT5_MASKFRAME,FALSE,MT5_mask,frameDrawing,17525
629,405,27526,MT5_MASKFMCID,FALSE,MT5_mask,fmcid,17526
629,406,27527,MT5_MASKFMCID2,FALSE,MT5_mask,fmcid2,17527
629,409,27529,MT5_MASKSCRATCH1,FALSE,MT5_mask,scratch1,17529
629,410,27530,MT5_MASKSCRATCH2,FALSE,MT5_mask,scratch2,17530
629,411,27531,MT5_MASKSCRATCH3,FALSE,MT5_mask,scratch3,17531
629,412,27532,MT5_MASKSCRATCH4,FALSE,MT5_mask,scratch4,17532
629,413,27533,MT5_MASKSCRATCH5,FALSE,MT5_mask,scratch5,17533
629,414,27534,MT5_MASKMETROCELL,FALSE,MT5_mask,metroCell,17534
629,418,48508,MT5_MASKNIKONSDR,FALSE,MT5_mask,NikonSDR,38508
629,479,48474,MT5_MASKOPCID1,FALSE,MT5_mask,opcID1,38474
629,480,48473,MT5_MASKOPCID2,FALSE,MT5_mask,opcID2,38473
629,488,54621,MT5_MASKXROI,FALSE,MT5_mask,xROI,44621
629,489,54829,MT5_MASKYROI,FALSE,MT5_mask,yROI,44829
630,0,27499,VA4_MASKDRAWN,FALSE,VA4_mask,drawing,17499
630,1,27500,VA4_MASKKOR,FALSE,VA4_mask,blockage,17500
630,51,27501,VA4_MASKKGA,FALSE,VA4_mask,keepGenAway,17501
630,301,27502,VA4_MASKNOMECID,FALSE,VA4_mask,noMECID,17502
630,302,27503,VA4_MASKNOOPC,FALSE,VA4_mask,noOPC,17503
630,303,27504,VA4_MASKSRAFMINUS,FALSE,VA4_mask,SRAFminus,17504
630,304,27505,VA4_MASKSRAFPLUS,FALSE,VA4_mask,SRAFplus,17505
630,404,27507,VA4_MASKFRAME,FALSE,VA4_mask,frameDrawing,17507
630,405,27508,VA4_MASKFMCID,FALSE,VA4_mask,fmcid,17508
630,406,27509,VA4_MASKFMCID2,FALSE,VA4_mask,fmcid2,17509
630,409,27511,VA4_MASKSCRATCH1,FALSE,VA4_mask,scratch1,17511
630,410,27512,VA4_MASKSCRATCH2,FALSE,VA4_mask,scratch2,17512
630,411,27513,VA4_MASKSCRATCH3,FALSE,VA4_mask,scratch3,17513
630,412,27514,VA4_MASKSCRATCH4,FALSE,VA4_mask,scratch4,17514
630,413,27515,VA4_MASKSCRATCH5,FALSE,VA4_mask,scratch5,17515
630,414,27516,VA4_MASKMETROCELL,FALSE,VA4_mask,metroCell,17516
630,418,48509,VA4_MASKNIKONSDR,FALSE,VA4_mask,NikonSDR,38509
630,479,48481,VA4_MASKOPCID1,FALSE,VA4_mask,opcID1,38481
630,480,48482,VA4_MASKOPCID2,FALSE,VA4_mask,opcID2,38482
630,488,54622,VA4_MASKXROI,FALSE,VA4_mask,xROI,44622
630,489,54830,VA4_MASKYROI,FALSE,VA4_mask,yROI,44830
631,0,27553,MT6_MASKDRAWN,FALSE,MT6_mask,drawing,17553
631,1,27554,MT6_MASKKOR,FALSE,MT6_mask,blockage,17554
631,51,27555,MT6_MASKKGA,FALSE,MT6_mask,keepGenAway,17555
631,301,27556,MT6_MASKNOMECID,FALSE,MT6_mask,noMECID,17556
631,302,27557,MT6_MASKNOOPC,FALSE,MT6_mask,noOPC,17557
631,303,27558,MT6_MASKSRAFMINUS,FALSE,MT6_mask,SRAFminus,17558
631,304,27559,MT6_MASKSRAFPLUS,FALSE,MT6_mask,SRAFplus,17559
631,404,27561,MT6_MASKFRAME,FALSE,MT6_mask,frameDrawing,17561
631,405,27562,MT6_MASKFMCID,FALSE,MT6_mask,fmcid,17562
631,406,27563,MT6_MASKFMCID2,FALSE,MT6_mask,fmcid2,17563
631,409,27565,MT6_MASKSCRATCH1,FALSE,MT6_mask,scratch1,17565
631,410,27566,MT6_MASKSCRATCH2,FALSE,MT6_mask,scratch2,17566
631,411,27567,MT6_MASKSCRATCH3,FALSE,MT6_mask,scratch3,17567
631,412,27568,MT6_MASKSCRATCH4,FALSE,MT6_mask,scratch4,17568
631,413,27569,MT6_MASKSCRATCH5,FALSE,MT6_mask,scratch5,17569
631,414,27570,MT6_MASKMETROCELL,FALSE,MT6_mask,metroCell,17570
631,418,48510,MT6_MASKNIKONSDR,FALSE,MT6_mask,NikonSDR,38510
631,479,48471,MT6_MASKOPCID1,FALSE,MT6_mask,opcID1,38471
631,480,48472,MT6_MASKOPCID2,FALSE,MT6_mask,opcID2,38472
631,488,54623,MT6_MASKXROI,FALSE,MT6_mask,xROI,44623
631,489,54831,MT6_MASKYROI,FALSE,MT6_mask,yROI,44831
632,0,27535,VA5_MASKDRAWN,FALSE,VA5_mask,drawing,17535
632,1,27536,VA5_MASKKOR,FALSE,VA5_mask,blockage,17536
632,51,27537,VA5_MASKKGA,FALSE,VA5_mask,keepGenAway,17537
632,301,27538,VA5_MASKNOMECID,FALSE,VA5_mask,noMECID,17538
632,302,27539,VA5_MASKNOOPC,FALSE,VA5_mask,noOPC,17539
632,303,27540,VA5_MASKSRAFMINUS,FALSE,VA5_mask,SRAFminus,17540
632,304,27541,VA5_MASKSRAFPLUS,FALSE,VA5_mask,SRAFplus,17541
632,404,27543,VA5_MASKFRAME,FALSE,VA5_mask,frameDrawing,17543
632,405,27544,VA5_MASKFMCID,FALSE,VA5_mask,fmcid,17544
632,406,27545,VA5_MASKFMCID2,FALSE,VA5_mask,fmcid2,17545
632,409,27547,VA5_MASKSCRATCH1,FALSE,VA5_mask,scratch1,17547
632,410,27548,VA5_MASKSCRATCH2,FALSE,VA5_mask,scratch2,17548
632,411,27549,VA5_MASKSCRATCH3,FALSE,VA5_mask,scratch3,17549
632,412,27550,VA5_MASKSCRATCH4,FALSE,VA5_mask,scratch4,17550
632,413,27551,VA5_MASKSCRATCH5,FALSE,VA5_mask,scratch5,17551
632,414,27552,VA5_MASKMETROCELL,FALSE,VA5_mask,metroCell,17552
632,418,48511,VA5_MASKNIKONSDR,FALSE,VA5_mask,NikonSDR,38511
632,479,48483,VA5_MASKOPCID1,FALSE,VA5_mask,opcID1,38483
632,480,48484,VA5_MASKOPCID2,FALSE,VA5_mask,opcID2,38484
632,488,54624,VA5_MASKXROI,FALSE,VA5_mask,xROI,44624
632,489,54832,VA5_MASKYROI,FALSE,VA5_mask,yROI,44832
633,0,27589,UM1_MASKDRAWN,FALSE,UM1_mask,drawing,17589
633,1,27590,UM1_MASKKOR,FALSE,UM1_mask,blockage,17590
633,51,27591,UM1_MASKKGA,FALSE,UM1_mask,keepGenAway,17591
633,301,27592,UM1_MASKNOMECID,FALSE,UM1_mask,noMECID,17592
633,302,27593,UM1_MASKNOOPC,FALSE,UM1_mask,noOPC,17593
633,303,27594,UM1_MASKSRAFMINUS,FALSE,UM1_mask,SRAFminus,17594
633,304,27595,UM1_MASKSRAFPLUS,FALSE,UM1_mask,SRAFplus,17595
633,404,27597,UM1_MASKFRAME,FALSE,UM1_mask,frameDrawing,17597
633,405,27598,UM1_MASKFMCID,FALSE,UM1_mask,fmcid,17598
633,406,27599,UM1_MASKFMCID2,FALSE,UM1_mask,fmcid2,17599
633,409,27601,UM1_MASKSCRATCH1,FALSE,UM1_mask,scratch1,17601
633,410,27602,UM1_MASKSCRATCH2,FALSE,UM1_mask,scratch2,17602
633,411,27603,UM1_MASKSCRATCH3,FALSE,UM1_mask,scratch3,17603
633,412,27604,UM1_MASKSCRATCH4,FALSE,UM1_mask,scratch4,17604
633,413,27605,UM1_MASKSCRATCH5,FALSE,UM1_mask,scratch5,17605
633,414,27606,UM1_MASKMETROCELL,FALSE,UM1_mask,metroCell,17606
633,418,48512,UM1_MASKNIKONSDR,FALSE,UM1_mask,NikonSDR,38512
633,479,48470,UM1_MASKOPCID1,FALSE,UM1_mask,opcID1,38470
633,480,48469,UM1_MASKOPCID2,FALSE,UM1_mask,opcID2,38469
633,488,54625,UM1_MASKXROI,FALSE,UM1_mask,xROI,44625
633,489,54833,UM1_MASKYROI,FALSE,UM1_mask,yROI,44833
634,0,27571,UVT_MASKDRAWN,FALSE,UVT_mask,drawing,17571
634,1,27572,UVT_MASKKOR,FALSE,UVT_mask,blockage,17572
634,51,27573,UVT_MASKKGA,FALSE,UVT_mask,keepGenAway,17573
634,301,27574,UVT_MASKNOMECID,FALSE,UVT_mask,noMECID,17574
634,302,27575,UVT_MASKNOOPC,FALSE,UVT_mask,noOPC,17575
634,303,27576,UVT_MASKSRAFMINUS,FALSE,UVT_mask,SRAFminus,17576
634,304,27577,UVT_MASKSRAFPLUS,FALSE,UVT_mask,SRAFplus,17577
634,404,27579,UVT_MASKFRAME,FALSE,UVT_mask,frameDrawing,17579
634,405,27580,UVT_MASKFMCID,FALSE,UVT_mask,fmcid,17580
634,406,27581,UVT_MASKFMCID2,FALSE,UVT_mask,fmcid2,17581
634,409,27583,UVT_MASKSCRATCH1,FALSE,UVT_mask,scratch1,17583
634,410,27584,UVT_MASKSCRATCH2,FALSE,UVT_mask,scratch2,17584
634,411,27585,UVT_MASKSCRATCH3,FALSE,UVT_mask,scratch3,17585
634,412,27586,UVT_MASKSCRATCH4,FALSE,UVT_mask,scratch4,17586
634,413,27587,UVT_MASKSCRATCH5,FALSE,UVT_mask,scratch5,17587
634,414,27588,UVT_MASKMETROCELL,FALSE,UVT_mask,metroCell,17588
634,418,48513,UVT_MASKNIKONSDR,FALSE,UVT_mask,NikonSDR,38513
634,479,48486,UVT_MASKOPCID1,FALSE,UVT_mask,opcID1,38486
634,480,48485,UVT_MASKOPCID2,FALSE,UVT_mask,opcID2,38485
634,488,54626,UVT_MASKXROI,FALSE,UVT_mask,xROI,44626
634,489,54834,UVT_MASKYROI,FALSE,UVT_mask,yROI,44834
635,0,27625,UM2_MASKDRAWN,FALSE,UM2_mask,drawing,17625
635,1,27626,UM2_MASKKOR,FALSE,UM2_mask,blockage,17626
635,51,27627,UM2_MASKKGA,FALSE,UM2_mask,keepGenAway,17627
635,301,27628,UM2_MASKNOMECID,FALSE,UM2_mask,noMECID,17628
635,302,27629,UM2_MASKNOOPC,FALSE,UM2_mask,noOPC,17629
635,303,27630,UM2_MASKSRAFMINUS,FALSE,UM2_mask,SRAFminus,17630
635,304,27631,UM2_MASKSRAFPLUS,FALSE,UM2_mask,SRAFplus,17631
635,404,27633,UM2_MASKFRAME,FALSE,UM2_mask,frameDrawing,17633
635,405,27634,UM2_MASKFMCID,FALSE,UM2_mask,fmcid,17634
635,406,27635,UM2_MASKFMCID2,FALSE,UM2_mask,fmcid2,17635
635,409,27637,UM2_MASKSCRATCH1,FALSE,UM2_mask,scratch1,17637
635,410,27638,UM2_MASKSCRATCH2,FALSE,UM2_mask,scratch2,17638
635,411,27639,UM2_MASKSCRATCH3,FALSE,UM2_mask,scratch3,17639
635,412,27640,UM2_MASKSCRATCH4,FALSE,UM2_mask,scratch4,17640
635,413,27641,UM2_MASKSCRATCH5,FALSE,UM2_mask,scratch5,17641
635,414,27795,UM2_MASKMETROCELL,FALSE,UM2_mask,metroCell,17795
635,418,48514,UM2_MASKNIKONSDR,FALSE,UM2_mask,NikonSDR,38514
635,479,48467,UM2_MASKOPCID1,FALSE,UM2_mask,opcID1,38467
635,480,48468,UM2_MASKOPCID2,FALSE,UM2_mask,opcID2,38468
635,488,54627,UM2_MASKXROI,FALSE,UM2_mask,xROI,44627
635,489,54835,UM2_MASKYROI,FALSE,UM2_mask,yROI,44835
636,0,27607,UV1_MASKDRAWN,FALSE,UV1_mask,drawing,17607
636,1,27608,UV1_MASKKOR,FALSE,UV1_mask,blockage,17608
636,51,27609,UV1_MASKKGA,FALSE,UV1_mask,keepGenAway,17609
636,301,27610,UV1_MASKNOMECID,FALSE,UV1_mask,noMECID,17610
636,302,27611,UV1_MASKNOOPC,FALSE,UV1_mask,noOPC,17611
636,303,27612,UV1_MASKSRAFMINUS,FALSE,UV1_mask,SRAFminus,17612
636,304,27613,UV1_MASKSRAFPLUS,FALSE,UV1_mask,SRAFplus,17613
636,404,27615,UV1_MASKFRAME,FALSE,UV1_mask,frameDrawing,17615
636,405,27616,UV1_MASKFMCID,FALSE,UV1_mask,fmcid,17616
636,406,27617,UV1_MASKFMCID2,FALSE,UV1_mask,fmcid2,17617
636,409,27619,UV1_MASKSCRATCH1,FALSE,UV1_mask,scratch1,17619
636,410,27620,UV1_MASKSCRATCH2,FALSE,UV1_mask,scratch2,17620
636,411,27621,UV1_MASKSCRATCH3,FALSE,UV1_mask,scratch3,17621
636,412,27622,UV1_MASKSCRATCH4,FALSE,UV1_mask,scratch4,17622
636,413,27623,UV1_MASKSCRATCH5,FALSE,UV1_mask,scratch5,17623
636,414,27624,UV1_MASKMETROCELL,FALSE,UV1_mask,metroCell,17624
636,418,48515,UV1_MASKNIKONSDR,FALSE,UV1_mask,NikonSDR,38515
636,479,48487,UV1_MASKOPCID1,FALSE,UV1_mask,opcID1,38487
636,480,48488,UV1_MASKOPCID2,FALSE,UV1_mask,opcID2,38488
636,488,54628,UV1_MASKXROI,FALSE,UV1_mask,xROI,44628
636,489,54836,UV1_MASKYROI,FALSE,UV1_mask,yROI,44836
637,0,28928,UM3_MASKDRAWN,FALSE,UM3_mask,drawing,18928
637,1,28929,UM3_MASKKOR,FALSE,UM3_mask,blockage,18929
637,51,28930,UM3_MASKKGA,FALSE,UM3_mask,keepGenAway,18930
637,301,28931,UM3_MASKNOMECID,FALSE,UM3_mask,noMECID,18931
637,302,28932,UM3_MASKNOOPC,FALSE,UM3_mask,noOPC,18932
637,303,28933,UM3_MASKSRAFMINUS,FALSE,UM3_mask,SRAFminus,18933
637,304,28934,UM3_MASKSRAFPLUS,FALSE,UM3_mask,SRAFplus,18934
637,404,28937,UM3_MASKFRAME,FALSE,UM3_mask,frameDrawing,18937
637,405,28938,UM3_MASKFMCID,FALSE,UM3_mask,fmcid,18938
637,406,28939,UM3_MASKFMCID2,FALSE,UM3_mask,fmcid2,18939
637,409,28941,UM3_MASKSCRATCH1,FALSE,UM3_mask,scratch1,18941
637,410,28942,UM3_MASKSCRATCH2,FALSE,UM3_mask,scratch2,18942
637,411,28943,UM3_MASKSCRATCH3,FALSE,UM3_mask,scratch3,18943
637,412,28944,UM3_MASKSCRATCH4,FALSE,UM3_mask,scratch4,18944
637,413,28945,UM3_MASKSCRATCH5,FALSE,UM3_mask,scratch5,18945
637,414,28946,UM3_MASKMETROCELL,FALSE,UM3_mask,metroCell,18946
637,418,48516,UM3_MASKNIKONSDR,FALSE,UM3_mask,NikonSDR,38516
637,479,28947,UM3_MASKOPCID1,FALSE,UM3_mask,opcID1,18947
637,480,28948,UM3_MASKOPCID2,FALSE,UM3_mask,opcID2,18948
637,488,54629,UM3_MASKXROI,FALSE,UM3_mask,xROI,44629
637,489,54837,UM3_MASKYROI,FALSE,UM3_mask,yROI,44837
638,0,60668,GLP_MASKDRAWN,FALSE,GLP_mask,drawing,50668
638,1,60669,GLP_MASKKOR,FALSE,GLP_mask,blockage,50669
638,51,60670,GLP_MASKKGA,FALSE,GLP_mask,keepGenAway,50670
638,301,60671,GLP_MASKNOMECID,FALSE,GLP_mask,noMECID,50671
638,302,60672,GLP_MASKNOOPC,FALSE,GLP_mask,noOPC,50672
638,303,60673,GLP_MASKSRAFMINUS,FALSE,GLP_mask,SRAFminus,50673
638,304,60674,GLP_MASKSRAFPLUS,FALSE,GLP_mask,SRAFplus,50674
638,311,60675,GLP_MASKTSDRMARK,FALSE,GLP_mask,TSDRmark,50675
638,325,60676,GLP_MASKTSDRTRANSITION,FALSE,GLP_mask,TSDRTransition,50676
638,330,60677,GLP_MASKTSDRACTIVETE,FALSE,GLP_mask,TSDRActiveETE,50677
638,333,60678,GLP_MASKTSDRACTIVECDID,FALSE,GLP_mask,TSDRActiveCDID,50678
638,372,60679,GLP_MASKTSDRACTIVEMISREGID,FALSE,GLP_mask,TSDRActiveMisregID,50679
638,404,60681,GLP_MASKFRAME,FALSE,GLP_mask,frameDrawing,50681
638,405,60682,GLP_MASKFMCID,FALSE,GLP_mask,fmcid,50682
638,406,60683,GLP_MASKFMCID2,FALSE,GLP_mask,fmcid2,50683
638,409,60684,GLP_MASKSCRATCH1,FALSE,GLP_mask,scratch1,50684
638,410,60685,GLP_MASKSCRATCH2,FALSE,GLP_mask,scratch2,50685
638,411,60686,GLP_MASKSCRATCH3,FALSE,GLP_mask,scratch3,50686
638,412,60687,GLP_MASKSCRATCH4,FALSE,GLP_mask,scratch4,50687
638,413,60688,GLP_MASKSCRATCH5,FALSE,GLP_mask,scratch5,50688
638,414,60689,GLP_MASKMETROCELL,FALSE,GLP_mask,metroCell,50689
638,418,60690,GLP_MASKNIKONSDR,FALSE,GLP_mask,NikonSDR,50690
638,475,60691,GLP_MASKRANGE1PITCHID,FALSE,GLP_mask,range1PitchID,50691
638,476,60692,GLP_MASKRANGE2PITCHID,FALSE,GLP_mask,range2PitchID,50692
638,477,60693,GLP_MASKRANGE3PITCHID,FALSE,GLP_mask,range3PitchID,50693
638,478,60694,GLP_MASKNOPITCHID,FALSE,GLP_mask,noPitchID,50694
638,479,60695,GLP_MASKOPCID1,FALSE,GLP_mask,opcID1,50695
638,480,60696,GLP_MASKOPCID2,FALSE,GLP_mask,opcID2,50696
638,485,60697,GLP_MASKPITCH100ID,FALSE,GLP_mask,pitch100ID,50697
638,488,60698,GLP_MASKXROI,FALSE,GLP_mask,xROI,50698
638,489,60699,GLP_MASKYROI,FALSE,GLP_mask,yROI,50699
638,564,60700,GLP_MASKTSDRACTIVECDID46P,FALSE,GLP_mask,TSDRActiveCDID46p,50700
638,565,60701,GLP_MASKTSDRACTIVECDID48P,FALSE,GLP_mask,TSDRActiveCDID48p,50701
638,569,60702,GLP_MASKTSDRTRANSITION46P,FALSE,GLP_mask,TSDRTransition46p,50702
638,570,60703,GLP_MASKTSDRTRANSITION48P,FALSE,GLP_mask,TSDRTransition48p,50703
638,571,60704,GLP_MASKTSDRTRANSITION54P,FALSE,GLP_mask,TSDRTransition54p,50704
638,572,60705,GLP_MASKTSDRACTIVECDID54P,FALSE,GLP_mask,TSDRActiveCDID54p,50705
638,573,60706,GLP_MASKTSDRTRANSITION51P,FALSE,GLP_mask,TSDRTransition51p,50706
638,574,60707,GLP_MASKTSDRACTIVECDID51P,FALSE,GLP_mask,TSDRActiveCDID51p,50707
638,575,60708,GLP_MASKTSDRTRANSITION45P,FALSE,GLP_mask,TSDRTransition45p,50708
638,576,60709,GLP_MASKTSDRACTIVECDID45P,FALSE,GLP_mask,TSDRActiveCDID45p,50709
638,577,60710,GLP_MASKTSDRACTIVEMISREGID45P,FALSE,GLP_mask,TSDRActiveMisregID45p,50710
638,578,60711,GLP_MASKTSDRACTIVEMISREGID48P,FALSE,GLP_mask,TSDRActiveMisregID48p,50711
638,579,60712,GLP_MASKTSDRACTIVEMISREGID51P,FALSE,GLP_mask,TSDRActiveMisregID51p,50712
638,580,60713,GLP_MASKTSDRACTIVEMISREGID54P,FALSE,GLP_mask,TSDRActiveMisregID54p,50713
638,581,60714,GLP_MASKTSDRACTIVECDID56P,FALSE,GLP_mask,TSDRActiveCDID56p,50714
638,582,60715,GLP_MASKTSDRTRANSITION56P,FALSE,GLP_mask,TSDRTransition56p,50715
638,583,60716,GLP_MASKTSDRACTIVECDID52P,FALSE,GLP_mask,TSDRActiveCDID52p,50716
638,584,60717,GLP_MASKTSDRTRANSITION52P,FALSE,GLP_mask,TSDRTransition52p,50717
638,585,60718,GLP_MASKTSDRACTIVEMISREGID50P,FALSE,GLP_mask,TSDRActiveMisregID50p,50718
638,586,60719,GLP_MASKTSDRACTIVEMISREGID52P,FALSE,GLP_mask,TSDRActiveMisregID52p,50719
638,587,60720,GLP_MASKTSDRACTIVEMISREGID56P,FALSE,GLP_mask,TSDRActiveMisregID56p,50720
638,588,60721,GLP_MASKTSDRACTIVECDID50P,FALSE,GLP_mask,TSDRActiveCDID50p,50721
638,589,60722,GLP_MASKTSDRTRANSITION50P,FALSE,GLP_mask,TSDRTransition50p,50722
638,590,60723,GLP_MASKTSDRACTIVETGCDID,FALSE,GLP_mask,TSDRActiveTGCDID,50723
638,591,60724,GLP_MASKTSDRACTIVETGMISREGID,FALSE,GLP_mask,TSDRActiveTGMisregID,50724
638,601,60725,GLP_MASKSDRID,FALSE,GLP_mask,sdrid,50725
638,614,60726,GLP_MASKTSDRACTIVECDID72P,FALSE,GLP_mask,TSDRActiveCDID72p,50726
638,615,60727,GLP_MASKTSDRACTIVECDID96P,FALSE,GLP_mask,TSDRActiveCDID96p,50727
638,616,60728,GLP_MASKTSDRTRANSITION72P,FALSE,GLP_mask,TSDRTransition72p,50728
638,617,60729,GLP_MASKTSDRTRANSITION96P,FALSE,GLP_mask,TSDRTransition96p,50729
638,618,60730,GLP_MASKTSDRACTIVEMISREGID72P,FALSE,GLP_mask,TSDRActiveMisregID72p,50730
638,619,60731,GLP_MASKTSDRACTIVEMISREGID96P,FALSE,GLP_mask,TSDRActiveMisregID96p,50731
638,620,60732,GLP_MASKTSDRTRANSITIONTG,FALSE,GLP_mask,TSDRTransitionTG,50732
638,621,60733,GLP_MASKTSDRACTIVEMISREGID46P,FALSE,GLP_mask,TSDRActiveMisregID46p,50733
638,622,60734,GLP_MASKTSDRACTIVEMISREGID47P,FALSE,GLP_mask,TSDRActiveMisregID47p,50734
638,623,60735,GLP_MASKTSDRACTIVEMISREGID49P,FALSE,GLP_mask,TSDRActiveMisregID49p,50735
638,633,60736,GLP_MASKTSDRACTIVEBITCELLCDID,FALSE,GLP_mask,TSDRActiveBitCellCDID,50736
638,634,60737,GLP_MASKTSDRACTIVEBITCELLMISREGID,FALSE,GLP_mask,TSDRActiveBitCellMisregID,50737
638,635,60738,GLP_MASKTSDRTRANSITIONBITCELL,FALSE,GLP_mask,TSDRTransitionBitCell,50738
638,684,60739,GLP_MASKTSDRACTIVECDID47P,FALSE,GLP_mask,TSDRActiveCDID47p,50739
638,685,60740,GLP_MASKTSDRTRANSITION47P,FALSE,GLP_mask,TSDRTransition47p,50740
638,688,60741,GLP_MASKTSDRACTIVECDID49P,FALSE,GLP_mask,TSDRActiveCDID49p,50741
638,690,60742,GLP_MASKTSDRTRANSITION49P,FALSE,GLP_mask,TSDRTransition49p,50742
639,0,28970,UM4_MASKDRAWN,FALSE,UM4_mask,drawing,18970
639,1,28971,UM4_MASKKOR,FALSE,UM4_mask,blockage,18971
639,51,28972,UM4_MASKKGA,FALSE,UM4_mask,keepGenAway,18972
639,301,28973,UM4_MASKNOMECID,FALSE,UM4_mask,noMECID,18973
639,302,28974,UM4_MASKNOOPC,FALSE,UM4_mask,noOPC,18974
639,303,28975,UM4_MASKSRAFMINUS,FALSE,UM4_mask,SRAFminus,18975
639,304,28976,UM4_MASKSRAFPLUS,FALSE,UM4_mask,SRAFplus,18976
639,404,28979,UM4_MASKFRAME,FALSE,UM4_mask,frameDrawing,18979
639,405,28980,UM4_MASKFMCID,FALSE,UM4_mask,fmcid,18980
639,406,28981,UM4_MASKFMCID2,FALSE,UM4_mask,fmcid2,18981
639,409,28983,UM4_MASKSCRATCH1,FALSE,UM4_mask,scratch1,18983
639,410,28984,UM4_MASKSCRATCH2,FALSE,UM4_mask,scratch2,18984
639,411,28985,UM4_MASKSCRATCH3,FALSE,UM4_mask,scratch3,18985
639,412,28986,UM4_MASKSCRATCH4,FALSE,UM4_mask,scratch4,18986
639,413,28987,UM4_MASKSCRATCH5,FALSE,UM4_mask,scratch5,18987
639,414,28988,UM4_MASKMETROCELL,FALSE,UM4_mask,metroCell,18988
639,418,48518,UM4_MASKNIKONSDR,FALSE,UM4_mask,NikonSDR,38518
639,479,28989,UM4_MASKOPCID1,FALSE,UM4_mask,opcID1,18989
639,480,28990,UM4_MASKOPCID2,FALSE,UM4_mask,opcID2,18990
639,488,54631,UM4_MASKXROI,FALSE,UM4_mask,xROI,44631
639,489,54839,UM4_MASKYROI,FALSE,UM4_mask,yROI,44839
640,0,28949,UV3_MASKDRAWN,FALSE,UV3_mask,drawing,18949
640,1,28950,UV3_MASKKOR,FALSE,UV3_mask,blockage,18950
640,51,28951,UV3_MASKKGA,FALSE,UV3_mask,keepGenAway,18951
640,301,28952,UV3_MASKNOMECID,FALSE,UV3_mask,noMECID,18952
640,302,28953,UV3_MASKNOOPC,FALSE,UV3_mask,noOPC,18953
640,303,28954,UV3_MASKSRAFMINUS,FALSE,UV3_mask,SRAFminus,18954
640,304,28955,UV3_MASKSRAFPLUS,FALSE,UV3_mask,SRAFplus,18955
640,404,28960,UV3_MASKFRAME,FALSE,UV3_mask,frameDrawing,18960
640,405,28961,UV3_MASKFMCID,FALSE,UV3_mask,fmcid,18961
640,406,28962,UV3_MASKFMCID2,FALSE,UV3_mask,fmcid2,18962
640,409,28964,UV3_MASKSCRATCH1,FALSE,UV3_mask,scratch1,18964
640,410,28965,UV3_MASKSCRATCH2,FALSE,UV3_mask,scratch2,18965
640,411,28966,UV3_MASKSCRATCH3,FALSE,UV3_mask,scratch3,18966
640,412,28967,UV3_MASKSCRATCH4,FALSE,UV3_mask,scratch4,18967
640,413,28968,UV3_MASKSCRATCH5,FALSE,UV3_mask,scratch5,18968
640,414,28969,UV3_MASKMETROCELL,FALSE,UV3_mask,metroCell,18969
640,418,48519,UV3_MASKNIKONSDR,FALSE,UV3_mask,NikonSDR,38519
640,479,48491,UV3_MASKOPCID1,FALSE,UV3_mask,opcID1,38491
640,480,48492,UV3_MASKOPCID2,FALSE,UV3_mask,opcID2,38492
640,488,54632,UV3_MASKXROI,FALSE,UV3_mask,xROI,44632
640,489,54840,UV3_MASKYROI,FALSE,UV3_mask,yROI,44840
641,0,29013,KM1_MASKDRAWN,FALSE,KM1_mask,drawing,19013
641,1,29014,KM1_MASKKOR,FALSE,KM1_mask,blockage,19014
641,51,29015,KM1_MASKKGA,FALSE,KM1_mask,keepGenAway,19015
641,301,29016,KM1_MASKNOMECID,FALSE,KM1_mask,noMECID,19016
641,302,29017,KM1_MASKNOOPC,FALSE,KM1_mask,noOPC,19017
641,303,29018,KM1_MASKSRAFMINUS,FALSE,KM1_mask,SRAFminus,19018
641,304,29019,KM1_MASKSRAFPLUS,FALSE,KM1_mask,SRAFplus,19019
641,404,29022,KM1_MASKFRAME,FALSE,KM1_mask,frameDrawing,19022
641,405,29023,KM1_MASKFMCID,FALSE,KM1_mask,fmcid,19023
641,406,29024,KM1_MASKFMCID2,FALSE,KM1_mask,fmcid2,19024
641,409,29026,KM1_MASKSCRATCH1,FALSE,KM1_mask,scratch1,19026
641,410,29027,KM1_MASKSCRATCH2,FALSE,KM1_mask,scratch2,19027
641,411,29028,KM1_MASKSCRATCH3,FALSE,KM1_mask,scratch3,19028
641,412,29029,KM1_MASKSCRATCH4,FALSE,KM1_mask,scratch4,19029
641,413,29030,KM1_MASKSCRATCH5,FALSE,KM1_mask,scratch5,19030
641,414,29031,KM1_MASKMETROCELL,FALSE,KM1_mask,metroCell,19031
641,418,46581,KM1_MASKNIKONSDR,FALSE,KM1_mask,NikonSDR,36581
641,479,29032,KM1_MASKOPCID1,FALSE,KM1_mask,opcID1,19032
641,480,29033,KM1_MASKOPCID2,FALSE,KM1_mask,opcID2,19033
641,488,54633,KM1_MASKXROI,FALSE,KM1_mask,xROI,44633
641,489,54841,KM1_MASKYROI,FALSE,KM1_mask,yROI,44841
642,0,28991,KV1_MASKDRAWN,FALSE,KV1_mask,drawing,18991
642,1,28992,KV1_MASKKOR,FALSE,KV1_mask,blockage,18992
642,51,28993,KV1_MASKKGA,FALSE,KV1_mask,keepGenAway,18993
642,301,28994,KV1_MASKNOMECID,FALSE,KV1_mask,noMECID,18994
642,302,28995,KV1_MASKNOOPC,FALSE,KV1_mask,noOPC,18995
642,303,28996,KV1_MASKSRAFMINUS,FALSE,KV1_mask,SRAFminus,18996
642,304,28997,KV1_MASKSRAFPLUS,FALSE,KV1_mask,SRAFplus,18997
642,404,29003,KV1_MASKFRAME,FALSE,KV1_mask,frameDrawing,19003
642,405,29004,KV1_MASKFMCID,FALSE,KV1_mask,fmcid,19004
642,406,29005,KV1_MASKFMCID2,FALSE,KV1_mask,fmcid2,19005
642,409,29007,KV1_MASKSCRATCH1,FALSE,KV1_mask,scratch1,19007
642,410,29008,KV1_MASKSCRATCH2,FALSE,KV1_mask,scratch2,19008
642,411,29009,KV1_MASKSCRATCH3,FALSE,KV1_mask,scratch3,19009
642,412,29010,KV1_MASKSCRATCH4,FALSE,KV1_mask,scratch4,19010
642,413,29011,KV1_MASKSCRATCH5,FALSE,KV1_mask,scratch5,19011
642,414,29012,KV1_MASKMETROCELL,FALSE,KV1_mask,metroCell,19012
642,418,46580,KV1_MASKNIKONSDR,FALSE,KV1_mask,NikonSDR,36580
642,479,48493,KV1_MASKOPCID1,FALSE,KV1_mask,opcID1,38493
642,480,48494,KV1_MASKOPCID2,FALSE,KV1_mask,opcID2,38494
642,488,54634,KV1_MASKXROI,FALSE,KV1_mask,xROI,44634
642,489,54842,KV1_MASKYROI,FALSE,KV1_mask,yROI,44842
643,0,29055,KM2_MASKDRAWN,FALSE,KM2_mask,drawing,19055
643,1,29056,KM2_MASKKOR,FALSE,KM2_mask,blockage,19056
643,51,29057,KM2_MASKKGA,FALSE,KM2_mask,keepGenAway,19057
643,301,29058,KM2_MASKNOMECID,FALSE,KM2_mask,noMECID,19058
643,302,29059,KM2_MASKNOOPC,FALSE,KM2_mask,noOPC,19059
643,303,29060,KM2_MASKSRAFMINUS,FALSE,KM2_mask,SRAFminus,19060
643,304,29061,KM2_MASKSRAFPLUS,FALSE,KM2_mask,SRAFplus,19061
643,404,29064,KM2_MASKFRAME,FALSE,KM2_mask,frameDrawing,19064
643,405,29065,KM2_MASKFMCID,FALSE,KM2_mask,fmcid,19065
643,406,29066,KM2_MASKFMCID2,FALSE,KM2_mask,fmcid2,19066
643,409,29068,KM2_MASKSCRATCH1,FALSE,KM2_mask,scratch1,19068
643,410,29069,KM2_MASKSCRATCH2,FALSE,KM2_mask,scratch2,19069
643,411,29070,KM2_MASKSCRATCH3,FALSE,KM2_mask,scratch3,19070
643,412,29071,KM2_MASKSCRATCH4,FALSE,KM2_mask,scratch4,19071
643,413,29072,KM2_MASKSCRATCH5,FALSE,KM2_mask,scratch5,19072
643,414,29073,KM2_MASKMETROCELL,FALSE,KM2_mask,metroCell,19073
643,418,46583,KM2_MASKNIKONSDR,FALSE,KM2_mask,NikonSDR,36583
643,479,29074,KM2_MASKOPCID1,FALSE,KM2_mask,opcID1,19074
643,480,29075,KM2_MASKOPCID2,FALSE,KM2_mask,opcID2,19075
643,488,54635,KM2_MASKXROI,FALSE,KM2_mask,xROI,44635
643,489,54843,KM2_MASKYROI,FALSE,KM2_mask,yROI,44843
644,0,29034,KV2_MASKDRAWN,FALSE,KV2_mask,drawing,19034
644,1,29035,KV2_MASKKOR,FALSE,KV2_mask,blockage,19035
644,51,29036,KV2_MASKKGA,FALSE,KV2_mask,keepGenAway,19036
644,301,29037,KV2_MASKNOMECID,FALSE,KV2_mask,noMECID,19037
644,302,29038,KV2_MASKNOOPC,FALSE,KV2_mask,noOPC,19038
644,303,29039,KV2_MASKSRAFMINUS,FALSE,KV2_mask,SRAFminus,19039
644,304,29040,KV2_MASKSRAFPLUS,FALSE,KV2_mask,SRAFplus,19040
644,404,29045,KV2_MASKFRAME,FALSE,KV2_mask,frameDrawing,19045
644,405,29046,KV2_MASKFMCID,FALSE,KV2_mask,fmcid,19046
644,406,29047,KV2_MASKFMCID2,FALSE,KV2_mask,fmcid2,19047
644,409,29049,KV2_MASKSCRATCH1,FALSE,KV2_mask,scratch1,19049
644,410,29050,KV2_MASKSCRATCH2,FALSE,KV2_mask,scratch2,19050
644,411,29051,KV2_MASKSCRATCH3,FALSE,KV2_mask,scratch3,19051
644,412,29052,KV2_MASKSCRATCH4,FALSE,KV2_mask,scratch4,19052
644,413,29053,KV2_MASKSCRATCH5,FALSE,KV2_mask,scratch5,19053
644,414,29054,KV2_MASKMETROCELL,FALSE,KV2_mask,metroCell,19054
644,418,46582,KV2_MASKNIKONSDR,FALSE,KV2_mask,NikonSDR,36582
644,479,48496,KV2_MASKOPCID1,FALSE,KV2_mask,opcID1,38496
644,480,48495,KV2_MASKOPCID2,FALSE,KV2_mask,opcID2,38495
644,488,54636,KV2_MASKXROI,FALSE,KV2_mask,xROI,44636
644,489,54844,KV2_MASKYROI,FALSE,KV2_mask,yROI,44844
647,0,46860,BM1_MASKDRAWN,FALSE,BM1_mask,drawing,36860
647,1,46861,BM1_MASKKOR,FALSE,BM1_mask,blockage,36861
647,51,46862,BM1_MASKKGA,FALSE,BM1_mask,keepGenAway,36862
647,301,46863,BM1_MASKNOMECID,FALSE,BM1_mask,noMECID,36863
647,302,46864,BM1_MASKNOOPC,FALSE,BM1_mask,noOPC,36864
647,303,46865,BM1_MASKSRAFMINUS,FALSE,BM1_mask,SRAFminus,36865
647,304,46866,BM1_MASKSRAFPLUS,FALSE,BM1_mask,SRAFplus,36866
647,404,46868,BM1_MASKFRAME,FALSE,BM1_mask,frameDrawing,36868
647,405,46869,BM1_MASKFMCID,FALSE,BM1_mask,fmcid,36869
647,406,46870,BM1_MASKFMCID2,FALSE,BM1_mask,fmcid2,36870
647,409,46871,BM1_MASKSCRATCH1,FALSE,BM1_mask,scratch1,36871
647,410,46872,BM1_MASKSCRATCH2,FALSE,BM1_mask,scratch2,36872
647,411,46873,BM1_MASKSCRATCH3,FALSE,BM1_mask,scratch3,36873
647,412,46874,BM1_MASKSCRATCH4,FALSE,BM1_mask,scratch4,36874
647,413,46875,BM1_MASKSCRATCH5,FALSE,BM1_mask,scratch5,36875
647,414,46876,BM1_MASKMETROCELL,FALSE,BM1_mask,metroCell,36876
647,418,46859,BM1_MASKNIKONSDR,FALSE,BM1_mask,NikonSDR,36859
647,479,46877,BM1_MASKOPCID1,FALSE,BM1_mask,opcID1,36877
647,480,46878,BM1_MASKOPCID2,FALSE,BM1_mask,opcID2,36878
647,488,54639,BM1_MASKXROI,FALSE,BM1_mask,xROI,44639
647,489,54847,BM1_MASKYROI,FALSE,BM1_mask,yROI,44847
648,0,46800,BV1_MASKDRAWN,FALSE,BV1_mask,drawing,36800
648,1,46801,BV1_MASKKOR,FALSE,BV1_mask,blockage,36801
648,51,46802,BV1_MASKKGA,FALSE,BV1_mask,keepGenAway,36802
648,301,46803,BV1_MASKNOMECID,FALSE,BV1_mask,noMECID,36803
648,302,46804,BV1_MASKNOOPC,FALSE,BV1_mask,noOPC,36804
648,303,46805,BV1_MASKSRAFMINUS,FALSE,BV1_mask,SRAFminus,36805
648,304,46806,BV1_MASKSRAFPLUS,FALSE,BV1_mask,SRAFplus,36806
648,404,46810,BV1_MASKFRAME,FALSE,BV1_mask,frameDrawing,36810
648,405,46811,BV1_MASKFMCID,FALSE,BV1_mask,fmcid,36811
648,406,46812,BV1_MASKFMCID2,FALSE,BV1_mask,fmcid2,36812
648,409,46813,BV1_MASKSCRATCH1,FALSE,BV1_mask,scratch1,36813
648,410,46814,BV1_MASKSCRATCH2,FALSE,BV1_mask,scratch2,36814
648,411,46815,BV1_MASKSCRATCH3,FALSE,BV1_mask,scratch3,36815
648,412,46816,BV1_MASKSCRATCH4,FALSE,BV1_mask,scratch4,36816
648,413,46817,BV1_MASKSCRATCH5,FALSE,BV1_mask,scratch5,36817
648,414,46818,BV1_MASKMETROCELL,FALSE,BV1_mask,metroCell,36818
648,418,46799,BV1_MASKNIKONSDR,FALSE,BV1_mask,NikonSDR,36799
648,479,48501,BV1_MASKOPCID1,FALSE,BV1_mask,opcID1,38501
648,480,48502,BV1_MASKOPCID2,FALSE,BV1_mask,opcID2,38502
648,488,54640,BV1_MASKXROI,FALSE,BV1_mask,xROI,44640
648,489,54848,BV1_MASKYROI,FALSE,BV1_mask,yROI,44848
649,0,46880,BM2_MASKDRAWN,FALSE,BM2_mask,drawing,36880
649,1,46881,BM2_MASKKOR,FALSE,BM2_mask,blockage,36881
649,51,46882,BM2_MASKKGA,FALSE,BM2_mask,keepGenAway,36882
649,301,46883,BM2_MASKNOMECID,FALSE,BM2_mask,noMECID,36883
649,302,46884,BM2_MASKNOOPC,FALSE,BM2_mask,noOPC,36884
649,303,46885,BM2_MASKSRAFMINUS,FALSE,BM2_mask,SRAFminus,36885
649,304,46886,BM2_MASKSRAFPLUS,FALSE,BM2_mask,SRAFplus,36886
649,404,46888,BM2_MASKFRAME,FALSE,BM2_mask,frameDrawing,36888
649,405,46889,BM2_MASKFMCID,FALSE,BM2_mask,fmcid,36889
649,406,46890,BM2_MASKFMCID2,FALSE,BM2_mask,fmcid2,36890
649,409,46891,BM2_MASKSCRATCH1,FALSE,BM2_mask,scratch1,36891
649,410,46892,BM2_MASKSCRATCH2,FALSE,BM2_mask,scratch2,36892
649,411,46893,BM2_MASKSCRATCH3,FALSE,BM2_mask,scratch3,36893
649,412,46894,BM2_MASKSCRATCH4,FALSE,BM2_mask,scratch4,36894
649,413,46895,BM2_MASKSCRATCH5,FALSE,BM2_mask,scratch5,36895
649,414,46896,BM2_MASKMETROCELL,FALSE,BM2_mask,metroCell,36896
649,418,46879,BM2_MASKNIKONSDR,FALSE,BM2_mask,NikonSDR,36879
649,479,46897,BM2_MASKOPCID1,FALSE,BM2_mask,opcID1,36897
649,480,46898,BM2_MASKOPCID2,FALSE,BM2_mask,opcID2,36898
649,488,54641,BM2_MASKXROI,FALSE,BM2_mask,xROI,44641
649,489,54849,BM2_MASKYROI,FALSE,BM2_mask,yROI,44849
650,0,46820,BV2_MASKDRAWN,FALSE,BV2_mask,drawing,36820
650,1,46821,BV2_MASKKOR,FALSE,BV2_mask,blockage,36821
650,51,46822,BV2_MASKKGA,FALSE,BV2_mask,keepGenAway,36822
650,301,46823,BV2_MASKNOMECID,FALSE,BV2_mask,noMECID,36823
650,302,46824,BV2_MASKNOOPC,FALSE,BV2_mask,noOPC,36824
650,303,46825,BV2_MASKSRAFMINUS,FALSE,BV2_mask,SRAFminus,36825
650,304,46826,BV2_MASKSRAFPLUS,FALSE,BV2_mask,SRAFplus,36826
650,404,46830,BV2_MASKFRAME,FALSE,BV2_mask,frameDrawing,36830
650,405,46831,BV2_MASKFMCID,FALSE,BV2_mask,fmcid,36831
650,406,46832,BV2_MASKFMCID2,FALSE,BV2_mask,fmcid2,36832
650,409,46833,BV2_MASKSCRATCH1,FALSE,BV2_mask,scratch1,36833
650,410,46834,BV2_MASKSCRATCH2,FALSE,BV2_mask,scratch2,36834
650,411,46835,BV2_MASKSCRATCH3,FALSE,BV2_mask,scratch3,36835
650,412,46836,BV2_MASKSCRATCH4,FALSE,BV2_mask,scratch4,36836
650,413,46837,BV2_MASKSCRATCH5,FALSE,BV2_mask,scratch5,36837
650,414,46838,BV2_MASKMETROCELL,FALSE,BV2_mask,metroCell,36838
650,418,46819,BV2_MASKNIKONSDR,FALSE,BV2_mask,NikonSDR,36819
650,479,48504,BV2_MASKOPCID1,FALSE,BV2_mask,opcID1,38504
650,480,48503,BV2_MASKOPCID2,FALSE,BV2_mask,opcID2,38503
650,488,54642,BV2_MASKXROI,FALSE,BV2_mask,xROI,44642
650,489,54850,BV2_MASKYROI,FALSE,BV2_mask,yROI,44850
651,0,46900,BM3_MASKDRAWN,FALSE,BM3_mask,drawing,36900
651,1,46901,BM3_MASKKOR,FALSE,BM3_mask,blockage,36901
651,51,46902,BM3_MASKKGA,FALSE,BM3_mask,keepGenAway,36902
651,301,46903,BM3_MASKNOMECID,FALSE,BM3_mask,noMECID,36903
651,302,46904,BM3_MASKNOOPC,FALSE,BM3_mask,noOPC,36904
651,303,46905,BM3_MASKSRAFMINUS,FALSE,BM3_mask,SRAFminus,36905
651,304,46906,BM3_MASKSRAFPLUS,FALSE,BM3_mask,SRAFplus,36906
651,316,46942,BM3_MASKFO,FALSE,BM3_mask,frameOnly,36942
651,317,46941,BM3_MASKFOH,FALSE,BM3_mask,frameOnlyHole,36941
651,404,46908,BM3_MASKFRAME,FALSE,BM3_mask,frameDrawing,36908
651,405,46909,BM3_MASKFMCID,FALSE,BM3_mask,fmcid,36909
651,406,46910,BM3_MASKFMCID2,FALSE,BM3_mask,fmcid2,36910
651,409,46911,BM3_MASKSCRATCH1,FALSE,BM3_mask,scratch1,36911
651,410,46912,BM3_MASKSCRATCH2,FALSE,BM3_mask,scratch2,36912
651,411,46913,BM3_MASKSCRATCH3,FALSE,BM3_mask,scratch3,36913
651,412,46914,BM3_MASKSCRATCH4,FALSE,BM3_mask,scratch4,36914
651,413,46915,BM3_MASKSCRATCH5,FALSE,BM3_mask,scratch5,36915
651,414,46916,BM3_MASKMETROCELL,FALSE,BM3_mask,metroCell,36916
651,418,46899,BM3_MASKNIKONSDR,FALSE,BM3_mask,NikonSDR,36899
651,479,46917,BM3_MASKOPCID1,FALSE,BM3_mask,opcID1,36917
651,480,46918,BM3_MASKOPCID2,FALSE,BM3_mask,opcID2,36918
651,488,54643,BM3_MASKXROI,FALSE,BM3_mask,xROI,44643
651,489,54851,BM3_MASKYROI,FALSE,BM3_mask,yROI,44851
652,0,48587,BC1_MASKDRAWN,FALSE,BC1_mask,drawing,38587
652,1,48582,BC1_MASKKOR,FALSE,BC1_mask,blockage,38582
652,51,48585,BC1_MASKKGA,FALSE,BC1_mask,keepGenAway,38585
652,301,48572,BC1_MASKNOMECID,FALSE,BC1_mask,noMECID,38572
652,302,48580,BC1_MASKNOOPC,FALSE,BC1_mask,noOPC,38580
652,303,48578,BC1_MASKSRAFMINUS,FALSE,BC1_mask,SRAFminus,38578
652,304,48577,BC1_MASKSRAFPLUS,FALSE,BC1_mask,SRAFplus,38577
652,316,48570,BC1_MASKFO,FALSE,BC1_mask,frameOnly,38570
652,317,48576,BC1_MASKFOH,FALSE,BC1_mask,frameOnlyHole,38576
652,404,48586,BC1_MASKFRAME,FALSE,BC1_mask,frameDrawing,38586
652,405,48571,BC1_MASKFMCID,FALSE,BC1_mask,fmcid,38571
652,406,48579,BC1_MASKFMCID2,FALSE,BC1_mask,fmcid2,38579
652,409,48575,BC1_MASKSCRATCH1,FALSE,BC1_mask,scratch1,38575
652,410,48574,BC1_MASKSCRATCH2,FALSE,BC1_mask,scratch2,38574
652,411,48573,BC1_MASKSCRATCH3,FALSE,BC1_mask,scratch3,38573
652,412,48584,BC1_MASKSCRATCH4,FALSE,BC1_mask,scratch4,38584
652,413,48583,BC1_MASKSCRATCH5,FALSE,BC1_mask,scratch5,38583
652,414,48581,BC1_MASKMETROCELL,FALSE,BC1_mask,metroCell,38581
652,418,48569,BC1_MASKNIKONSDR,FALSE,BC1_mask,NikonSDR,38569
652,479,48568,BC1_MASKOPCID1,FALSE,BC1_mask,opcID1,38568
652,480,48567,BC1_MASKOPCID2,FALSE,BC1_mask,opcID2,38567
652,488,54644,BC1_MASKXROI,FALSE,BC1_mask,xROI,44644
652,489,54852,BC1_MASKYROI,FALSE,BC1_mask,yROI,44852
653,0,48609,BC2_MASKDRAWN,FALSE,BC2_mask,drawing,38609
653,1,48604,BC2_MASKKOR,FALSE,BC2_mask,blockage,38604
653,51,48607,BC2_MASKKGA,FALSE,BC2_mask,keepGenAway,38607
653,301,48594,BC2_MASKNOMECID,FALSE,BC2_mask,noMECID,38594
653,302,48602,BC2_MASKNOOPC,FALSE,BC2_mask,noOPC,38602
653,303,48600,BC2_MASKSRAFMINUS,FALSE,BC2_mask,SRAFminus,38600
653,304,48599,BC2_MASKSRAFPLUS,FALSE,BC2_mask,SRAFplus,38599
653,316,48592,BC2_MASKFO,FALSE,BC2_mask,frameOnly,38592
653,317,48598,BC2_MASKFOH,FALSE,BC2_mask,frameOnlyHole,38598
653,404,48608,BC2_MASKFRAME,FALSE,BC2_mask,frameDrawing,38608
653,405,48593,BC2_MASKFMCID,FALSE,BC2_mask,fmcid,38593
653,406,48601,BC2_MASKFMCID2,FALSE,BC2_mask,fmcid2,38601
653,409,48597,BC2_MASKSCRATCH1,FALSE,BC2_mask,scratch1,38597
653,410,48596,BC2_MASKSCRATCH2,FALSE,BC2_mask,scratch2,38596
653,411,48595,BC2_MASKSCRATCH3,FALSE,BC2_mask,scratch3,38595
653,412,48606,BC2_MASKSCRATCH4,FALSE,BC2_mask,scratch4,38606
653,413,48605,BC2_MASKSCRATCH5,FALSE,BC2_mask,scratch5,38605
653,414,48603,BC2_MASKMETROCELL,FALSE,BC2_mask,metroCell,38603
653,418,48591,BC2_MASKNIKONSDR,FALSE,BC2_mask,NikonSDR,38591
653,479,48590,BC2_MASKOPCID1,FALSE,BC2_mask,opcID1,38590
653,480,48589,BC2_MASKOPCID2,FALSE,BC2_mask,opcID2,38589
653,488,54645,BC2_MASKXROI,FALSE,BC2_mask,xROI,44645
653,489,54853,BC2_MASKYROI,FALSE,BC2_mask,yROI,44853
654,0,48631,BC3_MASKDRAWN,FALSE,BC3_mask,drawing,38631
654,1,48626,BC3_MASKKOR,FALSE,BC3_mask,blockage,38626
654,51,48629,BC3_MASKKGA,FALSE,BC3_mask,keepGenAway,38629
654,301,48616,BC3_MASKNOMECID,FALSE,BC3_mask,noMECID,38616
654,302,48624,BC3_MASKNOOPC,FALSE,BC3_mask,noOPC,38624
654,303,48622,BC3_MASKSRAFMINUS,FALSE,BC3_mask,SRAFminus,38622
654,304,48621,BC3_MASKSRAFPLUS,FALSE,BC3_mask,SRAFplus,38621
654,316,48614,BC3_MASKFO,FALSE,BC3_mask,frameOnly,38614
654,317,48620,BC3_MASKFOH,FALSE,BC3_mask,frameOnlyHole,38620
654,404,48630,BC3_MASKFRAME,FALSE,BC3_mask,frameDrawing,38630
654,405,48615,BC3_MASKFMCID,FALSE,BC3_mask,fmcid,38615
654,406,48623,BC3_MASKFMCID2,FALSE,BC3_mask,fmcid2,38623
654,409,48619,BC3_MASKSCRATCH1,FALSE,BC3_mask,scratch1,38619
654,410,48618,BC3_MASKSCRATCH2,FALSE,BC3_mask,scratch2,38618
654,411,48617,BC3_MASKSCRATCH3,FALSE,BC3_mask,scratch3,38617
654,412,48628,BC3_MASKSCRATCH4,FALSE,BC3_mask,scratch4,38628
654,413,48627,BC3_MASKSCRATCH5,FALSE,BC3_mask,scratch5,38627
654,414,48625,BC3_MASKMETROCELL,FALSE,BC3_mask,metroCell,38625
654,418,48613,BC3_MASKNIKONSDR,FALSE,BC3_mask,NikonSDR,38613
654,479,48612,BC3_MASKOPCID1,FALSE,BC3_mask,opcID1,38612
654,480,48611,BC3_MASKOPCID2,FALSE,BC3_mask,opcID2,38611
654,488,54646,BC3_MASKXROI,FALSE,BC3_mask,xROI,44646
654,489,54854,BC3_MASKYROI,FALSE,BC3_mask,yROI,44854
655,0,46840,BV3_MASKDRAWN,FALSE,BV3_mask,drawing,36840
655,1,46841,BV3_MASKKOR,FALSE,BV3_mask,blockage,36841
655,51,46842,BV3_MASKKGA,FALSE,BV3_mask,keepGenAway,36842
655,301,46843,BV3_MASKNOMECID,FALSE,BV3_mask,noMECID,36843
655,302,46844,BV3_MASKNOOPC,FALSE,BV3_mask,noOPC,36844
655,303,46845,BV3_MASKSRAFMINUS,FALSE,BV3_mask,SRAFminus,36845
655,304,46846,BV3_MASKSRAFPLUS,FALSE,BV3_mask,SRAFplus,36846
655,316,46939,BV3_MASKFO,FALSE,BV3_mask,frameOnly,36939
655,317,46940,BV3_MASKFOH,FALSE,BV3_mask,frameOnlyHole,36940
655,404,46850,BV3_MASKFRAME,FALSE,BV3_mask,frameDrawing,36850
655,405,46851,BV3_MASKFMCID,FALSE,BV3_mask,fmcid,36851
655,406,46852,BV3_MASKFMCID2,FALSE,BV3_mask,fmcid2,36852
655,409,46853,BV3_MASKSCRATCH1,FALSE,BV3_mask,scratch1,36853
655,410,46854,BV3_MASKSCRATCH2,FALSE,BV3_mask,scratch2,36854
655,411,46855,BV3_MASKSCRATCH3,FALSE,BV3_mask,scratch3,36855
655,412,46856,BV3_MASKSCRATCH4,FALSE,BV3_mask,scratch4,36856
655,413,46857,BV3_MASKSCRATCH5,FALSE,BV3_mask,scratch5,36857
655,414,46858,BV3_MASKMETROCELL,FALSE,BV3_mask,metroCell,36858
655,418,46839,BV3_MASKNIKONSDR,FALSE,BV3_mask,NikonSDR,36839
655,479,48565,BV3_MASKOPCID1,FALSE,BV3_mask,opcID1,38565
655,480,48566,BV3_MASKOPCID2,FALSE,BV3_mask,opcID2,38566
655,488,54647,BV3_MASKXROI,FALSE,BV3_mask,xROI,44647
655,489,54855,BV3_MASKYROI,FALSE,BV3_mask,yROI,44855
656,0,46920,BM4_MASKDRAWN,FALSE,BM4_mask,drawing,36920
656,1,46921,BM4_MASKKOR,FALSE,BM4_mask,blockage,36921
656,51,46922,BM4_MASKKGA,FALSE,BM4_mask,keepGenAway,36922
656,301,46923,BM4_MASKNOMECID,FALSE,BM4_mask,noMECID,36923
656,302,46924,BM4_MASKNOOPC,FALSE,BM4_mask,noOPC,36924
656,303,46925,BM4_MASKSRAFMINUS,FALSE,BM4_mask,SRAFminus,36925
656,304,46926,BM4_MASKSRAFPLUS,FALSE,BM4_mask,SRAFplus,36926
656,316,46943,BM4_MASKFO,FALSE,BM4_mask,frameOnly,36943
656,317,46944,BM4_MASKFOH,FALSE,BM4_mask,frameOnlyHole,36944
656,404,46928,BM4_MASKFRAME,FALSE,BM4_mask,frameDrawing,36928
656,405,46929,BM4_MASKFMCID,FALSE,BM4_mask,fmcid,36929
656,406,46930,BM4_MASKFMCID2,FALSE,BM4_mask,fmcid2,36930
656,409,46931,BM4_MASKSCRATCH1,FALSE,BM4_mask,scratch1,36931
656,410,46932,BM4_MASKSCRATCH2,FALSE,BM4_mask,scratch2,36932
656,411,46933,BM4_MASKSCRATCH3,FALSE,BM4_mask,scratch3,36933
656,412,46934,BM4_MASKSCRATCH4,FALSE,BM4_mask,scratch4,36934
656,413,46935,BM4_MASKSCRATCH5,FALSE,BM4_mask,scratch5,36935
656,414,46936,BM4_MASKMETROCELL,FALSE,BM4_mask,metroCell,36936
656,418,46919,BM4_MASKNIKONSDR,FALSE,BM4_mask,NikonSDR,36919
656,479,46937,BM4_MASKOPCID1,FALSE,BM4_mask,opcID1,36937
656,480,46938,BM4_MASKOPCID2,FALSE,BM4_mask,opcID2,36938
656,488,54648,BM4_MASKXROI,FALSE,BM4_mask,xROI,44648
656,489,54856,BM4_MASKYROI,FALSE,BM4_mask,yROI,44856
657,0,33130,BSV_MASKDRAWN,FALSE,BSV_mask,drawing,23130
657,1,33131,BSV_MASKKOR,FALSE,BSV_mask,blockage,23131
657,51,33132,BSV_MASKKGA,FALSE,BSV_mask,keepGenAway,23132
657,301,33133,BSV_MASKNOMECID,FALSE,BSV_mask,noMECID,23133
657,302,33134,BSV_MASKNOOPC,FALSE,BSV_mask,noOPC,23134
657,303,33135,BSV_MASKSRAFMINUS,FALSE,BSV_mask,SRAFminus,23135
657,304,33136,BSV_MASKSRAFPLUS,FALSE,BSV_mask,SRAFplus,23136
657,316,33137,BSV_MASKFO,FALSE,BSV_mask,frameOnly,23137
657,317,33148,BSV_MASKFOH,FALSE,BSV_mask,frameOnlyHole,23148
657,404,33139,BSV_MASKFRAME,FALSE,BSV_mask,frameDrawing,23139
657,405,33140,BSV_MASKFMCID,FALSE,BSV_mask,fmcid,23140
657,406,33141,BSV_MASKFMCID2,FALSE,BSV_mask,fmcid2,23141
657,409,33142,BSV_MASKSCRATCH1,FALSE,BSV_mask,scratch1,23142
657,410,33143,BSV_MASKSCRATCH2,FALSE,BSV_mask,scratch2,23143
657,411,33144,BSV_MASKSCRATCH3,FALSE,BSV_mask,scratch3,23144
657,412,33145,BSV_MASKSCRATCH4,FALSE,BSV_mask,scratch4,23145
657,413,33146,BSV_MASKSCRATCH5,FALSE,BSV_mask,scratch5,23146
657,414,33147,BSV_MASKMETROCELL,FALSE,BSV_mask,metroCell,23147
657,418,33150,BSV_MASKNIKONSDR,FALSE,BSV_mask,NikonSDR,23150
657,479,48633,BSV_MASKOPCID1,FALSE,BSV_mask,opcID1,38633
657,480,48634,BSV_MASKOPCID2,FALSE,BSV_mask,opcID2,38634
657,488,54649,BSV_MASKXROI,FALSE,BSV_mask,xROI,44649
657,489,54857,BSV_MASKYROI,FALSE,BSV_mask,yROI,44857
658,0,33151,BSB_MASKDRAWN,FALSE,BSB_mask,drawing,23151
658,1,33152,BSB_MASKKOR,FALSE,BSB_mask,blockage,23152
658,51,33153,BSB_MASKKGA,FALSE,BSB_mask,keepGenAway,23153
658,301,33154,BSB_MASKNOMECID,FALSE,BSB_mask,noMECID,23154
658,302,33155,BSB_MASKNOOPC,FALSE,BSB_mask,noOPC,23155
658,303,33156,BSB_MASKSRAFMINUS,FALSE,BSB_mask,SRAFminus,23156
658,304,33157,BSB_MASKSRAFPLUS,FALSE,BSB_mask,SRAFplus,23157
658,316,33158,BSB_MASKFO,FALSE,BSB_mask,frameOnly,23158
658,317,33159,BSB_MASKFOH,FALSE,BSB_mask,frameOnlyHole,23159
658,404,33161,BSB_MASKFRAME,FALSE,BSB_mask,frameDrawing,23161
658,405,33162,BSB_MASKFMCID,FALSE,BSB_mask,fmcid,23162
658,406,33163,BSB_MASKFMCID2,FALSE,BSB_mask,fmcid2,23163
658,409,33165,BSB_MASKSCRATCH1,FALSE,BSB_mask,scratch1,23165
658,410,33166,BSB_MASKSCRATCH2,FALSE,BSB_mask,scratch2,23166
658,411,33167,BSB_MASKSCRATCH3,FALSE,BSB_mask,scratch3,23167
658,412,33168,BSB_MASKSCRATCH4,FALSE,BSB_mask,scratch4,23168
658,413,33169,BSB_MASKSCRATCH5,FALSE,BSB_mask,scratch5,23169
658,414,33170,BSB_MASKMETROCELL,FALSE,BSB_mask,metroCell,23170
658,418,33171,BSB_MASKNIKONSDR,FALSE,BSB_mask,NikonSDR,23171
658,479,48636,BSB_MASKOPCID1,FALSE,BSB_mask,opcID1,38636
658,480,48635,BSB_MASKOPCID2,FALSE,BSB_mask,opcID2,38635
658,488,54650,BSB_MASKXROI,FALSE,BSB_mask,xROI,44650
658,489,54858,BSB_MASKYROI,FALSE,BSB_mask,yROI,44858
659,0,43113,B4T_MASKDRAWN,FALSE,B4T_mask,drawing,33113
659,1,43114,B4T_MASKKOR,FALSE,B4T_mask,blockage,33114
659,51,43115,B4T_MASKKGA,FALSE,B4T_mask,keepGenAway,33115
659,301,43116,B4T_MASKNOMECID,FALSE,B4T_mask,noMECID,33116
659,302,43117,B4T_MASKNOOPC,FALSE,B4T_mask,noOPC,33117
659,303,43118,B4T_MASKSRAFMINUS,FALSE,B4T_mask,SRAFminus,33118
659,304,43119,B4T_MASKSRAFPLUS,FALSE,B4T_mask,SRAFplus,33119
659,316,43131,B4T_MASKFO,FALSE,B4T_mask,frameOnly,33131
659,317,43132,B4T_MASKFOH,FALSE,B4T_mask,frameOnlyHole,33132
659,404,43121,B4T_MASKFRAME,FALSE,B4T_mask,frameDrawing,33121
659,405,43122,B4T_MASKFMCID,FALSE,B4T_mask,fmcid,33122
659,406,43123,B4T_MASKFMCID2,FALSE,B4T_mask,fmcid2,33123
659,409,43125,B4T_MASKSCRATCH1,FALSE,B4T_mask,scratch1,33125
659,410,43126,B4T_MASKSCRATCH2,FALSE,B4T_mask,scratch2,33126
659,411,43127,B4T_MASKSCRATCH3,FALSE,B4T_mask,scratch3,33127
659,412,43128,B4T_MASKSCRATCH4,FALSE,B4T_mask,scratch4,33128
659,413,43129,B4T_MASKSCRATCH5,FALSE,B4T_mask,scratch5,33129
659,414,43130,B4T_MASKMETROCELL,FALSE,B4T_mask,metroCell,33130
659,418,46643,B4T_MASKNIKONSDR,FALSE,B4T_mask,NikonSDR,36643
659,479,48637,B4T_MASKOPCID1,FALSE,B4T_mask,opcID1,38637
659,480,48638,B4T_MASKOPCID2,FALSE,B4T_mask,opcID2,38638
659,488,54651,B4T_MASKXROI,FALSE,B4T_mask,xROI,44651
659,489,54859,B4T_MASKYROI,FALSE,B4T_mask,yROI,44859
662,0,48989,M0H_MASKDRAWN,FALSE,M0H_mask,drawing,38989
662,1,48990,M0H_MASKKOR,FALSE,M0H_mask,blockage,38990
662,51,48991,M0H_MASKKGA,FALSE,M0H_mask,keepGenAway,38991
662,301,48992,M0H_MASKNOMECID,FALSE,M0H_mask,noMECID,38992
662,302,48993,M0H_MASKNOOPC,FALSE,M0H_mask,noOPC,38993
662,303,48994,M0H_MASKSRAFMINUS,FALSE,M0H_mask,SRAFminus,38994
662,304,48995,M0H_MASKSRAFPLUS,FALSE,M0H_mask,SRAFplus,38995
662,333,60962,M0H_MASKTSDRACTIVECDID,FALSE,M0H_mask,TSDRActiveCDID,50962
662,372,60961,M0H_MASKTSDRACTIVEMISREGID,FALSE,M0H_mask,TSDRActiveMisregID,50961
662,404,48997,M0H_MASKFRAME,FALSE,M0H_mask,frameDrawing,38997
662,405,48998,M0H_MASKFMCID,FALSE,M0H_mask,fmcid,38998
662,406,48999,M0H_MASKFMCID2,FALSE,M0H_mask,fmcid2,38999
662,409,49000,M0H_MASKSCRATCH1,FALSE,M0H_mask,scratch1,39000
662,410,49001,M0H_MASKSCRATCH2,FALSE,M0H_mask,scratch2,39001
662,411,49002,M0H_MASKSCRATCH3,FALSE,M0H_mask,scratch3,39002
662,412,49003,M0H_MASKSCRATCH4,FALSE,M0H_mask,scratch4,39003
662,413,49004,M0H_MASKSCRATCH5,FALSE,M0H_mask,scratch5,39004
662,414,49005,M0H_MASKMETROCELL,FALSE,M0H_mask,metroCell,39005
662,418,49006,M0H_MASKNIKONSDR,FALSE,M0H_mask,NikonSDR,39006
662,479,49007,M0H_MASKOPCID1,FALSE,M0H_mask,opcID1,39007
662,480,49008,M0H_MASKOPCID2,FALSE,M0H_mask,opcID2,39008
662,488,54654,M0H_MASKXROI,FALSE,M0H_mask,xROI,44654
662,489,54862,M0H_MASKYROI,FALSE,M0H_mask,yROI,44862
664,0,49029,M0S_MASKDRAWN,FALSE,M0S_mask,drawing,39029
664,1,49030,M0S_MASKKOR,FALSE,M0S_mask,blockage,39030
664,18,55158,M0S_MASKTG,FALSE,M0S_mask,toSynDrawing,45158
664,51,49031,M0S_MASKKGA,FALSE,M0S_mask,keepGenAway,39031
664,301,49032,M0S_MASKNOMECID,FALSE,M0S_mask,noMECID,39032
664,302,49033,M0S_MASKNOOPC,FALSE,M0S_mask,noOPC,39033
664,303,49034,M0S_MASKSRAFMINUS,FALSE,M0S_mask,SRAFminus,39034
664,304,49035,M0S_MASKSRAFPLUS,FALSE,M0S_mask,SRAFplus,39035
664,325,55159,M0S_MASKTSDRTRANSITION,FALSE,M0S_mask,TSDRTransition,45159
664,327,52201,M0S_MASKTSDRWING,FALSE,M0S_mask,TSDRWingID,42201
664,328,52203,M0S_MASKTSDRNOWING,FALSE,M0S_mask,TSDRNoWingID,42203
664,330,52206,M0S_MASKTSDRACTIVETE,FALSE,M0S_mask,TSDRActiveETE,42206
664,333,52209,M0S_MASKTSDRACTIVCDID,FALSE,M0S_mask,TSDRActiveCDID,42209
664,372,60659,M0S_MASKTSDRACTIVEMISREGID,FALSE,M0S_mask,TSDRActiveMisregID,50659
664,404,49037,M0S_MASKFRAME,FALSE,M0S_mask,frameDrawing,39037
664,405,49038,M0S_MASKFMCID,FALSE,M0S_mask,fmcid,39038
664,406,49039,M0S_MASKFMCID2,FALSE,M0S_mask,fmcid2,39039
664,409,49040,M0S_MASKSCRATCH1,FALSE,M0S_mask,scratch1,39040
664,410,49041,M0S_MASKSCRATCH2,FALSE,M0S_mask,scratch2,39041
664,411,49042,M0S_MASKSCRATCH3,FALSE,M0S_mask,scratch3,39042
664,412,49043,M0S_MASKSCRATCH4,FALSE,M0S_mask,scratch4,39043
664,413,49044,M0S_MASKSCRATCH5,FALSE,M0S_mask,scratch5,39044
664,414,49045,M0S_MASKMETROCELL,FALSE,M0S_mask,metroCell,39045
664,418,49046,M0S_MASKNIKONSDR,FALSE,M0S_mask,NikonSDR,39046
664,479,49047,M0S_MASKOPCID1,FALSE,M0S_mask,opcID1,39047
664,480,49048,M0S_MASKOPCID2,FALSE,M0S_mask,opcID2,39048
664,488,54656,M0S_MASKXROI,FALSE,M0S_mask,xROI,44656
664,489,54864,M0S_MASKYROI,FALSE,M0S_mask,yROI,44864
664,490,54980,M0S_MASKREMOVEDATA,FALSE,M0S_mask,removeData,44980
668,0,49129,V2B_MASKDRAWN,FALSE,V2B_mask,drawing,39129
668,1,49130,V2B_MASKKOR,FALSE,V2B_mask,blockage,39130
668,51,49131,V2B_MASKKGA,FALSE,V2B_mask,keepGenAway,39131
668,301,49132,V2B_MASKNOMECID,FALSE,V2B_mask,noMECID,39132
668,302,49133,V2B_MASKNOOPC,FALSE,V2B_mask,noOPC,39133
668,303,49134,V2B_MASKSRAFMINUS,FALSE,V2B_mask,SRAFminus,39134
668,304,49135,V2B_MASKSRAFPLUS,FALSE,V2B_mask,SRAFplus,39135
668,333,60033,V2B_MASKTSDRACTIVECDID,FALSE,V2B_mask,TSDRActiveCDID,50033
668,372,60969,V2B_MASKTSDRACTIVEMISREGID,FALSE,V2B_mask,TSDRActiveMisregID,50969
668,375,60975,V2B_MASKTSDRACTIVEMETALENCLOSEID,FALSE,V2B_mask,TSDRActiveMetalEncloseID,50975
668,404,49137,V2B_MASKFRAME,FALSE,V2B_mask,frameDrawing,39137
668,405,49138,V2B_MASKFMCID,FALSE,V2B_mask,fmcid,39138
668,406,49139,V2B_MASKFMCID2,FALSE,V2B_mask,fmcid2,39139
668,409,49140,V2B_MASKSCRATCH1,FALSE,V2B_mask,scratch1,39140
668,410,49141,V2B_MASKSCRATCH2,FALSE,V2B_mask,scratch2,39141
668,411,49142,V2B_MASKSCRATCH3,FALSE,V2B_mask,scratch3,39142
668,412,49143,V2B_MASKSCRATCH4,FALSE,V2B_mask,scratch4,39143
668,413,49144,V2B_MASKSCRATCH5,FALSE,V2B_mask,scratch5,39144
668,414,49145,V2B_MASKMETROCELL,FALSE,V2B_mask,metroCell,39145
668,418,49146,V2B_MASKNIKONSDR,FALSE,V2B_mask,NikonSDR,39146
668,479,49147,V2B_MASKOPCID1,FALSE,V2B_mask,opcID1,39147
668,480,49148,V2B_MASKOPCID2,FALSE,V2B_mask,opcID2,39148
668,488,54660,V2B_MASKXROI,FALSE,V2B_mask,xROI,44660
668,489,54868,V2B_MASKYROI,FALSE,V2B_mask,yROI,44868
670,0,49500,M0Q_MASKDRAWN,FALSE,M0Q_mask,drawing,39500
670,1,49501,M0Q_MASKKOR,FALSE,M0Q_mask,blockage,39501
670,51,49502,M0Q_MASKKGA,FALSE,M0Q_mask,keepGenAway,39502
670,301,49503,M0Q_MASKNOMECID,FALSE,M0Q_mask,noMECID,39503
670,302,49504,M0Q_MASKNOOPC,FALSE,M0Q_mask,noOPC,39504
670,303,49505,M0Q_MASKSRAFMINUS,FALSE,M0Q_mask,SRAFminus,39505
670,304,49506,M0Q_MASKSRAFPLUS,FALSE,M0Q_mask,SRAFplus,39506
670,333,60960,M0Q_MASKTSDRACTIVECDID,FALSE,M0Q_mask,TSDRActiveCDID,50960
670,372,60959,M0Q_MASKTSDRACTIVEMISREGID,FALSE,M0Q_mask,TSDRActiveMisregID,50959
670,404,49508,M0Q_MASKFRAME,FALSE,M0Q_mask,frameDrawing,39508
670,405,49509,M0Q_MASKFMCID,FALSE,M0Q_mask,fmcid,39509
670,406,49510,M0Q_MASKFMCID2,FALSE,M0Q_mask,fmcid2,39510
670,409,49511,M0Q_MASKSCRATCH1,FALSE,M0Q_mask,scratch1,39511
670,410,49512,M0Q_MASKSCRATCH2,FALSE,M0Q_mask,scratch2,39512
670,411,49513,M0Q_MASKSCRATCH3,FALSE,M0Q_mask,scratch3,39513
670,412,49514,M0Q_MASKSCRATCH4,FALSE,M0Q_mask,scratch4,39514
670,413,49515,M0Q_MASKSCRATCH5,FALSE,M0Q_mask,scratch5,39515
670,414,49516,M0Q_MASKMETROCELL,FALSE,M0Q_mask,metroCell,39516
670,418,49517,M0Q_MASKNIKONSDR,FALSE,M0Q_mask,NikonSDR,39517
670,479,49518,M0Q_MASKOPCID1,FALSE,M0Q_mask,opcID1,39518
670,480,49550,M0Q_MASKOPCID2,FALSE,M0Q_mask,opcID2,39550
670,488,49551,M0Q_MASKXROI,FALSE,M0Q_mask,xROI,39551
670,489,49552,M0Q_MASKYROI,FALSE,M0Q_mask,yROI,39552
672,0,49209,M2H_MASKDRAWN,FALSE,M2H_mask,drawing,39209
672,1,49210,M2H_MASKKOR,FALSE,M2H_mask,blockage,39210
672,51,49211,M2H_MASKKGA,FALSE,M2H_mask,keepGenAway,39211
672,301,49212,M2H_MASKNOMECID,FALSE,M2H_mask,noMECID,39212
672,302,49213,M2H_MASKNOOPC,FALSE,M2H_mask,noOPC,39213
672,303,49214,M2H_MASKSRAFMINUS,FALSE,M2H_mask,SRAFminus,39214
672,304,49215,M2H_MASKSRAFPLUS,FALSE,M2H_mask,SRAFplus,39215
672,404,49217,M2H_MASKFRAME,FALSE,M2H_mask,frameDrawing,39217
672,405,49218,M2H_MASKFMCID,FALSE,M2H_mask,fmcid,39218
672,406,49219,M2H_MASKFMCID2,FALSE,M2H_mask,fmcid2,39219
672,409,49220,M2H_MASKSCRATCH1,FALSE,M2H_mask,scratch1,39220
672,410,49221,M2H_MASKSCRATCH2,FALSE,M2H_mask,scratch2,39221
672,411,49222,M2H_MASKSCRATCH3,FALSE,M2H_mask,scratch3,39222
672,412,49223,M2H_MASKSCRATCH4,FALSE,M2H_mask,scratch4,39223
672,413,49224,M2H_MASKSCRATCH5,FALSE,M2H_mask,scratch5,39224
672,414,49225,M2H_MASKMETROCELL,FALSE,M2H_mask,metroCell,39225
672,418,49226,M2H_MASKNIKONSDR,FALSE,M2H_mask,NikonSDR,39226
672,479,49227,M2H_MASKOPCID1,FALSE,M2H_mask,opcID1,39227
672,480,49228,M2H_MASKOPCID2,FALSE,M2H_mask,opcID2,39228
672,488,54663,M2H_MASKXROI,FALSE,M2H_mask,xROI,44663
672,489,54871,M2H_MASKYROI,FALSE,M2H_mask,yROI,44871
675,0,49325,NDR_MASKDRAWN,FALSE,NDR_mask,drawing,39325
675,1,49324,NDR_MASKKOR,FALSE,NDR_mask,blockage,39324
675,18,49326,NDR_MASKTG,FALSE,NDR_mask,toSynDrawing,39326
675,51,63160,NDR_MASKKGA,FALSE,NDR_mask,keepGenAway,53160
675,301,49345,NDR_MASKNOMECID,FALSE,NDR_mask,noMECID,39345
675,302,49340,NDR_MASKNOOPC,FALSE,NDR_mask,noOPC,39340
675,303,49328,NDR_MASKSRAFMINUS,FALSE,NDR_mask,SRAFminus,39328
675,304,49329,NDR_MASKSRAFPLUS,FALSE,NDR_mask,SRAFplus,39329
675,316,49330,NDR_MASKMOSI,FALSE,NDR_mask,mosi,39330
675,317,49341,NDR_MASKGLASS,FALSE,NDR_mask,glass,39341
675,335,55447,NDR_MASKTSDRACTIVEIMPLANT,FALSE,NDR_mask,TSDRActiveImplant,45447
675,404,49338,NDR_MASKFRAME,FALSE,NDR_mask,frameDrawing,39338
675,405,49334,NDR_MASKFMCID,FALSE,NDR_mask,fmcid,39334
675,406,49335,NDR_MASKFMCID2,FALSE,NDR_mask,fmcid2,39335
675,409,49343,NDR_MASKSCRATCH1,FALSE,NDR_mask,scratch1,39343
675,410,49336,NDR_MASKSCRATCH2,FALSE,NDR_mask,scratch2,39336
675,411,49346,NDR_MASKSCRATCH3,FALSE,NDR_mask,scratch3,39346
675,412,49347,NDR_MASKSCRATCH4,FALSE,NDR_mask,scratch4,39347
675,413,49332,NDR_MASKSCRATCH5,FALSE,NDR_mask,scratch5,39332
675,414,49333,NDR_MASKMETROCELL,FALSE,NDR_mask,metroCell,39333
675,435,49348,NDR_MASKVMCID,FALSE,NDR_mask,VMCID,39348
675,436,49344,NDR_MASKHMCID,FALSE,NDR_mask,HMCID,39344
675,437,49339,NDR_MASKFAMCID,FALSE,NDR_mask,FAMCID,39339
675,438,49327,NDR_MASKPAMCID,FALSE,NDR_mask,PAMCID,39327
675,440,49337,NDR_MASKISOMCID,FALSE,NDR_mask,ISOMCID,39337
675,441,49342,NDR_MASKCBCMCID,FALSE,NDR_mask,CBCMCID,39342
675,453,31025,NDR_MASKPBBMCID,FALSE,NDR_mask,PBBMCID,21025
675,488,54666,NDR_MASKXROI,FALSE,NDR_mask,xROI,44666
675,489,54874,NDR_MASKYROI,FALSE,NDR_mask,yROI,44874
676,0,49350,PDR_MASKDRAWN,FALSE,PDR_mask,drawing,39350
676,1,49349,PDR_MASKKOR,FALSE,PDR_mask,blockage,39349
676,18,49351,PDR_MASKTG,FALSE,PDR_mask,toSynDrawing,39351
676,51,63161,PDR_MASKKGA,FALSE,PDR_mask,keepGenAway,53161
676,301,49370,PDR_MASKNOMECID,FALSE,PDR_mask,noMECID,39370
676,302,49365,PDR_MASKNOOPC,FALSE,PDR_mask,noOPC,39365
676,303,49353,PDR_MASKSRAFMINUS,FALSE,PDR_mask,SRAFminus,39353
676,304,49354,PDR_MASKSRAFPLUS,FALSE,PDR_mask,SRAFplus,39354
676,316,49355,PDR_MASKMOSI,FALSE,PDR_mask,mosi,39355
676,317,49366,PDR_MASKGLASS,FALSE,PDR_mask,glass,39366
676,335,55448,PDR_MASKTSDRACTIVEIMPLANT,FALSE,PDR_mask,TSDRActiveImplant,45448
676,404,49363,PDR_MASKFRAME,FALSE,PDR_mask,frameDrawing,39363
676,405,49359,PDR_MASKFMCID,FALSE,PDR_mask,fmcid,39359
676,406,49360,PDR_MASKFMCID2,FALSE,PDR_mask,fmcid2,39360
676,409,49368,PDR_MASKSCRATCH1,FALSE,PDR_mask,scratch1,39368
676,410,49361,PDR_MASKSCRATCH2,FALSE,PDR_mask,scratch2,39361
676,411,49371,PDR_MASKSCRATCH3,FALSE,PDR_mask,scratch3,39371
676,412,49372,PDR_MASKSCRATCH4,FALSE,PDR_mask,scratch4,39372
676,413,49357,PDR_MASKSCRATCH5,FALSE,PDR_mask,scratch5,39357
676,414,49358,PDR_MASKMETROCELL,FALSE,PDR_mask,metroCell,39358
676,435,49373,PDR_MASKVMCID,FALSE,PDR_mask,VMCID,39373
676,436,49369,PDR_MASKHMCID,FALSE,PDR_mask,HMCID,39369
676,437,49364,PDR_MASKFAMCID,FALSE,PDR_mask,FAMCID,39364
676,438,49352,PDR_MASKPAMCID,FALSE,PDR_mask,PAMCID,39352
676,440,49362,PDR_MASKISOMCID,FALSE,PDR_mask,ISOMCID,39362
676,441,49367,PDR_MASKCBCMCID,FALSE,PDR_mask,CBCMCID,39367
676,453,31026,PDR_MASKPBBMCID,FALSE,PDR_mask,PBBMCID,21026
676,488,54667,PDR_MASKXROI,FALSE,PDR_mask,xROI,44667
676,489,54875,PDR_MASKYROI,FALSE,PDR_mask,yROI,44875
682,0,49530,FTI_MASKDRAWN,FALSE,FTI_mask,drawing,39530
682,1,49538,FTI_MASKKOR,FALSE,FTI_mask,blockage,39538
682,51,49519,FTI_MASKKGA,FALSE,FTI_mask,keepGenAway,39519
682,301,49527,FTI_MASKNOMECID,FALSE,FTI_mask,noMECID,39527
682,302,49537,FTI_MASKNOOPC,FALSE,FTI_mask,noOPC,39537
682,303,49536,FTI_MASKSRAFMINUS,FALSE,FTI_mask,SRAFminus,39536
682,304,49533,FTI_MASKSRAFPLUS,FALSE,FTI_mask,SRAFplus,39533
682,404,49525,FTI_MASKFRAME,FALSE,FTI_mask,frameDrawing,39525
682,405,49520,FTI_MASKFMCID,FALSE,FTI_mask,fmcid,39520
682,406,49534,FTI_MASKFMCID2,FALSE,FTI_mask,fmcid2,39534
682,409,49531,FTI_MASKSCRATCH1,FALSE,FTI_mask,scratch1,39531
682,410,49529,FTI_MASKSCRATCH2,FALSE,FTI_mask,scratch2,39529
682,411,49528,FTI_MASKSCRATCH3,FALSE,FTI_mask,scratch3,39528
682,412,49526,FTI_MASKSCRATCH4,FALSE,FTI_mask,scratch4,39526
682,413,49523,FTI_MASKSCRATCH5,FALSE,FTI_mask,scratch5,39523
682,414,49532,FTI_MASKMETROCELL,FALSE,FTI_mask,metroCell,39532
682,418,49535,FTI_MASKNIKONSDR,FALSE,FTI_mask,NikonSDR,39535
682,479,49524,FTI_MASKOPCID1,FALSE,FTI_mask,opcID1,39524
682,480,49521,FTI_MASKOPCID2,FALSE,FTI_mask,opcID2,39521
682,488,54673,FTI_MASKXROI,FALSE,FTI_mask,xROI,44673
682,489,54881,FTI_MASKYROI,FALSE,FTI_mask,yROI,44881
682,601,11627,FTI_MASKSDRID,FALSE,FTI_mask,sdrid,1627
683,0,23782,MA0_MASKDRAWN,FALSE,MA0_mask,drawing,13782
683,1,23783,MA0KOR,FALSE,MA0_mask,blockage,13783
683,51,23784,MA0KGA,FALSE,MA0_mask,keepGenAway,13784
683,301,49607,MA0_MASKNOMECID,FALSE,MA0_mask,noMECID,39607
683,302,49608,MA0_MASKNOOPC,FALSE,MA0_mask,noOPC,39608
683,303,49609,MA0_MASKSRAFMINUS,FALSE,MA0_mask,SRAFminus,39609
683,304,49610,MA0_MASKSRAFPLUS,FALSE,MA0_mask,SRAFplus,39610
683,404,23789,MA0FRAME,FALSE,MA0_mask,frameDrawing,13789
683,405,23796,MA0FMCID,FALSE,MA0_mask,fmcid,13796
683,406,23790,MA0FMCID2,FALSE,MA0_mask,fmcid2,13790
683,409,23791,MA0SCRATCH1,FALSE,MA0_mask,scratch1,13791
683,410,23792,MA0SCRATCH2,FALSE,MA0_mask,scratch2,13792
683,411,23793,MA0SCRATCH3,FALSE,MA0_mask,scratch3,13793
683,412,23794,MA0SCRATCH4,FALSE,MA0_mask,scratch4,13794
683,413,23795,MA0SCRATCH5,FALSE,MA0_mask,scratch5,13795
683,414,23798,MA0METROCELL,FALSE,MA0_mask,metroCell,13798
683,418,46531,MA0NIKONSDR,FALSE,MA0_mask,NikonSDR,36531
683,479,49611,MA0_MASKIPCID1,FALSE,MA0_mask,opcID1,39611
683,480,49612,MA0_MASKIPCID2,FALSE,MA0_mask,opcID2,39612
683,488,54674,MA0_MASKXROI,FALSE,MA0_mask,xROI,44674
683,489,54882,MA0_MASKYROI,FALSE,MA0_mask,yROI,44882
686,0,49658,GVA_MASKDRAWN,FALSE,GVA_mask,drawing,39658
686,1,49659,GVA_MASKKOR,FALSE,GVA_mask,blockage,39659
686,51,49660,GVA_MASKKGA,FALSE,GVA_mask,keepGenAway,39660
686,301,36468,GVA_MASKNOMECID,FALSE,GVA_mask,noMECID,26468
686,302,36469,GVA_MASKNOOPC,FALSE,GVA_mask,noOPC,26469
686,303,36470,GVA_MASKSRAFMINUS,FALSE,GVA_mask,SRAFminus,26470
686,304,36471,GVA_MASKSRAFPLUS,FALSE,GVA_mask,SRAFplus,26471
686,404,36486,GVA_MASKFRAME,FALSE,GVA_mask,frameDrawing,26486
686,405,36487,GVA_MASKFMCID,FALSE,GVA_mask,fmcid,26487
686,406,36488,GVA_MASKFMCID2,FALSE,GVA_mask,fmcid2,26488
686,409,36490,GVA_MASKSCRATCH1,FALSE,GVA_mask,scratch1,26490
686,410,36491,GVA_MASKSCRATCH2,FALSE,GVA_mask,scratch2,26491
686,411,36492,GVA_MASKSCRATCH3,FALSE,GVA_mask,scratch3,26492
686,412,36493,GVA_MASKSCRATCH4,FALSE,GVA_mask,scratch4,26493
686,413,36494,GVA_MASKSCRATCH5,FALSE,GVA_mask,scratch5,26494
686,414,36495,GVA_MASKMETROCELL,FALSE,GVA_mask,metroCell,26495
686,418,49661,GVA_MASKNIKONSDR,FALSE,GVA_mask,NikonSDR,39661
686,479,49662,GVA_MASKIPCID1,FALSE,GVA_mask,opcID1,39662
686,480,49663,GVA_MASKIPCID2,FALSE,GVA_mask,opcID2,39663
686,488,54677,GVA_MASKXROI,FALSE,GVA_mask,xROI,44677
686,489,54885,GVA_MASKYROI,FALSE,GVA_mask,yROI,44885
687,0,49664,GM1_MASKDRAWN,FALSE,GM1_mask,drawing,39664
687,1,49665,GM1_MASKKOR,FALSE,GM1_mask,blockage,39665
687,51,49666,GM1_MASKKGA,FALSE,GM1_mask,keepGenAway,39666
687,301,49667,GM1_MASKNOMECID,FALSE,GM1_mask,noMECID,39667
687,302,49668,GM1_MASKNOOPC,FALSE,GM1_mask,noOPC,39668
687,303,49669,GM1_MASKSRAFMINUS,FALSE,GM1_mask,SRAFminus,39669
687,304,49670,GM1_MASKSRAFPLUS,FALSE,GM1_mask,SRAFplus,39670
687,316,32861,GM1_MASKFO,FALSE,GM1_mask,frameOnly,22861
687,317,32862,GM1_MASKFOH,FALSE,GM1_mask,frameOnlyHole,22862
687,404,32864,GM1_MASKFRAME,FALSE,GM1_mask,frameDrawing,22864
687,405,32865,GM1_MASKFMCID,FALSE,GM1_mask,fmcid,22865
687,406,32866,GM1_MASKFMCID2,FALSE,GM1_mask,fmcid2,22866
687,409,32868,GM1_MASKSCRATCH1,FALSE,GM1_mask,scratch1,22868
687,410,32869,GM1_MASKSCRATCH2,FALSE,GM1_mask,scratch2,22869
687,411,32870,GM1_MASKSCRATCH3,FALSE,GM1_mask,scratch3,22870
687,412,32871,GM1_MASKSCRATCH4,FALSE,GM1_mask,scratch4,22871
687,413,32872,GM1_MASKSCRATCH5,FALSE,GM1_mask,scratch5,22872
687,414,32873,GM1_MASKMETROCELL,FALSE,GM1_mask,metroCell,22873
687,418,49673,GM1_MASKNIKONSDR,FALSE,GM1_mask,NikonSDR,39673
687,479,49671,GM1_MASKOPCID1,FALSE,GM1_mask,opcID1,39671
687,480,49672,GM1_MASKOPCID2,FALSE,GM1_mask,opcID2,39672
687,488,54678,GM1_MASKXROI,FALSE,GM1_mask,xROI,44678
687,489,54886,GM1_MASKYROI,FALSE,GM1_mask,yROI,44886
690,0,49834,GV1_MASKDRAWN,FALSE,GV1_mask,drawing,39834
690,1,49829,GV1_MASKKOR,FALSE,GV1_mask,blockage,39829
690,51,49832,GV1_MASKKGA,FALSE,GV1_mask,keepGenAway,39832
690,301,49819,GV1_MASKNOMECID,FALSE,GV1_mask,noMECID,39819
690,302,49827,GV1_MASKNOOPC,FALSE,GV1_mask,noOPC,39827
690,303,49825,GV1_MASKSRAFMINUS,FALSE,GV1_mask,SRAFminus,39825
690,304,49824,GV1_MASKSRAFPLUS,FALSE,GV1_mask,SRAFplus,39824
690,316,34897,GV1_MASKFO,FALSE,GV1_mask,frameOnly,24897
690,317,34907,GV1_MASKFOH,FALSE,GV1_mask,frameOnlyHole,24907
690,404,34898,GV1_MASKFRAME,FALSE,GV1_mask,frameDrawing,24898
690,405,34895,GV1_MASKFMCID,FALSE,GV1_mask,fmcid,24895
690,406,34901,GV1_MASKFMCID2,FALSE,GV1_mask,fmcid2,24901
690,409,34903,GV1_MASKSCRATCH1,FALSE,GV1_mask,scratch1,24903
690,410,34900,GV1_MASKSCRATCH2,FALSE,GV1_mask,scratch2,24900
690,411,34905,GV1_MASKSCRATCH3,FALSE,GV1_mask,scratch3,24905
690,412,34902,GV1_MASKSCRATCH4,FALSE,GV1_mask,scratch4,24902
690,413,34906,GV1_MASKSCRATCH5,FALSE,GV1_mask,scratch5,24906
690,414,34904,GV1_MASKMETROCELL,FALSE,GV1_mask,metroCell,24904
690,418,49816,GV1_MASKNIKONSDR,FALSE,GV1_mask,NikonSDR,39816
690,479,49815,GV1_MASKOPCID1,FALSE,GV1_mask,opcID1,39815
690,480,49814,GV1_MASKOPCID2,FALSE,GV1_mask,opcID2,39814
690,488,54681,GV1_MASKXROI,FALSE,GV1_mask,xROI,44681
690,489,54889,GV1_MASKYROI,FALSE,GV1_mask,yROI,44889
691,0,40280,C4B_MASKDRAWN,FALSE,C4B_mask,drawing,30280
691,1,40281,C4B_MASKKOR,FALSE,C4B_mask,blockage,30281
691,51,40282,C4B_MASKKGA,FALSE,C4B_mask,keepGenAway,30282
691,301,17087,C4B_MASKNOMECID,FALSE,C4B_mask,noMECID,7087
691,302,49867,C4B_MASKNOOPC,FALSE,C4B_mask,noOPC,39867
691,303,21147,C4B_MASKSRAFMINUS,FALSE,C4B_mask,SRAFminus,11147
691,304,20916,C4B_MASKSRAFPLUS,FALSE,C4B_mask,SRAFplus,10916
691,316,23980,C4B_MASKFO,FALSE,C4B_mask,frameOnly,13980
691,317,23981,C4B_MASKFOH,FALSE,C4B_mask,frameOnlyHole,13981
691,404,40270,C4B_MASKFRAME,FALSE,C4B_mask,frameDrawing,30270
691,405,11518,C4B_MASKFMCID,FALSE,C4B_mask,fmcid,1518
691,406,23983,C4B_MASKFMCID2,FALSE,C4B_mask,fmcid2,13983
691,409,23984,C4B_MASKSCRATCH1,FALSE,C4B_mask,scratch1,13984
691,410,23985,C4B_MASKSCRATCH2,FALSE,C4B_mask,scratch2,13985
691,411,23986,C4B_MASKSCRATCH3,FALSE,C4B_mask,scratch3,13986
691,412,23987,C4B_MASKSCRATCH4,FALSE,C4B_mask,scratch4,13987
691,413,23988,C4B_MASKSCRATCH5,FALSE,C4B_mask,scratch5,13988
691,414,13542,C4B_MASKMETROCELL,FALSE,C4B_mask,metroCell,3542
691,418,49876,C4B_MASKNIKONSDR,FALSE,C4B_mask,NikonSDR,39876
691,479,49858,C4B_MASKOPCID1,FALSE,C4B_mask,opcID1,39858
691,480,49859,C4B_MASKOPCID2,FALSE,C4B_mask,opcID2,39859
691,488,54682,C4B_MASKXROI,FALSE,C4B_mask,xROI,44682
691,489,54890,C4B_MASKYROI,FALSE,C4B_mask,yROI,44890
692,0,11043,C4T_MASKDRAWN,FALSE,C4T_mask,drawing,1043
692,1,11044,C4T_MASKKOR,FALSE,C4T_mask,blockage,1044
692,51,11046,C4T_MASKKGA,FALSE,C4T_mask,keepGenAway,1046
692,301,17106,C4T_MASKNOMECID,FALSE,C4T_mask,noMECID,7106
692,302,49900,C4T_MASKNOOPC,FALSE,C4T_mask,noOPC,39900
692,303,21215,C4T_MASKSRAFMINUS,FALSE,C4T_mask,SRAFminus,11215
692,304,20984,C4T_MASKSRAFPLUS,FALSE,C4T_mask,SRAFplus,10984
692,316,24057,C4T_MASKFO,FALSE,C4T_mask,frameOnly,14057
692,317,24058,C4T_MASKFOH,FALSE,C4T_mask,frameOnlyHole,14058
692,404,11045,C4T_MASKFRAME,FALSE,C4T_mask,frameDrawing,1045
692,405,11614,C4T_MASKFMCID,FALSE,C4T_mask,fmcid,1614
692,406,24060,C4T_MASKFMCID2,FALSE,C4T_mask,fmcid2,14060
692,409,24061,C4T_MASKSCRATCH1,FALSE,C4T_mask,scratch1,14061
692,410,24062,C4T_MASKSCRATCH2,FALSE,C4T_mask,scratch2,14062
692,411,24063,C4T_MASKSCRATCH3,FALSE,C4T_mask,scratch3,14063
692,412,24064,C4T_MASKSCRATCH4,FALSE,C4T_mask,scratch4,14064
692,413,24065,C4T_MASKSCRATCH5,FALSE,C4T_mask,scratch5,14065
692,414,13576,C4T_MASKMETROCELL,FALSE,C4T_mask,metroCell,3576
692,418,49899,C4T_MASKNIKONSDR,FALSE,C4T_mask,NikonSDR,39899
692,479,49881,C4T_MASKOPCID1,FALSE,C4T_mask,opcID1,39881
692,480,49880,C4T_MASKOPCID2,FALSE,C4T_mask,opcID2,39880
692,488,54683,C4T_MASKXROI,FALSE,C4T_mask,xROI,44683
692,489,54891,C4T_MASKYROI,FALSE,C4T_mask,yROI,44891
695,0,33599,NDI_MASKDRAWN,FALSE,NDI_mask,drawing,23599
695,1,33656,NDI_MASKKOR,FALSE,NDI_mask,blockage,23656
695,18,10797,NDI_MASKTG,FALSE,NDI_mask,toSynDrawing,797
695,51,63165,NDI_MASKKGA,FALSE,NDI_mask,keepGenAway,53165
695,301,17149,NDI_MASKNOMECID,FALSE,NDI_mask,noMECID,7149
695,302,10558,NDI_MASKNOOPC,FALSE,NDI_mask,noOPC,558
695,303,21070,NDI_MASKSRAFMINUS,FALSE,NDI_mask,SRAFminus,11070
695,304,20839,NDI_MASKSRAFPLUS,FALSE,NDI_mask,SRAFplus,10839
695,316,10726,NDI_MASKMOSI,FALSE,NDI_mask,mosi,726
695,317,10727,NDI_MASKGLASS,FALSE,NDI_mask,glass,727
695,335,52981,NDI_MASKTSDRACTIVEIMPLANT,FALSE,NDI_mask,TSDRActiveImplant,42981
695,404,23569,NDI_MASKFRAME,FALSE,NDI_mask,frameDrawing,13569
695,405,11366,NDI_MASKFMCID,FALSE,NDI_mask,fmcid,1366
695,406,22771,NDI_MASKFMCID2,FALSE,NDI_mask,fmcid2,12771
695,409,23570,NDI_MASKSCRATCH1,FALSE,NDI_mask,scratch1,13570
695,410,23571,NDI_MASKSCRATCH2,FALSE,NDI_mask,scratch2,13571
695,411,23572,NDI_MASKSCRATCH3,FALSE,NDI_mask,scratch3,13572
695,412,23573,NDI_MASKSCRATCH4,FALSE,NDI_mask,scratch4,13573
695,413,23574,NDI_MASKSCRATCH5,FALSE,NDI_mask,scratch5,13574
695,414,13517,NDI_MASKMETROCELL,FALSE,NDI_mask,metroCell,3517
695,435,31049,NDI_MASKVMCID,FALSE,NDI_mask,VMCID,21049
695,436,31050,NDI_MASKHMCID,FALSE,NDI_mask,HMCID,21050
695,437,31051,NDI_MASKFAMCID,FALSE,NDI_mask,FAMCID,21051
695,438,31052,NDI_MASKPAMCID,FALSE,NDI_mask,PAMCID,21052
695,440,45493,NDI_MASKISOMCID,FALSE,NDI_mask,ISOMCID,35493
695,441,45545,NDI_MASKCBCMCID,FALSE,NDI_mask,CBCMCID,35545
695,453,31041,NDI_MASKPBBMCID,FALSE,NDI_mask,PBBMCID,21041
695,488,54686,NDI_MASKXROI,FALSE,NDI_mask,xROI,44686
695,489,54894,NDI_MASKYROI,FALSE,NDI_mask,yROI,44894
700,0,50515,RV0_MASKDRAWN,FALSE,RV0_mask,drawing,40515
700,1,50510,RV0_MASKKOR,FALSE,RV0_mask,blockage,40510
700,51,50513,RV0_MASKKGA,FALSE,RV0_mask,keepGenAway,40513
700,301,50500,RV0_MASKNOMECID,FALSE,RV0_mask,noMECID,40500
700,302,50508,RV0_MASKNOOPC,FALSE,RV0_mask,noOPC,40508
700,303,50506,RV0_MASKSRAFMINUS,FALSE,RV0_mask,SRAFminus,40506
700,304,50505,RV0_MASKSRAFPLUS,FALSE,RV0_mask,SRAFplus,40505
700,316,50498,RV0_MASKFO,FALSE,RV0_mask,frameOnly,40498
700,317,50504,RV0_MASKFOH,FALSE,RV0_mask,frameOnlyHole,40504
700,404,50514,RV0_MASKFRAME,FALSE,RV0_mask,frameDrawing,40514
700,405,50499,RV0_MASKFMCID,FALSE,RV0_mask,fmcid,40499
700,406,50507,RV0_MASKFMCID2,FALSE,RV0_mask,fmcid2,40507
700,409,50503,RV0_MASKSCRATCH1,FALSE,RV0_mask,scratch1,40503
700,410,50502,RV0_MASKSCRATCH2,FALSE,RV0_mask,scratch2,40502
700,411,50501,RV0_MASKSCRATCH3,FALSE,RV0_mask,scratch3,40501
700,412,50512,RV0_MASKSCRATCH4,FALSE,RV0_mask,scratch4,40512
700,413,50511,RV0_MASKSCRATCH5,FALSE,RV0_mask,scratch5,40511
700,414,50509,RV0_MASKMETROCELL,FALSE,RV0_mask,metroCell,40509
700,418,50497,RV0_MASKNIKONSDR,FALSE,RV0_mask,NikonSDR,40497
700,479,50496,RV0_MASKOPCID1,FALSE,RV0_mask,opcID1,40496
700,480,50495,RV0_MASKOPCID2,FALSE,RV0_mask,opcID2,40495
700,488,54691,RV0_MASKXROI,FALSE,RV0_mask,xROI,44691
700,489,54899,RV0_MASKYROI,FALSE,RV0_mask,yROI,44899
701,0,50526,RM1_MASKDRAWN,FALSE,RM1_mask,drawing,40526
701,1,50525,RM1_MASKKOR,FALSE,RM1_mask,blockage,40525
701,51,50524,RM1_MASKKGA,FALSE,RM1_mask,keepGenAway,40524
701,301,50523,RM1_MASKNOMECID,FALSE,RM1_mask,noMECID,40523
701,302,50522,RM1_MASKNOOPC,FALSE,RM1_mask,noOPC,40522
701,303,50521,RM1_MASKSRAFMINUS,FALSE,RM1_mask,SRAFminus,40521
701,304,50520,RM1_MASKSRAFPLUS,FALSE,RM1_mask,SRAFplus,40520
701,316,50531,RM1_MASKFO,FALSE,RM1_mask,frameOnly,40531
701,317,50535,RM1_MASKFOH,FALSE,RM1_mask,frameOnlyHole,40535
701,404,50533,RM1_MASKFRAME,FALSE,RM1_mask,frameDrawing,40533
701,405,50528,RM1_MASKFMCID,FALSE,RM1_mask,fmcid,40528
701,406,50532,RM1_MASKFMCID2,FALSE,RM1_mask,fmcid2,40532
701,409,50529,RM1_MASKSCRATCH1,FALSE,RM1_mask,scratch1,40529
701,410,50534,RM1_MASKSCRATCH2,FALSE,RM1_mask,scratch2,40534
701,411,50530,RM1_MASKSCRATCH3,FALSE,RM1_mask,scratch3,40530
701,412,50536,RM1_MASKSCRATCH4,FALSE,RM1_mask,scratch4,40536
701,413,50537,RM1_MASKSCRATCH5,FALSE,RM1_mask,scratch5,40537
701,414,50527,RM1_MASKMETROCELL,FALSE,RM1_mask,metroCell,40527
701,418,50517,RM1_MASKNIKONSDR,FALSE,RM1_mask,NikonSDR,40517
701,479,50519,RM1_MASKOPCID1,FALSE,RM1_mask,opcID1,40519
701,480,50518,RM1_MASKOPCID2,FALSE,RM1_mask,opcID2,40518
701,488,54692,RM1_MASKXROI,FALSE,RM1_mask,xROI,44692
701,489,54900,RM1_MASKYROI,FALSE,RM1_mask,yROI,44900
709,0,50934,JV1_MASKDRAWN,FALSE,JV1_mask,drawing,40934
709,1,50935,JV1_MASKKOR,FALSE,JV1_mask,blockage,40935
709,51,50936,JV1_MASKKGA,FALSE,JV1_mask,keepGenAway,40936
709,301,50937,JV1_MASKNOMECID,FALSE,JV1_mask,noMECID,40937
709,302,50938,JV1_MASKNOOPC,FALSE,JV1_mask,noOPC,40938
709,303,50939,JV1_MASKSRAFMINUS,FALSE,JV1_mask,SRAFminus,40939
709,304,50940,JV1_MASKSRAFPLUS,FALSE,JV1_mask,SRAFplus,40940
709,404,50942,JV1_MASKFRAME,FALSE,JV1_mask,frameDrawing,40942
709,405,50943,JV1_MASKFMCID,FALSE,JV1_mask,fmcid,40943
709,406,50944,JV1_MASKFMCID2,FALSE,JV1_mask,fmcid2,40944
709,409,50945,JV1_MASKSCRATCH1,FALSE,JV1_mask,scratch1,40945
709,410,50946,JV1_MASKSCRATCH2,FALSE,JV1_mask,scratch2,40946
709,411,50947,JV1_MASKSCRATCH3,FALSE,JV1_mask,scratch3,40947
709,412,50948,JV1_MASKSCRATCH4,FALSE,JV1_mask,scratch4,40948
709,413,50949,JV1_MASKSCRATCH5,FALSE,JV1_mask,scratch5,40949
709,414,50950,JV1_MASKMETROCELL,FALSE,JV1_mask,metroCell,40950
709,418,50951,JV1_MASKNIKONSDR,FALSE,JV1_mask,NikonSDR,40951
709,479,50952,JV1_MASKOPCID1,FALSE,JV1_mask,opcID1,40952
709,480,50953,JV1_MASKOPCID2,FALSE,JV1_mask,opcID2,40953
709,488,54700,JV1_MASKXROI,FALSE,JV1_mask,xROI,44700
709,489,54908,JV1_MASKYROI,FALSE,JV1_mask,yROI,44908
710,0,50954,JM1_MASKDRAWN,FALSE,JM1_mask,drawing,40954
710,1,50955,JM1_MASKKOR,FALSE,JM1_mask,blockage,40955
710,51,50956,JM1_MASKKGA,FALSE,JM1_mask,keepGenAway,40956
710,301,50957,JM1_MASKNOMECID,FALSE,JM1_mask,noMECID,40957
710,302,50958,JM1_MASKNOOPC,FALSE,JM1_mask,noOPC,40958
710,303,50959,JM1_MASKSRAFMINUS,FALSE,JM1_mask,SRAFminus,40959
710,304,50960,JM1_MASKSRAFPLUS,FALSE,JM1_mask,SRAFplus,40960
710,404,50962,JM1_MASKFRAME,FALSE,JM1_mask,frameDrawing,40962
710,405,50963,JM1_MASKFMCID,FALSE,JM1_mask,fmcid,40963
710,406,50964,JM1_MASKFMCID2,FALSE,JM1_mask,fmcid2,40964
710,409,50965,JM1_MASKSCRATCH1,FALSE,JM1_mask,scratch1,40965
710,410,50966,JM1_MASKSCRATCH2,FALSE,JM1_mask,scratch2,40966
710,411,50967,JM1_MASKSCRATCH3,FALSE,JM1_mask,scratch3,40967
710,412,50968,JM1_MASKSCRATCH4,FALSE,JM1_mask,scratch4,40968
710,413,50969,JM1_MASKSCRATCH5,FALSE,JM1_mask,scratch5,40969
710,414,50970,JM1_MASKMETROCELL,FALSE,JM1_mask,metroCell,40970
710,418,50971,JM1_MASKNIKONSDR,FALSE,JM1_mask,NikonSDR,40971
710,479,50972,JM1_MASKOPCID1,FALSE,JM1_mask,opcID1,40972
710,480,50973,JM1_MASKOPCID2,FALSE,JM1_mask,opcID2,40973
710,488,54701,JM1_MASKXROI,FALSE,JM1_mask,xROI,44701
710,489,54909,JM1_MASKYROI,FALSE,JM1_mask,yROI,44909
713,0,51028,VCR_MASKDRAWN,FALSE,VCR_mask,drawing,41028
713,1,51033,VCR_MASKKOR,FALSE,VCR_mask,blockage,41033
713,51,51030,VCR_MASKKGA,FALSE,VCR_mask,keepGenAway,41030
713,301,51041,VCR_MASKNOMECID,FALSE,VCR_mask,noMECID,41041
713,302,51039,VCR_MASKNOOPC,FALSE,VCR_mask,noOPC,41039
713,303,51040,VCR_MASKSRAFMINUS,FALSE,VCR_mask,SRAFminus,41040
713,304,51031,VCR_MASKSRAFPLUS,FALSE,VCR_mask,SRAFplus,41031
713,404,51043,VCR_MASKFRAME,FALSE,VCR_mask,frameDrawing,41043
713,405,51038,VCR_MASKFMCID,FALSE,VCR_mask,fmcid,41038
713,406,51032,VCR_MASKFMCID2,FALSE,VCR_mask,fmcid2,41032
713,409,51037,VCR_MASKSCRATCH1,FALSE,VCR_mask,scratch1,41037
713,410,51035,VCR_MASKSCRATCH2,FALSE,VCR_mask,scratch2,41035
713,411,51027,VCR_MASKSCRATCH3,FALSE,VCR_mask,scratch3,41027
713,412,51034,VCR_MASKSCRATCH4,FALSE,VCR_mask,scratch4,41034
713,413,51029,VCR_MASKSCRATCH5,FALSE,VCR_mask,scratch5,41029
713,414,51036,VCR_MASKMETROCELL,FALSE,VCR_mask,metroCell,41036
713,418,51026,VCR_MASKNIKONSDR,FALSE,VCR_mask,NikonSDR,41026
713,479,51025,VCR_MASKOPCID1,FALSE,VCR_mask,opcID1,41025
713,480,51024,VCR_MASKOPCID2,FALSE,VCR_mask,opcID2,41024
713,488,54704,VCR_MASKXROI,FALSE,VCR_mask,xROI,44704
713,489,54912,VCR_MASKYROI,FALSE,VCR_mask,yROI,44912
718,0,51318,BSS_MASKDRAWN,FALSE,BSS_mask,drawing,41318
718,1,51319,BSS_MASKKOR,FALSE,BSS_mask,blockage,41319
718,51,51320,BSS_MASKKGA,FALSE,BSS_mask,keepGenAway,41320
718,301,51321,BSS_MASKNOMECID,FALSE,BSS_mask,noMECID,41321
718,302,51322,BSS_MASKNOOPC,FALSE,BSS_mask,noOPC,41322
718,303,51323,BSS_MASKSRAFMINUS,FALSE,BSS_mask,SRAFminus,41323
718,304,51324,BSS_MASKSRAFPLUS,FALSE,BSS_mask,SRAFplus,41324
718,316,51325,BSS_MASKFO,FALSE,BSS_mask,frameOnly,41325
718,317,51326,BSS_MASKFOH,FALSE,BSS_mask,frameOnlyHole,41326
718,404,51328,BSS_MASKFRAME,FALSE,BSS_mask,frameDrawing,41328
718,405,51329,BSS_MASKFMCID,FALSE,BSS_mask,fmcid,41329
718,406,51330,BSS_MASKFMCID2,FALSE,BSS_mask,fmcid2,41330
718,409,51331,BSS_MASKSCRATCH1,FALSE,BSS_mask,scratch1,41331
718,410,51332,BSS_MASKSCRATCH2,FALSE,BSS_mask,scratch2,41332
718,411,51333,BSS_MASKSCRATCH3,FALSE,BSS_mask,scratch3,41333
718,412,51334,BSS_MASKSCRATCH4,FALSE,BSS_mask,scratch4,41334
718,413,51335,BSS_MASKSCRATCH5,FALSE,BSS_mask,scratch5,41335
718,414,51336,BSS_MASKMETROCELL,FALSE,BSS_mask,metroCell,41336
718,418,51337,BSS_MASKNIKONSDR,FALSE,BSS_mask,NikonSDR,41337
718,479,51338,BSS_MASKOPCID1,FALSE,BSS_mask,opcID1,41338
718,480,51339,BSS_MASKOPCID2,FALSE,BSS_mask,opcID2,41339
718,488,54709,BSS_MASKXROI,FALSE,BSS_mask,xROI,44709
718,489,54917,BSS_MASKYROI,FALSE,BSS_mask,yROI,44917
720,0,18224,V2A_MASKDRAWN,FALSE,V2A_mask,drawing,8224
720,1,18225,V2A_MASKKOR,FALSE,V2A_mask,blockage,8225
720,51,18240,V2A_MASKKGA,FALSE,V2A_mask,keepGenAway,8240
720,301,18230,V2A_MASKNOMECID,FALSE,V2A_mask,noMECID,8230
720,302,18239,V2A_MASKNOOPC,FALSE,V2A_mask,noOPC,8239
720,303,21110,V2A_MASKSRAFMINUS,FALSE,V2A_mask,SRAFminus,11110
720,304,20879,V2A_MASKSRAFPLUS,FALSE,V2A_mask,SRAFplus,10879
720,333,60009,V2A_MASKTSDRACTIVECDID,FALSE,V2A_mask,TSDRActiveCDID,50009
720,372,60968,V2A_MASKTSDRACTIVEMISREGID,FALSE,V2A_mask,TSDRActiveMisregID,50968
720,375,60974,V2A_MASKTSDRACTIVEMETALENCLOSEID,FALSE,V2A_mask,TSDRActiveMetalEncloseID,50974
720,404,18233,V2A_MASKFRAME,FALSE,V2A_mask,frameDrawing,8233
720,405,18261,V2A_MASKFMCID,FALSE,V2A_mask,fmcid,8261
720,406,22633,V2A_MASKFMCID2,FALSE,V2A_mask,fmcid2,12633
720,409,22634,V2A_MASKSCRATCH1,FALSE,V2A_mask,scratch1,12634
720,410,22635,V2A_MASKSCRATCH2,FALSE,V2A_mask,scratch2,12635
720,411,22636,V2A_MASKSCRATCH3,FALSE,V2A_mask,scratch3,12636
720,412,22637,V2A_MASKSCRATCH4,FALSE,V2A_mask,scratch4,12637
720,413,22638,V2A_MASKSCRATCH5,FALSE,V2A_mask,scratch5,12638
720,414,18252,V2A_MASKMETROCELL,FALSE,V2A_mask,metroCell,8252
720,418,46524,V2A_MASKNIKONSDR,FALSE,V2A_mask,NikonSDR,36524
720,479,51615,V2A_MASKOPCID1,FALSE,V2A_mask,opcID1,41615
720,480,51614,V2A_MASKOPCID2,FALSE,V2A_mask,opcID2,41614
720,488,54711,V2A_MASKXROI,FALSE,V2A_mask,xROI,44711
720,489,54919,V2A_MASKYROI,FALSE,V2A_mask,yROI,44919
722,0,63418,KC1_MASKDRAWN,FALSE,KC1_mask,drawing,53418
722,1,63417,KC1_MASKKOR,FALSE,KC1_mask,blockage,53417
722,18,63416,KC1_MASKTG,FALSE,KC1_mask,toSynDrawing,53416
722,51,63415,KC1_MASKKGA,FALSE,KC1_mask,keepGenAway,53415
722,301,63414,KC1_MASKNOMECID,FALSE,KC1_mask,noMECID,53414
722,302,63413,KC1_MASKNOOPC,FALSE,KC1_mask,noOPC,53413
722,303,63412,KC1_MASKSRAFMINUS,FALSE,KC1_mask,SRAFminus,53412
722,304,63411,KC1_MASKSRAFPLUS,FALSE,KC1_mask,SRAFplus,53411
722,316,63410,KC1_MASKMOSI,FALSE,KC1_mask,mosi,53410
722,317,63409,KC1_MASKGLASS,FALSE,KC1_mask,glass,53409
722,335,63408,KC1_MASKTSDRACTIVEIMPLANT,FALSE,KC1_mask,TSDRActiveImplant,53408
722,404,63406,KC1_MASKFRAME,FALSE,KC1_mask,frameDrawing,53406
722,405,63405,KC1_MASKFMCID,FALSE,KC1_mask,fmcid,53405
722,406,63404,KC1_MASKFMCID2,FALSE,KC1_mask,fmcid2,53404
722,409,63403,KC1_MASKSCRATCH1,FALSE,KC1_mask,scratch1,53403
722,410,63402,KC1_MASKSCRATCH2,FALSE,KC1_mask,scratch2,53402
722,411,63401,KC1_MASKSCRATCH3,FALSE,KC1_mask,scratch3,53401
722,412,63400,KC1_MASKSCRATCH4,FALSE,KC1_mask,scratch4,53400
722,413,63399,KC1_MASKSCRATCH5,FALSE,KC1_mask,scratch5,53399
722,414,63398,KC1_MASKMETROCELL,FALSE,KC1_mask,metroCell,53398
722,435,63397,KC1_MASKVMCID,FALSE,KC1_mask,VMCID,53397
722,436,63396,KC1_MASKHMCID,FALSE,KC1_mask,HMCID,53396
722,437,63395,KC1_MASKFAMCID,FALSE,KC1_mask,FAMCID,53395
722,438,63394,KC1_MASKPAMCID,FALSE,KC1_mask,PAMCID,53394
722,440,63393,KC1_MASKISOMCID,FALSE,KC1_mask,ISOMCID,53393
722,441,63392,KC1_MASKCBCMCID,FALSE,KC1_mask,CBCMCID,53392
722,453,63391,KC1_MASKPBBMCID,FALSE,KC1_mask,PBBMCID,53391
722,488,63390,KC1_MASKXROI,FALSE,KC1_mask,xROI,53390
722,489,63389,KC1_MASKYROI,FALSE,KC1_mask,yROI,53389
723,0,63388,KC3_MASKDRAWN,FALSE,KC3_mask,drawing,53388
723,1,63387,KC3_MASKKOR,FALSE,KC3_mask,blockage,53387
723,18,63386,KC3_MASKTG,FALSE,KC3_mask,toSynDrawing,53386
723,51,63385,KC3_MASKKGA,FALSE,KC3_mask,keepGenAway,53385
723,301,63384,KC3_MASKNOMECID,FALSE,KC3_mask,noMECID,53384
723,302,63383,KC3_MASKNOOPC,FALSE,KC3_mask,noOPC,53383
723,303,63382,KC3_MASKSRAFMINUS,FALSE,KC3_mask,SRAFminus,53382
723,304,63381,KC3_MASKSRAFPLUS,FALSE,KC3_mask,SRAFplus,53381
723,316,63380,KC3_MASKMOSI,FALSE,KC3_mask,mosi,53380
723,317,63379,KC3_MASKGLASS,FALSE,KC3_mask,glass,53379
723,335,63378,KC3_MASKTSDRACTIVEIMPLANT,FALSE,KC3_mask,TSDRActiveImplant,53378
723,404,63322,KC3_MASKFRAME,FALSE,KC3_mask,frameDrawing,53322
723,405,63321,KC3_MASKFMCID,FALSE,KC3_mask,fmcid,53321
723,406,63320,KC3_MASKFMCID2,FALSE,KC3_mask,fmcid2,53320
723,409,63319,KC3_MASKSCRATCH1,FALSE,KC3_mask,scratch1,53319
723,410,63318,KC3_MASKSCRATCH2,FALSE,KC3_mask,scratch2,53318
723,411,63317,KC3_MASKSCRATCH3,FALSE,KC3_mask,scratch3,53317
723,412,63316,KC3_MASKSCRATCH4,FALSE,KC3_mask,scratch4,53316
723,413,63315,KC3_MASKSCRATCH5,FALSE,KC3_mask,scratch5,53315
723,414,63314,KC3_MASKMETROCELL,FALSE,KC3_mask,metroCell,53314
723,435,63313,KC3_MASKVMCID,FALSE,KC3_mask,VMCID,53313
723,436,63312,KC3_MASKHMCID,FALSE,KC3_mask,HMCID,53312
723,437,63311,KC3_MASKFAMCID,FALSE,KC3_mask,FAMCID,53311
723,438,63310,KC3_MASKPAMCID,FALSE,KC3_mask,PAMCID,53310
723,440,63309,KC3_MASKISOMCID,FALSE,KC3_mask,ISOMCID,53309
723,441,63308,KC3_MASKCBCMCID,FALSE,KC3_mask,CBCMCID,53308
723,453,63307,KC3_MASKPBBMCID,FALSE,KC3_mask,PBBMCID,53307
723,488,63306,KC3_MASKXROI,FALSE,KC3_mask,xROI,53306
723,489,63305,KC3_MASKYROI,FALSE,KC3_mask,yROI,53305
724,0,63304,HC1_MASKDRAWN,FALSE,HC1_mask,drawing,53304
724,1,63303,HC1_MASKKOR,FALSE,HC1_mask,blockage,53303
724,18,63302,HC1_MASKTG,FALSE,HC1_mask,toSynDrawing,53302
724,51,63301,HC1_MASKKGA,FALSE,HC1_mask,keepGenAway,53301
724,301,63300,HC1_MASKNOMECID,FALSE,HC1_mask,noMECID,53300
724,302,63299,HC1_MASKNOOPC,FALSE,HC1_mask,noOPC,53299
724,303,63298,HC1_MASKSRAFMINUS,FALSE,HC1_mask,SRAFminus,53298
724,304,63297,HC1_MASKSRAFPLUS,FALSE,HC1_mask,SRAFplus,53297
724,316,63296,HC1_MASKMOSI,FALSE,HC1_mask,mosi,53296
724,317,63295,HC1_MASKGLASS,FALSE,HC1_mask,glass,53295
724,335,63294,HC1_MASKTSDRACTIVEIMPLANT,FALSE,HC1_mask,TSDRActiveImplant,53294
724,404,63292,HC1_MASKFRAME,FALSE,HC1_mask,frameDrawing,53292
724,405,63291,HC1_MASKFMCID,FALSE,HC1_mask,fmcid,53291
724,406,63290,HC1_MASKFMCID2,FALSE,HC1_mask,fmcid2,53290
724,409,63289,HC1_MASKSCRATCH1,FALSE,HC1_mask,scratch1,53289
724,410,63288,HC1_MASKSCRATCH2,FALSE,HC1_mask,scratch2,53288
724,411,63287,HC1_MASKSCRATCH3,FALSE,HC1_mask,scratch3,53287
724,412,63286,HC1_MASKSCRATCH4,FALSE,HC1_mask,scratch4,53286
724,413,63285,HC1_MASKSCRATCH5,FALSE,HC1_mask,scratch5,53285
724,414,63273,HC1_MASKMETROCELL,FALSE,HC1_mask,metroCell,53273
724,435,63272,HC1_MASKVMCID,FALSE,HC1_mask,VMCID,53272
724,436,63271,HC1_MASKHMCID,FALSE,HC1_mask,HMCID,53271
724,437,63270,HC1_MASKFAMCID,FALSE,HC1_mask,FAMCID,53270
724,438,63269,HC1_MASKPAMCID,FALSE,HC1_mask,PAMCID,53269
724,440,63268,HC1_MASKISOMCID,FALSE,HC1_mask,ISOMCID,53268
724,441,63267,HC1_MASKCBCMCID,FALSE,HC1_mask,CBCMCID,53267
724,453,63266,HC1_MASKPBBMCID,FALSE,HC1_mask,PBBMCID,53266
724,488,63265,HC1_MASKXROI,FALSE,HC1_mask,xROI,53265
724,489,63264,HC1_MASKYROI,FALSE,HC1_mask,yROI,53264
725,0,63263,HC3_MASKDRAWN,FALSE,HC3_mask,drawing,53263
725,1,63262,HC3_MASKKOR,FALSE,HC3_mask,blockage,53262
725,18,63261,HC3_MASKTG,FALSE,HC3_mask,toSynDrawing,53261
725,51,63260,HC3_MASKKGA,FALSE,HC3_mask,keepGenAway,53260
725,301,63259,HC3_MASKNOMECID,FALSE,HC3_mask,noMECID,53259
725,302,63258,HC3_MASKNOOPC,FALSE,HC3_mask,noOPC,53258
725,303,63257,HC3_MASKSRAFMINUS,FALSE,HC3_mask,SRAFminus,53257
725,304,63256,HC3_MASKSRAFPLUS,FALSE,HC3_mask,SRAFplus,53256
725,316,63255,HC3_MASKMOSI,FALSE,HC3_mask,mosi,53255
725,317,63254,HC3_MASKGLASS,FALSE,HC3_mask,glass,53254
725,335,63253,HC3_MASKTSDRACTIVEIMPLANT,FALSE,HC3_mask,TSDRActiveImplant,53253
725,404,63251,HC3_MASKFRAME,FALSE,HC3_mask,frameDrawing,53251
725,405,63250,HC3_MASKFMCID,FALSE,HC3_mask,fmcid,53250
725,406,63249,HC3_MASKFMCID2,FALSE,HC3_mask,fmcid2,53249
725,409,63248,HC3_MASKSCRATCH1,FALSE,HC3_mask,scratch1,53248
725,410,63247,HC3_MASKSCRATCH2,FALSE,HC3_mask,scratch2,53247
725,411,63246,HC3_MASKSCRATCH3,FALSE,HC3_mask,scratch3,53246
725,412,63245,HC3_MASKSCRATCH4,FALSE,HC3_mask,scratch4,53245
725,413,63244,HC3_MASKSCRATCH5,FALSE,HC3_mask,scratch5,53244
725,414,63243,HC3_MASKMETROCELL,FALSE,HC3_mask,metroCell,53243
725,435,63242,HC3_MASKVMCID,FALSE,HC3_mask,VMCID,53242
725,436,63241,HC3_MASKHMCID,FALSE,HC3_mask,HMCID,53241
725,437,63240,HC3_MASKFAMCID,FALSE,HC3_mask,FAMCID,53240
725,438,63239,HC3_MASKPAMCID,FALSE,HC3_mask,PAMCID,53239
725,440,63238,HC3_MASKISOMCID,FALSE,HC3_mask,ISOMCID,53238
725,441,63237,HC3_MASKCBCMCID,FALSE,HC3_mask,CBCMCID,53237
725,453,63236,HC3_MASKPBBMCID,FALSE,HC3_mask,PBBMCID,53236
725,488,63235,HC3_MASKXROI,FALSE,HC3_mask,xROI,53235
725,489,63234,HC3_MASKYROI,FALSE,HC3_mask,yROI,53234
726,0,63233,HD1_MASKDRAWN,FALSE,HD1_mask,drawing,53233
726,1,63232,HD1_MASKKOR,FALSE,HD1_mask,blockage,53232
726,18,63231,HD1_MASKTG,FALSE,HD1_mask,toSynDrawing,53231
726,51,63230,HD1_MASKKGA,FALSE,HD1_mask,keepGenAway,53230
726,301,63229,HD1_MASKNOMECID,FALSE,HD1_mask,noMECID,53229
726,302,63228,HD1_MASKNOOPC,FALSE,HD1_mask,noOPC,53228
726,303,63227,HD1_MASKSRAFMINUS,FALSE,HD1_mask,SRAFminus,53227
726,304,63226,HD1_MASKSRAFPLUS,FALSE,HD1_mask,SRAFplus,53226
726,316,63225,HD1_MASKMOSI,FALSE,HD1_mask,mosi,53225
726,317,63224,HD1_MASKGLASS,FALSE,HD1_mask,glass,53224
726,335,63223,HD1_MASKTSDRACTIVEIMPLANT,FALSE,HD1_mask,TSDRActiveImplant,53223
726,404,63221,HD1_MASKFRAME,FALSE,HD1_mask,frameDrawing,53221
726,405,63220,HD1_MASKFMCID,FALSE,HD1_mask,fmcid,53220
726,406,63219,HD1_MASKFMCID2,FALSE,HD1_mask,fmcid2,53219
726,409,63218,HD1_MASKSCRATCH1,FALSE,HD1_mask,scratch1,53218
726,410,63217,HD1_MASKSCRATCH2,FALSE,HD1_mask,scratch2,53217
726,411,63216,HD1_MASKSCRATCH3,FALSE,HD1_mask,scratch3,53216
726,412,63215,HD1_MASKSCRATCH4,FALSE,HD1_mask,scratch4,53215
726,413,63214,HD1_MASKSCRATCH5,FALSE,HD1_mask,scratch5,53214
726,414,63213,HD1_MASKMETROCELL,FALSE,HD1_mask,metroCell,53213
726,435,63212,HD1_MASKVMCID,FALSE,HD1_mask,VMCID,53212
726,436,63211,HD1_MASKHMCID,FALSE,HD1_mask,HMCID,53211
726,437,63210,HD1_MASKFAMCID,FALSE,HD1_mask,FAMCID,53210
726,438,63209,HD1_MASKPAMCID,FALSE,HD1_mask,PAMCID,53209
726,440,63208,HD1_MASKISOMCID,FALSE,HD1_mask,ISOMCID,53208
726,441,63207,HD1_MASKCBCMCID,FALSE,HD1_mask,CBCMCID,53207
726,453,63206,HD1_MASKPBBMCID,FALSE,HD1_mask,PBBMCID,53206
726,488,63205,HD1_MASKXROI,FALSE,HD1_mask,xROI,53205
726,489,63204,HD1_MASKYROI,FALSE,HD1_mask,yROI,53204
727,0,63203,HD2_MASKDRAWN,FALSE,HD2_mask,drawing,53203
727,1,63202,HD2_MASKKOR,FALSE,HD2_mask,blockage,53202
727,18,63201,HD2_MASKTG,FALSE,HD2_mask,toSynDrawing,53201
727,51,63200,HD2_MASKKGA,FALSE,HD2_mask,keepGenAway,53200
727,301,63196,HD2_MASKNOMECID,FALSE,HD2_mask,noMECID,53196
727,302,63195,HD2_MASKNOOPC,FALSE,HD2_mask,noOPC,53195
727,303,63181,HD2_MASKSRAFMINUS,FALSE,HD2_mask,SRAFminus,53181
727,304,63159,HD2_MASKSRAFPLUS,FALSE,HD2_mask,SRAFplus,53159
727,316,63158,HD2_MASKMOSI,FALSE,HD2_mask,mosi,53158
727,317,63157,HD2_MASKGLASS,FALSE,HD2_mask,glass,53157
727,335,63156,HD2_MASKTSDRACTIVEIMPLANT,FALSE,HD2_mask,TSDRActiveImplant,53156
727,404,63154,HD2_MASKFRAME,FALSE,HD2_mask,frameDrawing,53154
727,405,63153,HD2_MASKFMCID,FALSE,HD2_mask,fmcid,53153
727,406,63152,HD2_MASKFMCID2,FALSE,HD2_mask,fmcid2,53152
727,409,63151,HD2_MASKSCRATCH1,FALSE,HD2_mask,scratch1,53151
727,410,63150,HD2_MASKSCRATCH2,FALSE,HD2_mask,scratch2,53150
727,411,63149,HD2_MASKSCRATCH3,FALSE,HD2_mask,scratch3,53149
727,412,63148,HD2_MASKSCRATCH4,FALSE,HD2_mask,scratch4,53148
727,413,63147,HD2_MASKSCRATCH5,FALSE,HD2_mask,scratch5,53147
727,414,63146,HD2_MASKMETROCELL,FALSE,HD2_mask,metroCell,53146
727,435,63145,HD2_MASKVMCID,FALSE,HD2_mask,VMCID,53145
727,436,63144,HD2_MASKHMCID,FALSE,HD2_mask,HMCID,53144
727,437,63143,HD2_MASKFAMCID,FALSE,HD2_mask,FAMCID,53143
727,438,63142,HD2_MASKPAMCID,FALSE,HD2_mask,PAMCID,53142
727,440,63141,HD2_MASKISOMCID,FALSE,HD2_mask,ISOMCID,53141
727,441,63140,HD2_MASKCBCMCID,FALSE,HD2_mask,CBCMCID,53140
727,453,63139,HD2_MASKPBBMCID,FALSE,HD2_mask,PBBMCID,53139
727,488,63138,HD2_MASKXROI,FALSE,HD2_mask,xROI,53138
727,489,63137,HD2_MASKYROI,FALSE,HD2_mask,yROI,53137
728,0,63136,HD3_MASKDRAWN,FALSE,HD3_mask,drawing,53136
728,1,63135,HD3_MASKKOR,FALSE,HD3_mask,blockage,53135
728,18,63134,HD3_MASKTG,FALSE,HD3_mask,toSynDrawing,53134
728,51,63133,HD3_MASKKGA,FALSE,HD3_mask,keepGenAway,53133
728,301,63132,HD3_MASKNOMECID,FALSE,HD3_mask,noMECID,53132
728,302,63131,HD3_MASKNOOPC,FALSE,HD3_mask,noOPC,53131
728,303,63130,HD3_MASKSRAFMINUS,FALSE,HD3_mask,SRAFminus,53130
728,304,63129,HD3_MASKSRAFPLUS,FALSE,HD3_mask,SRAFplus,53129
728,316,63128,HD3_MASKMOSI,FALSE,HD3_mask,mosi,53128
728,317,63127,HD3_MASKGLASS,FALSE,HD3_mask,glass,53127
728,335,63126,HD3_MASKTSDRACTIVEIMPLANT,FALSE,HD3_mask,TSDRActiveImplant,53126
728,404,63040,HD3_MASKFRAME,FALSE,HD3_mask,frameDrawing,53040
728,405,63039,HD3_MASKFMCID,FALSE,HD3_mask,fmcid,53039
728,406,63038,HD3_MASKFMCID2,FALSE,HD3_mask,fmcid2,53038
728,409,63037,HD3_MASKSCRATCH1,FALSE,HD3_mask,scratch1,53037
728,410,63036,HD3_MASKSCRATCH2,FALSE,HD3_mask,scratch2,53036
728,411,63035,HD3_MASKSCRATCH3,FALSE,HD3_mask,scratch3,53035
728,412,63034,HD3_MASKSCRATCH4,FALSE,HD3_mask,scratch4,53034
728,413,63033,HD3_MASKSCRATCH5,FALSE,HD3_mask,scratch5,53033
728,414,63032,HD3_MASKMETROCELL,FALSE,HD3_mask,metroCell,53032
728,435,63031,HD3_MASKVMCID,FALSE,HD3_mask,VMCID,53031
728,436,63030,HD3_MASKHMCID,FALSE,HD3_mask,HMCID,53030
728,437,63029,HD3_MASKFAMCID,FALSE,HD3_mask,FAMCID,53029
728,438,63028,HD3_MASKPAMCID,FALSE,HD3_mask,PAMCID,53028
728,440,63027,HD3_MASKISOMCID,FALSE,HD3_mask,ISOMCID,53027
728,441,63026,HD3_MASKCBCMCID,FALSE,HD3_mask,CBCMCID,53026
728,453,63016,HD3_MASKPBBMCID,FALSE,HD3_mask,PBBMCID,53016
728,488,63015,HD3_MASKXROI,FALSE,HD3_mask,xROI,53015
728,489,63014,HD3_MASKYROI,FALSE,HD3_mask,yROI,53014
729,0,52449,MT1_MASKDRAWN,FALSE,MT1_mask,drawing,42449
729,1,52456,MT1_MASKKOR,FALSE,MT1_mask,blockage,42456
729,51,52446,MT1_MASKKGA,FALSE,MT1_mask,keepGenAway,42446
729,301,52439,MT1_MASKNOMECID,FALSE,MT1_mask,noMECID,42439
729,302,52447,MT1_MASKNOOPC,FALSE,MT1_mask,noOPC,42447
729,303,52443,MT1_MASKSRAFMINUS,FALSE,MT1_mask,SRAFminus,42443
729,304,52454,MT1_MASKSRAFPLUS,FALSE,MT1_mask,SRAFplus,42454
729,404,52457,MT1_MASKFRAME,FALSE,MT1_mask,frameDrawing,42457
729,405,52450,MT1_MASKFMCID,FALSE,MT1_mask,fmcid,42450
729,406,52440,MT1_MASKFMCID2,FALSE,MT1_mask,fmcid2,42440
729,409,52442,MT1_MASKSCRATCH1,FALSE,MT1_mask,scratch1,42442
729,410,52453,MT1_MASKSCRATCH2,FALSE,MT1_mask,scratch2,42453
729,411,52448,MT1_MASKSCRATCH3,FALSE,MT1_mask,scratch3,42448
729,412,52444,MT1_MASKSCRATCH4,FALSE,MT1_mask,scratch4,42444
729,413,52455,MT1_MASKSCRATCH5,FALSE,MT1_mask,scratch5,42455
729,414,52451,MT1_MASKMETROCELL,FALSE,MT1_mask,metroCell,42451
729,418,52458,MT1_MASKNIKONSDR,FALSE,MT1_mask,NikonSDR,42458
729,479,52441,MT1_MASKOPCID1,FALSE,MT1_mask,opcID1,42441
729,480,52452,MT1_MASKOPCID2,FALSE,MT1_mask,opcID2,42452
729,488,54720,MT1_MASKXROI,FALSE,MT1_mask,xROI,44720
729,489,54928,MT1_MASKYROI,FALSE,MT1_mask,yROI,44928
730,0,63013,HD4_MASKDRAWN,FALSE,HD4_mask,drawing,53013
730,1,63012,HD4_MASKKOR,FALSE,HD4_mask,blockage,53012
730,18,63010,HD4_MASKTG,FALSE,HD4_mask,toSynDrawing,53010
730,51,63009,HD4_MASKKGA,FALSE,HD4_mask,keepGenAway,53009
730,301,63008,HD4_MASKNOMECID,FALSE,HD4_mask,noMECID,53008
730,302,63006,HD4_MASKNOOPC,FALSE,HD4_mask,noOPC,53006
730,303,63005,HD4_MASKSRAFMINUS,FALSE,HD4_mask,SRAFminus,53005
730,304,63004,HD4_MASKSRAFPLUS,FALSE,HD4_mask,SRAFplus,53004
730,316,63003,HD4_MASKMOSI,FALSE,HD4_mask,mosi,53003
730,317,63002,HD4_MASKGLASS,FALSE,HD4_mask,glass,53002
730,335,63001,HD4_MASKTSDRACTIVEIMPLANT,FALSE,HD4_mask,TSDRActiveImplant,53001
730,404,62509,HD4_MASKFRAME,FALSE,HD4_mask,frameDrawing,52509
730,405,62508,HD4_MASKFMCID,FALSE,HD4_mask,fmcid,52508
730,406,62507,HD4_MASKFMCID2,FALSE,HD4_mask,fmcid2,52507
730,409,62506,HD4_MASKSCRATCH1,FALSE,HD4_mask,scratch1,52506
730,410,62505,HD4_MASKSCRATCH2,FALSE,HD4_mask,scratch2,52505
730,411,62504,HD4_MASKSCRATCH3,FALSE,HD4_mask,scratch3,52504
730,412,62503,HD4_MASKSCRATCH4,FALSE,HD4_mask,scratch4,52503
730,413,62502,HD4_MASKSCRATCH5,FALSE,HD4_mask,scratch5,52502
730,414,62501,HD4_MASKMETROCELL,FALSE,HD4_mask,metroCell,52501
730,435,62500,HD4_MASKVMCID,FALSE,HD4_mask,VMCID,52500
730,436,62499,HD4_MASKHMCID,FALSE,HD4_mask,HMCID,52499
730,437,62498,HD4_MASKFAMCID,FALSE,HD4_mask,FAMCID,52498
730,438,62497,HD4_MASKPAMCID,FALSE,HD4_mask,PAMCID,52497
730,440,62496,HD4_MASKISOMCID,FALSE,HD4_mask,ISOMCID,52496
730,441,62495,HD4_MASKCBCMCID,FALSE,HD4_mask,CBCMCID,52495
730,453,62494,HD4_MASKPBBMCID,FALSE,HD4_mask,PBBMCID,52494
730,488,62493,HD4_MASKXROI,FALSE,HD4_mask,xROI,52493
730,489,62492,HD4_MASKYROI,FALSE,HD4_mask,yROI,52492
731,0,62491,HD5_MASKDRAWN,FALSE,HD5_mask,drawing,52491
731,1,62490,HD5_MASKKOR,FALSE,HD5_mask,blockage,52490
731,18,62489,HD5_MASKTG,FALSE,HD5_mask,toSynDrawing,52489
731,51,62488,HD5_MASKKGA,FALSE,HD5_mask,keepGenAway,52488
731,301,62487,HD5_MASKNOMECID,FALSE,HD5_mask,noMECID,52487
731,302,62486,HD5_MASKNOOPC,FALSE,HD5_mask,noOPC,52486
731,303,62485,HD5_MASKSRAFMINUS,FALSE,HD5_mask,SRAFminus,52485
731,304,62484,HD5_MASKSRAFPLUS,FALSE,HD5_mask,SRAFplus,52484
731,316,62483,HD5_MASKMOSI,FALSE,HD5_mask,mosi,52483
731,317,62482,HD5_MASKGLASS,FALSE,HD5_mask,glass,52482
731,335,62481,HD5_MASKTSDRACTIVEIMPLANT,FALSE,HD5_mask,TSDRActiveImplant,52481
731,404,62479,HD5_MASKFRAME,FALSE,HD5_mask,frameDrawing,52479
731,405,62478,HD5_MASKFMCID,FALSE,HD5_mask,fmcid,52478
731,406,62477,HD5_MASKFMCID2,FALSE,HD5_mask,fmcid2,52477
731,409,62476,HD5_MASKSCRATCH1,FALSE,HD5_mask,scratch1,52476
731,410,62475,HD5_MASKSCRATCH2,FALSE,HD5_mask,scratch2,52475
731,411,62474,HD5_MASKSCRATCH3,FALSE,HD5_mask,scratch3,52474
731,412,62473,HD5_MASKSCRATCH4,FALSE,HD5_mask,scratch4,52473
731,413,62472,HD5_MASKSCRATCH5,FALSE,HD5_mask,scratch5,52472
731,414,62471,HD5_MASKMETROCELL,FALSE,HD5_mask,metroCell,52471
731,435,62470,HD5_MASKVMCID,FALSE,HD5_mask,VMCID,52470
731,436,62469,HD5_MASKHMCID,FALSE,HD5_mask,HMCID,52469
731,437,62468,HD5_MASKFAMCID,FALSE,HD5_mask,FAMCID,52468
731,438,62467,HD5_MASKPAMCID,FALSE,HD5_mask,PAMCID,52467
731,440,62466,HD5_MASKISOMCID,FALSE,HD5_mask,ISOMCID,52466
731,441,62465,HD5_MASKCBCMCID,FALSE,HD5_mask,CBCMCID,52465
731,453,62464,HD5_MASKPBBMCID,FALSE,HD5_mask,PBBMCID,52464
731,488,62463,HD5_MASKXROI,FALSE,HD5_mask,xROI,52463
731,489,62462,HD5_MASKYROI,FALSE,HD5_mask,yROI,52462
732,0,62461,HS8_MASKDRAWN,FALSE,HS8_mask,drawing,52461
732,1,62460,HS8_MASKKOR,FALSE,HS8_mask,blockage,52460
732,18,62459,HS8_MASKTG,FALSE,HS8_mask,toSynDrawing,52459
732,51,62458,HS8_MASKKGA,FALSE,HS8_mask,keepGenAway,52458
732,301,62457,HS8_MASKNOMECID,FALSE,HS8_mask,noMECID,52457
732,302,62456,HS8_MASKNOOPC,FALSE,HS8_mask,noOPC,52456
732,303,62455,HS8_MASKSRAFMINUS,FALSE,HS8_mask,SRAFminus,52455
732,304,62454,HS8_MASKSRAFPLUS,FALSE,HS8_mask,SRAFplus,52454
732,316,62453,HS8_MASKMOSI,FALSE,HS8_mask,mosi,52453
732,317,62452,HS8_MASKGLASS,FALSE,HS8_mask,glass,52452
732,335,62451,HS8_MASKTSDRACTIVEIMPLANT,FALSE,HS8_mask,TSDRActiveImplant,52451
732,404,62449,HS8_MASKFRAME,FALSE,HS8_mask,frameDrawing,52449
732,405,62448,HS8_MASKFMCID,FALSE,HS8_mask,fmcid,52448
732,406,62447,HS8_MASKFMCID2,FALSE,HS8_mask,fmcid2,52447
732,409,62446,HS8_MASKSCRATCH1,FALSE,HS8_mask,scratch1,52446
732,410,62445,HS8_MASKSCRATCH2,FALSE,HS8_mask,scratch2,52445
732,411,62444,HS8_MASKSCRATCH3,FALSE,HS8_mask,scratch3,52444
732,412,62443,HS8_MASKSCRATCH4,FALSE,HS8_mask,scratch4,52443
732,413,62442,HS8_MASKSCRATCH5,FALSE,HS8_mask,scratch5,52442
732,414,62441,HS8_MASKMETROCELL,FALSE,HS8_mask,metroCell,52441
732,435,62440,HS8_MASKVMCID,FALSE,HS8_mask,VMCID,52440
732,436,62439,HS8_MASKHMCID,FALSE,HS8_mask,HMCID,52439
732,437,62438,HS8_MASKFAMCID,FALSE,HS8_mask,FAMCID,52438
732,438,62437,HS8_MASKPAMCID,FALSE,HS8_mask,PAMCID,52437
732,440,62436,HS8_MASKISOMCID,FALSE,HS8_mask,ISOMCID,52436
732,441,62435,HS8_MASKCBCMCID,FALSE,HS8_mask,CBCMCID,52435
732,453,62434,HS8_MASKPBBMCID,FALSE,HS8_mask,PBBMCID,52434
732,488,62433,HS8_MASKXROI,FALSE,HS8_mask,xROI,52433
732,489,62432,HS8_MASKYROI,FALSE,HS8_mask,yROI,52432
733,0,62431,HAC_MASKDRAWN,FALSE,HAC_mask,drawing,52431
733,1,62430,HAC_MASKKOR,FALSE,HAC_mask,blockage,52430
733,18,62429,HAC_MASKTG,FALSE,HAC_mask,toSynDrawing,52429
733,51,62428,HAC_MASKKGA,FALSE,HAC_mask,keepGenAway,52428
733,301,62427,HAC_MASKNOMECID,FALSE,HAC_mask,noMECID,52427
733,302,62426,HAC_MASKNOOPC,FALSE,HAC_mask,noOPC,52426
733,303,62425,HAC_MASKSRAFMINUS,FALSE,HAC_mask,SRAFminus,52425
733,304,62424,HAC_MASKSRAFPLUS,FALSE,HAC_mask,SRAFplus,52424
733,316,62423,HAC_MASKMOSI,FALSE,HAC_mask,mosi,52423
733,317,62422,HAC_MASKGLASS,FALSE,HAC_mask,glass,52422
733,335,62421,HAC_MASKTSDRACTIVEIMPLANT,FALSE,HAC_mask,TSDRActiveImplant,52421
733,404,62419,HAC_MASKFRAME,FALSE,HAC_mask,frameDrawing,52419
733,405,62418,HAC_MASKFMCID,FALSE,HAC_mask,fmcid,52418
733,406,62417,HAC_MASKFMCID2,FALSE,HAC_mask,fmcid2,52417
733,409,62416,HAC_MASKSCRATCH1,FALSE,HAC_mask,scratch1,52416
733,410,62415,HAC_MASKSCRATCH2,FALSE,HAC_mask,scratch2,52415
733,411,62414,HAC_MASKSCRATCH3,FALSE,HAC_mask,scratch3,52414
733,412,62413,HAC_MASKSCRATCH4,FALSE,HAC_mask,scratch4,52413
733,413,62412,HAC_MASKSCRATCH5,FALSE,HAC_mask,scratch5,52412
733,414,62411,HAC_MASKMETROCELL,FALSE,HAC_mask,metroCell,52411
733,435,62409,HAC_MASKVMCID,FALSE,HAC_mask,VMCID,52409
733,436,62408,HAC_MASKHMCID,FALSE,HAC_mask,HMCID,52408
733,437,62407,HAC_MASKFAMCID,FALSE,HAC_mask,FAMCID,52407
733,438,62406,HAC_MASKPAMCID,FALSE,HAC_mask,PAMCID,52406
733,440,62405,HAC_MASKISOMCID,FALSE,HAC_mask,ISOMCID,52405
733,441,62404,HAC_MASKCBCMCID,FALSE,HAC_mask,CBCMCID,52404
733,453,62403,HAC_MASKPBBMCID,FALSE,HAC_mask,PBBMCID,52403
733,488,62402,HAC_MASKXROI,FALSE,HAC_mask,xROI,52402
733,489,62401,HAC_MASKYROI,FALSE,HAC_mask,yROI,52401
734,0,60483,TCP_MASKDRAWN,FALSE,TCP_mask,drawing,50483
734,1,60484,TCP_MASKKOR,FALSE,TCP_mask,blockage,50484
734,51,60485,TCP_MASKKGA,FALSE,TCP_mask,keepGenAway,50485
734,301,60486,TCP_MASKNOMECID,FALSE,TCP_mask,noMECID,50486
734,302,60487,TCP_MASKNOOPC,FALSE,TCP_mask,noOPC,50487
734,303,60488,TCP_MASKSRAFMINUS,FALSE,TCP_mask,SRAFminus,50488
734,304,60489,TCP_MASKSRAFPLUS,FALSE,TCP_mask,SRAFplus,50489
734,311,60490,TCP_MASKTSDRMARK,FALSE,TCP_mask,TSDRmark,50490
734,325,60491,TCP_MASKTSDRTRANSITION,FALSE,TCP_mask,TSDRTransition,50491
734,330,60492,TCP_MASKTSDRACTIVETE,FALSE,TCP_mask,TSDRActiveETE,50492
734,333,60493,TCP_MASKTSDRACTIVECDID,FALSE,TCP_mask,TSDRActiveCDID,50493
734,372,60494,TCP_MASKTSDRACTIVEMISREGID,FALSE,TCP_mask,TSDRActiveMisregID,50494
734,404,60496,TCP_MASKFRAME,FALSE,TCP_mask,frameDrawing,50496
734,405,60497,TCP_MASKFMCID,FALSE,TCP_mask,fmcid,50497
734,406,60498,TCP_MASKFMCID2,FALSE,TCP_mask,fmcid2,50498
734,409,60499,TCP_MASKSCRATCH1,FALSE,TCP_mask,scratch1,50499
734,410,60500,TCP_MASKSCRATCH2,FALSE,TCP_mask,scratch2,50500
734,411,60501,TCP_MASKSCRATCH3,FALSE,TCP_mask,scratch3,50501
734,412,60502,TCP_MASKSCRATCH4,FALSE,TCP_mask,scratch4,50502
734,413,60503,TCP_MASKSCRATCH5,FALSE,TCP_mask,scratch5,50503
734,414,60504,TCP_MASKMETROCELL,FALSE,TCP_mask,metroCell,50504
734,418,60505,TCP_MASKNIKONSDR,FALSE,TCP_mask,NikonSDR,50505
734,475,60506,TCP_MASKRANGE1PITCHID,FALSE,TCP_mask,range1PitchID,50506
734,476,60507,TCP_MASKRANGE2PITCHID,FALSE,TCP_mask,range2PitchID,50507
734,477,60508,TCP_MASKRANGE3PITCHID,FALSE,TCP_mask,range3PitchID,50508
734,478,60509,TCP_MASKNOPITCHID,FALSE,TCP_mask,noPitchID,50509
734,479,60510,TCP_MASKOPCID1,FALSE,TCP_mask,opcID1,50510
734,480,60511,TCP_MASKOPCID2,FALSE,TCP_mask,opcID2,50511
734,485,60512,TCP_MASKPITCH100ID,FALSE,TCP_mask,pitch100ID,50512
734,488,60513,TCP_MASKXROI,FALSE,TCP_mask,xROI,50513
734,489,60514,TCP_MASKYROI,FALSE,TCP_mask,yROI,50514
734,564,60515,TCP_MASKTSDRACTIVECDID46P,FALSE,TCP_mask,TSDRActiveCDID46p,50515
734,565,60516,TCP_MASKTSDRACTIVECDID48P,FALSE,TCP_mask,TSDRActiveCDID48p,50516
734,569,60517,TCP_MASKTSDRTRANSITION46P,FALSE,TCP_mask,TSDRTransition46p,50517
734,570,60518,TCP_MASKTSDRTRANSITION48P,FALSE,TCP_mask,TSDRTransition48p,50518
734,571,60519,TCP_MASKTSDRTRANSITION54P,FALSE,TCP_mask,TSDRTransition54p,50519
734,572,60521,TCP_MASKTSDRACTIVECDID54P,FALSE,TCP_mask,TSDRActiveCDID54p,50521
734,573,60522,TCP_MASKTSDRTRANSITION51P,FALSE,TCP_mask,TSDRTransition51p,50522
734,574,60523,TCP_MASKTSDRACTIVECDID51P,FALSE,TCP_mask,TSDRActiveCDID51p,50523
734,575,60524,TCP_MASKTSDRTRANSITION45P,FALSE,TCP_mask,TSDRTransition45p,50524
734,576,60525,TCP_MASKTSDRACTIVECDID45P,FALSE,TCP_mask,TSDRActiveCDID45p,50525
734,577,60526,TCP_MASKTSDRACTIVEMISREGID45P,FALSE,TCP_mask,TSDRActiveMisregID45p,50526
734,578,60527,TCP_MASKTSDRACTIVEMISREGID48P,FALSE,TCP_mask,TSDRActiveMisregID48p,50527
734,579,60528,TCP_MASKTSDRACTIVEMISREGID51P,FALSE,TCP_mask,TSDRActiveMisregID51p,50528
734,580,60529,TCP_MASKTSDRACTIVEMISREGID54P,FALSE,TCP_mask,TSDRActiveMisregID54p,50529
734,581,60530,TCP_MASKTSDRACTIVECDID56P,FALSE,TCP_mask,TSDRActiveCDID56p,50530
734,582,60531,TCP_MASKTSDRTRANSITION56P,FALSE,TCP_mask,TSDRTransition56p,50531
734,583,60532,TCP_MASKTSDRACTIVECDID52P,FALSE,TCP_mask,TSDRActiveCDID52p,50532
734,584,60533,TCP_MASKTSDRTRANSITION52P,FALSE,TCP_mask,TSDRTransition52p,50533
734,585,60534,TCP_MASKTSDRACTIVEMISREGID50P,FALSE,TCP_mask,TSDRActiveMisregID50p,50534
734,586,60535,TCP_MASKTSDRACTIVEMISREGID52P,FALSE,TCP_mask,TSDRActiveMisregID52p,50535
734,587,60536,TCP_MASKTSDRACTIVEMISREGID56P,FALSE,TCP_mask,TSDRActiveMisregID56p,50536
734,588,60537,TCP_MASKTSDRACTIVECDID50P,FALSE,TCP_mask,TSDRActiveCDID50p,50537
734,589,60538,TCP_MASKTSDRTRANSITION50P,FALSE,TCP_mask,TSDRTransition50p,50538
734,590,60539,TCP_MASKTSDRACTIVETGCDID,FALSE,TCP_mask,TSDRActiveTGCDID,50539
734,591,60540,TCP_MASKTSDRACTIVETGMISREGID,FALSE,TCP_mask,TSDRActiveTGMisregID,50540
734,601,60541,TCP_MASKSDRID,FALSE,TCP_mask,sdrid,50541
734,614,60542,TCP_MASKTSDRACTIVECDID72P,FALSE,TCP_mask,TSDRActiveCDID72p,50542
734,615,60543,TCP_MASKTSDRACTIVECDID96P,FALSE,TCP_mask,TSDRActiveCDID96p,50543
734,616,60544,TCP_MASKTSDRTRANSITION72P,FALSE,TCP_mask,TSDRTransition72p,50544
734,617,60545,TCP_MASKTSDRTRANSITION96P,FALSE,TCP_mask,TSDRTransition96p,50545
734,618,60546,TCP_MASKTSDRACTIVEMISREGID72P,FALSE,TCP_mask,TSDRActiveMisregID72p,50546
734,619,60547,TCP_MASKTSDRACTIVEMISREGID96P,FALSE,TCP_mask,TSDRActiveMisregID96p,50547
734,620,60548,TCP_MASKTSDRTRANSITIONTG,FALSE,TCP_mask,TSDRTransitionTG,50548
734,621,60549,TCP_MASKTSDRACTIVEMISREGID46P,FALSE,TCP_mask,TSDRActiveMisregID46p,50549
734,622,60550,TCP_MASKTSDRACTIVEMISREGID47P,FALSE,TCP_mask,TSDRActiveMisregID47p,50550
734,623,60551,TCP_MASKTSDRACTIVEMISREGID49P,FALSE,TCP_mask,TSDRActiveMisregID49p,50551
734,633,60552,TCP_MASKTSDRACTIVEBITCELLCDID,FALSE,TCP_mask,TSDRActiveBitCellCDID,50552
734,634,60553,TCP_MASKTSDRACTIVEBITCELLMISREGID,FALSE,TCP_mask,TSDRActiveBitCellMisregID,50553
734,635,60554,TCP_MASKTSDRTRANSITIONBITCELL,FALSE,TCP_mask,TSDRTransitionBitCell,50554
734,684,60555,TCP_MASKTSDRACTIVECDID47P,FALSE,TCP_mask,TSDRActiveCDID47p,50555
734,685,60556,TCP_MASKTSDRTRANSITION47P,FALSE,TCP_mask,TSDRTransition47p,50556
734,688,60557,TCP_MASKTSDRACTIVECDID49P,FALSE,TCP_mask,TSDRActiveCDID49p,50557
734,690,60558,TCP_MASKTSDRTRANSITION49P,FALSE,TCP_mask,TSDRTransition49p,50558
735,0,62400,NL4_MASKDRAWN,FALSE,NL4_mask,drawing,52400
735,1,62399,NL4_MASKKOR,FALSE,NL4_mask,blockage,52399
735,18,62398,NL4_MASKTG,FALSE,NL4_mask,toSynDrawing,52398
735,51,62371,NL4_MASKKGA,FALSE,NL4_mask,keepGenAway,52371
735,301,62397,NL4_MASKNOMECID,FALSE,NL4_mask,noMECID,52397
735,302,62374,NL4_MASKNOOPC,FALSE,NL4_mask,noOPC,52374
735,303,62395,NL4_MASKSRAFMINUS,FALSE,NL4_mask,SRAFminus,52395
735,304,62372,NL4_MASKSRAFPLUS,FALSE,NL4_mask,SRAFplus,52372
735,316,62380,NL4_MASKMOSI,FALSE,NL4_mask,mosi,52380
735,317,62376,NL4_MASKGLASS,FALSE,NL4_mask,glass,52376
735,335,62392,NL4_MASKTSDRACTIVEIMPLANT,FALSE,NL4_mask,TSDRActiveImplant,52392
735,404,62388,NL4_MASKFRAME,FALSE,NL4_mask,frameDrawing,52388
735,405,62383,NL4_MASKFMCID,FALSE,NL4_mask,fmcid,52383
735,406,62387,NL4_MASKFMCID2,FALSE,NL4_mask,fmcid2,52387
735,409,62389,NL4_MASKSCRATCH1,FALSE,NL4_mask,scratch1,52389
735,410,62373,NL4_MASKSCRATCH2,FALSE,NL4_mask,scratch2,52373
735,411,62384,NL4_MASKSCRATCH3,FALSE,NL4_mask,scratch3,52384
735,412,62379,NL4_MASKSCRATCH4,FALSE,NL4_mask,scratch4,52379
735,413,62375,NL4_MASKSCRATCH5,FALSE,NL4_mask,scratch5,52375
735,414,62377,NL4_MASKMETROCELL,FALSE,NL4_mask,metroCell,52377
735,435,62382,NL4_MASKVMCID,FALSE,NL4_mask,VMCID,52382
735,436,62390,NL4_MASKHMCID,FALSE,NL4_mask,HMCID,52390
735,437,62386,NL4_MASKFAMCID,FALSE,NL4_mask,FAMCID,52386
735,438,62381,NL4_MASKPAMCID,FALSE,NL4_mask,PAMCID,52381
735,440,62391,NL4_MASKISOMCID,FALSE,NL4_mask,ISOMCID,52391
735,441,62378,NL4_MASKCBCMCID,FALSE,NL4_mask,CBCMCID,52378
735,453,62393,NL4_MASKPBBMCID,FALSE,NL4_mask,PBBMCID,52393
735,488,62394,NL4_MASKXROI,FALSE,NL4_mask,xROI,52394
735,489,62396,NL4_MASKYROI,FALSE,NL4_mask,yROI,52396
736,0,62370,NL3_MASKDRAWN,FALSE,PLC_mask,drawing,52370
736,1,62369,NL3_MASKKOR,FALSE,PLC_mask,blockage,52369
736,18,62368,NL3_MASKTG,FALSE,PLC_mask,toSynDrawing,52368
736,51,62367,NL3_MASKKGA,FALSE,PLC_mask,keepGenAway,52367
736,301,62366,NL3_MASKNOMECID,FALSE,PLC_mask,noMECID,52366
736,302,62365,NL3_MASKNOOPC,FALSE,PLC_mask,noOPC,52365
736,303,62364,NL3_MASKSRAFMINUS,FALSE,PLC_mask,SRAFminus,52364
736,304,62363,NL3_MASKSRAFPLUS,FALSE,PLC_mask,SRAFplus,52363
736,316,62362,NL3_MASKMOSI,FALSE,PLC_mask,mosi,52362
736,317,62361,NL3_MASKGLASS,FALSE,PLC_mask,glass,52361
736,335,62360,NL3_MASKTSDRACTIVEIMPLANT,FALSE,PLC_mask,TSDRActiveImplant,52360
736,404,62358,NL3_MASKFRAME,FALSE,PLC_mask,frameDrawing,52358
736,405,62357,NL3_MASKFMCID,FALSE,PLC_mask,fmcid,52357
736,406,62356,NL3_MASKFMCID2,FALSE,PLC_mask,fmcid2,52356
736,409,62355,NL3_MASKSCRATCH1,FALSE,PLC_mask,scratch1,52355
736,410,62354,NL3_MASKSCRATCH2,FALSE,PLC_mask,scratch2,52354
736,411,62353,NL3_MASKSCRATCH3,FALSE,PLC_mask,scratch3,52353
736,412,62352,NL3_MASKSCRATCH4,FALSE,PLC_mask,scratch4,52352
736,413,62351,NL3_MASKSCRATCH5,FALSE,PLC_mask,scratch5,52351
736,414,62350,NL3_MASKMETROCELL,FALSE,PLC_mask,metroCell,52350
736,435,62349,NL3_MASKVMCID,FALSE,PLC_mask,VMCID,52349
736,436,62348,NL3_MASKHMCID,FALSE,PLC_mask,HMCID,52348
736,437,62347,NL3_MASKFAMCID,FALSE,PLC_mask,FAMCID,52347
736,438,62346,NL3_MASKPAMCID,FALSE,PLC_mask,PAMCID,52346
736,440,62345,NL3_MASKISOMCID,FALSE,PLC_mask,ISOMCID,52345
736,441,62344,NL3_MASKCBCMCID,FALSE,PLC_mask,CBCMCID,52344
736,453,62343,NL3_MASKPBBMCID,FALSE,PLC_mask,PBBMCID,52343
736,488,62342,NL3_MASKXROI,FALSE,PLC_mask,xROI,52342
736,489,62341,NL3_MASKYROI,FALSE,PLC_mask,yROI,52341
737,0,62340,NLC_MASKDRAWN,FALSE,NLC_mask,drawing,52340
737,1,62339,NLC_MASKKOR,FALSE,NLC_mask,blockage,52339
737,18,62338,NLC_MASKTG,FALSE,NLC_mask,toSynDrawing,52338
737,51,62337,NLC_MASKKGA,FALSE,NLC_mask,keepGenAway,52337
737,301,62336,NLC_MASKNOMECID,FALSE,NLC_mask,noMECID,52336
737,302,62335,NLC_MASKNOOPC,FALSE,NLC_mask,noOPC,52335
737,303,62334,NLC_MASKSRAFMINUS,FALSE,NLC_mask,SRAFminus,52334
737,304,62333,NLC_MASKSRAFPLUS,FALSE,NLC_mask,SRAFplus,52333
737,316,62332,NLC_MASKMOSI,FALSE,NLC_mask,mosi,52332
737,317,62331,NLC_MASKGLASS,FALSE,NLC_mask,glass,52331
737,335,62330,NLC_MASKTSDRACTIVEIMPLANT,FALSE,NLC_mask,TSDRActiveImplant,52330
737,404,62328,NLC_MASKFRAME,FALSE,NLC_mask,frameDrawing,52328
737,405,62327,NLC_MASKFMCID,FALSE,NLC_mask,fmcid,52327
737,406,62326,NLC_MASKFMCID2,FALSE,NLC_mask,fmcid2,52326
737,409,62325,NLC_MASKSCRATCH1,FALSE,NLC_mask,scratch1,52325
737,410,62324,NLC_MASKSCRATCH2,FALSE,NLC_mask,scratch2,52324
737,411,62323,NLC_MASKSCRATCH3,FALSE,NLC_mask,scratch3,52323
737,412,62322,NLC_MASKSCRATCH4,FALSE,NLC_mask,scratch4,52322
737,413,62321,NLC_MASKSCRATCH5,FALSE,NLC_mask,scratch5,52321
737,414,62320,NLC_MASKMETROCELL,FALSE,NLC_mask,metroCell,52320
737,435,62319,NLC_MASKVMCID,FALSE,NLC_mask,VMCID,52319
737,436,62318,NLC_MASKHMCID,FALSE,NLC_mask,HMCID,52318
737,437,62317,NLC_MASKFAMCID,FALSE,NLC_mask,FAMCID,52317
737,438,62316,NLC_MASKPAMCID,FALSE,NLC_mask,PAMCID,52316
737,440,62315,NLC_MASKISOMCID,FALSE,NLC_mask,ISOMCID,52315
737,441,62314,NLC_MASKCBCMCID,FALSE,NLC_mask,CBCMCID,52314
737,453,62313,NLC_MASKPBBMCID,FALSE,NLC_mask,PBBMCID,52313
737,488,62312,NLC_MASKXROI,FALSE,NLC_mask,xROI,52312
737,489,62311,NLC_MASKYROI,FALSE,NLC_mask,yROI,52311
738,0,62310,PX2_MASKDRAWN,FALSE,PX2_mask,drawing,52310
738,1,62309,PX2_MASKKOR,FALSE,PX2_mask,blockage,52309
738,40,62308,PX2_MASKID1,FALSE,PX2_mask,id1,52308
738,41,62307,PX2_MASKID2,FALSE,PX2_mask,id2,52307
738,42,62306,PX2_MASKID3,FALSE,PX2_mask,id3,52306
738,43,62305,PX2_MASKID4,FALSE,PX2_mask,id4,52305
738,44,62304,PX2_MASKID5,FALSE,PX2_mask,id5,52304
738,45,62303,PX2_MASKID6,FALSE,PX2_mask,id6,52303
738,46,62302,PX2_MASKID7,FALSE,PX2_mask,id7,52302
738,47,62301,PX2_MASKID8,FALSE,PX2_mask,id8,52301
738,51,62300,PX2_MASKKGA,FALSE,PX2_mask,keepGenAway,52300
738,301,62299,PX2_MASKNOMECID,FALSE,PX2_mask,noMECID,52299
738,302,62298,PX2_MASKNOOPC,FALSE,PX2_mask,noOPC,52298
738,303,62297,PX2_MASKSRAFMINUS,FALSE,PX2_mask,SRAFminus,52297
738,304,62296,PX2_MASKSRAFPLUS,FALSE,PX2_mask,SRAFplus,52296
738,311,62295,PX2_MASKTSDRMARK,FALSE,PX2_mask,TSDRmark,52295
738,316,62294,PX2_MASKFO,FALSE,PX2_mask,frameOnly,52294
738,324,62293,PX2_MASKTSDRACTIVE,FALSE,PX2_mask,TSDRActive,52293
738,325,62292,PX2_MASKTSDRTRANSITION,FALSE,PX2_mask,TSDRTransition,52292
738,329,62291,PX2_MASKTSDRACTIVESPECIAL,FALSE,PX2_mask,TSDRActiveSpecial,52291
738,333,62290,PX2_MASKTSDRACTIVECDID,FALSE,PX2_mask,TSDRActiveCDID,52290
738,364,62289,PX2_MASKTSDRTRANSITION1,FALSE,PX2_mask,TSDRTransition1,52289
738,365,62288,PX2_MASKTSDRTRANSITION2,FALSE,PX2_mask,TSDRTransition2,52288
738,366,62287,PX2_MASKTSDRTRANSITION3,FALSE,PX2_mask,TSDRTransition3,52287
738,367,62286,PX2_MASKTSDRTRANSITION4,FALSE,PX2_mask,TSDRTransition4,52286
738,368,62285,PX2_MASKTSDRTRANSITION5,FALSE,PX2_mask,TSDRTransition5,52285
738,369,62284,PX2_MASKTSDRTRANSITION6,FALSE,PX2_mask,TSDRTransition6,52284
738,370,62283,PX2_MASKTSDRTRANSITION7,FALSE,PX2_mask,TSDRTransition7,52283
738,371,62282,PX2_MASKTSDRTRANSITION8,FALSE,PX2_mask,TSDRTransition8,52282
738,372,62281,PX2_MASKTSDRACTIVEMISREGID,FALSE,PX2_mask,TSDRActiveMisregID,52281
738,404,62279,PX2_MASKFRAME,FALSE,PX2_mask,frameDrawing,52279
738,405,62278,PX2_MASKFMCID,FALSE,PX2_mask,fmcid,52278
738,406,62277,PX2_MASKFMCID2,FALSE,PX2_mask,fmcid2,52277
738,409,62276,PX2_MASKSCRATCH1,FALSE,PX2_mask,scratch1,52276
738,410,62275,PX2_MASKSCRATCH2,FALSE,PX2_mask,scratch2,52275
738,411,62274,PX2_MASKSCRATCH3,FALSE,PX2_mask,scratch3,52274
738,412,62273,PX2_MASKSCRATCH4,FALSE,PX2_mask,scratch4,52273
738,413,62272,PX2_MASKSCRATCH5,FALSE,PX2_mask,scratch5,52272
738,414,62271,PX2_MASKMETROCELL,FALSE,PX2_mask,metroCell,52271
738,418,62270,PX2_MASKNIKONSDR,FALSE,PX2_mask,NikonSDR,52270
738,455,62269,PX2_MASKNOSYNTH,FALSE,PX2_mask,noSynth,52269
738,479,62268,PX2_MASKOPCID1,FALSE,PX2_mask,opcID1,52268
738,480,62267,PX2_MASKOPCID2,FALSE,PX2_mask,opcID2,52267
738,488,62266,PX2_MASKXROI,FALSE,PX2_mask,xROI,52266
738,489,62265,PX2_MASKYROI,FALSE,PX2_mask,yROI,52265
738,561,62264,PX2_MASKTSDRWIDEDIODE,FALSE,PX2_mask,TSDRWidediode,52264
738,601,62263,PX2_MASKSDRID,FALSE,PX2_mask,sdrid,52263
738,624,62262,PX2_MASKTSDRACTIVEPLUSCDID,FALSE,PX2_mask,TSDRActivePlusCDID,52262
738,625,62261,PX2_MASKTSDRACTIVEPLUSMISREGID,FALSE,PX2_mask,TSDRActivePlusMisregID,52261
738,626,62260,PX2_MASKTSDRTRANSITIONPLUS,FALSE,PX2_mask,TSDRTransitionPlus,52260
738,627,62259,PX2_MASKTSDRACTIVEMAXCDID,FALSE,PX2_mask,TSDRActiveMaxCDID,52259
738,628,62258,PX2_MASKTSDRACTIVEMAXMISREGID,FALSE,PX2_mask,TSDRActiveMaxMisregID,52258
738,629,62257,PX2_MASKTSDRTRANSITIONMAX,FALSE,PX2_mask,TSDRTransitionMax,52257
738,630,62256,PX2_MASKTSDRACTIVEBALCDID,FALSE,PX2_mask,TSDRActiveBalCDID,52256
738,631,62255,PX2_MASKTSDRACTIVEBALMISREGID,FALSE,PX2_mask,TSDRActiveBalMisregID,52255
738,632,62254,PX2_MASKTSDRTRANSITIONBAL,FALSE,PX2_mask,TSDRTransitionBal,52254
739,0,62253,PSO_MASKDRAWN,FALSE,PSO_mask,drawing,52253
739,1,62252,PSO_MASKKOR,FALSE,PSO_mask,blockage,52252
739,18,62251,PSO_MASKTG,FALSE,PSO_mask,toSynDrawing,52251
739,51,62250,PSO_MASKKGA,FALSE,PSO_mask,keepGenAway,52250
739,301,62249,PSO_MASKNOMECID,FALSE,PSO_mask,noMECID,52249
739,302,62248,PSO_MASKNOOPC,FALSE,PSO_mask,noOPC,52248
739,303,62247,PSO_MASKSRAFMINUS,FALSE,PSO_mask,SRAFminus,52247
739,304,62246,PSO_MASKSRAFPLUS,FALSE,PSO_mask,SRAFplus,52246
739,316,62245,PSO_MASKMOSI,FALSE,PSO_mask,mosi,52245
739,317,62244,PSO_MASKGLASS,FALSE,PSO_mask,glass,52244
739,335,62243,PSO_MASKTSDRACTIVEIMPLANT,FALSE,PSO_mask,TSDRActiveImplant,52243
739,404,62241,PSO_MASKFRAME,FALSE,PSO_mask,frameDrawing,52241
739,405,62240,PSO_MASKFMCID,FALSE,PSO_mask,fmcid,52240
739,406,62239,PSO_MASKFMCID2,FALSE,PSO_mask,fmcid2,52239
739,409,62238,PSO_MASKSCRATCH1,FALSE,PSO_mask,scratch1,52238
739,410,62237,PSO_MASKSCRATCH2,FALSE,PSO_mask,scratch2,52237
739,411,62236,PSO_MASKSCRATCH3,FALSE,PSO_mask,scratch3,52236
739,412,62235,PSO_MASKSCRATCH4,FALSE,PSO_mask,scratch4,52235
739,413,62234,PSO_MASKSCRATCH5,FALSE,PSO_mask,scratch5,52234
739,414,62233,PSO_MASKMETROCELL,FALSE,PSO_mask,metroCell,52233
739,435,62232,PSO_MASKVMCID,FALSE,PSO_mask,VMCID,52232
739,436,62231,PSO_MASKHMCID,FALSE,PSO_mask,HMCID,52231
739,437,62230,PSO_MASKFAMCID,FALSE,PSO_mask,FAMCID,52230
739,438,62229,PSO_MASKPAMCID,FALSE,PSO_mask,PAMCID,52229
739,440,62228,PSO_MASKISOMCID,FALSE,PSO_mask,ISOMCID,52228
739,441,62227,PSO_MASKCBCMCID,FALSE,PSO_mask,CBCMCID,52227
739,453,62226,PSO_MASKPBBMCID,FALSE,PSO_mask,PBBMCID,52226
739,488,62225,PSO_MASKXROI,FALSE,PSO_mask,xROI,52225
739,489,62224,PSO_MASKYROI,FALSE,PSO_mask,yROI,52224
740,0,62223,V2H_MASKDRAWN,FALSE,V2H_mask,drawing,52223
740,1,62222,V2H_MASKKOR,FALSE,V2H_mask,blockage,52222
740,51,62221,V2H_MASKKGA,FALSE,V2H_mask,keepGenAway,52221
740,301,62220,V2H_MASKNOMECID,FALSE,V2H_mask,noMECID,52220
740,302,62219,V2H_MASKNOOPC,FALSE,V2H_mask,noOPC,52219
740,303,62218,V2H_MASKSRAFMINUS,FALSE,V2H_mask,SRAFminus,52218
740,304,62217,V2H_MASKSRAFPLUS,FALSE,V2H_mask,SRAFplus,52217
740,404,62215,V2H_MASKFRAME,FALSE,V2H_mask,frameDrawing,52215
740,405,62214,V2H_MASKFMCID,FALSE,V2H_mask,fmcid,52214
740,406,62213,V2H_MASKFMCID2,FALSE,V2H_mask,fmcid2,52213
740,409,62212,V2H_MASKSCRATCH1,FALSE,V2H_mask,scratch1,52212
740,410,62211,V2H_MASKSCRATCH2,FALSE,V2H_mask,scratch2,52211
740,411,62210,V2H_MASKSCRATCH3,FALSE,V2H_mask,scratch3,52210
740,412,62209,V2H_MASKSCRATCH4,FALSE,V2H_mask,scratch4,52209
740,413,62208,V2H_MASKSCRATCH5,FALSE,V2H_mask,scratch5,52208
740,414,62207,V2H_MASKMETROCELL,FALSE,V2H_mask,metroCell,52207
740,418,62206,V2H_MASKNIKONSDR,FALSE,V2H_mask,NikonSDR,52206
740,479,62205,V2H_MASKOPCID1,FALSE,V2H_mask,opcID1,52205
740,480,62204,V2H_MASKOPCID2,FALSE,V2H_mask,opcID2,52204
740,488,62203,V2H_MASKXROI,FALSE,V2H_mask,xROI,52203
740,489,62202,V2H_MASKYROI,FALSE,V2H_mask,yROI,52202
741,0,62201,GMZ_MASKDRAWN,FALSE,GMZ_mask,drawing,52201
741,1,62200,GMZ_MASKKOR,FALSE,GMZ_mask,blockage,52200
741,51,62199,GMZ_MASKKGA,FALSE,GMZ_mask,keepGenAway,52199
741,301,62198,GMZ_MASKNOMECID,FALSE,GMZ_mask,noMECID,52198
741,302,62197,GMZ_MASKNOOPC,FALSE,GMZ_mask,noOPC,52197
741,303,62196,GMZ_MASKSRAFMINUS,FALSE,GMZ_mask,SRAFminus,52196
741,304,62195,GMZ_MASKSRAFPLUS,FALSE,GMZ_mask,SRAFplus,52195
741,316,62194,GMZ_MASKFO,FALSE,GMZ_mask,frameOnly,52194
741,317,62193,GMZ_MASKFOH,FALSE,GMZ_mask,frameOnlyHole,52193
741,404,62191,GMZ_MASKFRAME,FALSE,GMZ_mask,frameDrawing,52191
741,405,62190,GMZ_MASKFMCID,FALSE,GMZ_mask,fmcid,52190
741,406,62189,GMZ_MASKFMCID2,FALSE,GMZ_mask,fmcid2,52189
741,409,62188,GMZ_MASKSCRATCH1,FALSE,GMZ_mask,scratch1,52188
741,410,62187,GMZ_MASKSCRATCH2,FALSE,GMZ_mask,scratch2,52187
741,411,62186,GMZ_MASKSCRATCH3,FALSE,GMZ_mask,scratch3,52186
741,412,62185,GMZ_MASKSCRATCH4,FALSE,GMZ_mask,scratch4,52185
741,413,62184,GMZ_MASKSCRATCH5,FALSE,GMZ_mask,scratch5,52184
741,414,62183,GMZ_MASKMETROCELL,FALSE,GMZ_mask,metroCell,52183
741,418,62182,GMZ_MASKNIKONSDR,FALSE,GMZ_mask,NikonSDR,52182
741,479,62181,GMZ_MASKOPCID1,FALSE,GMZ_mask,opcID1,52181
741,480,62180,GMZ_MASKOPCID2,FALSE,GMZ_mask,opcID2,52180
741,488,62179,GMZ_MASKXROI,FALSE,GMZ_mask,xROI,52179
741,489,62178,GMZ_MASKYROI,FALSE,GMZ_mask,yROI,52178
742,0,62154,GVZ_MASKDRAWN,FALSE,GVZ_mask,drawing,52154
742,1,62155,GVZ_MASKKOR,FALSE,GVZ_mask,blockage,52155
742,51,62156,GVZ_MASKKGA,FALSE,GVZ_mask,keepGenAway,52156
742,301,62157,GVZ_MASKNOMECID,FALSE,GVZ_mask,noMECID,52157
742,302,62158,GVZ_MASKNOOPC,FALSE,GVZ_mask,noOPC,52158
742,303,62159,GVZ_MASKSRAFMINUS,FALSE,GVZ_mask,SRAFminus,52159
742,304,62160,GVZ_MASKSRAFPLUS,FALSE,GVZ_mask,SRAFplus,52160
742,316,62161,GVZ_MASKFO,FALSE,GVZ_mask,frameOnly,52161
742,317,62162,GVZ_MASKFOH,FALSE,GVZ_mask,frameOnlyHole,52162
742,404,62164,GVZ_MASKFRAME,FALSE,GVZ_mask,frameDrawing,52164
742,405,62165,GVZ_MASKFMCID,FALSE,GVZ_mask,fmcid,52165
742,406,62166,GVZ_MASKFMCID2,FALSE,GVZ_mask,fmcid2,52166
742,409,62167,GVZ_MASKSCRATCH1,FALSE,GVZ_mask,scratch1,52167
742,410,62168,GVZ_MASKSCRATCH2,FALSE,GVZ_mask,scratch2,52168
742,411,62169,GVZ_MASKSCRATCH3,FALSE,GVZ_mask,scratch3,52169
742,412,62170,GVZ_MASKSCRATCH4,FALSE,GVZ_mask,scratch4,52170
742,413,62171,GVZ_MASKSCRATCH5,FALSE,GVZ_mask,scratch5,52171
742,414,62172,GVZ_MASKMETROCELL,FALSE,GVZ_mask,metroCell,52172
742,418,62173,GVZ_MASKNIKONSDR,FALSE,GVZ_mask,NikonSDR,52173
742,479,62174,GVZ_MASKOPCID1,FALSE,GVZ_mask,opcID1,52174
742,480,62175,GVZ_MASKOPCID2,FALSE,GVZ_mask,opcID2,52175
742,488,62176,GVZ_MASKXROI,FALSE,GVZ_mask,xROI,52176
742,489,62177,GVZ_MASKYROI,FALSE,GVZ_mask,yROI,52177
743,0,62130,GM0_MASKDRAWN,FALSE,GM0_mask,drawing,52130
743,1,62131,GM0_MASKKOR,FALSE,GM0_mask,blockage,52131
743,51,62132,GM0_MASKKGA,FALSE,GM0_mask,keepGenAway,52132
743,301,62133,GM0_MASKNOMECID,FALSE,GM0_mask,noMECID,52133
743,302,62134,GM0_MASKNOOPC,FALSE,GM0_mask,noOPC,52134
743,303,62135,GM0_MASKSRAFMINUS,FALSE,GM0_mask,SRAFminus,52135
743,304,62136,GM0_MASKSRAFPLUS,FALSE,GM0_mask,SRAFplus,52136
743,316,62137,GM0_MASKFO,FALSE,GM0_mask,frameOnly,52137
743,317,62138,GM0_MASKFOH,FALSE,GM0_mask,frameOnlyHole,52138
743,404,62140,GM0_MASKFRAME,FALSE,GM0_mask,frameDrawing,52140
743,405,62141,GM0_MASKFMCID,FALSE,GM0_mask,fmcid,52141
743,406,62142,GM0_MASKFMCID2,FALSE,GM0_mask,fmcid2,52142
743,409,62143,GM0_MASKSCRATCH1,FALSE,GM0_mask,scratch1,52143
743,410,62144,GM0_MASKSCRATCH2,FALSE,GM0_mask,scratch2,52144
743,411,62145,GM0_MASKSCRATCH3,FALSE,GM0_mask,scratch3,52145
743,412,62146,GM0_MASKSCRATCH4,FALSE,GM0_mask,scratch4,52146
743,413,62147,GM0_MASKSCRATCH5,FALSE,GM0_mask,scratch5,52147
743,414,62148,GM0_MASKMETROCELL,FALSE,GM0_mask,metroCell,52148
743,418,62149,GM0_MASKNIKONSDR,FALSE,GM0_mask,NikonSDR,52149
743,479,62150,GM0_MASKOPCID1,FALSE,GM0_mask,opcID1,52150
743,480,62151,GM0_MASKOPCID2,FALSE,GM0_mask,opcID2,52151
743,488,62152,GM0_MASKXROI,FALSE,GM0_mask,xROI,52152
743,489,62153,GM0_MASKYROI,FALSE,GM0_mask,yROI,52153
746,0,60833,HNW_MASKDRAWN,FALSE,HNW_mask,drawing,50833
746,1,60834,HNW_MASKKOR,FALSE,HNW_mask,blockage,50834
746,18,60835,HNW_MASKTG,FALSE,HNW_mask,toSynDrawing,50835
746,51,60836,HNW_MASKKGA,FALSE,HNW_mask,keepGenAway,50836
746,301,60837,HNW_MASKNOMECID,FALSE,HNW_mask,noMECID,50837
746,302,60838,HNW_MASKNOOPC,FALSE,HNW_mask,noOPC,50838
746,303,60839,HNW_MASKSRAFMINUS,FALSE,HNW_mask,SRAFminus,50839
746,304,60840,HNW_MASKSRAFPLUS,FALSE,HNW_mask,SRAFplus,50840
746,316,60841,HNW_MASKMOSI,FALSE,HNW_mask,mosi,50841
746,317,60842,HNW_MASKGLASS,FALSE,HNW_mask,glass,50842
746,335,60843,HNW_MASKTSDRACTIVEIMPLANT,FALSE,HNW_mask,TSDRActiveImplant,50843
746,404,60845,HNW_MASKFRAME,FALSE,HNW_mask,frameDrawing,50845
746,405,60846,HNW_MASKFMCID,FALSE,HNW_mask,fmcid,50846
746,406,60847,HNW_MASKFMCID2,FALSE,HNW_mask,fmcid2,50847
746,409,60848,HNW_MASKSCRATCH1,FALSE,HNW_mask,scratch1,50848
746,410,60849,HNW_MASKSCRATCH2,FALSE,HNW_mask,scratch2,50849
746,411,60850,HNW_MASKSCRATCH3,FALSE,HNW_mask,scratch3,50850
746,412,60851,HNW_MASKSCRATCH4,FALSE,HNW_mask,scratch4,50851
746,413,60852,HNW_MASKSCRATCH5,FALSE,HNW_mask,scratch5,50852
746,414,60853,HNW_MASKMETROCELL,FALSE,HNW_mask,metroCell,50853
746,435,60854,HNW_MASKVMCID,FALSE,HNW_mask,VMCID,50854
746,436,60855,HNW_MASKHMCID,FALSE,HNW_mask,HMCID,50855
746,437,60856,HNW_MASKFAMCID,FALSE,HNW_mask,FAMCID,50856
746,438,60857,HNW_MASKPAMCID,FALSE,HNW_mask,PAMCID,50857
746,440,60858,HNW_MASKISOMCID,FALSE,HNW_mask,ISOMCID,50858
746,441,60859,HNW_MASKCBCMCID,FALSE,HNW_mask,CBCMCID,50859
746,453,60860,HNW_MASKPBBMCID,FALSE,HNW_mask,PBBMCID,50860
746,488,60861,HNW_MASKXROI,FALSE,HNW_mask,xROI,50861
746,489,60862,HNW_MASKYROI,FALSE,HNW_mask,yROI,50862
747,0,52868,KAC_MASKDRAWN,FALSE,KAC_mask,drawing,42868
747,1,52859,KAC_MASKKOR,FALSE,KAC_mask,blockage,42859
747,18,52876,KAC_MASKTG,FALSE,KAC_mask,toSynDrawing,42876
747,51,63189,KAC_MASKKGA,FALSE,KAC_mask,keepGenAway,53189
747,301,52860,KAC_MASKNOMECID,FALSE,KAC_mask,noMECID,42860
747,302,52879,KAC_MASKNOOPC,FALSE,KAC_mask,noOPC,42879
747,303,52867,KAC_MASKSRAFMINUS,FALSE,KAC_mask,SRAFminus,42867
747,304,52858,KAC_MASKSRAFPLUS,FALSE,KAC_mask,SRAFplus,42858
747,316,52865,KAC_MASKMOSI,FALSE,KAC_mask,mosi,42865
747,317,52866,KAC_MASKGLASS,FALSE,KAC_mask,glass,42866
747,335,13242,KAC_MASKTSDRACTIVEIMPLANT,FALSE,KAC_mask,TSDRActiveImplant,3242
747,404,52855,KAC_MASKFRAME,FALSE,KAC_mask,frameDrawing,42855
747,405,52878,KAC_MASKFMCID,FALSE,KAC_mask,fmcid,42878
747,406,52862,KAC_MASKFMCID2,FALSE,KAC_mask,fmcid2,42862
747,409,52870,KAC_MASKSCRATCH1,FALSE,KAC_mask,scratch1,42870
747,410,52871,KAC_MASKSCRATCH2,FALSE,KAC_mask,scratch2,42871
747,411,52863,KAC_MASKSCRATCH3,FALSE,KAC_mask,scratch3,42863
747,412,52864,KAC_MASKSCRATCH4,FALSE,KAC_mask,scratch4,42864
747,413,52857,KAC_MASKSCRATCH5,FALSE,KAC_mask,scratch5,42857
747,414,52861,KAC_MASKMETROCELL,FALSE,KAC_mask,metroCell,42861
747,435,52874,KAC_MASKVMCID,FALSE,KAC_mask,VMCID,42874
747,436,52869,KAC_MASKHMCID,FALSE,KAC_mask,HMCID,42869
747,437,52856,KAC_MASKFAMCID,FALSE,KAC_mask,FAMCID,42856
747,438,52875,KAC_MASKPAMCID,FALSE,KAC_mask,PAMCID,42875
747,440,52873,KAC_MASKISOMCID,FALSE,KAC_mask,ISOMCID,42873
747,441,52877,KAC_MASKCBCMCID,FALSE,KAC_mask,CBCMCID,42877
747,453,52854,KAC_MASKPBBMCID,FALSE,KAC_mask,PBBMCID,42854
747,488,54737,KAC_MASKXROI,FALSE,KAC_mask,xROI,44737
747,489,54945,KAC_MASKYROI,FALSE,KAC_mask,yROI,44945
748,0,52884,HPU_MASKDRAWN,FALSE,HPU_mask,drawing,42884
748,1,52902,HPU_MASKKOR,FALSE,HPU_mask,blockage,42902
748,18,52905,HPU_MASKTG,FALSE,HPU_mask,toSynDrawing,42905
748,51,63190,HPU_MASKKGA,FALSE,HPU_mask,keepGenAway,53190
748,301,52893,HPU_MASKNOMECID,FALSE,HPU_mask,noMECID,42893
748,302,52881,HPU_MASKNOOPC,FALSE,HPU_mask,noOPC,42881
748,303,52898,HPU_MASKSRAFMINUS,FALSE,HPU_mask,SRAFminus,42898
748,304,52883,HPU_MASKSRAFPLUS,FALSE,HPU_mask,SRAFplus,42883
748,316,52887,HPU_MASKMOSI,FALSE,HPU_mask,mosi,42887
748,317,52904,HPU_MASKGLASS,FALSE,HPU_mask,glass,42904
748,404,52885,HPU_MASKFRAME,FALSE,HPU_mask,frameDrawing,42885
748,405,52903,HPU_MASKFMCID,FALSE,HPU_mask,fmcid,42903
748,406,52891,HPU_MASKFMCID2,FALSE,HPU_mask,fmcid2,42891
748,409,52882,HPU_MASKSCRATCH1,FALSE,HPU_mask,scratch1,42882
748,410,52889,HPU_MASKSCRATCH2,FALSE,HPU_mask,scratch2,42889
748,411,52899,HPU_MASKSCRATCH3,FALSE,HPU_mask,scratch3,42899
748,412,52892,HPU_MASKSCRATCH4,FALSE,HPU_mask,scratch4,42892
748,413,52894,HPU_MASKSCRATCH5,FALSE,HPU_mask,scratch5,42894
748,414,52895,HPU_MASKMETROCELL,FALSE,HPU_mask,metroCell,42895
748,435,52900,HPU_MASKVMCID,FALSE,HPU_mask,VMCID,42900
748,436,52896,HPU_MASKHMCID,FALSE,HPU_mask,HMCID,42896
748,437,52886,HPU_MASKFAMCID,FALSE,HPU_mask,FAMCID,42886
748,438,52890,HPU_MASKPAMCID,FALSE,HPU_mask,PAMCID,42890
748,440,52888,HPU_MASKISOMCID,FALSE,HPU_mask,ISOMCID,42888
748,441,52897,HPU_MASKCBCMCID,FALSE,HPU_mask,CBCMCID,42897
748,453,52880,HPU_MASKPBBMCID,FALSE,HPU_mask,PBBMCID,42880
748,488,54738,HPU_MASKXROI,FALSE,HPU_mask,xROI,44738
748,489,54946,HPU_MASKYROI,FALSE,HPU_mask,yROI,44946
749,0,52940,V0A_MASKDRAWN,FALSE,V0A_mask,drawing,42940
749,1,52935,V0A_MASKKOR,FALSE,V0A_mask,blockage,42935
749,51,52937,V0A_MASKKGA,FALSE,V0A_mask,keepGenAway,42937
749,301,52941,V0A_MASKNOMECID,FALSE,V0A_mask,noMECID,42941
749,302,52934,V0A_MASKNOOPC,FALSE,V0A_mask,noOPC,42934
749,303,52932,V0A_MASKSRAFMINUS,FALSE,V0A_mask,SRAFminus,42932
749,304,52936,V0A_MASKSRAFPLUS,FALSE,V0A_mask,SRAFplus,42936
749,333,54430,V0A_MASKTSDRACTIVECDID,FALSE,V0A_mask,TSDRActiveCDID,44430
749,372,54429,V0A_MASKTSDRACTIVEMISREGID,FALSE,V0A_mask,TSDRActiveMisregID,44429
749,375,60970,V0A_MASKTSDRACTIVEMETALENCLOSEID,FALSE,V0A_mask,TSDRActiveMetalEncloseID,50970
749,404,52930,V0A_MASKFRAME,FALSE,V0A_mask,frameDrawing,42930
749,405,52945,V0A_MASKFMCID,FALSE,V0A_mask,fmcid,42945
749,406,52944,V0A_MASKFMCID2,FALSE,V0A_mask,fmcid2,42944
749,409,52942,V0A_MASKSCRATCH1,FALSE,V0A_mask,scratch1,42942
749,410,52938,V0A_MASKSCRATCH2,FALSE,V0A_mask,scratch2,42938
749,411,52946,V0A_MASKSCRATCH3,FALSE,V0A_mask,scratch3,42946
749,412,52933,V0A_MASKSCRATCH4,FALSE,V0A_mask,scratch4,42933
749,413,52939,V0A_MASKSCRATCH5,FALSE,V0A_mask,scratch5,42939
749,414,52943,V0A_MASKMETROCELL,FALSE,V0A_mask,metroCell,42943
749,418,52929,V0A_MASKNIKONSDR,FALSE,V0A_mask,NikonSDR,42929
749,457,20035,V0A_MASKDBOSDR,FALSE,V0A_mask,DBOSDR,10035
749,479,52928,V0A_MASKOPCID1,FALSE,V0A_mask,opcID1,42928
749,480,52927,V0A_MASKOPCID2,FALSE,V0A_mask,opcID2,42927
749,488,54739,V0A_MASKXROI,FALSE,V0A_mask,xROI,44739
749,489,54947,V0A_MASKYROI,FALSE,V0A_mask,yROI,44947
750,0,52960,V0B_MASKDRAWN,FALSE,V0B_mask,drawing,42960
750,1,52955,V0B_MASKKOR,FALSE,V0B_mask,blockage,42955
750,51,52957,V0B_MASKKGA,FALSE,V0B_mask,keepGenAway,42957
750,301,52961,V0B_MASKNOMECID,FALSE,V0B_mask,noMECID,42961
750,302,52954,V0B_MASKNOOPC,FALSE,V0B_mask,noOPC,42954
750,303,52952,V0B_MASKSRAFMINUS,FALSE,V0B_mask,SRAFminus,42952
750,304,52956,V0B_MASKSRAFPLUS,FALSE,V0B_mask,SRAFplus,42956
750,333,54432,V0B_MASKTSDRACTIVECDID,FALSE,V0B_mask,TSDRActiveCDID,44432
750,372,54431,V0B_MASKTSDRACTIVEMISREGID,FALSE,V0B_mask,TSDRActiveMisregID,44431
750,375,60971,V0B_MASKTSDRACTIVEMETALENCLOSEID,FALSE,V0B_mask,TSDRActiveMetalEncloseID,50971
750,404,52950,V0B_MASKFRAME,FALSE,V0B_mask,frameDrawing,42950
750,405,52965,V0B_MASKFMCID,FALSE,V0B_mask,fmcid,42965
750,406,52964,V0B_MASKFMCID2,FALSE,V0B_mask,fmcid2,42964
750,409,52962,V0B_MASKSCRATCH1,FALSE,V0B_mask,scratch1,42962
750,410,52958,V0B_MASKSCRATCH2,FALSE,V0B_mask,scratch2,42958
750,411,52966,V0B_MASKSCRATCH3,FALSE,V0B_mask,scratch3,42966
750,412,52953,V0B_MASKSCRATCH4,FALSE,V0B_mask,scratch4,42953
750,413,52959,V0B_MASKSCRATCH5,FALSE,V0B_mask,scratch5,42959
750,414,52963,V0B_MASKMETROCELL,FALSE,V0B_mask,metroCell,42963
750,418,52949,V0B_MASKNIKONSDR,FALSE,V0B_mask,NikonSDR,42949
750,457,20036,V0B_MASKDBOSDR,FALSE,V0B_mask,DBOSDR,10036
750,479,52948,V0B_MASKOPCID1,FALSE,V0B_mask,opcID1,42948
750,480,52947,V0B_MASKOPCID2,FALSE,V0B_mask,opcID2,42947
750,488,54740,V0B_MASKXROI,FALSE,V0B_mask,xROI,44740
750,489,54948,V0B_MASKYROI,FALSE,V0B_mask,yROI,44948
751,0,62057,GV0_MASKDRAWN,FALSE,GV0_mask,drawing,52057
751,1,62056,GV0_MASKKOR,FALSE,GV0_mask,blockage,52056
751,51,62055,GV0_MASKKGA,FALSE,GV0_mask,keepGenAway,52055
751,301,62054,GV0_MASKNOMECID,FALSE,GV0_mask,noMECID,52054
751,302,62053,GV0_MASKNOOPC,FALSE,GV0_mask,noOPC,52053
751,303,62052,GV0_MASKSRAFMINUS,FALSE,GV0_mask,SRAFminus,52052
751,304,62051,GV0_MASKSRAFPLUS,FALSE,GV0_mask,SRAFplus,52051
751,316,62050,GV0_MASKFO,FALSE,GV0_mask,frameOnly,52050
751,317,62049,GV0_MASKFOH,FALSE,GV0_mask,frameOnlyHole,52049
751,404,62047,GV0_MASKFRAME,FALSE,GV0_mask,frameDrawing,52047
751,405,62046,GV0_MASKFMCID,FALSE,GV0_mask,fmcid,52046
751,406,62045,GV0_MASKFMCID2,FALSE,GV0_mask,fmcid2,52045
751,409,62044,GV0_MASKSCRATCH1,FALSE,GV0_mask,scratch1,52044
751,410,62043,GV0_MASKSCRATCH2,FALSE,GV0_mask,scratch2,52043
751,411,62042,GV0_MASKSCRATCH3,FALSE,GV0_mask,scratch3,52042
751,412,62041,GV0_MASKSCRATCH4,FALSE,GV0_mask,scratch4,52041
751,413,62040,GV0_MASKSCRATCH5,FALSE,GV0_mask,scratch5,52040
751,414,62039,GV0_MASKMETROCELL,FALSE,GV0_mask,metroCell,52039
751,418,62038,GV0_MASKNIKONSDR,FALSE,GV0_mask,NikonSDR,52038
751,479,62037,GV0_MASKOPCID1,FALSE,GV0_mask,opcID1,52037
751,480,62036,GV0_MASKOPCID2,FALSE,GV0_mask,opcID2,52036
751,488,62035,GV0_MASKXROI,FALSE,GV0_mask,xROI,52035
751,489,62034,GV0_MASKYROI,FALSE,GV0_mask,yROI,52034
752,0,60803,HPW_MASKDRAWN,FALSE,HPW_mask,drawing,50803
752,1,60804,HPW_MASKKOR,FALSE,HPW_mask,blockage,50804
752,18,60805,HPW_MASKTG,FALSE,HPW_mask,toSynDrawing,50805
752,51,60806,HPW_MASKKGA,FALSE,HPW_mask,keepGenAway,50806
752,301,60807,HPW_MASKNOMECID,FALSE,HPW_mask,noMECID,50807
752,302,60808,HPW_MASKNOOPC,FALSE,HPW_mask,noOPC,50808
752,303,60809,HPW_MASKSRAFMINUS,FALSE,HPW_mask,SRAFminus,50809
752,304,60810,HPW_MASKSRAFPLUS,FALSE,HPW_mask,SRAFplus,50810
752,316,60811,HPW_MASKMOSI,FALSE,HPW_mask,mosi,50811
752,317,60812,HPW_MASKGLASS,FALSE,HPW_mask,glass,50812
752,335,60813,HPW_MASKTSDRACTIVEIMPLANT,FALSE,HPW_mask,TSDRActiveImplant,50813
752,404,60815,HPW_MASKFRAME,FALSE,HPW_mask,frameDrawing,50815
752,405,60816,HPW_MASKFMCID,FALSE,HPW_mask,fmcid,50816
752,406,60817,HPW_MASKFMCID2,FALSE,HPW_mask,fmcid2,50817
752,409,60818,HPW_MASKSCRATCH1,FALSE,HPW_mask,scratch1,50818
752,410,60819,HPW_MASKSCRATCH2,FALSE,HPW_mask,scratch2,50819
752,411,60820,HPW_MASKSCRATCH3,FALSE,HPW_mask,scratch3,50820
752,412,60821,HPW_MASKSCRATCH4,FALSE,HPW_mask,scratch4,50821
752,413,60822,HPW_MASKSCRATCH5,FALSE,HPW_mask,scratch5,50822
752,414,60823,HPW_MASKMETROCELL,FALSE,HPW_mask,metroCell,50823
752,435,60824,HPW_MASKVMCID,FALSE,HPW_mask,VMCID,50824
752,436,60825,HPW_MASKHMCID,FALSE,HPW_mask,HMCID,50825
752,437,60826,HPW_MASKFAMCID,FALSE,HPW_mask,FAMCID,50826
752,438,60827,HPW_MASKPAMCID,FALSE,HPW_mask,PAMCID,50827
752,440,60828,HPW_MASKISOMCID,FALSE,HPW_mask,ISOMCID,50828
752,441,60829,HPW_MASKCBCMCID,FALSE,HPW_mask,CBCMCID,50829
752,453,60830,HPW_MASKPBBMCID,FALSE,HPW_mask,PBBMCID,50830
752,488,60831,HPW_MASKXROI,FALSE,HPW_mask,xROI,50831
752,489,60832,HPW_MASKYROI,FALSE,HPW_mask,yROI,50832
753,0,62030,FB1_MASKDRAWN,FALSE,FB1_mask,drawing,52030
753,1,62029,FB1_MASKKOR,FALSE,FB1_mask,blockage,52029
753,18,62028,FB1_MASKTG,FALSE,FB1_mask,toSynDrawing,52028
753,51,62004,FB1_MASKKGA,FALSE,FB1_mask,keepGenAway,52004
753,301,62027,FB1_MASKNOMECID,FALSE,FB1_mask,noMECID,52027
753,302,62026,FB1_MASKNOOPC,FALSE,FB1_mask,noOPC,52026
753,303,62025,FB1_MASKSRAFMINUS,FALSE,FB1_mask,SRAFminus,52025
753,304,62024,FB1_MASKSRAFPLUS,FALSE,FB1_mask,SRAFplus,52024
753,316,62023,FB1_MASKMOSI,FALSE,FB1_mask,mosi,52023
753,317,62022,FB1_MASKGLASS,FALSE,FB1_mask,glass,52022
753,335,62007,FB1_MASKTSDRACTIVEIMPLANT,FALSE,FB1_mask,TSDRActiveImplant,52007
753,404,62020,FB1_MASKFRAME,FALSE,FB1_mask,frameDrawing,52020
753,405,62019,FB1_MASKFMCID,FALSE,FB1_mask,fmcid,52019
753,406,62018,FB1_MASKFMCID2,FALSE,FB1_mask,fmcid2,52018
753,409,62017,FB1_MASKSCRATCH1,FALSE,FB1_mask,scratch1,52017
753,410,62016,FB1_MASKSCRATCH2,FALSE,FB1_mask,scratch2,52016
753,411,62015,FB1_MASKSCRATCH3,FALSE,FB1_mask,scratch3,52015
753,412,62014,FB1_MASKSCRATCH4,FALSE,FB1_mask,scratch4,52014
753,413,62013,FB1_MASKSCRATCH5,FALSE,FB1_mask,scratch5,52013
753,414,62012,FB1_MASKMETROCELL,FALSE,FB1_mask,metroCell,52012
753,435,62011,FB1_MASKVMCID,FALSE,FB1_mask,VMCID,52011
753,436,62010,FB1_MASKHMCID,FALSE,FB1_mask,HMCID,52010
753,437,62009,FB1_MASKFAMCID,FALSE,FB1_mask,FAMCID,52009
753,438,62008,FB1_MASKPAMCID,FALSE,FB1_mask,PAMCID,52008
753,440,62031,FB1_MASKISOMCID,FALSE,FB1_mask,ISOMCID,52031
753,441,62032,FB1_MASKCBCMCID,FALSE,FB1_mask,CBCMCID,52032
753,453,62033,FB1_MASKPBBMCID,FALSE,FB1_mask,PBBMCID,52033
753,488,62006,FB1_MASKXROI,FALSE,FB1_mask,xROI,52006
753,489,62005,FB1_MASKYROI,FALSE,FB1_mask,yROI,52005
754,0,62000,FB2_MASKDRAWN,FALSE,FB2_mask,drawing,52000
754,1,60231,FB2_MASKKOR,FALSE,FB2_mask,blockage,50231
754,18,60230,FB2_MASKTG,FALSE,FB2_mask,toSynDrawing,50230
754,51,60206,FB2_MASKKGA,FALSE,FB2_mask,keepGenAway,50206
754,301,60229,FB2_MASKNOMECID,FALSE,FB2_mask,noMECID,50229
754,302,60228,FB2_MASKNOOPC,FALSE,FB2_mask,noOPC,50228
754,303,60227,FB2_MASKSRAFMINUS,FALSE,FB2_mask,SRAFminus,50227
754,304,60226,FB2_MASKSRAFPLUS,FALSE,FB2_mask,SRAFplus,50226
754,316,60225,FB2_MASKMOSI,FALSE,FB2_mask,mosi,50225
754,317,60224,FB2_MASKGLASS,FALSE,FB2_mask,glass,50224
754,335,60209,FB2_MASKTSDRACTIVEIMPLANT,FALSE,FB2_mask,TSDRActiveImplant,50209
754,404,60222,FB2_MASKFRAME,FALSE,FB2_mask,frameDrawing,50222
754,405,60221,FB2_MASKFMCID,FALSE,FB2_mask,fmcid,50221
754,406,60220,FB2_MASKFMCID2,FALSE,FB2_mask,fmcid2,50220
754,409,60219,FB2_MASKSCRATCH1,FALSE,FB2_mask,scratch1,50219
754,410,60218,FB2_MASKSCRATCH2,FALSE,FB2_mask,scratch2,50218
754,411,60217,FB2_MASKSCRATCH3,FALSE,FB2_mask,scratch3,50217
754,412,60216,FB2_MASKSCRATCH4,FALSE,FB2_mask,scratch4,50216
754,413,60215,FB2_MASKSCRATCH5,FALSE,FB2_mask,scratch5,50215
754,414,60214,FB2_MASKMETROCELL,FALSE,FB2_mask,metroCell,50214
754,435,60213,FB2_MASKVMCID,FALSE,FB2_mask,VMCID,50213
754,436,60212,FB2_MASKHMCID,FALSE,FB2_mask,HMCID,50212
754,437,60211,FB2_MASKFAMCID,FALSE,FB2_mask,FAMCID,50211
754,438,60210,FB2_MASKPAMCID,FALSE,FB2_mask,PAMCID,50210
754,440,62001,FB2_MASKISOMCID,FALSE,FB2_mask,ISOMCID,52001
754,441,62002,FB2_MASKCBCMCID,FALSE,FB2_mask,CBCMCID,52002
754,453,62003,FB2_MASKPBBMCID,FALSE,FB2_mask,PBBMCID,52003
754,488,60208,FB2_MASKXROI,FALSE,FB2_mask,xROI,50208
754,489,60207,FB2_MASKYROI,FALSE,FB2_mask,yROI,50207
755,0,60773,NV2_MASKDRAWN,FALSE,NV2_mask,drawing,50773
755,1,60774,NV2_MASKKOR,FALSE,NV2_mask,blockage,50774
755,18,60775,NV2_MASKTG,FALSE,NV2_mask,toSynDrawing,50775
755,51,60776,NV2_MASKKGA,FALSE,NV2_mask,keepGenAway,50776
755,301,60777,NV2_MASKNOMECID,FALSE,NV2_mask,noMECID,50777
755,302,60778,NV2_MASKNOOPC,FALSE,NV2_mask,noOPC,50778
755,303,60779,NV2_MASKSRAFMINUS,FALSE,NV2_mask,SRAFminus,50779
755,304,60780,NV2_MASKSRAFPLUS,FALSE,NV2_mask,SRAFplus,50780
755,316,60781,NV2_MASKMOSI,FALSE,NV2_mask,mosi,50781
755,317,60782,NV2_MASKGLASS,FALSE,NV2_mask,glass,50782
755,335,60783,NV2_MASKTSDRACTIVEIMPLANT,FALSE,NV2_mask,TSDRActiveImplant,50783
755,404,60785,NV2_MASKFRAME,FALSE,NV2_mask,frameDrawing,50785
755,405,60786,NV2_MASKFMCID,FALSE,NV2_mask,fmcid,50786
755,406,60787,NV2_MASKFMCID2,FALSE,NV2_mask,fmcid2,50787
755,409,60788,NV2_MASKSCRATCH1,FALSE,NV2_mask,scratch1,50788
755,410,60789,NV2_MASKSCRATCH2,FALSE,NV2_mask,scratch2,50789
755,411,60790,NV2_MASKSCRATCH3,FALSE,NV2_mask,scratch3,50790
755,412,60791,NV2_MASKSCRATCH4,FALSE,NV2_mask,scratch4,50791
755,413,60792,NV2_MASKSCRATCH5,FALSE,NV2_mask,scratch5,50792
755,414,60793,NV2_MASKMETROCELL,FALSE,NV2_mask,metroCell,50793
755,435,60794,NV2_MASKVMCID,FALSE,NV2_mask,VMCID,50794
755,436,60795,NV2_MASKHMCID,FALSE,NV2_mask,HMCID,50795
755,437,60796,NV2_MASKFAMCID,FALSE,NV2_mask,FAMCID,50796
755,438,60797,NV2_MASKPAMCID,FALSE,NV2_mask,PAMCID,50797
755,440,60798,NV2_MASKISOMCID,FALSE,NV2_mask,ISOMCID,50798
755,441,60799,NV2_MASKCBCMCID,FALSE,NV2_mask,CBCMCID,50799
755,453,60800,NV2_MASKPBBMCID,FALSE,NV2_mask,PBBMCID,50800
755,488,60801,NV2_MASKXROI,FALSE,NV2_mask,xROI,50801
755,489,60802,NV2_MASKYROI,FALSE,NV2_mask,yROI,50802
757,0,60743,PV2_MASKDRAWN,FALSE,PV2_mask,drawing,50743
757,1,60744,PV2_MASKKOR,FALSE,PV2_mask,blockage,50744
757,18,60745,PV2_MASKTG,FALSE,PV2_mask,toSynDrawing,50745
757,51,60746,PV2_MASKKGA,FALSE,PV2_mask,keepGenAway,50746
757,301,60747,PV2_MASKNOMECID,FALSE,PV2_mask,noMECID,50747
757,302,60748,PV2_MASKNOOPC,FALSE,PV2_mask,noOPC,50748
757,303,60749,PV2_MASKSRAFMINUS,FALSE,PV2_mask,SRAFminus,50749
757,304,60750,PV2_MASKSRAFPLUS,FALSE,PV2_mask,SRAFplus,50750
757,316,60751,PV2_MASKMOSI,FALSE,PV2_mask,mosi,50751
757,317,60752,PV2_MASKGLASS,FALSE,PV2_mask,glass,50752
757,335,60753,PV2_MASKTSDRACTIVEIMPLANT,FALSE,PV2_mask,TSDRActiveImplant,50753
757,404,60755,PV2_MASKFRAME,FALSE,PV2_mask,frameDrawing,50755
757,405,60756,PV2_MASKFMCID,FALSE,PV2_mask,fmcid,50756
757,406,60757,PV2_MASKFMCID2,FALSE,PV2_mask,fmcid2,50757
757,409,60758,PV2_MASKSCRATCH1,FALSE,PV2_mask,scratch1,50758
757,410,60759,PV2_MASKSCRATCH2,FALSE,PV2_mask,scratch2,50759
757,411,60760,PV2_MASKSCRATCH3,FALSE,PV2_mask,scratch3,50760
757,412,60761,PV2_MASKSCRATCH4,FALSE,PV2_mask,scratch4,50761
757,413,60762,PV2_MASKSCRATCH5,FALSE,PV2_mask,scratch5,50762
757,414,60763,PV2_MASKMETROCELL,FALSE,PV2_mask,metroCell,50763
757,435,60764,PV2_MASKVMCID,FALSE,PV2_mask,VMCID,50764
757,436,60765,PV2_MASKHMCID,FALSE,PV2_mask,HMCID,50765
757,437,60766,PV2_MASKFAMCID,FALSE,PV2_mask,FAMCID,50766
757,438,60767,PV2_MASKPAMCID,FALSE,PV2_mask,PAMCID,50767
757,440,60768,PV2_MASKISOMCID,FALSE,PV2_mask,ISOMCID,50768
757,441,60769,PV2_MASKCBCMCID,FALSE,PV2_mask,CBCMCID,50769
757,453,60770,PV2_MASKPBBMCID,FALSE,PV2_mask,PBBMCID,50770
757,488,60771,PV2_MASKXROI,FALSE,PV2_mask,xROI,50771
757,489,60772,PV2_MASKYROI,FALSE,PV2_mask,yROI,50772
758,0,61394,UV2_MASKDRAWN,FALSE,UV2_mask,drawing,51394
758,1,61393,UV2_MASKKOR,FALSE,UV2_mask,blockage,51393
758,51,61392,UV2_MASKKGA,FALSE,UV2_mask,keepGenAway,51392
758,301,61391,UV2_MASKNOMECID,FALSE,UV2_mask,noMECID,51391
758,302,61390,UV2_MASKNOOPC,FALSE,UV2_mask,noOPC,51390
758,303,61389,UV2_MASKSRAFMINUS,FALSE,UV2_mask,SRAFminus,51389
758,304,61388,UV2_MASKSRAFPLUS,FALSE,UV2_mask,SRAFplus,51388
758,404,61387,UV2_MASKFRAME,FALSE,UV2_mask,frameDrawing,51387
758,405,61386,UV2_MASKFMCID,FALSE,UV2_mask,fmcid,51386
758,406,61385,UV2_MASKFMCID2,FALSE,UV2_mask,fmcid2,51385
758,409,61384,UV2_MASKSCRATCH1,FALSE,UV2_mask,scratch1,51384
758,410,61383,UV2_MASKSCRATCH2,FALSE,UV2_mask,scratch2,51383
758,411,61382,UV2_MASKSCRATCH3,FALSE,UV2_mask,scratch3,51382
758,412,61381,UV2_MASKSCRATCH4,FALSE,UV2_mask,scratch4,51381
758,413,61380,UV2_MASKSCRATCH5,FALSE,UV2_mask,scratch5,51380
758,414,61379,UV2_MASKMETROCELL,FALSE,UV2_mask,metroCell,51379
758,418,61378,UV2_MASKNIKONSDR,FALSE,UV2_mask,NikonSDR,51378
758,479,61377,UV2_MASKOPCID1,FALSE,UV2_mask,opcID1,51377
758,480,61376,UV2_MASKOPCID2,FALSE,UV2_mask,opcID2,51376
758,488,61375,UV2_MASKXROI,FALSE,UV2_mask,xROI,51375
758,489,61374,UV2_MASKYROI,FALSE,UV2_mask,yROI,51374
761,0,60205,V16_MASKDRAWN,FALSE,V16_mask,drawing,50205
761,1,60204,V16_MASKKOR,FALSE,V16_mask,blockage,50204
761,51,60203,V16_MASKKGA,FALSE,V16_mask,keepGenAway,50203
761,301,60202,V16_MASKNOMECID,FALSE,V16_mask,noMECID,50202
761,302,60201,V16_MASKNOOPC,FALSE,V16_mask,noOPC,50201
761,303,60200,V16_MASKSRAFMINUS,FALSE,V16_mask,SRAFminus,50200
761,304,60199,V16_MASKSRAFPLUS,FALSE,V16_mask,SRAFplus,50199
761,404,60197,V16_MASKFRAME,FALSE,V16_mask,frameDrawing,50197
761,405,60196,V16_MASKFMCID,FALSE,V16_mask,fmcid,50196
761,406,60195,V16_MASKFMCID2,FALSE,V16_mask,fmcid2,50195
761,409,60194,V16_MASKSCRATCH1,FALSE,V16_mask,scratch1,50194
761,410,60193,V16_MASKSCRATCH2,FALSE,V16_mask,scratch2,50193
761,411,60192,V16_MASKSCRATCH3,FALSE,V16_mask,scratch3,50192
761,412,60191,V16_MASKSCRATCH4,FALSE,V16_mask,scratch4,50191
761,413,60190,V16_MASKSCRATCH5,FALSE,V16_mask,scratch5,50190
761,414,60189,V16_MASKMETROCELL,FALSE,V16_mask,metroCell,50189
761,418,60186,V16_MASKNIKONSDR,FALSE,V16_mask,NikonSDR,50186
761,479,60188,V16_MASKOPCID1,FALSE,V16_mask,opcID1,50188
761,480,60187,V16_MASKOPCID2,FALSE,V16_mask,opcID2,50187
761,488,60185,V16_MASKXROI,FALSE,V16_mask,xROI,50185
761,489,60184,V16_MASKYROI,FALSE,V16_mask,yROI,50184
762,0,60183,M17_MASKDRAWN,FALSE,M17_mask,drawing,50183
762,1,60182,M17_MASKKOR,FALSE,M17_mask,blockage,50182
762,51,60181,M17_MASKKGA,FALSE,M17_mask,keepGenAway,50181
762,301,60180,M17_MASKNOMECID,FALSE,M17_mask,noMECID,50180
762,302,60179,M17_MASKNOOPC,FALSE,M17_mask,noOPC,50179
762,303,60178,M17_MASKSRAFMINUS,FALSE,M17_mask,SRAFminus,50178
762,304,60177,M17_MASKSRAFPLUS,FALSE,M17_mask,SRAFplus,50177
762,404,60175,M17_MASKFRAME,FALSE,M17_mask,frameDrawing,50175
762,405,60174,M17_MASKFMCID,FALSE,M17_mask,fmcid,50174
762,406,60173,M17_MASKFMCID2,FALSE,M17_mask,fmcid2,50173
762,409,60172,M17_MASKSCRATCH1,FALSE,M17_mask,scratch1,50172
762,410,60171,M17_MASKSCRATCH2,FALSE,M17_mask,scratch2,50171
762,411,60170,M17_MASKSCRATCH3,FALSE,M17_mask,scratch3,50170
762,412,60169,M17_MASKSCRATCH4,FALSE,M17_mask,scratch4,50169
762,413,60168,M17_MASKSCRATCH5,FALSE,M17_mask,scratch5,50168
762,414,60167,M17_MASKMETROCELL,FALSE,M17_mask,metroCell,50167
762,418,60164,M17_MASKNIKONSDR,FALSE,M17_mask,NikonSDR,50164
762,479,60166,M17_MASKOPCID1,FALSE,M17_mask,opcID1,50166
762,480,60165,M17_MASKOPCID2,FALSE,M17_mask,opcID2,50165
762,488,60163,M17_MASKXROI,FALSE,M17_mask,xROI,50163
762,489,60162,M17_MASKYROI,FALSE,M17_mask,yROI,50162
763,0,53324,BRV_MASKDRAWN,FALSE,BRV_mask,drawing,43324
763,1,53319,BRV_MASKKOR,FALSE,BRV_mask,blockage,43319
763,51,53322,BRV_MASKKGA,FALSE,BRV_mask,keepGenAway,43322
763,301,53309,BRV_MASKNOMECID,FALSE,BRV_mask,noMECID,43309
763,302,53317,BRV_MASKNOOPC,FALSE,BRV_mask,noOPC,43317
763,303,53315,BRV_MASKSRAFMINUS,FALSE,BRV_mask,SRAFminus,43315
763,304,53314,BRV_MASKSRAFPLUS,FALSE,BRV_mask,SRAFplus,43314
763,316,53307,BRV_MASKFO,FALSE,BRV_mask,frameOnly,43307
763,317,53313,BRV_MASKFOH,FALSE,BRV_mask,frameOnlyHole,43313
763,404,53323,BRV_MASKFRAME,FALSE,BRV_mask,frameDrawing,43323
763,405,53308,BRV_MASKFMCID,FALSE,BRV_mask,fmcid,43308
763,406,53316,BRV_MASKFMCID2,FALSE,BRV_mask,fmcid2,43316
763,409,53312,BRV_MASKSCRATCH1,FALSE,BRV_mask,scratch1,43312
763,410,53311,BRV_MASKSCRATCH2,FALSE,BRV_mask,scratch2,43311
763,411,53310,BRV_MASKSCRATCH3,FALSE,BRV_mask,scratch3,43310
763,412,53321,BRV_MASKSCRATCH4,FALSE,BRV_mask,scratch4,43321
763,413,53320,BRV_MASKSCRATCH5,FALSE,BRV_mask,scratch5,43320
763,414,53318,BRV_MASKMETROCELL,FALSE,BRV_mask,metroCell,43318
763,418,53306,BRV_MASKNIKONSDR,FALSE,BRV_mask,NikonSDR,43306
763,479,53305,BRV_MASKOPCID1,FALSE,BRV_mask,opcID1,43305
763,480,53304,BRV_MASKOPCID2,FALSE,BRV_mask,opcID2,43304
763,488,54752,BRV_MASKXROI,FALSE,BRV_mask,xROI,44752
763,489,54960,BRV_MASKYROI,FALSE,BRV_mask,yROI,44960
764,0,53335,BRM_MASKDRAWN,FALSE,BRM_mask,drawing,43335
764,1,53334,BRM_MASKKOR,FALSE,BRM_mask,blockage,43334
764,51,53333,BRM_MASKKGA,FALSE,BRM_mask,keepGenAway,43333
764,301,53332,BRM_MASKNOMECID,FALSE,BRM_mask,noMECID,43332
764,302,53331,BRM_MASKNOOPC,FALSE,BRM_mask,noOPC,43331
764,303,53330,BRM_MASKSRAFMINUS,FALSE,BRM_mask,SRAFminus,43330
764,304,53329,BRM_MASKSRAFPLUS,FALSE,BRM_mask,SRAFplus,43329
764,316,53340,BRM_MASKFO,FALSE,BRM_mask,frameOnly,43340
764,317,53344,BRM_MASKFOH,FALSE,BRM_mask,frameOnlyHole,43344
764,404,53342,BRM_MASKFRAME,FALSE,BRM_mask,frameDrawing,43342
764,405,53337,BRM_MASKFMCID,FALSE,BRM_mask,fmcid,43337
764,406,53341,BRM_MASKFMCID2,FALSE,BRM_mask,fmcid2,43341
764,409,53338,BRM_MASKSCRATCH1,FALSE,BRM_mask,scratch1,43338
764,410,53343,BRM_MASKSCRATCH2,FALSE,BRM_mask,scratch2,43343
764,411,53339,BRM_MASKSCRATCH3,FALSE,BRM_mask,scratch3,43339
764,412,53345,BRM_MASKSCRATCH4,FALSE,BRM_mask,scratch4,43345
764,413,53346,BRM_MASKSCRATCH5,FALSE,BRM_mask,scratch5,43346
764,414,53336,BRM_MASKMETROCELL,FALSE,BRM_mask,metroCell,43336
764,418,53326,BRM_MASKNIKONSDR,FALSE,BRM_mask,NikonSDR,43326
764,479,53328,BRM_MASKOPCID1,FALSE,BRM_mask,opcID1,43328
764,480,53327,BRM_MASKOPCID2,FALSE,BRM_mask,opcID2,43327
764,488,54753,BRM_MASKXROI,FALSE,BRM_mask,xROI,44753
764,489,54961,BRM_MASKYROI,FALSE,BRM_mask,yROI,44961
765,0,29641,TCG_MASKDRAWN,FALSE,TCG_mask,drawing,19641
765,1,29642,TCG_MASKKOR,FALSE,TCG_mask,blockage,19642
765,51,29643,TCG_MASKKGA,FALSE,TCG_mask,keepGenAway,19643
765,301,29645,TCG_MASKNOMECID,FALSE,TCG_mask,noMECID,19645
765,302,29646,TCG_MASKNOOPC,FALSE,TCG_mask,noOPC,19646
765,303,29647,TCG_MASKSRAFMINUS,FALSE,TCG_mask,SRAFminus,19647
765,304,29648,TCG_MASKSRAFPLUS,FALSE,TCG_mask,SRAFplus,19648
765,311,65220,TCG_MASKTSDRMARK,FALSE,TCG_mask,TSDRmark,55220
765,325,18979,TCG_MASKTSDRTRANSITION,FALSE,TCG_mask,TSDRTransition,8979
765,330,18980,TCG_MASKTSDRACTIVETE,FALSE,TCG_mask,TSDRActiveETE,8980
765,333,18981,TCG_MASKTSDRACTIVECDID,FALSE,TCG_mask,TSDRActiveCDID,8981
765,372,18982,TCG_MASKTSDRACTIVEMISREGID,FALSE,TCG_mask,TSDRActiveMisregID,8982
765,404,30254,TCG_MASKFRAME,FALSE,TCG_mask,frameDrawing,20254
765,405,30331,TCG_MASKFMCID,FALSE,TCG_mask,fmcid,20331
765,406,30332,TCG_MASKFMCID2,FALSE,TCG_mask,fmcid2,20332
765,409,30333,TCG_MASKSCRATCH1,FALSE,TCG_mask,scratch1,20333
765,410,30334,TCG_MASKSCRATCH2,FALSE,TCG_mask,scratch2,20334
765,411,30335,TCG_MASKSCRATCH3,FALSE,TCG_mask,scratch3,20335
765,412,30336,TCG_MASKSCRATCH4,FALSE,TCG_mask,scratch4,20336
765,413,30337,TCG_MASKSCRATCH5,FALSE,TCG_mask,scratch5,20337
765,414,30338,TCG_MASKMETROCELL,FALSE,TCG_mask,metroCell,20338
765,418,46656,TCG_MASKNIKONSDR,FALSE,TCG_mask,NikonSDR,36656
765,475,55339,TCG_MASKRANGE1PITCHID,FALSE,TCG_mask,range1PitchID,45339
765,476,55340,TCG_MASKRANGE2PITCHID,FALSE,TCG_mask,range2PitchID,45340
765,477,55341,TCG_MASKRANGE3PITCHID,FALSE,TCG_mask,range3PitchID,45341
765,478,55342,TCG_MASKNOPITCHID,FALSE,TCG_mask,noPitchID,45342
765,479,53988,TCG_MASKOPCID1,FALSE,TCG_mask,opcID1,43988
765,480,53999,TCG_MASKOPCID2,FALSE,TCG_mask,opcID2,43999
765,485,55344,TCG_MASKPITCH100ID,FALSE,TCG_mask,pitch100ID,45344
765,488,54754,TCG_MASKXROI,FALSE,TCG_mask,xROI,44754
765,489,54962,TCG_MASKYROI,FALSE,TCG_mask,yROI,44962
765,564,65156,TCG_MASKTSDRACTIVECDID46P,FALSE,TCG_mask,TSDRActiveCDID46p,55156
765,565,63340,TCG_MASKTSDRACTIVECDID48P,FALSE,TCG_mask,TSDRActiveCDID48p,53340
765,569,65159,TCG_MASKTSDRTRANSITION46P,FALSE,TCG_mask,TSDRTransition46p,55159
765,570,63339,TCG_MASKTSDRTRANSITION48P,FALSE,TCG_mask,TSDRTransition48p,53339
765,571,11243,TCG_MASKTSDRTRANSITION54P,FALSE,TCG_mask,TSDRTransition54p,1243
765,572,11244,TCG_MASKTSDRACTIVECDID54P,FALSE,TCG_mask,TSDRActiveCDID54p,1244
765,573,11245,TCG_MASKTSDRTRANSITION51P,FALSE,TCG_mask,TSDRTransition51p,1245
765,574,11246,TCG_MASKTSDRACTIVECDID51P,FALSE,TCG_mask,TSDRActiveCDID51p,1246
765,575,11247,TCG_MASKTSDRTRANSITION45P,FALSE,TCG_mask,TSDRTransition45p,1247
765,576,11248,TCG_MASKTSDRACTIVECDID45P,FALSE,TCG_mask,TSDRActiveCDID45p,1248
765,577,63335,TCG_MASKTSDRACTIVEMISREGID45P,FALSE,TCG_mask,TSDRActiveMisregID45p,53335
765,578,63336,TCG_MASKTSDRACTIVEMISREGID48P,FALSE,TCG_mask,TSDRActiveMisregID48p,53336
765,579,63337,TCG_MASKTSDRACTIVEMISREGID51P,FALSE,TCG_mask,TSDRActiveMisregID51p,53337
765,580,63338,TCG_MASKTSDRACTIVEMISREGID54P,FALSE,TCG_mask,TSDRActiveMisregID54p,53338
765,581,54985,TCG_MASKTSDRACTIVECDID56P,FALSE,TCG_mask,TSDRActiveCDID56p,44985
765,582,54982,TCG_MASKTSDRTRANSITION56P,FALSE,TCG_mask,TSDRTransition56p,44982
765,583,54984,TCG_MASKTSDRACTIVECDID52P,FALSE,TCG_mask,TSDRActiveCDID52p,44984
765,584,54981,TCG_MASKTSDRTRANSITION52P,FALSE,TCG_mask,TSDRTransition52p,44981
765,585,54989,TCG_MASKTSDRACTIVEMISREGID50P,FALSE,TCG_mask,TSDRActiveMisregID50p,44989
765,586,54988,TCG_MASKTSDRACTIVEMISREGID52P,FALSE,TCG_mask,TSDRActiveMisregID52p,44988
765,587,54987,TCG_MASKTSDRACTIVEMISREGID56P,FALSE,TCG_mask,TSDRActiveMisregID56p,44987
765,588,54983,TCG_MASKTSDRACTIVECDID50P,FALSE,TCG_mask,TSDRActiveCDID50p,44983
765,589,54978,TCG_MASKTSDRTRANSITION50P,FALSE,TCG_mask,TSDRTransition50p,44978
765,590,12335,TCG_MASKTSDRACTIVETGCDID,FALSE,TCG_mask,TSDRActiveTGCDID,2335
765,591,12278,TCG_MASKTSDRACTIVETGMISREGID,FALSE,TCG_mask,TSDRActiveTGMisregID,2278
765,601,11632,TCG_MASKSDRID,FALSE,TCG_mask,sdrid,1632
765,614,14109,TCG_MASKTSDRACTIVECDID72P,FALSE,TCG_mask,TSDRActiveCDID72p,4109
765,615,14112,TCG_MASKTSDRACTIVECDID96P,FALSE,TCG_mask,TSDRActiveCDID96p,4112
765,616,14110,TCG_MASKTSDRTRANSITION72P,FALSE,TCG_mask,TSDRTransition72p,4110
765,617,14111,TCG_MASKTSDRTRANSITION96P,FALSE,TCG_mask,TSDRTransition96p,4111
765,618,14113,TCG_MASKTSDRACTIVEMISREGID72P,FALSE,TCG_mask,TSDRActiveMisregID72p,4113
765,619,14114,TCG_MASKTSDRACTIVEMISREGID96P,FALSE,TCG_mask,TSDRActiveMisregID96p,4114
765,620,12279,TCG_MASKTSDRTRANSITIONTG,FALSE,TCG_mask,TSDRTransitionTG,2279
765,621,65155,TCG_MASKTSDRACTIVEMISREGID46P,FALSE,TCG_mask,TSDRActiveMisregID46p,55155
765,622,65154,TCG_MASKTSDRACTIVEMISREGID47P,FALSE,TCG_mask,TSDRActiveMisregID47p,55154
765,623,65153,TCG_MASKTSDRACTIVEMISREGID49P,FALSE,TCG_mask,TSDRActiveMisregID49p,55153
765,633,65087,TCG_MASKTSDRACTIVEBITCELLCDID,FALSE,TCG_mask,TSDRActiveBitCellCDID,55087
765,634,65086,TCG_MASKTSDRACTIVEBITCELLMISREGID,FALSE,TCG_mask,TSDRActiveBitCellMisregID,55086
765,635,65085,TCG_MASKTSDRTRANSITIONBITCELL,FALSE,TCG_mask,TSDRTransitionBitCell,55085
765,684,65157,TCG_MASKTSDRACTIVECDID47P,FALSE,TCG_mask,TSDRActiveCDID47p,55157
765,685,65166,TCG_MASKTSDRTRANSITION47P,FALSE,TCG_mask,TSDRTransition47p,55166
765,688,65158,TCG_MASKTSDRACTIVECDID49P,FALSE,TCG_mask,TSDRActiveCDID49p,55158
765,690,65167,TCG_MASKTSDRTRANSITION49P,FALSE,TCG_mask,TSDRTransition49p,55167
765,691,60944,TCG_MASKTSDRACTIVEPITCH,FALSE,TCG_mask,TSDRActivePitch,50944
765,692,60945,TCG_MASKTSDRTRANSITION44P,FALSE,TCG_mask,TSDRTransition44p,50945
765,693,60946,TCG_MASKTSDRACTIVEMISREGID44P,FALSE,TCG_mask,TSDRActiveMisregID44p,50946
765,694,60947,TCG_MASKTSDRACTIVECDID44P,FALSE,TCG_mask,TSDRActiveCDID44p,50947
765,695,60948,TCG_MASKTSDRTRANSITION43P,FALSE,TCG_mask,TSDRTransition43p,50948
765,696,60949,TCG_MASKTSDRACTIVEMISREGID43P,FALSE,TCG_mask,TSDRActiveMisregID43p,50949
765,697,60950,TCG_MASKTSDRACTIVECDID43P,FALSE,TCG_mask,TSDRActiveCDID43p,50950
765,698,60951,TCG_MASKTSDRTRANSITION42P,FALSE,TCG_mask,TSDRTransition42p,50951
765,699,60952,TCG_MASKTSDRACTIVEMISREGID42P,FALSE,TCG_mask,TSDRActiveMisregID42p,50952
765,700,60953,TCG_MASKTSDRACTIVECDID42P,FALSE,TCG_mask,TSDRActiveCDID42p,50953
765,701,60954,TCG_MASKTSDRTRANSITION41P,FALSE,TCG_mask,TSDRTransition41p,50954
765,702,60955,TCG_MASKTSDRACTIVEMISREGID41P,FALSE,TCG_mask,TSDRActiveMisregID41p,50955
765,703,60956,TCG_MASKTSDRACTIVECDID41P,FALSE,TCG_mask,TSDRActiveCDID41p,50956
766,0,54028,TPA_MASKDRAWN,FALSE,TPA_mask,drawing,44028
766,1,54027,TPA_MASKKOR,FALSE,TPA_mask,blockage,44027
766,18,55769,TPA_MASKTG,FALSE,TPA_mask,toSynDrawing,45769
766,51,54026,TPA_MASKKGA,FALSE,TPA_mask,keepGenAway,44026
766,301,54025,TPA_MASKNOMECID,FALSE,TPA_mask,noMECID,44025
766,302,54024,TPA_MASKNOOPC,FALSE,TPA_mask,noOPC,44024
766,303,54023,TPA_MASKSRAFMINUS,FALSE,TPA_mask,SRAFminus,44023
766,304,54022,TPA_MASKSRAFPLUS,FALSE,TPA_mask,SRAFplus,44022
766,311,65225,TPA_MASKTSDRMARK,FALSE,TPA_mask,TSDRmark,55225
766,325,54008,TPA_MASKTSDRTRANSITION,FALSE,TPA_mask,TSDRTransition,44008
766,327,54006,TPA_MASKTSDRWING,FALSE,TPA_mask,TSDRWingID,44006
766,330,54007,TPA_MASKTSDRACTIVETE,FALSE,TPA_mask,TSDRActiveETE,44007
766,333,11457,TPA_MASKTSDRACTIVECDID,FALSE,TPA_mask,TSDRActiveCDID,1457
766,372,11456,TPA_MASKTSDRACTIVEMISREGID,FALSE,TPA_mask,TSDRActiveMisregID,1456
766,404,54020,TPA_MASKFRAME,FALSE,TPA_mask,frameDrawing,44020
766,405,54019,TPA_MASKFMCID,FALSE,TPA_mask,fmcid,44019
766,406,54018,TPA_MASKFMCID2,FALSE,TPA_mask,fmcid2,44018
766,409,54017,TPA_MASKSCRATCH1,FALSE,TPA_mask,scratch1,44017
766,410,54016,TPA_MASKSCRATCH2,FALSE,TPA_mask,scratch2,44016
766,411,54015,TPA_MASKSCRATCH3,FALSE,TPA_mask,scratch3,44015
766,412,54014,TPA_MASKSCRATCH4,FALSE,TPA_mask,scratch4,44014
766,413,54013,TPA_MASKSCRATCH5,FALSE,TPA_mask,scratch5,44013
766,414,54012,TPA_MASKMETROCELL,FALSE,TPA_mask,metroCell,44012
766,418,54011,TPA_MASKNIKONSDR,FALSE,TPA_mask,NikonSDR,44011
766,461,18983,TPA_MASKTCN1,FALSE,TPA_mask,tcn1,8983
766,479,54010,TPA_MASKOPCID1,FALSE,TPA_mask,opcID1,44010
766,480,54009,TPA_MASKOPCID2,FALSE,TPA_mask,opcID2,44009
766,488,54755,TPA_MASKXROI,FALSE,TPA_mask,xROI,44755
766,489,54963,TPA_MASKYROI,FALSE,TPA_mask,yROI,44963
766,490,21681,TPA_MASKDCCDSIZE,FALSE,TPA_mask,dccdSize,11681
766,601,11635,TPA_MASKSDRID,FALSE,TPA_mask,sdrid,1635
766,633,65081,TPA_MASKTSDRACTIVEBITCELLCDID,FALSE,TPA_mask,TSDRActiveBitCellCDID,55081
766,634,65080,TPA_MASKTSDRACTIVEBITCELLMISREGID,FALSE,TPA_mask,TSDRActiveBitCellMisregID,55080
766,635,65079,TPA_MASKTSDRTRANSITIONBITCELL,FALSE,TPA_mask,TSDRTransitionBitCell,55079
767,0,54051,TPB_MASKDRAWN,FALSE,TPB_mask,drawing,44051
767,1,54050,TPB_MASKKOR,FALSE,TPB_mask,blockage,44050
767,51,54049,TPB_MASKKGA,FALSE,TPB_mask,keepGenAway,44049
767,301,54048,TPB_MASKNOMECID,FALSE,TPB_mask,noMECID,44048
767,302,54047,TPB_MASKNOOPC,FALSE,TPB_mask,noOPC,44047
767,303,54046,TPB_MASKSRAFMINUS,FALSE,TPB_mask,SRAFminus,44046
767,304,54045,TPB_MASKSRAFPLUS,FALSE,TPB_mask,SRAFplus,44045
767,311,65224,TPB_MASKTSDRMARK,FALSE,TPB_mask,TSDRmark,55224
767,327,54029,TPB_MASKTSDRWING,FALSE,TPB_mask,TSDRWingID,44029
767,330,54030,TPB_MASKTSDRACTIVETE,FALSE,TPB_mask,TSDRActiveETE,44030
767,372,11592,TPB_MASKTSDRACTIVEMISREGID,FALSE,TPB_mask,TSDRActiveMisregID,1592
767,404,54043,TPB_MASKFRAME,FALSE,TPB_mask,frameDrawing,44043
767,405,54042,TPB_MASKFMCID,FALSE,TPB_mask,fmcid,44042
767,406,54041,TPB_MASKFMCID2,FALSE,TPB_mask,fmcid2,44041
767,409,54040,TPB_MASKSCRATCH1,FALSE,TPB_mask,scratch1,44040
767,410,54039,TPB_MASKSCRATCH2,FALSE,TPB_mask,scratch2,44039
767,411,54038,TPB_MASKSCRATCH3,FALSE,TPB_mask,scratch3,44038
767,412,54037,TPB_MASKSCRATCH4,FALSE,TPB_mask,scratch4,44037
767,413,54036,TPB_MASKSCRATCH5,FALSE,TPB_mask,scratch5,44036
767,414,54035,TPB_MASKMETROCELL,FALSE,TPB_mask,metroCell,44035
767,418,54034,TPB_MASKNIKONSDR,FALSE,TPB_mask,NikonSDR,44034
767,479,54033,TPB_MASKOPCID1,FALSE,TPB_mask,opcID1,44033
767,480,54032,TPB_MASKOPCID2,FALSE,TPB_mask,opcID2,44032
767,488,54756,TPB_MASKXROI,FALSE,TPB_mask,xROI,44756
767,489,54964,TPB_MASKYROI,FALSE,TPB_mask,yROI,44964
767,601,11637,TPB_MASKSDRID,FALSE,TPB_mask,sdrid,1637
767,633,65076,TPB_MASKTSDRACTIVEBITCELLCDID,FALSE,TPB_mask,TSDRActiveBitCellCDID,55076
767,634,65077,TPB_MASKTSDRACTIVEBITCELLMISREGID,FALSE,TPB_mask,TSDRActiveBitCellMisregID,55077
767,635,65078,TPB_MASKTSDRTRANSITIONBITCELL,FALSE,TPB_mask,TSDRTransitionBitCell,55078
768,0,60161,V17_MASKDRAWN,FALSE,V17_mask,drawing,50161
768,1,60160,V17_MASKKOR,FALSE,V17_mask,blockage,50160
768,51,60159,V17_MASKKGA,FALSE,V17_mask,keepGenAway,50159
768,301,60158,V17_MASKNOMECID,FALSE,V17_mask,noMECID,50158
768,302,60157,V17_MASKNOOPC,FALSE,V17_mask,noOPC,50157
768,303,60156,V17_MASKSRAFMINUS,FALSE,V17_mask,SRAFminus,50156
768,304,60155,V17_MASKSRAFPLUS,FALSE,V17_mask,SRAFplus,50155
768,404,60153,V17_MASKFRAME,FALSE,V17_mask,frameDrawing,50153
768,405,60152,V17_MASKFMCID,FALSE,V17_mask,fmcid,50152
768,406,60151,V17_MASKFMCID2,FALSE,V17_mask,fmcid2,50151
768,409,60150,V17_MASKSCRATCH1,FALSE,V17_mask,scratch1,50150
768,410,60149,V17_MASKSCRATCH2,FALSE,V17_mask,scratch2,50149
768,411,60148,V17_MASKSCRATCH3,FALSE,V17_mask,scratch3,50148
768,412,60147,V17_MASKSCRATCH4,FALSE,V17_mask,scratch4,50147
768,413,60146,V17_MASKSCRATCH5,FALSE,V17_mask,scratch5,50146
768,414,60145,V17_MASKMETROCELL,FALSE,V17_mask,metroCell,50145
768,418,60142,V17_MASKNIKONSDR,FALSE,V17_mask,NikonSDR,50142
768,479,60144,V17_MASKOPCID1,FALSE,V17_mask,opcID1,50144
768,480,60143,V17_MASKOPCID2,FALSE,V17_mask,opcID2,50143
768,488,60141,V17_MASKXROI,FALSE,V17_mask,xROI,50141
768,489,60140,V17_MASKYROI,FALSE,V17_mask,yROI,50140
769,0,60139,M18_MASKDRAWN,FALSE,M18_mask,drawing,50139
769,1,60138,M18_MASKKOR,FALSE,M18_mask,blockage,50138
769,51,60137,M18_MASKKGA,FALSE,M18_mask,keepGenAway,50137
769,301,60136,M18_MASKNOMECID,FALSE,M18_mask,noMECID,50136
769,302,60135,M18_MASKNOOPC,FALSE,M18_mask,noOPC,50135
769,303,60134,M18_MASKSRAFMINUS,FALSE,M18_mask,SRAFminus,50134
769,304,60133,M18_MASKSRAFPLUS,FALSE,M18_mask,SRAFplus,50133
769,404,60131,M18_MASKFRAME,FALSE,M18_mask,frameDrawing,50131
769,405,60130,M18_MASKFMCID,FALSE,M18_mask,fmcid,50130
769,406,60129,M18_MASKFMCID2,FALSE,M18_mask,fmcid2,50129
769,409,60128,M18_MASKSCRATCH1,FALSE,M18_mask,scratch1,50128
769,410,60127,M18_MASKSCRATCH2,FALSE,M18_mask,scratch2,50127
769,411,60126,M18_MASKSCRATCH3,FALSE,M18_mask,scratch3,50126
769,412,60125,M18_MASKSCRATCH4,FALSE,M18_mask,scratch4,50125
769,413,60124,M18_MASKSCRATCH5,FALSE,M18_mask,scratch5,50124
769,414,60123,M18_MASKMETROCELL,FALSE,M18_mask,metroCell,50123
769,418,60120,M18_MASKNIKONSDR,FALSE,M18_mask,NikonSDR,50120
769,479,60122,M18_MASKOPCID1,FALSE,M18_mask,opcID1,50122
769,480,60121,M18_MASKOPCID2,FALSE,M18_mask,opcID2,50121
769,488,60119,M18_MASKXROI,FALSE,M18_mask,xROI,50119
769,489,60118,M18_MASKYROI,FALSE,M18_mask,yROI,50118
770,0,60117,V18_MASKDRAWN,FALSE,V18_mask,drawing,50117
770,1,60116,V18_MASKKOR,FALSE,V18_mask,blockage,50116
770,51,60115,V18_MASKKGA,FALSE,V18_mask,keepGenAway,50115
770,301,60114,V18_MASKNOMECID,FALSE,V18_mask,noMECID,50114
770,302,60113,V18_MASKNOOPC,FALSE,V18_mask,noOPC,50113
770,303,60112,V18_MASKSRAFMINUS,FALSE,V18_mask,SRAFminus,50112
770,304,60111,V18_MASKSRAFPLUS,FALSE,V18_mask,SRAFplus,50111
770,404,60109,V18_MASKFRAME,FALSE,V18_mask,frameDrawing,50109
770,405,60108,V18_MASKFMCID,FALSE,V18_mask,fmcid,50108
770,406,60107,V18_MASKFMCID2,FALSE,V18_mask,fmcid2,50107
770,409,60106,V18_MASKSCRATCH1,FALSE,V18_mask,scratch1,50106
770,410,60105,V18_MASKSCRATCH2,FALSE,V18_mask,scratch2,50105
770,411,60104,V18_MASKSCRATCH3,FALSE,V18_mask,scratch3,50104
770,412,60103,V18_MASKSCRATCH4,FALSE,V18_mask,scratch4,50103
770,413,60102,V18_MASKSCRATCH5,FALSE,V18_mask,scratch5,50102
770,414,60101,V18_MASKMETROCELL,FALSE,V18_mask,metroCell,50101
770,418,60098,V18_MASKNIKONSDR,FALSE,V18_mask,NikonSDR,50098
770,479,60100,V18_MASKOPCID1,FALSE,V18_mask,opcID1,50100
770,480,60099,V18_MASKOPCID2,FALSE,V18_mask,opcID2,50099
770,488,60097,V18_MASKXROI,FALSE,V18_mask,xROI,50097
770,489,60096,V18_MASKYROI,FALSE,V18_mask,yROI,50096
771,0,65285,PDV_MASKDRAWN,FALSE,PDV_mask,drawing,55285
771,1,63739,PDV_MASKKOR,FALSE,PDV_mask,blockage,53739
771,18,63738,PDV_MASKTG,FALSE,PDV_mask,toSynDrawing,53738
771,51,63737,PDV_MASKKGA,FALSE,PDV_mask,keepGenAway,53737
771,301,63736,PDV_MASKNOMECID,FALSE,PDV_mask,noMECID,53736
771,302,63735,PDV_MASKNOOPC,FALSE,PDV_mask,noOPC,53735
771,303,63734,PDV_MASKSRAFMINUS,FALSE,PDV_mask,SRAFminus,53734
771,304,63733,PDV_MASKSRAFPLUS,FALSE,PDV_mask,SRAFplus,53733
771,316,63732,PDV_MASKMOSI,FALSE,PDV_mask,mosi,53732
771,317,63731,PDV_MASKGLASS,FALSE,PDV_mask,glass,53731
771,335,63730,PDV_MASKTSDRACTIVEIMPLANT,FALSE,PDV_mask,TSDRActiveImplant,53730
771,404,63728,PDV_MASKFRAME,FALSE,PDV_mask,frameDrawing,53728
771,405,63727,PDV_MASKFMCID,FALSE,PDV_mask,fmcid,53727
771,406,63726,PDV_MASKFMCID2,FALSE,PDV_mask,fmcid2,53726
771,409,63725,PDV_MASKSCRATCH1,FALSE,PDV_mask,scratch1,53725
771,410,63724,PDV_MASKSCRATCH2,FALSE,PDV_mask,scratch2,53724
771,411,63723,PDV_MASKSCRATCH3,FALSE,PDV_mask,scratch3,53723
771,412,63722,PDV_MASKSCRATCH4,FALSE,PDV_mask,scratch4,53722
771,413,63721,PDV_MASKSCRATCH5,FALSE,PDV_mask,scratch5,53721
771,414,63720,PDV_MASKMETROCELL,FALSE,PDV_mask,metroCell,53720
771,435,63719,PDV_MASKVMCID,FALSE,PDV_mask,VMCID,53719
771,436,63718,PDV_MASKHMCID,FALSE,PDV_mask,HMCID,53718
771,437,63717,PDV_MASKFAMCID,FALSE,PDV_mask,FAMCID,53717
771,438,63716,PDV_MASKPAMCID,FALSE,PDV_mask,PAMCID,53716
771,440,63715,PDV_MASKISOMCID,FALSE,PDV_mask,ISOMCID,53715
771,441,63714,PDV_MASKCBCMCID,FALSE,PDV_mask,CBCMCID,53714
771,453,63713,PDV_MASKPBBMCID,FALSE,PDV_mask,PBBMCID,53713
771,488,63712,PDV_MASKXROI,FALSE,PDV_mask,xROI,53712
771,489,63711,PDV_MASKYROI,FALSE,PDV_mask,yROI,53711
772,0,63710,NDV_MASKDRAWN,FALSE,NDV_mask,drawing,53710
772,1,63709,NDV_MASKKOR,FALSE,NDV_mask,blockage,53709
772,18,63708,NDV_MASKTG,FALSE,NDV_mask,toSynDrawing,53708
772,51,63707,NDV_MASKKGA,FALSE,NDV_mask,keepGenAway,53707
772,301,63706,NDV_MASKNOMECID,FALSE,NDV_mask,noMECID,53706
772,302,63705,NDV_MASKNOOPC,FALSE,NDV_mask,noOPC,53705
772,303,63704,NDV_MASKSRAFMINUS,FALSE,NDV_mask,SRAFminus,53704
772,304,63703,NDV_MASKSRAFPLUS,FALSE,NDV_mask,SRAFplus,53703
772,316,63702,NDV_MASKMOSI,FALSE,NDV_mask,mosi,53702
772,317,63701,NDV_MASKGLASS,FALSE,NDV_mask,glass,53701
772,335,63700,NDV_MASKTSDRACTIVEIMPLANT,FALSE,NDV_mask,TSDRActiveImplant,53700
772,404,63698,NDV_MASKFRAME,FALSE,NDV_mask,frameDrawing,53698
772,405,63697,NDV_MASKFMCID,FALSE,NDV_mask,fmcid,53697
772,406,63696,NDV_MASKFMCID2,FALSE,NDV_mask,fmcid2,53696
772,409,63695,NDV_MASKSCRATCH1,FALSE,NDV_mask,scratch1,53695
772,410,63694,NDV_MASKSCRATCH2,FALSE,NDV_mask,scratch2,53694
772,411,63693,NDV_MASKSCRATCH3,FALSE,NDV_mask,scratch3,53693
772,412,63692,NDV_MASKSCRATCH4,FALSE,NDV_mask,scratch4,53692
772,413,63691,NDV_MASKSCRATCH5,FALSE,NDV_mask,scratch5,53691
772,414,63690,NDV_MASKMETROCELL,FALSE,NDV_mask,metroCell,53690
772,435,63689,NDV_MASKVMCID,FALSE,NDV_mask,VMCID,53689
772,436,63688,NDV_MASKHMCID,FALSE,NDV_mask,HMCID,53688
772,437,63687,NDV_MASKFAMCID,FALSE,NDV_mask,FAMCID,53687
772,438,63686,NDV_MASKPAMCID,FALSE,NDV_mask,PAMCID,53686
772,440,63685,NDV_MASKISOMCID,FALSE,NDV_mask,ISOMCID,53685
772,441,63684,NDV_MASKCBCMCID,FALSE,NDV_mask,CBCMCID,53684
772,453,63683,NDV_MASKPBBMCID,FALSE,NDV_mask,PBBMCID,53683
772,488,63682,NDV_MASKXROI,FALSE,NDV_mask,xROI,53682
772,489,63681,NDV_MASKYROI,FALSE,NDV_mask,yROI,53681
773,0,63651,NWL_MASKDRAWN,FALSE,NWL_mask,drawing,53651
773,1,63652,NWL_MASKKOR,FALSE,NWL_mask,blockage,53652
773,18,63653,NWL_MASKTG,FALSE,NWL_mask,toSynDrawing,53653
773,51,63654,NWL_MASKKGA,FALSE,NWL_mask,keepGenAway,53654
773,301,63655,NWL_MASKNOMECID,FALSE,NWL_mask,noMECID,53655
773,302,63656,NWL_MASKNOOPC,FALSE,NWL_mask,noOPC,53656
773,303,63657,NWL_MASKSRAFMINUS,FALSE,NWL_mask,SRAFminus,53657
773,304,63658,NWL_MASKSRAFPLUS,FALSE,NWL_mask,SRAFplus,53658
773,316,63659,NWL_MASKMOSI,FALSE,NWL_mask,mosi,53659
773,317,63660,NWL_MASKGLASS,FALSE,NWL_mask,glass,53660
773,335,63661,NWL_MASKTSDRACTIVEIMPLANT,FALSE,NWL_mask,TSDRActiveImplant,53661
773,404,63663,NWL_MASKFRAME,FALSE,NWL_mask,frameDrawing,53663
773,405,63664,NWL_MASKFMCID,FALSE,NWL_mask,fmcid,53664
773,406,63665,NWL_MASKFMCID2,FALSE,NWL_mask,fmcid2,53665
773,409,63666,NWL_MASKSCRATCH1,FALSE,NWL_mask,scratch1,53666
773,410,63667,NWL_MASKSCRATCH2,FALSE,NWL_mask,scratch2,53667
773,411,63668,NWL_MASKSCRATCH3,FALSE,NWL_mask,scratch3,53668
773,412,63669,NWL_MASKSCRATCH4,FALSE,NWL_mask,scratch4,53669
773,413,63670,NWL_MASKSCRATCH5,FALSE,NWL_mask,scratch5,53670
773,414,63671,NWL_MASKMETROCELL,FALSE,NWL_mask,metroCell,53671
773,435,63672,NWL_MASKVMCID,FALSE,NWL_mask,VMCID,53672
773,436,63673,NWL_MASKHMCID,FALSE,NWL_mask,HMCID,53673
773,437,63674,NWL_MASKFAMCID,FALSE,NWL_mask,FAMCID,53674
773,438,63675,NWL_MASKPAMCID,FALSE,NWL_mask,PAMCID,53675
773,440,63676,NWL_MASKISOMCID,FALSE,NWL_mask,ISOMCID,53676
773,441,63677,NWL_MASKCBCMCID,FALSE,NWL_mask,CBCMCID,53677
773,453,63678,NWL_MASKPBBMCID,FALSE,NWL_mask,PBBMCID,53678
773,488,63679,NWL_MASKXROI,FALSE,NWL_mask,xROI,53679
773,489,63680,NWL_MASKYROI,FALSE,NWL_mask,yROI,53680
774,0,63650,PWL_MASKDRAWN,FALSE,PWL_mask,drawing,53650
774,1,63649,PWL_MASKKOR,FALSE,PWL_mask,blockage,53649
774,18,63648,PWL_MASKTG,FALSE,PWL_mask,toSynDrawing,53648
774,51,63647,PWL_MASKKGA,FALSE,PWL_mask,keepGenAway,53647
774,301,63646,PWL_MASKNOMECID,FALSE,PWL_mask,noMECID,53646
774,302,63645,PWL_MASKNOOPC,FALSE,PWL_mask,noOPC,53645
774,303,63644,PWL_MASKSRAFMINUS,FALSE,PWL_mask,SRAFminus,53644
774,304,63643,PWL_MASKSRAFPLUS,FALSE,PWL_mask,SRAFplus,53643
774,316,63642,PWL_MASKMOSI,FALSE,PWL_mask,mosi,53642
774,317,63641,PWL_MASKGLASS,FALSE,PWL_mask,glass,53641
774,335,63640,PWL_MASKTSDRACTIVEIMPLANT,FALSE,PWL_mask,TSDRActiveImplant,53640
774,404,63638,PWL_MASKFRAME,FALSE,PWL_mask,frameDrawing,53638
774,405,63637,PWL_MASKFMCID,FALSE,PWL_mask,fmcid,53637
774,406,63636,PWL_MASKFMCID2,FALSE,PWL_mask,fmcid2,53636
774,409,63635,PWL_MASKSCRATCH1,FALSE,PWL_mask,scratch1,53635
774,410,63634,PWL_MASKSCRATCH2,FALSE,PWL_mask,scratch2,53634
774,411,63633,PWL_MASKSCRATCH3,FALSE,PWL_mask,scratch3,53633
774,412,63632,PWL_MASKSCRATCH4,FALSE,PWL_mask,scratch4,53632
774,413,63631,PWL_MASKSCRATCH5,FALSE,PWL_mask,scratch5,53631
774,414,63630,PWL_MASKMETROCELL,FALSE,PWL_mask,metroCell,53630
774,435,63629,PWL_MASKVMCID,FALSE,PWL_mask,VMCID,53629
774,436,63628,PWL_MASKHMCID,FALSE,PWL_mask,HMCID,53628
774,437,63627,PWL_MASKFAMCID,FALSE,PWL_mask,FAMCID,53627
774,438,63626,PWL_MASKPAMCID,FALSE,PWL_mask,PAMCID,53626
774,440,63625,PWL_MASKISOMCID,FALSE,PWL_mask,ISOMCID,53625
774,441,63624,PWL_MASKCBCMCID,FALSE,PWL_mask,CBCMCID,53624
774,453,63623,PWL_MASKPBBMCID,FALSE,PWL_mask,PBBMCID,53623
774,488,63622,PWL_MASKXROI,FALSE,PWL_mask,xROI,53622
774,489,63621,PWL_MASKYROI,FALSE,PWL_mask,yROI,53621
775,0,60095,GMX_MASKDRAWN,FALSE,GMX_mask,drawing,50095
775,1,60094,GMX_MASKKOR,FALSE,GMX_mask,blockage,50094
775,51,60093,GMX_MASKKGA,FALSE,GMX_mask,keepGenAway,50093
775,301,60092,GMX_MASKNOMECID,FALSE,GMX_mask,noMECID,50092
775,302,60091,GMX_MASKNOOPC,FALSE,GMX_mask,noOPC,50091
775,303,60090,GMX_MASKSRAFMINUS,FALSE,GMX_mask,SRAFminus,50090
775,304,60089,GMX_MASKSRAFPLUS,FALSE,GMX_mask,SRAFplus,50089
775,316,60088,GMX_MASKFO,FALSE,GMX_mask,frameOnly,50088
775,317,60087,GMX_MASKFOH,FALSE,GMX_mask,frameOnlyHole,50087
775,404,60085,GMX_MASKFRAME,FALSE,GMX_mask,frameDrawing,50085
775,405,60084,GMX_MASKFMCID,FALSE,GMX_mask,fmcid,50084
775,406,60083,GMX_MASKFMCID2,FALSE,GMX_mask,fmcid2,50083
775,409,60082,GMX_MASKSCRATCH1,FALSE,GMX_mask,scratch1,50082
775,410,60081,GMX_MASKSCRATCH2,FALSE,GMX_mask,scratch2,50081
775,411,60080,GMX_MASKSCRATCH3,FALSE,GMX_mask,scratch3,50080
775,412,60079,GMX_MASKSCRATCH4,FALSE,GMX_mask,scratch4,50079
775,413,60078,GMX_MASKSCRATCH5,FALSE,GMX_mask,scratch5,50078
775,414,60077,GMX_MASKMETROCELL,FALSE,GMX_mask,metroCell,50077
775,418,60076,GMX_MASKNIKONSDR,FALSE,GMX_mask,NikonSDR,50076
775,479,60075,GMX_MASKOPCID1,FALSE,GMX_mask,opcID1,50075
775,480,60074,GMX_MASKOPCID2,FALSE,GMX_mask,opcID2,50074
775,488,60073,GMX_MASKXROI,FALSE,GMX_mask,xROI,50073
775,489,60072,GMX_MASKYROI,FALSE,GMX_mask,yROI,50072
776,0,63591,PVT_MASKDRAWN,FALSE,PVT_mask,drawing,53591
776,1,63592,PVT_MASKKOR,FALSE,PVT_mask,blockage,53592
776,18,63593,PVT_MASKTG,FALSE,PVT_mask,toSynDrawing,53593
776,51,63594,PVT_MASKKGA,FALSE,PVT_mask,keepGenAway,53594
776,301,63595,PVT_MASKNOMECID,FALSE,PVT_mask,noMECID,53595
776,302,63596,PVT_MASKNOOPC,FALSE,PVT_mask,noOPC,53596
776,303,63597,PVT_MASKSRAFMINUS,FALSE,PVT_mask,SRAFminus,53597
776,304,63598,PVT_MASKSRAFPLUS,FALSE,PVT_mask,SRAFplus,53598
776,316,63599,PVT_MASKMOSI,FALSE,PVT_mask,mosi,53599
776,317,63600,PVT_MASKGLASS,FALSE,PVT_mask,glass,53600
776,335,63601,PVT_MASKTSDRACTIVEIMPLANT,FALSE,PVT_mask,TSDRActiveImplant,53601
776,404,63603,PVT_MASKFRAME,FALSE,PVT_mask,frameDrawing,53603
776,405,63604,PVT_MASKFMCID,FALSE,PVT_mask,fmcid,53604
776,406,63605,PVT_MASKFMCID2,FALSE,PVT_mask,fmcid2,53605
776,409,63606,PVT_MASKSCRATCH1,FALSE,PVT_mask,scratch1,53606
776,410,63607,PVT_MASKSCRATCH2,FALSE,PVT_mask,scratch2,53607
776,411,63608,PVT_MASKSCRATCH3,FALSE,PVT_mask,scratch3,53608
776,412,63609,PVT_MASKSCRATCH4,FALSE,PVT_mask,scratch4,53609
776,413,63610,PVT_MASKSCRATCH5,FALSE,PVT_mask,scratch5,53610
776,414,63611,PVT_MASKMETROCELL,FALSE,PVT_mask,metroCell,53611
776,435,63612,PVT_MASKVMCID,FALSE,PVT_mask,VMCID,53612
776,436,63613,PVT_MASKHMCID,FALSE,PVT_mask,HMCID,53613
776,437,63614,PVT_MASKFAMCID,FALSE,PVT_mask,FAMCID,53614
776,438,63615,PVT_MASKPAMCID,FALSE,PVT_mask,PAMCID,53615
776,440,63616,PVT_MASKISOMCID,FALSE,PVT_mask,ISOMCID,53616
776,441,63617,PVT_MASKCBCMCID,FALSE,PVT_mask,CBCMCID,53617
776,453,63618,PVT_MASKPBBMCID,FALSE,PVT_mask,PBBMCID,53618
776,488,63619,PVT_MASKXROI,FALSE,PVT_mask,xROI,53619
776,489,63620,PVT_MASKYROI,FALSE,PVT_mask,yROI,53620
777,0,63590,NVT_MASKDRAWN,FALSE,NVT_mask,drawing,53590
777,1,63589,NVT_MASKKOR,FALSE,NVT_mask,blockage,53589
777,18,63588,NVT_MASKTG,FALSE,NVT_mask,toSynDrawing,53588
777,51,63587,NVT_MASKKGA,FALSE,NVT_mask,keepGenAway,53587
777,301,63586,NVT_MASKNOMECID,FALSE,NVT_mask,noMECID,53586
777,302,63585,NVT_MASKNOOPC,FALSE,NVT_mask,noOPC,53585
777,303,63584,NVT_MASKSRAFMINUS,FALSE,NVT_mask,SRAFminus,53584
777,304,63583,NVT_MASKSRAFPLUS,FALSE,NVT_mask,SRAFplus,53583
777,316,63582,NVT_MASKMOSI,FALSE,NVT_mask,mosi,53582
777,317,63581,NVT_MASKGLASS,FALSE,NVT_mask,glass,53581
777,335,63580,NVT_MASKTSDRACTIVEIMPLANT,FALSE,NVT_mask,TSDRActiveImplant,53580
777,404,63578,NVT_MASKFRAME,FALSE,NVT_mask,frameDrawing,53578
777,405,63577,NVT_MASKFMCID,FALSE,NVT_mask,fmcid,53577
777,406,63576,NVT_MASKFMCID2,FALSE,NVT_mask,fmcid2,53576
777,409,63575,NVT_MASKSCRATCH1,FALSE,NVT_mask,scratch1,53575
777,410,63574,NVT_MASKSCRATCH2,FALSE,NVT_mask,scratch2,53574
777,411,63573,NVT_MASKSCRATCH3,FALSE,NVT_mask,scratch3,53573
777,412,63572,NVT_MASKSCRATCH4,FALSE,NVT_mask,scratch4,53572
777,413,63571,NVT_MASKSCRATCH5,FALSE,NVT_mask,scratch5,53571
777,414,63570,NVT_MASKMETROCELL,FALSE,NVT_mask,metroCell,53570
777,435,63569,NVT_MASKVMCID,FALSE,NVT_mask,VMCID,53569
777,436,63568,NVT_MASKHMCID,FALSE,NVT_mask,HMCID,53568
777,437,63567,NVT_MASKFAMCID,FALSE,NVT_mask,FAMCID,53567
777,438,63566,NVT_MASKPAMCID,FALSE,NVT_mask,PAMCID,53566
777,440,63565,NVT_MASKISOMCID,FALSE,NVT_mask,ISOMCID,53565
777,441,63564,NVT_MASKCBCMCID,FALSE,NVT_mask,CBCMCID,53564
777,453,63563,NVT_MASKPBBMCID,FALSE,NVT_mask,PBBMCID,53563
777,488,63562,NVT_MASKXROI,FALSE,NVT_mask,xROI,53562
777,489,63561,NVT_MASKYROI,FALSE,NVT_mask,yROI,53561
778,0,63560,DBI_MASKDRAWN,FALSE,DBI_mask,drawing,53560
778,1,63559,DBI_MASKKOR,FALSE,DBI_mask,blockage,53559
778,13,63558,DBI_MASKTSDRBITCELLID,FALSE,DBI_mask,TSDRBitCellID,53558
778,40,63557,DBI_MASKID1,FALSE,DBI_mask,id1,53557
778,41,63556,DBI_MASKID2,FALSE,DBI_mask,id2,53556
778,42,63555,DBI_MASKID3,FALSE,DBI_mask,id3,53555
778,43,63554,DBI_MASKID4,FALSE,DBI_mask,id4,53554
778,44,63553,DBI_MASKID5,FALSE,DBI_mask,id5,53553
778,45,63552,DBI_MASKID6,FALSE,DBI_mask,id6,53552
778,46,63551,DBI_MASKID7,FALSE,DBI_mask,id7,53551
778,47,63550,DBI_MASKID8,FALSE,DBI_mask,id8,53550
778,51,63549,DBI_MASKKGA,FALSE,DBI_mask,keepGenAway,53549
778,301,63548,DBI_MASKNOMECID,FALSE,DBI_mask,noMECID,53548
778,302,63547,DBI_MASKNOOPC,FALSE,DBI_mask,noOPC,53547
778,303,63546,DBI_MASKSRAFMINUS,FALSE,DBI_mask,SRAFminus,53546
778,304,63545,DBI_MASKSRAFPLUS,FALSE,DBI_mask,SRAFplus,53545
778,311,63544,DBI_MASKTSDRMARK,FALSE,DBI_mask,TSDRmark,53544
778,316,63543,DBI_MASKFO,FALSE,DBI_mask,frameOnly,53543
778,324,63542,DBI_MASKTSDRACTIVE,FALSE,DBI_mask,TSDRActive,53542
778,325,63541,DBI_MASKTSDRTRANSITION,FALSE,DBI_mask,TSDRTransition,53541
778,329,63540,DBI_MASKTSDRACTIVESPECIAL,FALSE,DBI_mask,TSDRActiveSpecial,53540
778,333,63539,DBI_MASKTSDRACTIVECDID,FALSE,DBI_mask,TSDRActiveCDID,53539
778,364,63538,DBI_MASKTSDRTRANSITION1,FALSE,DBI_mask,TSDRTransition1,53538
778,365,63537,DBI_MASKTSDRTRANSITION2,FALSE,DBI_mask,TSDRTransition2,53537
778,366,63536,DBI_MASKTSDRTRANSITION3,FALSE,DBI_mask,TSDRTransition3,53536
778,367,63535,DBI_MASKTSDRTRANSITION4,FALSE,DBI_mask,TSDRTransition4,53535
778,368,63534,DBI_MASKTSDRTRANSITION5,FALSE,DBI_mask,TSDRTransition5,53534
778,369,63533,DBI_MASKTSDRTRANSITION6,FALSE,DBI_mask,TSDRTransition6,53533
778,370,63532,DBI_MASKTSDRTRANSITION7,FALSE,DBI_mask,TSDRTransition7,53532
778,371,63531,DBI_MASKTSDRTRANSITION8,FALSE,DBI_mask,TSDRTransition8,53531
778,372,63530,DBI_MASKTSDRACTIVEMISREGID,FALSE,DBI_mask,TSDRActiveMisregID,53530
778,404,63528,DBI_MASKFRAME,FALSE,DBI_mask,frameDrawing,53528
778,405,63527,DBI_MASKFMCID,FALSE,DBI_mask,fmcid,53527
778,406,63526,DBI_MASKFMCID2,FALSE,DBI_mask,fmcid2,53526
778,409,63525,DBI_MASKSCRATCH1,FALSE,DBI_mask,scratch1,53525
778,410,63524,DBI_MASKSCRATCH2,FALSE,DBI_mask,scratch2,53524
778,411,63523,DBI_MASKSCRATCH3,FALSE,DBI_mask,scratch3,53523
778,412,63522,DBI_MASKSCRATCH4,FALSE,DBI_mask,scratch4,53522
778,413,63521,DBI_MASKSCRATCH5,FALSE,DBI_mask,scratch5,53521
778,414,63520,DBI_MASKMETROCELL,FALSE,DBI_mask,metroCell,53520
778,418,63519,DBI_MASKNIKONSDR,FALSE,DBI_mask,NikonSDR,53519
778,472,63518,DBI_MASKTSDRTRANSITIONSPECIAL,FALSE,DBI_mask,TSDRTransitionSpecial,53518
778,479,63517,DBI_MASKOPCID1,FALSE,DBI_mask,opcID1,53517
778,480,63516,DBI_MASKOPCID2,FALSE,DBI_mask,opcID2,53516
778,488,63515,DBI_MASKXROI,FALSE,DBI_mask,xROI,53515
778,489,63514,DBI_MASKYROI,FALSE,DBI_mask,yROI,53514
778,495,63513,DBI_MASKTSDRN05A,FALSE,DBI_mask,TSDRn05A,53513
778,496,63512,DBI_MASKTSDRP05A,FALSE,DBI_mask,TSDRp05A,53512
778,527,63511,DBI_MASKLITHOACTIVEJOG,FALSE,DBI_mask,lithoActiveJog,53511
778,528,63510,DBI_MASKLITHOACTIVECDPITCH,FALSE,DBI_mask,lithoActiveCdPitch,53510
778,532,63509,DBI_MASKTSDRBITCELLN05A,FALSE,DBI_mask,TSDRBitCelln05A,53509
778,533,63508,DBI_MASKTSDRBITCELLP05A,FALSE,DBI_mask,TSDRBitCellp05A,53508
778,561,63507,DBI_MASKTSDRWIDEDIODE,FALSE,DBI_mask,TSDRWidediode,53507
778,573,63506,DBI_MASKTSDRACTIVEJOG,FALSE,DBI_mask,TSDRActiveJog,53506
778,574,63505,DBI_MASKTSDRTRANSITIONJOG,FALSE,DBI_mask,TSDRTransitionJog,53505
778,575,63504,DBI_MASKTSDRACTIVEB130HQTFM,FALSE,DBI_mask,TSDRActiveB130h_qtfm,53504
778,576,63503,DBI_MASKTSDRTRANSITIONB130HQTFM,FALSE,DBI_mask,TSDRTransitionB130h_qtfm,53503
778,578,63502,DBI_MASKTSDRACTIVEB288HEHV,FALSE,DBI_mask,TSDRActiveB288h_EHV,53502
778,579,63501,DBI_MASKTSDRTRANSITIONB288HEHV,FALSE,DBI_mask,TSDRTransitionB288h_EHV,53501
778,601,63500,DBI_MASKSDRID,FALSE,DBI_mask,sdrid,53500
778,624,63499,DBI_MASKTSDRACTIVEPLUSCDID,FALSE,DBI_mask,TSDRActivePlusCDID,53499
778,625,63498,DBI_MASKTSDRACTIVEPLUSMISREGID,FALSE,DBI_mask,TSDRActivePlusMisregID,53498
778,626,63497,DBI_MASKTSDRTRANSITIONPLUS,FALSE,DBI_mask,TSDRTransitionPlus,53497
778,627,63496,DBI_MASKTSDRACTIVEMAXCDID,FALSE,DBI_mask,TSDRActiveMaxCDID,53496
778,628,63495,DBI_MASKTSDRACTIVEMAXMISREGID,FALSE,DBI_mask,TSDRActiveMaxMisregID,53495
778,629,63494,DBI_MASKTSDRTRANSITIONMAX,FALSE,DBI_mask,TSDRTransitionMax,53494
778,630,63493,DBI_MASKTSDRACTIVEBALCDID,FALSE,DBI_mask,TSDRActiveBalCDID,53493
778,631,63492,DBI_MASKTSDRACTIVEBALMISREGID,FALSE,DBI_mask,TSDRActiveBalMisregID,53492
778,632,63491,DBI_MASKTSDRTRANSITIONBAL,FALSE,DBI_mask,TSDRTransitionBal,53491
779,0,63490,DB2_MASKDRAWN,FALSE,DB2_mask,drawing,53490
779,1,63489,DB2_MASKKOR,FALSE,DB2_mask,blockage,53489
779,13,63488,DB2_MASKTSDRBITCELLID,FALSE,DB2_mask,TSDRBitCellID,53488
779,40,63487,DB2_MASKID1,FALSE,DB2_mask,id1,53487
779,41,63486,DB2_MASKID2,FALSE,DB2_mask,id2,53486
779,42,63485,DB2_MASKID3,FALSE,DB2_mask,id3,53485
779,43,63484,DB2_MASKID4,FALSE,DB2_mask,id4,53484
779,44,63483,DB2_MASKID5,FALSE,DB2_mask,id5,53483
779,45,63482,DB2_MASKID6,FALSE,DB2_mask,id6,53482
779,46,63481,DB2_MASKID7,FALSE,DB2_mask,id7,53481
779,47,63480,DB2_MASKID8,FALSE,DB2_mask,id8,53480
779,51,63479,DB2_MASKKGA,FALSE,DB2_mask,keepGenAway,53479
779,301,63478,DB2_MASKNOMECID,FALSE,DB2_mask,noMECID,53478
779,302,63477,DB2_MASKNOOPC,FALSE,DB2_mask,noOPC,53477
779,303,63476,DB2_MASKSRAFMINUS,FALSE,DB2_mask,SRAFminus,53476
779,304,63475,DB2_MASKSRAFPLUS,FALSE,DB2_mask,SRAFplus,53475
779,311,63474,DB2_MASKTSDRMARK,FALSE,DB2_mask,TSDRmark,53474
779,316,63473,DB2_MASKFO,FALSE,DB2_mask,frameOnly,53473
779,324,63472,DB2_MASKTSDRACTIVE,FALSE,DB2_mask,TSDRActive,53472
779,325,63471,DB2_MASKTSDRTRANSITION,FALSE,DB2_mask,TSDRTransition,53471
779,329,63470,DB2_MASKTSDRACTIVESPECIAL,FALSE,DB2_mask,TSDRActiveSpecial,53470
779,333,63469,DB2_MASKTSDRACTIVECDID,FALSE,DB2_mask,TSDRActiveCDID,53469
779,364,63468,DB2_MASKTSDRTRANSITION1,FALSE,DB2_mask,TSDRTransition1,53468
779,365,63467,DB2_MASKTSDRTRANSITION2,FALSE,DB2_mask,TSDRTransition2,53467
779,366,63466,DB2_MASKTSDRTRANSITION3,FALSE,DB2_mask,TSDRTransition3,53466
779,367,63465,DB2_MASKTSDRTRANSITION4,FALSE,DB2_mask,TSDRTransition4,53465
779,368,63464,DB2_MASKTSDRTRANSITION5,FALSE,DB2_mask,TSDRTransition5,53464
779,369,63463,DB2_MASKTSDRTRANSITION6,FALSE,DB2_mask,TSDRTransition6,53463
779,370,63462,DB2_MASKTSDRTRANSITION7,FALSE,DB2_mask,TSDRTransition7,53462
779,371,63461,DB2_MASKTSDRTRANSITION8,FALSE,DB2_mask,TSDRTransition8,53461
779,372,63460,DB2_MASKTSDRACTIVEMISREGID,FALSE,DB2_mask,TSDRActiveMisregID,53460
779,404,63458,DB2_MASKFRAME,FALSE,DB2_mask,frameDrawing,53458
779,405,63457,DB2_MASKFMCID,FALSE,DB2_mask,fmcid,53457
779,406,63456,DB2_MASKFMCID2,FALSE,DB2_mask,fmcid2,53456
779,409,63455,DB2_MASKSCRATCH1,FALSE,DB2_mask,scratch1,53455
779,410,63454,DB2_MASKSCRATCH2,FALSE,DB2_mask,scratch2,53454
779,411,63453,DB2_MASKSCRATCH3,FALSE,DB2_mask,scratch3,53453
779,412,63452,DB2_MASKSCRATCH4,FALSE,DB2_mask,scratch4,53452
779,413,63451,DB2_MASKSCRATCH5,FALSE,DB2_mask,scratch5,53451
779,414,63450,DB2_MASKMETROCELL,FALSE,DB2_mask,metroCell,53450
779,418,63449,DB2_MASKNIKONSDR,FALSE,DB2_mask,NikonSDR,53449
779,472,63448,DB2_MASKTSDRTRANSITIONSPECIAL,FALSE,DB2_mask,TSDRTransitionSpecial,53448
779,479,63447,DB2_MASKOPCID1,FALSE,DB2_mask,opcID1,53447
779,480,63446,DB2_MASKOPCID2,FALSE,DB2_mask,opcID2,53446
779,488,63445,DB2_MASKXROI,FALSE,DB2_mask,xROI,53445
779,489,63444,DB2_MASKYROI,FALSE,DB2_mask,yROI,53444
779,495,63443,DB2_MASKTSDRN05A,FALSE,DB2_mask,TSDRn05A,53443
779,496,63442,DB2_MASKTSDRP05A,FALSE,DB2_mask,TSDRp05A,53442
779,527,63441,DB2_MASKLITHOACTIVEJOG,FALSE,DB2_mask,lithoActiveJog,53441
779,528,63440,DB2_MASKLITHOACTIVECDPITCH,FALSE,DB2_mask,lithoActiveCdPitch,53440
779,532,63439,DB2_MASKTSDRBITCELLN05A,FALSE,DB2_mask,TSDRBitCelln05A,53439
779,533,63438,DB2_MASKTSDRBITCELLP05A,FALSE,DB2_mask,TSDRBitCellp05A,53438
779,561,63437,DB2_MASKTSDRWIDEDIODE,FALSE,DB2_mask,TSDRWidediode,53437
779,573,63436,DB2_MASKTSDRACTIVEJOG,FALSE,DB2_mask,TSDRActiveJog,53436
779,574,63435,DB2_MASKTSDRTRANSITIONJOG,FALSE,DB2_mask,TSDRTransitionJog,53435
779,575,63434,DB2_MASKTSDRACTIVEB130HQTFM,FALSE,DB2_mask,TSDRActiveB130h_qtfm,53434
779,576,63433,DB2_MASKTSDRTRANSITIONB130HQTFM,FALSE,DB2_mask,TSDRTransitionB130h_qtfm,53433
779,578,63432,DB2_MASKTSDRACTIVEB288HEHV,FALSE,DB2_mask,TSDRActiveB288h_EHV,53432
779,579,63431,DB2_MASKTSDRTRANSITIONB288HEHV,FALSE,DB2_mask,TSDRTransitionB288h_EHV,53431
779,601,63430,DB2_MASKSDRID,FALSE,DB2_mask,sdrid,53430
779,624,63429,DB2_MASKTSDRACTIVEPLUSCDID,FALSE,DB2_mask,TSDRActivePlusCDID,53429
779,625,63427,DB2_MASKTSDRACTIVEPLUSMISREGID,FALSE,DB2_mask,TSDRActivePlusMisregID,53427
779,626,63425,DB2_MASKTSDRTRANSITIONPLUS,FALSE,DB2_mask,TSDRTransitionPlus,53425
779,627,63424,DB2_MASKTSDRACTIVEMAXCDID,FALSE,DB2_mask,TSDRActiveMaxCDID,53424
779,628,63423,DB2_MASKTSDRACTIVEMAXMISREGID,FALSE,DB2_mask,TSDRActiveMaxMisregID,53423
779,629,63422,DB2_MASKTSDRTRANSITIONMAX,FALSE,DB2_mask,TSDRTransitionMax,53422
779,630,63421,DB2_MASKTSDRACTIVEBALCDID,FALSE,DB2_mask,TSDRActiveBalCDID,53421
779,631,63420,DB2_MASKTSDRACTIVEBALMISREGID,FALSE,DB2_mask,TSDRActiveBalMisregID,53420
779,632,63419,DB2_MASKTSDRTRANSITIONBAL,FALSE,DB2_mask,TSDRTransitionBal,53419
780,0,55087,JV2_MASKDRAWN,FALSE,JV2_mask,drawing,45087
780,1,55086,JV2_MASKKOR,FALSE,JV2_mask,blockage,45086
780,51,55085,JV2_MASKKGA,FALSE,JV2_mask,keepGenAway,45085
780,301,55084,JV2_MASKNOMECID,FALSE,JV2_mask,noMECID,45084
780,302,55083,JV2_MASKNOOPC,FALSE,JV2_mask,noOPC,45083
780,303,55082,JV2_MASKSRAFMINUS,FALSE,JV2_mask,SRAFminus,45082
780,304,55081,JV2_MASKSRAFPLUS,FALSE,JV2_mask,SRAFplus,45081
780,404,55079,JV2_MASKFRAME,FALSE,JV2_mask,frameDrawing,45079
780,405,55078,JV2_MASKFMCID,FALSE,JV2_mask,fmcid,45078
780,406,55077,JV2_MASKFMCID2,FALSE,JV2_mask,fmcid2,45077
780,409,55076,JV2_MASKSCRATCH1,FALSE,JV2_mask,scratch1,45076
780,410,55075,JV2_MASKSCRATCH2,FALSE,JV2_mask,scratch2,45075
780,411,55074,JV2_MASKSCRATCH3,FALSE,JV2_mask,scratch3,45074
780,412,55073,JV2_MASKSCRATCH4,FALSE,JV2_mask,scratch4,45073
780,413,55072,JV2_MASKSCRATCH5,FALSE,JV2_mask,scratch5,45072
780,414,55071,JV2_MASKMETROCELL,FALSE,JV2_mask,metroCell,45071
780,418,55070,JV2_MASKNIKONSDR,FALSE,JV2_mask,NikonSDR,45070
780,457,55088,JV2_MASKDBOSDR,FALSE,JV2_mask,DBOSDR,45088
780,479,55069,JV2_MASKOPCID1,FALSE,JV2_mask,opcID1,45069
780,480,55068,JV2_MASKOPCID2,FALSE,JV2_mask,opcID2,45068
780,488,55089,JV2_MASKXROI,FALSE,JV2_mask,xROI,45089
780,489,55090,JV2_MASKYROI,FALSE,JV2_mask,yROI,45090
781,0,55110,JMM_MASKDRAWN,FALSE,JMM_mask,drawing,45110
781,1,55109,JMM_MASKKOR,FALSE,JMM_mask,blockage,45109
781,51,55108,JMM_MASKKGA,FALSE,JMM_mask,keepGenAway,45108
781,301,55107,JMM_MASKNOMECID,FALSE,JMM_mask,noMECID,45107
781,302,55106,JMM_MASKNOOPC,FALSE,JMM_mask,noOPC,45106
781,303,55105,JMM_MASKSRAFMINUS,FALSE,JMM_mask,SRAFminus,45105
781,304,55104,JMM_MASKSRAFPLUS,FALSE,JMM_mask,SRAFplus,45104
781,404,55102,JMM_MASKFRAME,FALSE,JMM_mask,frameDrawing,45102
781,405,55101,JMM_MASKFMCID,FALSE,JMM_mask,fmcid,45101
781,406,55100,JMM_MASKFMCID2,FALSE,JMM_mask,fmcid2,45100
781,409,55099,JMM_MASKSCRATCH1,FALSE,JMM_mask,scratch1,45099
781,410,55098,JMM_MASKSCRATCH2,FALSE,JMM_mask,scratch2,45098
781,411,55097,JMM_MASKSCRATCH3,FALSE,JMM_mask,scratch3,45097
781,412,55096,JMM_MASKSCRATCH4,FALSE,JMM_mask,scratch4,45096
781,413,55095,JMM_MASKSCRATCH5,FALSE,JMM_mask,scratch5,45095
781,414,55094,JMM_MASKMETROCELL,FALSE,JMM_mask,metroCell,45094
781,418,55093,JMM_MASKNIKONSDR,FALSE,JMM_mask,NikonSDR,45093
781,479,55092,JMM_MASKOPCID1,FALSE,JMM_mask,opcID1,45092
781,480,55091,JMM_MASKOPCID2,FALSE,JMM_mask,opcID2,45091
781,488,55111,JMM_MASKXROI,FALSE,JMM_mask,xROI,45111
781,489,55112,JMM_MASKYROI,FALSE,JMM_mask,yROI,45112
782,0,55154,JVM_MASKDRAWN,FALSE,JVM_mask,drawing,45154
782,1,55153,JVM_MASKKOR,FALSE,JVM_mask,blockage,45153
782,51,55152,JVM_MASKKGA,FALSE,JVM_mask,keepGenAway,45152
782,301,55151,JVM_MASKNOMECID,FALSE,JVM_mask,noMECID,45151
782,302,55150,JVM_MASKNOOPC,FALSE,JVM_mask,noOPC,45150
782,303,55149,JVM_MASKSRAFMINUS,FALSE,JVM_mask,SRAFminus,45149
782,304,55148,JVM_MASKSRAFPLUS,FALSE,JVM_mask,SRAFplus,45148
782,404,55146,JVM_MASKFRAME,FALSE,JVM_mask,frameDrawing,45146
782,405,55145,JVM_MASKFMCID,FALSE,JVM_mask,fmcid,45145
782,406,55144,JVM_MASKFMCID2,FALSE,JVM_mask,fmcid2,45144
782,409,55143,JVM_MASKSCRATCH1,FALSE,JVM_mask,scratch1,45143
782,410,55142,JVM_MASKSCRATCH2,FALSE,JVM_mask,scratch2,45142
782,411,55141,JVM_MASKSCRATCH3,FALSE,JVM_mask,scratch3,45141
782,412,55140,JVM_MASKSCRATCH4,FALSE,JVM_mask,scratch4,45140
782,413,55139,JVM_MASKSCRATCH5,FALSE,JVM_mask,scratch5,45139
782,414,55138,JVM_MASKMETROCELL,FALSE,JVM_mask,metroCell,45138
782,418,55137,JVM_MASKNIKONSDR,FALSE,JVM_mask,NikonSDR,45137
782,457,55155,JVM_MASKDBOSDR,FALSE,JVM_mask,DBOSDR,45155
782,479,55136,JVM_MASKOPCID1,FALSE,JVM_mask,opcID1,45136
782,480,55135,JVM_MASKOPCID2,FALSE,JVM_mask,opcID2,45135
782,488,55156,JVM_MASKXROI,FALSE,JVM_mask,xROI,45156
782,489,55157,JVM_MASKYROI,FALSE,JVM_mask,yROI,45157
783,0,55132,M15_MASKDRAWN,FALSE,M15_mask,drawing,45132
783,1,55131,M15_MASKKOR,FALSE,M15_mask,blockage,45131
783,51,55130,M15_MASKKGA,FALSE,M15_mask,keepGenAway,45130
783,301,55129,M15_MASKNOMECID,FALSE,M15_mask,noMECID,45129
783,302,55128,M15_MASKNOOPC,FALSE,M15_mask,noOPC,45128
783,303,55127,M15_MASKSRAFMINUS,FALSE,M15_mask,SRAFminus,45127
783,304,55126,M15_MASKSRAFPLUS,FALSE,M15_mask,SRAFplus,45126
783,404,55124,M15_MASKFRAME,FALSE,M15_mask,frameDrawing,45124
783,405,55123,M15_MASKFMCID,FALSE,M15_mask,fmcid,45123
783,406,55122,M15_MASKFMCID2,FALSE,M15_mask,fmcid2,45122
783,409,55121,M15_MASKSCRATCH1,FALSE,M15_mask,scratch1,45121
783,410,55120,M15_MASKSCRATCH2,FALSE,M15_mask,scratch2,45120
783,411,55119,M15_MASKSCRATCH3,FALSE,M15_mask,scratch3,45119
783,412,55118,M15_MASKSCRATCH4,FALSE,M15_mask,scratch4,45118
783,413,55117,M15_MASKSCRATCH5,FALSE,M15_mask,scratch5,45117
783,414,55116,M15_MASKMETROCELL,FALSE,M15_mask,metroCell,45116
783,418,55115,M15_MASKNIKONSDR,FALSE,M15_mask,NikonSDR,45115
783,479,55114,M15_MASKOPCID1,FALSE,M15_mask,opcID1,45114
783,480,55113,M15_MASKOPCID2,FALSE,M15_mask,opcID2,45113
783,488,55133,M15_MASKXROI,FALSE,M15_mask,xROI,45133
783,489,55134,M15_MASKYROI,FALSE,M15_mask,yROI,45134
784,0,60024,GVX_MASKDRAWN,FALSE,GVX_mask,drawing,50024
784,1,60025,GVX_MASKKOR,FALSE,GVX_mask,blockage,50025
784,51,60026,GVX_MASKKGA,FALSE,GVX_mask,keepGenAway,50026
784,301,60027,GVX_MASKNOMECID,FALSE,GVX_mask,noMECID,50027
784,302,60028,GVX_MASKNOOPC,FALSE,GVX_mask,noOPC,50028
784,303,60029,GVX_MASKSRAFMINUS,FALSE,GVX_mask,SRAFminus,50029
784,304,60030,GVX_MASKSRAFPLUS,FALSE,GVX_mask,SRAFplus,50030
784,316,60031,GVX_MASKFO,FALSE,GVX_mask,frameOnly,50031
784,317,60032,GVX_MASKFOH,FALSE,GVX_mask,frameOnlyHole,50032
784,404,60034,GVX_MASKFRAME,FALSE,GVX_mask,frameDrawing,50034
784,405,60035,GVX_MASKFMCID,FALSE,GVX_mask,fmcid,50035
784,406,60036,GVX_MASKFMCID2,FALSE,GVX_mask,fmcid2,50036
784,409,60037,GVX_MASKSCRATCH1,FALSE,GVX_mask,scratch1,50037
784,410,60038,GVX_MASKSCRATCH2,FALSE,GVX_mask,scratch2,50038
784,411,60039,GVX_MASKSCRATCH3,FALSE,GVX_mask,scratch3,50039
784,412,60040,GVX_MASKSCRATCH4,FALSE,GVX_mask,scratch4,50040
784,413,60041,GVX_MASKSCRATCH5,FALSE,GVX_mask,scratch5,50041
784,414,60042,GVX_MASKMETROCELL,FALSE,GVX_mask,metroCell,50042
784,418,60043,GVX_MASKNIKONSDR,FALSE,GVX_mask,NikonSDR,50043
784,479,60044,GVX_MASKOPCID1,FALSE,GVX_mask,opcID1,50044
784,480,60045,GVX_MASKOPCID2,FALSE,GVX_mask,opcID2,50045
784,488,60046,GVX_MASKXROI,FALSE,GVX_mask,xROI,50046
784,489,60047,GVX_MASKYROI,FALSE,GVX_mask,yROI,50047
785,0,60071,GMY_MASKDRAWN,FALSE,GMY_mask,drawing,50071
785,1,60070,GMY_MASKKOR,FALSE,GMY_mask,blockage,50070
785,51,60069,GMY_MASKKGA,FALSE,GMY_mask,keepGenAway,50069
785,301,60068,GMY_MASKNOMECID,FALSE,GMY_mask,noMECID,50068
785,302,60067,GMY_MASKNOOPC,FALSE,GMY_mask,noOPC,50067
785,303,60066,GMY_MASKSRAFMINUS,FALSE,GMY_mask,SRAFminus,50066
785,304,60065,GMY_MASKSRAFPLUS,FALSE,GMY_mask,SRAFplus,50065
785,316,60064,GMY_MASKFO,FALSE,GMY_mask,frameOnly,50064
785,317,60063,GMY_MASKFOH,FALSE,GMY_mask,frameOnlyHole,50063
785,404,60061,GMY_MASKFRAME,FALSE,GMY_mask,frameDrawing,50061
785,405,60060,GMY_MASKFMCID,FALSE,GMY_mask,fmcid,50060
785,406,60059,GMY_MASKFMCID2,FALSE,GMY_mask,fmcid2,50059
785,409,60058,GMY_MASKSCRATCH1,FALSE,GMY_mask,scratch1,50058
785,410,60057,GMY_MASKSCRATCH2,FALSE,GMY_mask,scratch2,50057
785,411,60056,GMY_MASKSCRATCH3,FALSE,GMY_mask,scratch3,50056
785,412,60055,GMY_MASKSCRATCH4,FALSE,GMY_mask,scratch4,50055
785,413,60054,GMY_MASKSCRATCH5,FALSE,GMY_mask,scratch5,50054
785,414,60053,GMY_MASKMETROCELL,FALSE,GMY_mask,metroCell,50053
785,418,60052,GMY_MASKNIKONSDR,FALSE,GMY_mask,NikonSDR,50052
785,479,60051,GMY_MASKOPCID1,FALSE,GMY_mask,opcID1,50051
785,480,60050,GMY_MASKOPCID2,FALSE,GMY_mask,opcID2,50050
785,488,60049,GMY_MASKXROI,FALSE,GMY_mask,xROI,50049
785,489,60048,GMY_MASKYROI,FALSE,GMY_mask,yROI,50048
786,0,60000,GVY_MASKDRAWN,FALSE,GVY_mask,drawing,50000
786,1,60001,GVY_MASKKOR,FALSE,GVY_mask,blockage,50001
786,51,60002,GVY_MASKKGA,FALSE,GVY_mask,keepGenAway,50002
786,301,60003,GVY_MASKNOMECID,FALSE,GVY_mask,noMECID,50003
786,302,60004,GVY_MASKNOOPC,FALSE,GVY_mask,noOPC,50004
786,303,60005,GVY_MASKSRAFMINUS,FALSE,GVY_mask,SRAFminus,50005
786,304,60006,GVY_MASKSRAFPLUS,FALSE,GVY_mask,SRAFplus,50006
786,316,60007,GVY_MASKFO,FALSE,GVY_mask,frameOnly,50007
786,317,60008,GVY_MASKFOH,FALSE,GVY_mask,frameOnlyHole,50008
786,404,60010,GVY_MASKFRAME,FALSE,GVY_mask,frameDrawing,50010
786,405,60011,GVY_MASKFMCID,FALSE,GVY_mask,fmcid,50011
786,406,60012,GVY_MASKFMCID2,FALSE,GVY_mask,fmcid2,50012
786,409,60013,GVY_MASKSCRATCH1,FALSE,GVY_mask,scratch1,50013
786,410,60014,GVY_MASKSCRATCH2,FALSE,GVY_mask,scratch2,50014
786,411,60015,GVY_MASKSCRATCH3,FALSE,GVY_mask,scratch3,50015
786,412,60016,GVY_MASKSCRATCH4,FALSE,GVY_mask,scratch4,50016
786,413,60017,GVY_MASKSCRATCH5,FALSE,GVY_mask,scratch5,50017
786,414,60018,GVY_MASKMETROCELL,FALSE,GVY_mask,metroCell,50018
786,418,60019,GVY_MASKNIKONSDR,FALSE,GVY_mask,NikonSDR,50019
786,479,60020,GVY_MASKOPCID1,FALSE,GVY_mask,opcID1,50020
786,480,60021,GVY_MASKOPCID2,FALSE,GVY_mask,opcID2,50021
786,488,60022,GVY_MASKXROI,FALSE,GVY_mask,xROI,50022
786,489,60023,GVY_MASKYROI,FALSE,GVY_mask,yROI,50023
788,0,13389,M0A_MASKDRAWN,FALSE,M0A_mask,drawing,3389
788,1,15170,M0A_MASKKOR,FALSE,M0A_mask,blockage,5170
788,51,22936,M0A_MASKKGA,FALSE,M0A_mask,keepGenAway,12936
788,301,17251,M0A_MASKNOMECID,FALSE,M0A_mask,noMECID,7251
788,302,22937,M0A_MASKNOOPC,FALSE,M0A_mask,noOPC,12937
788,303,21276,M0A_MASKSRAFMINUS,FALSE,M0A_mask,SRAFminus,11276
788,304,21045,M0A_MASKSRAFPLUS,FALSE,M0A_mask,SRAFplus,11045
788,327,21046,M0A_MASKTSDRWING,FALSE,M0A_mask,TSDRWingID,11046
788,330,21048,M0A_MASKTSDRACTIVETE,FALSE,M0A_mask,TSDRActiveETE,11048
788,333,35042,M0A_MASKTSDRACTIVECDID,FALSE,M0A_mask,TSDRActiveCDID,25042
788,372,35043,M0A_MASKTSDRACTIVEMISREGID,FALSE,M0A_mask,TSDRActiveMisregID,25043
788,404,13391,M0A_MASKFRAME,FALSE,M0A_mask,frameDrawing,3391
788,405,13392,M0A_MASKFMCID,FALSE,M0A_mask,fmcid,3392
788,406,22264,M0A_MASKFMCID2,FALSE,M0A_mask,fmcid2,12264
788,409,22265,M0A_MASKSCRATCH1,FALSE,M0A_mask,scratch1,12265
788,410,22266,M0A_MASKSCRATCH2,FALSE,M0A_mask,scratch2,12266
788,411,22267,M0A_MASKSCRATCH3,FALSE,M0A_mask,scratch3,12267
788,412,22268,M0A_MASKSCRATCH4,FALSE,M0A_mask,scratch4,12268
788,413,22269,M0A_MASKSCRATCH5,FALSE,M0A_mask,scratch5,12269
788,414,13601,M0A_MASKMETROCELL,FALSE,M0A_mask,metroCell,3601
788,418,46499,M0A_MASKNIKONSDR,FALSE,M0A_mask,NikonSDR,36499
788,479,46501,M0A_MASKOPCID1,FALSE,M0A_mask,opcID1,36501
788,480,46503,M0A_MASKOPCID2,FALSE,M0A_mask,opcID2,36503
788,488,46505,M0A_MASKXROI,FALSE,M0A_mask,xROI,36505
788,489,46507,M0A_MASKYROI,FALSE,M0A_mask,yROI,36507
789,0,18033,M0B_MASKDRAWN,FALSE,M0B_mask,drawing,8033
789,1,22939,M0B_MASKKOR,FALSE,M0B_mask,blockage,12939
789,51,22940,M0B_MASKKGA,FALSE,M0B_mask,keepGenAway,12940
789,301,22270,M0B_MASKNOMECID,FALSE,M0B_mask,noMECID,12270
789,302,22941,M0B_MASKNOOPC,FALSE,M0B_mask,noOPC,12941
789,303,21314,M0B_MASKSRAFMINUS,FALSE,M0B_mask,SRAFminus,11314
789,304,21315,M0B_MASKSRAFPLUS,FALSE,M0B_mask,SRAFplus,11315
789,327,21047,M0B_MASKTSDRWING,FALSE,M0B_mask,TSDRWingID,11047
789,330,21049,M0B_MASKTSDRACTIVETE,FALSE,M0B_mask,TSDRActiveETE,11049
789,404,18034,M0B_MASKFRAME,FALSE,M0B_mask,frameDrawing,8034
789,405,24691,M0B_MASKFMCID,FALSE,M0B_mask,fmcid,14691
789,406,24692,M0B_MASKFMCID2,FALSE,M0B_mask,fmcid2,14692
789,409,22272,M0B_MASKSCRATCH1,FALSE,M0B_mask,scratch1,12272
789,410,22273,M0B_MASKSCRATCH2,FALSE,M0B_mask,scratch2,12273
789,411,22274,M0B_MASKSCRATCH3,FALSE,M0B_mask,scratch3,12274
789,412,22275,M0B_MASKSCRATCH4,FALSE,M0B_mask,scratch4,12275
789,413,22276,M0B_MASKSCRATCH5,FALSE,M0B_mask,scratch5,12276
789,414,24693,M0B_MASKMETROCELL,FALSE,M0B_mask,metroCell,14693
789,418,46500,M0B_MASKNIKONSDR,FALSE,M0B_mask,NikonSDR,36500
789,479,46502,M0B_MASKOPCID1,FALSE,M0B_mask,opcID1,36502
789,480,46504,M0B_MASKOPCID2,FALSE,M0B_mask,opcID2,36504
789,488,46506,M0B_MASKXROI,FALSE,M0B_mask,xROI,36506
789,489,46508,M0B_MASKYROI,FALSE,M0B_mask,yROI,36508
793,0,55591,NS1_MASKDRAWN,FALSE,NS1_mask,drawing,45591
793,1,55590,NS1_MASKKOR,FALSE,NS1_mask,blockage,45590
793,18,55592,NS1_MASKTG,FALSE,NS1_mask,toSynDrawing,45592
793,51,63173,NS1_MASKKGA,FALSE,NS1_mask,keepGenAway,53173
793,301,55611,NS1_MASKNOMECID,FALSE,NS1_mask,noMECID,45611
793,302,55606,NS1_MASKNOOPC,FALSE,NS1_mask,noOPC,45606
793,303,55594,NS1_MASKSRAFMINUS,FALSE,NS1_mask,SRAFminus,45594
793,304,55595,NS1_MASKSRAFPLUS,FALSE,NS1_mask,SRAFplus,45595
793,316,55596,NS1_MASKMOSI,FALSE,NS1_mask,mosi,45596
793,317,55607,NS1_MASKGLASS,FALSE,NS1_mask,glass,45607
793,335,55589,NS1_MASKTSDRACTIVEIMPLANT,FALSE,NS1_mask,TSDRActiveImplant,45589
793,404,55604,NS1_MASKFRAME,FALSE,NS1_mask,frameDrawing,45604
793,405,55600,NS1_MASKFMCID,FALSE,NS1_mask,fmcid,45600
793,406,55601,NS1_MASKFMCID2,FALSE,NS1_mask,fmcid2,45601
793,409,55609,NS1_MASKSCRATCH1,FALSE,NS1_mask,scratch1,45609
793,410,55602,NS1_MASKSCRATCH2,FALSE,NS1_mask,scratch2,45602
793,411,55612,NS1_MASKSCRATCH3,FALSE,NS1_mask,scratch3,45612
793,412,55613,NS1_MASKSCRATCH4,FALSE,NS1_mask,scratch4,45613
793,413,55598,NS1_MASKSCRATCH5,FALSE,NS1_mask,scratch5,45598
793,414,55599,NS1_MASKMETROCELL,FALSE,NS1_mask,metroCell,45599
793,435,55614,NS1_MASKVMCID,FALSE,NS1_mask,VMCID,45614
793,436,55610,NS1_MASKHMCID,FALSE,NS1_mask,HMCID,45610
793,437,55605,NS1_MASKFAMCID,FALSE,NS1_mask,FAMCID,45605
793,438,55593,NS1_MASKPAMCID,FALSE,NS1_mask,PAMCID,45593
793,440,55603,NS1_MASKISOMCID,FALSE,NS1_mask,ISOMCID,45603
793,441,55608,NS1_MASKCBCMCID,FALSE,NS1_mask,CBCMCID,45608
793,453,55588,NS1_MASKPBBMCID,FALSE,NS1_mask,PBBMCID,45588
793,488,55587,NS1_MASKXROI,FALSE,NS1_mask,xROI,45587
793,489,55586,NS1_MASKYROI,FALSE,NS1_mask,yROI,45586
794,0,55620,NS2_MASKDRAWN,FALSE,NS2_mask,drawing,45620
794,1,55619,NS2_MASKKOR,FALSE,NS2_mask,blockage,45619
794,18,55621,NS2_MASKTG,FALSE,NS2_mask,toSynDrawing,45621
794,51,63174,NS2_MASKKGA,FALSE,NS2_mask,keepGenAway,53174
794,301,55640,NS2_MASKNOMECID,FALSE,NS2_mask,noMECID,45640
794,302,55635,NS2_MASKNOOPC,FALSE,NS2_mask,noOPC,45635
794,303,55623,NS2_MASKSRAFMINUS,FALSE,NS2_mask,SRAFminus,45623
794,304,55624,NS2_MASKSRAFPLUS,FALSE,NS2_mask,SRAFplus,45624
794,316,55625,NS2_MASKMOSI,FALSE,NS2_mask,mosi,45625
794,317,55636,NS2_MASKGLASS,FALSE,NS2_mask,glass,45636
794,335,55618,NS2_MASKTSDRACTIVEIMPLANT,FALSE,NS2_mask,TSDRActiveImplant,45618
794,404,55633,NS2_MASKFRAME,FALSE,NS2_mask,frameDrawing,45633
794,405,55629,NS2_MASKFMCID,FALSE,NS2_mask,fmcid,45629
794,406,55630,NS2_MASKFMCID2,FALSE,NS2_mask,fmcid2,45630
794,409,55638,NS2_MASKSCRATCH1,FALSE,NS2_mask,scratch1,45638
794,410,55631,NS2_MASKSCRATCH2,FALSE,NS2_mask,scratch2,45631
794,411,55641,NS2_MASKSCRATCH3,FALSE,NS2_mask,scratch3,45641
794,412,55642,NS2_MASKSCRATCH4,FALSE,NS2_mask,scratch4,45642
794,413,55627,NS2_MASKSCRATCH5,FALSE,NS2_mask,scratch5,45627
794,414,55628,NS2_MASKMETROCELL,FALSE,NS2_mask,metroCell,45628
794,435,55643,NS2_MASKVMCID,FALSE,NS2_mask,VMCID,45643
794,436,55639,NS2_MASKHMCID,FALSE,NS2_mask,HMCID,45639
794,437,55634,NS2_MASKFAMCID,FALSE,NS2_mask,FAMCID,45634
794,438,55622,NS2_MASKPAMCID,FALSE,NS2_mask,PAMCID,45622
794,440,55632,NS2_MASKISOMCID,FALSE,NS2_mask,ISOMCID,45632
794,441,55637,NS2_MASKCBCMCID,FALSE,NS2_mask,CBCMCID,45637
794,453,55617,NS2_MASKPBBMCID,FALSE,NS2_mask,PBBMCID,45617
794,488,55616,NS2_MASKXROI,FALSE,NS2_mask,xROI,45616
794,489,55615,NS2_MASKYROI,FALSE,NS2_mask,yROI,45615
796,0,40321,PS1_MASKDRAWN,FALSE,PS1_mask,drawing,30321
796,1,40322,PS1_MASKKOR,FALSE,PS1_mask,blockage,30322
796,18,55678,PS1_MASKTG,FALSE,PS1_mask,toSynDrawing,45678
796,51,63170,PS1_MASKKGA,FALSE,PS1_mask,keepGenAway,53170
796,301,40323,PS1_MASKNOMECID,FALSE,PS1_mask,noMECID,30323
796,302,40324,PS1_MASKNOOPC,FALSE,PS1_mask,noOPC,30324
796,303,40325,PS1_MASKSRAFMINUS,FALSE,PS1_mask,SRAFminus,30325
796,304,40326,PS1_MASKSRAFPLUS,FALSE,PS1_mask,SRAFplus,30326
796,316,55692,PS1_MASKMOSI,FALSE,PS1_mask,mosi,45692
796,317,55691,PS1_MASKGLASS,FALSE,PS1_mask,glass,45691
796,335,55676,PS1_MASKTSDRACTIVEIMPLANT,FALSE,PS1_mask,TSDRActiveImplant,45676
796,404,40331,PS1_MASKFRAME,FALSE,PS1_mask,frameDrawing,30331
796,405,40332,PS1_MASKFMCID,FALSE,PS1_mask,fmcid,30332
796,406,40333,PS1_MASKFMCID2,FALSE,PS1_mask,fmcid2,30333
796,409,40335,PS1_MASKSCRATCH1,FALSE,PS1_mask,scratch1,30335
796,410,40336,PS1_MASKSCRATCH2,FALSE,PS1_mask,scratch2,30336
796,411,40337,PS1_MASKSCRATCH3,FALSE,PS1_mask,scratch3,30337
796,412,40338,PS1_MASKSCRATCH4,FALSE,PS1_mask,scratch4,30338
796,413,40339,PS1_MASKSCRATCH5,FALSE,PS1_mask,scratch5,30339
796,414,40340,PS1_MASKMETROCELL,FALSE,PS1_mask,metroCell,30340
796,435,55700,PS1_MASKVMCID,FALSE,PS1_mask,VMCID,45700
796,436,55686,PS1_MASKHMCID,FALSE,PS1_mask,HMCID,45686
796,437,55694,PS1_MASKFAMCID,FALSE,PS1_mask,FAMCID,45694
796,438,55687,PS1_MASKPAMCID,FALSE,PS1_mask,PAMCID,45687
796,440,55701,PS1_MASKISOMCID,FALSE,PS1_mask,ISOMCID,45701
796,441,55693,PS1_MASKCBCMCID,FALSE,PS1_mask,CBCMCID,45693
796,453,55675,PS1_MASKPBBMCID,FALSE,PS1_mask,PBBMCID,45675
796,488,55674,PS1_MASKXROI,FALSE,PS1_mask,xROI,45674
796,489,55673,PS1_MASKYROI,FALSE,PS1_mask,yROI,45673
797,0,29754,PS2_MASKDRAWN,FALSE,PS2_mask,drawing,19754
797,1,29755,PS2_MASKKOR,FALSE,PS2_mask,blockage,19755
797,18,31270,PS2_MASKTG,FALSE,PS2_mask,toSynDrawing,21270
797,51,63171,PS2_MASKKGA,FALSE,PS2_mask,keepGenAway,53171
797,301,29757,PS2_MASKNOMECID,FALSE,PS2_mask,noMECID,19757
797,302,29758,PS2_MASKNOOPC,FALSE,PS2_mask,noOPC,19758
797,303,29759,PS2_MASKSRAFMINUS,FALSE,PS2_mask,SRAFminus,19759
797,304,29760,PS2_MASKSRAFPLUS,FALSE,PS2_mask,SRAFplus,19760
797,316,55721,PS2_MASKMOSI,FALSE,PS2_mask,mosi,45721
797,317,55720,PS2_MASKGLASS,FALSE,PS2_mask,glass,45720
797,335,55705,PS2_MASKTSDRACTIVEIMPLANT,FALSE,PS2_mask,TSDRActiveImplant,45705
797,404,29763,PS2_MASKFRAME,FALSE,PS2_mask,frameDrawing,19763
797,405,29764,PS2_MASKFMCID,FALSE,PS2_mask,fmcid,19764
797,406,29765,PS2_MASKFMCID2,FALSE,PS2_mask,fmcid2,19765
797,409,29767,PS2_MASKSCRATCH1,FALSE,PS2_mask,scratch1,19767
797,410,29768,PS2_MASKSCRATCH2,FALSE,PS2_mask,scratch2,19768
797,411,29769,PS2_MASKSCRATCH3,FALSE,PS2_mask,scratch3,19769
797,412,29770,PS2_MASKSCRATCH4,FALSE,PS2_mask,scratch4,19770
797,413,29771,PS2_MASKSCRATCH5,FALSE,PS2_mask,scratch5,19771
797,414,29772,PS2_MASKMETROCELL,FALSE,PS2_mask,metroCell,19772
797,435,31288,PS2_MASKVMCID,FALSE,PS2_mask,VMCID,21288
797,436,31289,PS2_MASKHMCID,FALSE,PS2_mask,HMCID,21289
797,437,31290,PS2_MASKFAMCID,FALSE,PS2_mask,FAMCID,21290
797,438,31291,PS2_MASKPAMCID,FALSE,PS2_mask,PAMCID,21291
797,440,45543,PS2_MASKISOMCID,FALSE,PS2_mask,ISOMCID,35543
797,441,45544,PS2_MASKCBCMCID,FALSE,PS2_mask,CBCMCID,35544
797,453,55704,PS2_MASKPBBMCID,FALSE,PS2_mask,PBBMCID,45704
797,488,55703,PS2_MASKXROI,FALSE,PS2_mask,xROI,45703
797,489,55702,PS2_MASKYROI,FALSE,PS2_mask,yROI,45702
806,0,30677,V15_MASKDRAWN,FALSE,V15_mask,drawing,20677
806,1,30678,V15_MASKKOR,FALSE,V15_mask,blockage,20678
806,51,30679,V15_MASKKGA,FALSE,V15_mask,keepGenAway,20679
806,301,30680,V15_MASKNOMECID,FALSE,V15_mask,noMECID,20680
806,302,30681,V15_MASKNOOPC,FALSE,V15_mask,noOPC,20681
806,303,30682,V15_MASKSRAFMINUS,FALSE,V15_mask,SRAFminus,20682
806,304,30683,V15_MASKSRAFPLUS,FALSE,V15_mask,SRAFplus,20683
806,404,30687,V15_MASKFRAME,FALSE,V15_mask,frameDrawing,20687
806,405,30688,V15_MASKFMCID,FALSE,V15_mask,fmcid,20688
806,406,30689,V15_MASKFMCID2,FALSE,V15_mask,fmcid2,20689
806,409,30691,V15_MASKSCRATCH1,FALSE,V15_mask,scratch1,20691
806,410,30692,V15_MASKSCRATCH2,FALSE,V15_mask,scratch2,20692
806,411,30693,V15_MASKSCRATCH3,FALSE,V15_mask,scratch3,20693
806,412,30694,V15_MASKSCRATCH4,FALSE,V15_mask,scratch4,20694
806,413,30695,V15_MASKSCRATCH5,FALSE,V15_mask,scratch5,20695
806,414,30696,V15_MASKMETROCELL,FALSE,V15_mask,metroCell,20696
806,418,46606,V15_MASKNIKONSDR,FALSE,V15_mask,NikonSDR,36606
806,457,24255,V15_MASKDBOSDR,FALSE,V15_mask,DBOSDR,14255
806,479,24254,V15_MASKOPCID1,FALSE,V15_mask,opcID1,14254
806,480,24256,V15_MASKOPCID2,FALSE,V15_mask,opcID2,14256
806,488,24253,V15_MASKXROI,FALSE,V15_mask,xROI,14253
806,489,24252,V15_MASKYROI,FALSE,V15_mask,yROI,14252
807,0,30657,M16_MASKDRAWN,FALSE,M16_mask,drawing,20657
807,1,30658,M16_MASKKOR,FALSE,M16_mask,blockage,20658
807,51,30659,M16_MASKKGA,FALSE,M16_mask,keepGenAway,20659
807,301,30660,M16_MASKNOMECID,FALSE,M16_mask,noMECID,20660
807,302,30661,M16_MASKNOOPC,FALSE,M16_mask,noOPC,20661
807,303,30662,M16_MASKSRAFMINUS,FALSE,M16_mask,SRAFminus,20662
807,304,30663,M16_MASKSRAFPLUS,FALSE,M16_mask,SRAFplus,20663
807,404,30665,M16_MASKFRAME,FALSE,M16_mask,frameDrawing,20665
807,405,30666,M16_MASKFMCID,FALSE,M16_mask,fmcid,20666
807,406,30667,M16_MASKFMCID2,FALSE,M16_mask,fmcid2,20667
807,409,30669,M16_MASKSCRATCH1,FALSE,M16_mask,scratch1,20669
807,410,30670,M16_MASKSCRATCH2,FALSE,M16_mask,scratch2,20670
807,411,30671,M16_MASKSCRATCH3,FALSE,M16_mask,scratch3,20671
807,412,30672,M16_MASKSCRATCH4,FALSE,M16_mask,scratch4,20672
807,413,30673,M16_MASKSCRATCH5,FALSE,M16_mask,scratch5,20673
807,414,30674,M16_MASKMETROCELL,FALSE,M16_mask,metroCell,20674
807,418,46605,M16_MASKNIKONSDR,FALSE,M16_mask,NikonSDR,36605
807,479,30675,M16_MASKOPCID1,FALSE,M16_mask,opcID1,20675
807,480,30676,M16_MASKOPCID2,FALSE,M16_mask,opcID2,20676
807,488,24250,M16_MASKXROI,FALSE,M16_mask,xROI,14250
807,489,24251,M16_MASKYROI,FALSE,M16_mask,yROI,14251
823,0,57989,BNE_MASKDRAWN,FALSE,BNE_mask,drawing,47989
823,1,57991,BNE_MASKKOR,FALSE,BNE_mask,blockage,47991
823,18,57990,BNE_MASKTG,FALSE,BNE_mask,toSynDrawing,47990
823,301,58013,BNE_MASKNOMECID,FALSE,BNE_mask,noMECID,48013
823,302,58012,BNE_MASKNOOPC,FALSE,BNE_mask,noOPC,48012
823,303,57998,BNE_MASKSRAFMINUS,FALSE,BNE_mask,SRAFminus,47998
823,304,58004,BNE_MASKSRAFPLUS,FALSE,BNE_mask,SRAFplus,48004
823,316,57995,BNE_MASKMOSI,FALSE,BNE_mask,mosi,47995
823,317,58010,BNE_MASKGLASS,FALSE,BNE_mask,glass,48010
823,335,57988,BNE_MASKTSDRACTIVEIMPLANT,FALSE,BNE_mask,TSDRActiveImplant,47988
823,404,58002,BNE_MASKFRAME,FALSE,BNE_mask,frameDrawing,48002
823,405,57996,BNE_MASKFMCID,FALSE,BNE_mask,fmcid,47996
823,406,58009,BNE_MASKFMCID2,FALSE,BNE_mask,fmcid2,48009
823,409,57992,BNE_MASKSCRATCH1,FALSE,BNE_mask,scratch1,47992
823,410,58006,BNE_MASKSCRATCH2,FALSE,BNE_mask,scratch2,48006
823,411,57999,BNE_MASKSCRATCH3,FALSE,BNE_mask,scratch3,47999
823,412,58000,BNE_MASKSCRATCH4,FALSE,BNE_mask,scratch4,48000
823,413,58001,BNE_MASKSCRATCH5,FALSE,BNE_mask,scratch5,48001
823,414,57993,BNE_MASKMETROCELL,FALSE,BNE_mask,metroCell,47993
823,435,58007,BNE_MASKVMCID,FALSE,BNE_mask,VMCID,48007
823,436,57994,BNE_MASKHMCID,FALSE,BNE_mask,HMCID,47994
823,437,58003,BNE_MASKFAMCID,FALSE,BNE_mask,FAMCID,48003
823,438,57997,BNE_MASKPAMCID,FALSE,BNE_mask,PAMCID,47997
823,440,58005,BNE_MASKISOMCID,FALSE,BNE_mask,ISOMCID,48005
823,441,58008,BNE_MASKCBCMCID,FALSE,BNE_mask,CBCMCID,48008
823,453,57987,BNE_MASKPBBMCID,FALSE,BNE_mask,PBBMCID,47987
823,488,24321,BNE_MASKXROI,FALSE,BNE_mask,xROI,14321
823,489,24322,BNE_MASKYROI,FALSE,BNE_mask,yROI,14322
824,0,58017,BPE_MASKDRAWN,FALSE,BPE_mask,drawing,48017
824,1,58016,BPE_MASKKOR,FALSE,BPE_mask,blockage,48016
824,18,58018,BPE_MASKTG,FALSE,BPE_mask,toSynDrawing,48018
824,301,58019,BPE_MASKNOMECID,FALSE,BPE_mask,noMECID,48019
824,302,58032,BPE_MASKNOOPC,FALSE,BPE_mask,noOPC,48032
824,303,58033,BPE_MASKSRAFMINUS,FALSE,BPE_mask,SRAFminus,48033
824,304,58023,BPE_MASKSRAFPLUS,FALSE,BPE_mask,SRAFplus,48023
824,316,58036,BPE_MASKMOSI,FALSE,BPE_mask,mosi,48036
824,317,58024,BPE_MASKGLASS,FALSE,BPE_mask,glass,48024
824,335,58015,BPE_MASKTSDRACTIVEIMPLANT,FALSE,BPE_mask,TSDRActiveImplant,48015
824,404,58035,BPE_MASKFRAME,FALSE,BPE_mask,frameDrawing,48035
824,405,58029,BPE_MASKFMCID,FALSE,BPE_mask,fmcid,48029
824,406,58021,BPE_MASKFMCID2,FALSE,BPE_mask,fmcid2,48021
824,409,58025,BPE_MASKSCRATCH1,FALSE,BPE_mask,scratch1,48025
824,410,58030,BPE_MASKSCRATCH2,FALSE,BPE_mask,scratch2,48030
824,411,58031,BPE_MASKSCRATCH3,FALSE,BPE_mask,scratch3,48031
824,412,58038,BPE_MASKSCRATCH4,FALSE,BPE_mask,scratch4,48038
824,413,58039,BPE_MASKSCRATCH5,FALSE,BPE_mask,scratch5,48039
824,414,58027,BPE_MASKMETROCELL,FALSE,BPE_mask,metroCell,48027
824,435,58020,BPE_MASKVMCID,FALSE,BPE_mask,VMCID,48020
824,436,58034,BPE_MASKHMCID,FALSE,BPE_mask,HMCID,48034
824,437,58026,BPE_MASKFAMCID,FALSE,BPE_mask,FAMCID,48026
824,438,58022,BPE_MASKPAMCID,FALSE,BPE_mask,PAMCID,48022
824,440,58028,BPE_MASKISOMCID,FALSE,BPE_mask,ISOMCID,48028
824,441,58040,BPE_MASKCBCMCID,FALSE,BPE_mask,CBCMCID,48040
824,453,58014,BPE_MASKPBBMCID,FALSE,BPE_mask,PBBMCID,48014
824,488,24323,BPE_MASKXROI,FALSE,BPE_mask,xROI,14323
824,489,24324,BPE_MASKYROI,FALSE,BPE_mask,yROI,14324
829,0,58243,GCN_MASKDRAWN,FALSE,GCN_mask,drawing,48243
829,1,58236,GCN_MASKKOR,FALSE,GCN_mask,blockage,48236
829,51,58244,GCN_MASKKGA,FALSE,GCN_mask,keepGenAway,48244
829,301,58240,GCN_MASKNOMECID,FALSE,GCN_mask,noMECID,48240
829,302,58252,GCN_MASKNOOPC,FALSE,GCN_mask,noOPC,48252
829,303,58251,GCN_MASKSRAFMINUS,FALSE,GCN_mask,SRAFminus,48251
829,304,58249,GCN_MASKSRAFPLUS,FALSE,GCN_mask,SRAFplus,48249
829,311,65221,GCN_MASKTSDRMARK,FALSE,GCN_mask,TSDRmark,55221
829,387,58233,GCN_MASKTSDRACTIVEPATTERNID,FALSE,GCN_mask,TSDRActivePatternID,48233
829,404,58235,GCN_MASKFRAME,FALSE,GCN_mask,frameDrawing,48235
829,405,58245,GCN_MASKFMCID,FALSE,GCN_mask,fmcid,48245
829,406,58237,GCN_MASKFMCID2,FALSE,GCN_mask,fmcid2,48237
829,409,58250,GCN_MASKSCRATCH1,FALSE,GCN_mask,scratch1,48250
829,410,58247,GCN_MASKSCRATCH2,FALSE,GCN_mask,scratch2,48247
829,411,58246,GCN_MASKSCRATCH3,FALSE,GCN_mask,scratch3,48246
829,412,58241,GCN_MASKSCRATCH4,FALSE,GCN_mask,scratch4,48241
829,413,58239,GCN_MASKSCRATCH5,FALSE,GCN_mask,scratch5,48239
829,414,58238,GCN_MASKMETROCELL,FALSE,GCN_mask,metroCell,48238
829,418,58242,GCN_MASKNIKONSDR,FALSE,GCN_mask,NikonSDR,48242
829,479,58253,GCN_MASKOPCID1,FALSE,GCN_mask,opcID1,48253
829,480,58248,GCN_MASKOPCID2,FALSE,GCN_mask,opcID2,48248
829,488,58255,GCN_MASKXROI,FALSE,GCN_mask,xROI,48255
829,489,58254,GCN_MASKYROI,FALSE,GCN_mask,yROI,48254
829,490,21682,GCN_MASKDCCDSIZE,FALSE,GCN_mask,dccdSize,11682
829,601,11638,GCN_MASKSDRID,FALSE,GCN_mask,sdrid,1638
833,0,59651,EBC_MASKDRAWN,FALSE,EBC_mask,drawing,49651
833,1,59662,EBC_MASKKOR,FALSE,EBC_mask,blockage,49662
833,40,13768,EBC_MASKID1,FALSE,EBC_mask,id1,3768
833,41,13769,EBC_MASKID2,FALSE,EBC_mask,id2,3769
833,42,13776,EBC_MASKID3,FALSE,EBC_mask,id3,3776
833,43,13777,EBC_MASKID4,FALSE,EBC_mask,id4,3777
833,51,59652,EBC_MASKKGA,FALSE,EBC_mask,keepGenAway,49652
833,301,59660,EBC_MASKNOMECID,FALSE,EBC_mask,noMECID,49660
833,302,59646,EBC_MASKNOOPC,FALSE,EBC_mask,noOPC,49646
833,303,59661,EBC_MASKSRAFMINUS,FALSE,EBC_mask,SRAFminus,49661
833,304,59656,EBC_MASKSRAFPLUS,FALSE,EBC_mask,SRAFplus,49656
833,316,59672,EBC_MASKFO,FALSE,EBC_mask,frameOnly,49672
833,324,59670,EBC_MASKTSDRACTIVE,FALSE,EBC_mask,TSDRActive,49670
833,325,59671,EBC_MASKTSDRTRANSITION,FALSE,EBC_mask,TSDRTransition,49671
833,329,59668,EBC_MASKTSDRACTIVESPECIAL,FALSE,EBC_mask,TSDRActiveSpecial,49668
833,333,11455,EBC_MASKTSDRACTIVECDID,FALSE,EBC_mask,TSDRActiveCDID,1455
833,364,13782,EBC_MASKTSDRTRANSITION1,FALSE,EBC_mask,TSDRTransition1,3782
833,365,13783,EBC_MASKTSDRTRANSITION2,FALSE,EBC_mask,TSDRTransition2,3783
833,366,13784,EBC_MASKTSDRTRANSITION3,FALSE,EBC_mask,TSDRTransition3,3784
833,367,13785,EBC_MASKTSDRTRANSITION4,FALSE,EBC_mask,TSDRTransition4,3785
833,372,11454,EBC_MASKTSDRACTIVEMISREGID,FALSE,EBC_mask,TSDRActiveMisregID,1454
833,404,59654,EBC_MASKFRAME,FALSE,EBC_mask,frameDrawing,49654
833,405,59648,EBC_MASKFMCID,FALSE,EBC_mask,fmcid,49648
833,406,59658,EBC_MASKFMCID2,FALSE,EBC_mask,fmcid2,49658
833,409,59649,EBC_MASKSCRATCH1,FALSE,EBC_mask,scratch1,49649
833,410,59664,EBC_MASKSCRATCH2,FALSE,EBC_mask,scratch2,49664
833,411,59657,EBC_MASKSCRATCH3,FALSE,EBC_mask,scratch3,49657
833,412,59647,EBC_MASKSCRATCH4,FALSE,EBC_mask,scratch4,49647
833,413,59663,EBC_MASKSCRATCH5,FALSE,EBC_mask,scratch5,49663
833,414,59655,EBC_MASKMETROCELL,FALSE,EBC_mask,metroCell,49655
833,418,59659,EBC_MASKNIKONSDR,FALSE,EBC_mask,NikonSDR,49659
833,479,59653,EBC_MASKOPCID1,FALSE,EBC_mask,opcID1,49653
833,480,59650,EBC_MASKOPCID2,FALSE,EBC_mask,opcID2,49650
833,488,59666,EBC_MASKXROI,FALSE,EBC_mask,xROI,49666
833,489,59667,EBC_MASKYROI,FALSE,EBC_mask,yROI,49667
833,561,59669,EBC_MASKTSDRWIDEDIODE,FALSE,EBC_mask,TSDRWidediode,49669
844,0,18603,VTH_MASKDRAWN,FALSE,VTH_mask,drawing,8603
844,1,18604,VTH_MASKKOR,FALSE,VTH_mask,blockage,8604
844,51,18605,VTH_MASKKGA,FALSE,VTH_mask,keepGenAway,8605
844,301,18606,VTH_MASKNOMECID,FALSE,VTH_mask,noMECID,8606
844,302,18607,VTH_MASKNOOPC,FALSE,VTH_mask,noOPC,8607
844,303,18608,VTH_MASKSRAFMINUS,FALSE,VTH_mask,SRAFminus,8608
844,304,18609,VTH_MASKSRAFPLUS,FALSE,VTH_mask,SRAFplus,8609
844,404,18611,VTH_MASKFRAME,FALSE,VTH_mask,frameDrawing,8611
844,405,18612,VTH_MASKFMCID,FALSE,VTH_mask,fmcid,8612
844,406,18613,VTH_MASKFMCID2,FALSE,VTH_mask,fmcid2,8613
844,409,18614,VTH_MASKSCRATCH1,FALSE,VTH_mask,scratch1,8614
844,410,18615,VTH_MASKSCRATCH2,FALSE,VTH_mask,scratch2,8615
844,411,18616,VTH_MASKSCRATCH3,FALSE,VTH_mask,scratch3,8616
844,412,18617,VTH_MASKSCRATCH4,FALSE,VTH_mask,scratch4,8617
844,413,18618,VTH_MASKSCRATCH5,FALSE,VTH_mask,scratch5,8618
844,414,18619,VTH_MASKMETROCELL,FALSE,VTH_mask,metroCell,8619
844,418,18620,VTH_MASKNIKONSDR,FALSE,VTH_mask,NikonSDR,8620
844,479,18621,VTH_MASKOPCID1,FALSE,VTH_mask,opcID1,8621
844,480,18622,VTH_MASKOPCID2,FALSE,VTH_mask,opcID2,8622
844,488,18623,VTH_MASKXROI,FALSE,VTH_mask,xROI,8623
844,601,60559,VTH_MASKSDRID,FALSE,VTH_mask,sdrid,50559
845,0,18703,VGH_MASKDRAWN,FALSE,VGH_mask,drawing,8703
845,1,18704,VGH_MASKKOR,FALSE,VGH_mask,blockage,8704
845,51,18705,VGH_MASKKGA,FALSE,VGH_mask,keepGenAway,8705
845,301,18706,VGH_MASKNOMECID,FALSE,VGH_mask,noMECID,8706
845,302,18707,VGH_MASKNOOPC,FALSE,VGH_mask,noOPC,8707
845,303,18708,VGH_MASKSRAFMINUS,FALSE,VGH_mask,SRAFminus,8708
845,304,18709,VGH_MASKSRAFPLUS,FALSE,VGH_mask,SRAFplus,8709
845,404,18711,VGH_MASKFRAME,FALSE,VGH_mask,frameDrawing,8711
845,405,18712,VGH_MASKFMCID,FALSE,VGH_mask,fmcid,8712
845,406,18713,VGH_MASKFMCID2,FALSE,VGH_mask,fmcid2,8713
845,409,18714,VGH_MASKSCRATCH1,FALSE,VGH_mask,scratch1,8714
845,410,18715,VGH_MASKSCRATCH2,FALSE,VGH_mask,scratch2,8715
845,411,18716,VGH_MASKSCRATCH3,FALSE,VGH_mask,scratch3,8716
845,412,18717,VGH_MASKSCRATCH4,FALSE,VGH_mask,scratch4,8717
845,413,18718,VGH_MASKSCRATCH5,FALSE,VGH_mask,scratch5,8718
845,414,18719,VGH_MASKMETROCELL,FALSE,VGH_mask,metroCell,8719
845,418,18720,VGH_MASKNIKONSDR,FALSE,VGH_mask,NikonSDR,8720
845,479,18721,VGH_MASKOPCID1,FALSE,VGH_mask,opcID1,8721
845,480,18722,VGH_MASKOPCID2,FALSE,VGH_mask,opcID2,8722
845,488,18723,VGH_MASKXROI,FALSE,VGH_mask,xROI,8723
845,489,18724,VGH_MASKYROI,FALSE,VGH_mask,yROI,8724
845,601,60560,VGH_MASKSDRID,FALSE,VGH_mask,sdrid,50560
862,0,62528,MA1_MASKDRAWN,FALSE,MA1_mask,drawing,52528
862,1,62527,MA1_MASKKOR,FALSE,MA1_mask,blockage,52527
862,51,62529,MA1_MASKKGA,FALSE,MA1_mask,keepGenAway,52529
862,301,62518,MA1_MASKNOMECID,FALSE,MA1_mask,noMECID,52518
862,302,62517,MA1_MASKNOOPC,FALSE,MA1_mask,noOPC,52517
862,303,62515,MA1_MASKSRAFMINUS,FALSE,MA1_mask,SRAFminus,52515
862,304,62514,MA1_MASKSRAFPLUS,FALSE,MA1_mask,SRAFplus,52514
862,311,65216,MA1_MASKTSDRMARK,FALSE,MA1_mask,TSDRmark,55216
862,316,62410,MA1_MASKFO,FALSE,MA1_mask,frameOnly,52410
862,404,62526,MA1_MASKFRAME,FALSE,MA1_mask,frameDrawing,52526
862,405,62522,MA1_MASKFMCID,FALSE,MA1_mask,fmcid,52522
862,406,62521,MA1_MASKFMCID2,FALSE,MA1_mask,fmcid2,52521
862,409,62519,MA1_MASKSCRATCH1,FALSE,MA1_mask,scratch1,52519
862,410,62524,MA1_MASKSCRATCH2,FALSE,MA1_mask,scratch2,52524
862,411,62530,MA1_MASKSCRATCH3,FALSE,MA1_mask,scratch3,52530
862,412,62532,MA1_MASKSCRATCH4,FALSE,MA1_mask,scratch4,52532
862,413,62520,MA1_MASKSCRATCH5,FALSE,MA1_mask,scratch5,52520
862,414,62531,MA1_MASKMETROCELL,FALSE,MA1_mask,metroCell,52531
862,418,62523,MA1_MASKNIKONSDR,FALSE,MA1_mask,NikonSDR,52523
862,479,62513,MA1_MASKIPCID1,FALSE,MA1_mask,opcID1,52513
862,480,62512,MA1_MASKIPCID2,FALSE,MA1_mask,opcID2,52512
862,488,62511,MA1_MASKXROI,FALSE,MA1_mask,xROI,52511
862,489,62510,MA1_MASKYROI,FALSE,MA1_mask,yROI,52510
862,490,63051,MA1_MASKTSDRVCGROUNDPGD,FALSE,MA1_mask,TSDRVCgroundPGD,53051
862,491,63050,MA1_MASKTSDRVCGROUNDOGD,FALSE,MA1_mask,TSDRVCgroundOGD,53050
871,0,61573,CE1_MASKDRAWN,FALSE,CE1_mask,drawing,51573
871,1,61572,CE1_MASKKOR,FALSE,CE1_mask,blockage,51572
871,51,61571,CE1_MASKKGA,FALSE,CE1_mask,keepGenAway,51571
871,301,61570,CE1_MASKNOMECID,FALSE,CE1_mask,noMECID,51570
871,302,61569,CE1_MASKNOOPC,FALSE,CE1_mask,noOPC,51569
871,303,61568,CE1_MASKSRAFMINUS,FALSE,CE1_mask,SRAFminus,51568
871,304,61567,CE1_MASKSRAFPLUS,FALSE,CE1_mask,SRAFplus,51567
871,316,61566,CE1_MASKFO,FALSE,CE1_mask,frameOnly,51566
871,317,61565,CE1_MASKFOH,FALSE,CE1_mask,frameOnlyHole,51565
871,404,61564,CE1_MASKFRAME,FALSE,CE1_mask,frameDrawing,51564
871,405,61563,CE1_MASKFMCID,FALSE,CE1_mask,fmcid,51563
871,406,61562,CE1_MASKFMCID2,FALSE,CE1_mask,fmcid2,51562
871,409,61561,CE1_MASKSCRATCH1,FALSE,CE1_mask,scratch1,51561
871,410,61560,CE1_MASKSCRATCH2,FALSE,CE1_mask,scratch2,51560
871,411,61559,CE1_MASKSCRATCH3,FALSE,CE1_mask,scratch3,51559
871,412,61558,CE1_MASKSCRATCH4,FALSE,CE1_mask,scratch4,51558
871,413,61557,CE1_MASKSCRATCH5,FALSE,CE1_mask,scratch5,51557
871,414,61556,CE1_MASKMETROCELL,FALSE,CE1_mask,metroCell,51556
871,418,61555,CE1_MASKNIKONSDR,FALSE,CE1_mask,NikonSDR,51555
871,479,61554,CE1_MASKOPCID1,FALSE,CE1_mask,opcID1,51554
871,480,61553,CE1_MASKOPCID2,FALSE,CE1_mask,opcID2,51553
871,488,61552,CE1_MASKXROI,FALSE,CE1_mask,xROI,51552
871,489,61551,CE1_MASKYROI,FALSE,CE1_mask,yROI,51551
872,0,61550,CE2_MASKDRAWN,FALSE,CE2_mask,drawing,51550
872,1,61549,CE2_MASKKOR,FALSE,CE2_mask,blockage,51549
872,51,61548,CE2_MASKKGA,FALSE,CE2_mask,keepGenAway,51548
872,301,61547,CE2_MASKNOMECID,FALSE,CE2_mask,noMECID,51547
872,302,61546,CE2_MASKNOOPC,FALSE,CE2_mask,noOPC,51546
872,303,61545,CE2_MASKSRAFMINUS,FALSE,CE2_mask,SRAFminus,51545
872,304,61544,CE2_MASKSRAFPLUS,FALSE,CE2_mask,SRAFplus,51544
872,316,61543,CE2_MASKFO,FALSE,CE2_mask,frameOnly,51543
872,317,61542,CE2_MASKFOH,FALSE,CE2_mask,frameOnlyHole,51542
872,404,61541,CE2_MASKFRAME,FALSE,CE2_mask,frameDrawing,51541
872,405,61540,CE2_MASKFMCID,FALSE,CE2_mask,fmcid,51540
872,406,61539,CE2_MASKFMCID2,FALSE,CE2_mask,fmcid2,51539
872,409,61538,CE2_MASKSCRATCH1,FALSE,CE2_mask,scratch1,51538
872,410,61537,CE2_MASKSCRATCH2,FALSE,CE2_mask,scratch2,51537
872,411,61536,CE2_MASKSCRATCH3,FALSE,CE2_mask,scratch3,51536
872,412,61535,CE2_MASKSCRATCH4,FALSE,CE2_mask,scratch4,51535
872,413,61534,CE2_MASKSCRATCH5,FALSE,CE2_mask,scratch5,51534
872,414,61533,CE2_MASKMETROCELL,FALSE,CE2_mask,metroCell,51533
872,418,61532,CE2_MASKNIKONSDR,FALSE,CE2_mask,NikonSDR,51532
872,479,61531,CE2_MASKOPCID1,FALSE,CE2_mask,opcID1,51531
872,480,61530,CE2_MASKOPCID2,FALSE,CE2_mask,opcID2,51530
872,488,61529,CE2_MASKXROI,FALSE,CE2_mask,xROI,51529
872,489,61528,CE2_MASKYROI,FALSE,CE2_mask,yROI,51528
873,0,61527,CE3_MASKDRAWN,FALSE,CE3_mask,drawing,51527
873,1,61526,CE3_MASKKOR,FALSE,CE3_mask,blockage,51526
873,51,61525,CE3_MASKKGA,FALSE,CE3_mask,keepGenAway,51525
873,301,61524,CE3_MASKNOMECID,FALSE,CE3_mask,noMECID,51524
873,302,61523,CE3_MASKNOOPC,FALSE,CE3_mask,noOPC,51523
873,303,61522,CE3_MASKSRAFMINUS,FALSE,CE3_mask,SRAFminus,51522
873,304,61521,CE3_MASKSRAFPLUS,FALSE,CE3_mask,SRAFplus,51521
873,316,61520,CE3_MASKFO,FALSE,CE3_mask,frameOnly,51520
873,317,61519,CE3_MASKFOH,FALSE,CE3_mask,frameOnlyHole,51519
873,404,61518,CE3_MASKFRAME,FALSE,CE3_mask,frameDrawing,51518
873,405,61517,CE3_MASKFMCID,FALSE,CE3_mask,fmcid,51517
873,406,61516,CE3_MASKFMCID2,FALSE,CE3_mask,fmcid2,51516
873,409,61515,CE3_MASKSCRATCH1,FALSE,CE3_mask,scratch1,51515
873,410,61514,CE3_MASKSCRATCH2,FALSE,CE3_mask,scratch2,51514
873,411,61513,CE3_MASKSCRATCH3,FALSE,CE3_mask,scratch3,51513
873,412,61512,CE3_MASKSCRATCH4,FALSE,CE3_mask,scratch4,51512
873,413,61511,CE3_MASKSCRATCH5,FALSE,CE3_mask,scratch5,51511
873,414,61510,CE3_MASKMETROCELL,FALSE,CE3_mask,metroCell,51510
873,418,61509,CE3_MASKNIKONSDR,FALSE,CE3_mask,NikonSDR,51509
873,479,61508,CE3_MASKOPCID1,FALSE,CE3_mask,opcID1,51508
873,480,61507,CE3_MASKOPCID2,FALSE,CE3_mask,opcID2,51507
873,488,61506,CE3_MASKXROI,FALSE,CE3_mask,xROI,51506
873,489,61505,CE3_MASKYROI,FALSE,CE3_mask,yROI,51505
874,0,61373,JVV_MASKDRAWN,FALSE,JVV_mask,drawing,51373
874,1,61372,JVV_MASKKOR,FALSE,JVV_mask,blockage,51372
874,51,61371,JVV_MASKKGA,FALSE,JVV_mask,keepGenAway,51371
874,301,61370,JVV_MASKNOMECID,FALSE,JVV_mask,noMECID,51370
874,302,61369,JVV_MASKNOOPC,FALSE,JVV_mask,noOPC,51369
874,303,61368,JVV_MASKSRAFMINUS,FALSE,JVV_mask,SRAFminus,51368
874,304,61367,JVV_MASKSRAFPLUS,FALSE,JVV_mask,SRAFplus,51367
874,404,61365,JVV_MASKFRAME,FALSE,JVV_mask,frameDrawing,51365
874,405,61364,JVV_MASKFMCID,FALSE,JVV_mask,fmcid,51364
874,406,61363,JVV_MASKFMCID2,FALSE,JVV_mask,fmcid2,51363
874,409,61362,JVV_MASKSCRATCH1,FALSE,JVV_mask,scratch1,51362
874,410,61361,JVV_MASKSCRATCH2,FALSE,JVV_mask,scratch2,51361
874,411,61345,JVV_MASKSCRATCH3,FALSE,JVV_mask,scratch3,51345
874,412,61323,JVV_MASKSCRATCH4,FALSE,JVV_mask,scratch4,51323
874,413,61322,JVV_MASKSCRATCH5,FALSE,JVV_mask,scratch5,51322
874,414,61321,JVV_MASKMETROCELL,FALSE,JVV_mask,metroCell,51321
874,418,61320,JVV_MASKNIKONSDR,FALSE,JVV_mask,NikonSDR,51320
874,457,61319,JVV_MASKDBOSDR,FALSE,JVV_mask,DBOSDR,51319
874,479,61318,JVV_MASKOPCID1,FALSE,JVV_mask,opcID1,51318
874,480,61317,JVV_MASKOPCID2,FALSE,JVV_mask,opcID2,51317
874,488,61316,JVV_MASKXROI,FALSE,JVV_mask,xROI,51316
874,489,61315,JVV_MASKYROI,FALSE,JVV_mask,yROI,51315
875,0,61314,MV2DRAWN,FALSE,MV2_mask,drawing,51314
875,1,61313,MV2KOR,FALSE,MV2_mask,blockage,51313
875,18,61312,MV2TG,FALSE,MV2_mask,toSynDrawing,51312
875,51,61311,MV2KGA,FALSE,MV2_mask,keepGenAway,51311
875,301,61310,MV2NOMECID,FALSE,MV2_mask,noMECID,51310
875,302,61309,MV2NOOPC,FALSE,MV2_mask,noOPC,51309
875,303,61308,MV2SRAFMINUS,FALSE,MV2_mask,SRAFminus,51308
875,304,61307,MV2SRAFPLUS,FALSE,MV2_mask,SRAFplus,51307
875,326,61306,MV2TSDRRCWINGID,FALSE,MV2_mask,TSDRRCWingID,51306
875,327,61305,MV2TSDRWINGID,FALSE,MV2_mask,TSDRWingID,51305
875,404,61304,MV2FRAME,FALSE,MV2_mask,frameDrawing,51304
875,405,61303,MV2FMCID,FALSE,MV2_mask,fmcid,51303
875,406,61302,MV2FMCID2,FALSE,MV2_mask,fmcid2,51302
875,409,61301,MV2SCRATCH1,FALSE,MV2_mask,scratch1,51301
875,410,61300,MV2SCRATCH2,FALSE,MV2_mask,scratch2,51300
875,411,61299,MV2SCRATCH3,FALSE,MV2_mask,scratch3,51299
875,412,61298,MV2SCRATCH4,FALSE,MV2_mask,scratch4,51298
875,413,61297,MV2SCRATCH5,FALSE,MV2_mask,scratch5,51297
875,414,61296,MV2METROCELL,FALSE,MV2_mask,metroCell,51296
875,418,61295,MV2NIKONSDR,FALSE,MV2_mask,NikonSDR,51295
876,0,61504,CE4_MASKDRAWN,FALSE,CE4_mask,drawing,51504
876,1,61503,CE4_MASKKOR,FALSE,CE4_mask,blockage,51503
876,51,61502,CE4_MASKKGA,FALSE,CE4_mask,keepGenAway,51502
876,301,61501,CE4_MASKNOMECID,FALSE,CE4_mask,noMECID,51501
876,302,61500,CE4_MASKNOOPC,FALSE,CE4_mask,noOPC,51500
876,303,61499,CE4_MASKSRAFMINUS,FALSE,CE4_mask,SRAFminus,51499
876,304,61498,CE4_MASKSRAFPLUS,FALSE,CE4_mask,SRAFplus,51498
876,316,61497,CE4_MASKFO,FALSE,CE4_mask,frameOnly,51497
876,317,61496,CE4_MASKFOH,FALSE,CE4_mask,frameOnlyHole,51496
876,404,61495,CE4_MASKFRAME,FALSE,CE4_mask,frameDrawing,51495
876,405,61494,CE4_MASKFMCID,FALSE,CE4_mask,fmcid,51494
876,406,61493,CE4_MASKFMCID2,FALSE,CE4_mask,fmcid2,51493
876,409,61492,CE4_MASKSCRATCH1,FALSE,CE4_mask,scratch1,51492
876,410,61491,CE4_MASKSCRATCH2,FALSE,CE4_mask,scratch2,51491
876,411,61490,CE4_MASKSCRATCH3,FALSE,CE4_mask,scratch3,51490
876,412,61489,CE4_MASKSCRATCH4,FALSE,CE4_mask,scratch4,51489
876,413,61488,CE4_MASKSCRATCH5,FALSE,CE4_mask,scratch5,51488
876,414,61487,CE4_MASKMETROCELL,FALSE,CE4_mask,metroCell,51487
876,418,61486,CE4_MASKNIKONSDR,FALSE,CE4_mask,NikonSDR,51486
876,479,61485,CE4_MASKOPCID1,FALSE,CE4_mask,opcID1,51485
876,480,61484,CE4_MASKOPCID2,FALSE,CE4_mask,opcID2,51484
876,488,61483,CE4_MASKXROI,FALSE,CE4_mask,xROI,51483
876,489,61482,CE4_MASKYROI,FALSE,CE4_mask,yROI,51482
877,0,58779,MT0_MASKDRAWN,FALSE,MT0_mask,drawing,48779
877,1,58780,MT0_MASKKOR,FALSE,MT0_mask,blockage,48780
877,51,58786,MT0_MASKKGA,FALSE,MT0_mask,keepGenAway,48786
877,301,58773,MT0_MASKNOMECID,FALSE,MT0_mask,noMECID,48773
877,302,58768,MT0_MASKNOOPC,FALSE,MT0_mask,noOPC,48768
877,303,58782,MT0_MASKSRAFMINUS,FALSE,MT0_mask,SRAFminus,48782
877,304,58781,MT0_MASKSRAFPLUS,FALSE,MT0_mask,SRAFplus,48781
877,404,58770,MT0_MASKFRAME,FALSE,MT0_mask,frameDrawing,48770
877,405,58784,MT0_MASKFMCID,FALSE,MT0_mask,fmcid,48784
877,406,58778,MT0_MASKFMCID2,FALSE,MT0_mask,fmcid2,48778
877,409,58783,MT0_MASKSCRATCH1,FALSE,MT0_mask,scratch1,48783
877,410,58775,MT0_MASKSCRATCH2,FALSE,MT0_mask,scratch2,48775
877,411,58774,MT0_MASKSCRATCH3,FALSE,MT0_mask,scratch3,48774
877,412,58771,MT0_MASKSCRATCH4,FALSE,MT0_mask,scratch4,48771
877,413,58769,MT0_MASKSCRATCH5,FALSE,MT0_mask,scratch5,48769
877,414,58787,MT0_MASKMETROCELL,FALSE,MT0_mask,metroCell,48787
877,418,58777,MT0_MASKNIKONSDR,FALSE,MT0_mask,NikonSDR,48777
877,479,58785,MT0_MASKOPCID1,FALSE,MT0_mask,opcID1,48785
877,480,58772,MT0_MASKOPCID2,FALSE,MT0_mask,opcID2,48772
877,488,58767,MT0_MASKXROI,FALSE,MT0_mask,xROI,48767
877,489,58766,MT0_MASKYROI,FALSE,MT0_mask,yROI,48766
878,0,62961,BDE_MASKDRAWN,FALSE,BDE_mask,drawing,52961
878,1,62962,BDE_MASKKOR,FALSE,BDE_mask,blockage,52962
878,51,62963,BDE_MASKKGA,FALSE,BDE_mask,keepGenAway,52963
878,301,62964,BDE_MASKNOMECID,FALSE,BDE_mask,noMECID,52964
878,302,62965,BDE_MASKNOOPC,FALSE,BDE_mask,noOPC,52965
878,303,62966,BDE_MASKSRAFMINUS,FALSE,BDE_mask,SRAFminus,52966
878,304,62967,BDE_MASKSRAFPLUS,FALSE,BDE_mask,SRAFplus,52967
878,325,62968,BDE_MASKTSDRTRANSITION,FALSE,BDE_mask,TSDRTransition,52968
878,330,62969,BDE_MASKTSDRACTIVETE,FALSE,BDE_mask,TSDRActiveETE,52969
878,404,62971,BDE_MASKFRAME,FALSE,BDE_mask,frameDrawing,52971
878,405,62972,BDE_MASKFMCID,FALSE,BDE_mask,fmcid,52972
878,406,62973,BDE_MASKFMCID2,FALSE,BDE_mask,fmcid2,52973
878,409,62974,BDE_MASKSCRATCH1,FALSE,BDE_mask,scratch1,52974
878,410,62975,BDE_MASKSCRATCH2,FALSE,BDE_mask,scratch2,52975
878,411,62976,BDE_MASKSCRATCH3,FALSE,BDE_mask,scratch3,52976
878,412,62977,BDE_MASKSCRATCH4,FALSE,BDE_mask,scratch4,52977
878,413,62978,BDE_MASKSCRATCH5,FALSE,BDE_mask,scratch5,52978
878,414,62979,BDE_MASKMETROCELL,FALSE,BDE_mask,metroCell,52979
878,418,62980,BDE_MASKNIKONSDR,FALSE,BDE_mask,NikonSDR,52980
878,479,62981,BDE_MASKOPCID1,FALSE,BDE_mask,opcID1,52981
878,480,62982,BDE_MASKOPCID2,FALSE,BDE_mask,opcID2,52982
878,488,62983,BDE_MASKXROI,FALSE,BDE_mask,xROI,52983
878,489,62984,BDE_MASKYROI,FALSE,BDE_mask,yROI,52984
879,0,37100,BSX_MASKDRAWN,FALSE,BSX_mask,drawing,27100
879,1,37092,BSX_MASKKOR,FALSE,BSX_mask,blockage,27092
879,51,37098,BSX_MASKKGA,FALSE,BSX_mask,keepGenAway,27098
879,301,37108,BSX_MASKNOMECID,FALSE,BSX_mask,noMECID,27108
879,302,37102,BSX_MASKNOOPC,FALSE,BSX_mask,noOPC,27102
879,303,37094,BSX_MASKSRAFMINUS,FALSE,BSX_mask,SRAFminus,27094
879,304,37105,BSX_MASKSRAFPLUS,FALSE,BSX_mask,SRAFplus,27105
879,316,37097,BSX_MASKFO,FALSE,BSX_mask,frameOnly,27097
879,317,37090,BSX_MASKFOH,FALSE,BSX_mask,frameOnlyHole,27090
879,404,37091,BSX_MASKFRAME,FALSE,BSX_mask,frameDrawing,27091
879,405,37103,BSX_MASKFMCID,FALSE,BSX_mask,fmcid,27103
879,406,37095,BSX_MASKFMCID2,FALSE,BSX_mask,fmcid2,27095
879,409,37106,BSX_MASKSCRATCH1,FALSE,BSX_mask,scratch1,27106
879,410,37096,BSX_MASKSCRATCH2,FALSE,BSX_mask,scratch2,27096
879,411,37107,BSX_MASKSCRATCH3,FALSE,BSX_mask,scratch3,27107
879,412,37099,BSX_MASKSCRATCH4,FALSE,BSX_mask,scratch4,27099
879,413,37109,BSX_MASKSCRATCH5,FALSE,BSX_mask,scratch5,27109
879,414,37101,BSX_MASKMETROCELL,FALSE,BSX_mask,metroCell,27101
879,418,37093,BSX_MASKNIKONSDR,FALSE,BSX_mask,NikonSDR,27093
879,479,37089,BSX_MASKOPCID1,FALSE,BSX_mask,opcID1,27089
879,480,37088,BSX_MASKOPCID2,FALSE,BSX_mask,opcID2,27088
879,488,37087,BSX_MASKXROI,FALSE,BSX_mask,xROI,27087
879,489,37086,BSX_MASKYROI,FALSE,BSX_mask,yROI,27086
880,0,61481,CE5_MASKDRAWN,FALSE,CE5_mask,drawing,51481
880,1,61480,CE5_MASKKOR,FALSE,CE5_mask,blockage,51480
880,51,61479,CE5_MASKKGA,FALSE,CE5_mask,keepGenAway,51479
880,301,61478,CE5_MASKNOMECID,FALSE,CE5_mask,noMECID,51478
880,302,61477,CE5_MASKNOOPC,FALSE,CE5_mask,noOPC,51477
880,303,61476,CE5_MASKSRAFMINUS,FALSE,CE5_mask,SRAFminus,51476
880,304,61475,CE5_MASKSRAFPLUS,FALSE,CE5_mask,SRAFplus,51475
880,316,61474,CE5_MASKFO,FALSE,CE5_mask,frameOnly,51474
880,317,61473,CE5_MASKFOH,FALSE,CE5_mask,frameOnlyHole,51473
880,404,61472,CE5_MASKFRAME,FALSE,CE5_mask,frameDrawing,51472
880,405,61471,CE5_MASKFMCID,FALSE,CE5_mask,fmcid,51471
880,406,61470,CE5_MASKFMCID2,FALSE,CE5_mask,fmcid2,51470
880,409,61469,CE5_MASKSCRATCH1,FALSE,CE5_mask,scratch1,51469
880,410,61468,CE5_MASKSCRATCH2,FALSE,CE5_mask,scratch2,51468
880,411,61467,CE5_MASKSCRATCH3,FALSE,CE5_mask,scratch3,51467
880,412,61466,CE5_MASKSCRATCH4,FALSE,CE5_mask,scratch4,51466
880,413,61465,CE5_MASKSCRATCH5,FALSE,CE5_mask,scratch5,51465
880,414,61464,CE5_MASKMETROCELL,FALSE,CE5_mask,metroCell,51464
880,418,61463,CE5_MASKNIKONSDR,FALSE,CE5_mask,NikonSDR,51463
880,479,61462,CE5_MASKOPCID1,FALSE,CE5_mask,opcID1,51462
880,480,61461,CE5_MASKOPCID2,FALSE,CE5_mask,opcID2,51461
880,488,61460,CE5_MASKXROI,FALSE,CE5_mask,xROI,51460
880,489,61459,CE5_MASKYROI,FALSE,CE5_mask,yROI,51459
881,0,61458,CE6_MASKDRAWN,FALSE,CE6_mask,drawing,51458
881,1,61457,CE6_MASKKOR,FALSE,CE6_mask,blockage,51457
881,51,61456,CE6_MASKKGA,FALSE,CE6_mask,keepGenAway,51456
881,301,61455,CE6_MASKNOMECID,FALSE,CE6_mask,noMECID,51455
881,302,61454,CE6_MASKNOOPC,FALSE,CE6_mask,noOPC,51454
881,303,61453,CE6_MASKSRAFMINUS,FALSE,CE6_mask,SRAFminus,51453
881,304,61452,CE6_MASKSRAFPLUS,FALSE,CE6_mask,SRAFplus,51452
881,316,61451,CE6_MASKFO,FALSE,CE6_mask,frameOnly,51451
881,317,61450,CE6_MASKFOH,FALSE,CE6_mask,frameOnlyHole,51450
881,404,61449,CE6_MASKFRAME,FALSE,CE6_mask,frameDrawing,51449
881,405,61448,CE6_MASKFMCID,FALSE,CE6_mask,fmcid,51448
881,406,61447,CE6_MASKFMCID2,FALSE,CE6_mask,fmcid2,51447
881,409,61446,CE6_MASKSCRATCH1,FALSE,CE6_mask,scratch1,51446
881,410,61445,CE6_MASKSCRATCH2,FALSE,CE6_mask,scratch2,51445
881,411,61444,CE6_MASKSCRATCH3,FALSE,CE6_mask,scratch3,51444
881,412,61443,CE6_MASKSCRATCH4,FALSE,CE6_mask,scratch4,51443
881,413,61442,CE6_MASKSCRATCH5,FALSE,CE6_mask,scratch5,51442
881,414,61441,CE6_MASKMETROCELL,FALSE,CE6_mask,metroCell,51441
881,418,61440,CE6_MASKNIKONSDR,FALSE,CE6_mask,NikonSDR,51440
881,479,61439,CE6_MASKOPCID1,FALSE,CE6_mask,opcID1,51439
881,480,61438,CE6_MASKOPCID2,FALSE,CE6_mask,opcID2,51438
881,488,61437,CE6_MASKXROI,FALSE,CE6_mask,xROI,51437
881,489,61436,CE6_MASKYROI,FALSE,CE6_mask,yROI,51436
883,0,61294,UV4_MASKDRAWN,FALSE,UV4_mask,drawing,51294
883,1,61293,UV4_MASKKOR,FALSE,UV4_mask,blockage,51293
883,51,61292,UV4_MASKKGA,FALSE,UV4_mask,keepGenAway,51292
883,301,61291,UV4_MASKNOMECID,FALSE,UV4_mask,noMECID,51291
883,302,61290,UV4_MASKNOOPC,FALSE,UV4_mask,noOPC,51290
883,303,61289,UV4_MASKSRAFMINUS,FALSE,UV4_mask,SRAFminus,51289
883,304,61288,UV4_MASKSRAFPLUS,FALSE,UV4_mask,SRAFplus,51288
883,404,61287,UV4_MASKFRAME,FALSE,UV4_mask,frameDrawing,51287
883,405,61286,UV4_MASKFMCID,FALSE,UV4_mask,fmcid,51286
883,406,61285,UV4_MASKFMCID2,FALSE,UV4_mask,fmcid2,51285
883,409,61284,UV4_MASKSCRATCH1,FALSE,UV4_mask,scratch1,51284
883,410,61283,UV4_MASKSCRATCH2,FALSE,UV4_mask,scratch2,51283
883,411,61282,UV4_MASKSCRATCH3,FALSE,UV4_mask,scratch3,51282
883,412,61281,UV4_MASKSCRATCH4,FALSE,UV4_mask,scratch4,51281
883,413,61280,UV4_MASKSCRATCH5,FALSE,UV4_mask,scratch5,51280
883,414,61279,UV4_MASKMETROCELL,FALSE,UV4_mask,metroCell,51279
883,418,61278,UV4_MASKNIKONSDR,FALSE,UV4_mask,NikonSDR,51278
883,479,61277,UV4_MASKOPCID1,FALSE,UV4_mask,opcID1,51277
883,480,61276,UV4_MASKOPCID2,FALSE,UV4_mask,opcID2,51276
883,488,61275,UV4_MASKXROI,FALSE,UV4_mask,xROI,51275
883,489,61274,UV4_MASKYROI,FALSE,UV4_mask,yROI,51274
884,0,61273,UM5_MASKDRAWN,FALSE,UM5_mask,drawing,51273
884,1,61272,UM5_MASKKOR,FALSE,UM5_mask,blockage,51272
884,51,61271,UM5_MASKKGA,FALSE,UM5_mask,keepGenAway,51271
884,301,61270,UM5_MASKNOMECID,FALSE,UM5_mask,noMECID,51270
884,302,61269,UM5_MASKNOOPC,FALSE,UM5_mask,noOPC,51269
884,303,61268,UM5_MASKSRAFMINUS,FALSE,UM5_mask,SRAFminus,51268
884,304,61267,UM5_MASKSRAFPLUS,FALSE,UM5_mask,SRAFplus,51267
884,404,61266,UM5_MASKFRAME,FALSE,UM5_mask,frameDrawing,51266
884,405,61265,UM5_MASKFMCID,FALSE,UM5_mask,fmcid,51265
884,406,61264,UM5_MASKFMCID2,FALSE,UM5_mask,fmcid2,51264
884,409,61263,UM5_MASKSCRATCH1,FALSE,UM5_mask,scratch1,51263
884,410,61262,UM5_MASKSCRATCH2,FALSE,UM5_mask,scratch2,51262
884,411,61261,UM5_MASKSCRATCH3,FALSE,UM5_mask,scratch3,51261
884,412,61260,UM5_MASKSCRATCH4,FALSE,UM5_mask,scratch4,51260
884,413,61259,UM5_MASKSCRATCH5,FALSE,UM5_mask,scratch5,51259
884,414,61258,UM5_MASKMETROCELL,FALSE,UM5_mask,metroCell,51258
884,418,61257,UM5_MASKNIKONSDR,FALSE,UM5_mask,NikonSDR,51257
884,479,61256,UM5_MASKOPCID1,FALSE,UM5_mask,opcID1,51256
884,480,61255,UM5_MASKOPCID2,FALSE,UM5_mask,opcID2,51255
884,488,61254,UM5_MASKXROI,FALSE,UM5_mask,xROI,51254
884,489,61253,UM5_MASKYROI,FALSE,UM5_mask,yROI,51253
885,0,61189,UV5_MASKDRAWN,FALSE,UV5_mask,drawing,51189
885,1,61188,UV5_MASKKOR,FALSE,UV5_mask,blockage,51188
885,51,61187,UV5_MASKKGA,FALSE,UV5_mask,keepGenAway,51187
885,301,61186,UV5_MASKNOMECID,FALSE,UV5_mask,noMECID,51186
885,302,61185,UV5_MASKNOOPC,FALSE,UV5_mask,noOPC,51185
885,303,61184,UV5_MASKSRAFMINUS,FALSE,UV5_mask,SRAFminus,51184
885,304,61183,UV5_MASKSRAFPLUS,FALSE,UV5_mask,SRAFplus,51183
885,404,61182,UV5_MASKFRAME,FALSE,UV5_mask,frameDrawing,51182
885,405,61181,UV5_MASKFMCID,FALSE,UV5_mask,fmcid,51181
885,406,61180,UV5_MASKFMCID2,FALSE,UV5_mask,fmcid2,51180
885,409,61179,UV5_MASKSCRATCH1,FALSE,UV5_mask,scratch1,51179
885,410,61178,UV5_MASKSCRATCH2,FALSE,UV5_mask,scratch2,51178
885,411,61177,UV5_MASKSCRATCH3,FALSE,UV5_mask,scratch3,51177
885,412,61176,UV5_MASKSCRATCH4,FALSE,UV5_mask,scratch4,51176
885,413,61175,UV5_MASKSCRATCH5,FALSE,UV5_mask,scratch5,51175
885,414,61174,UV5_MASKMETROCELL,FALSE,UV5_mask,metroCell,51174
885,418,61173,UV5_MASKNIKONSDR,FALSE,UV5_mask,NikonSDR,51173
885,479,61172,UV5_MASKOPCID1,FALSE,UV5_mask,opcID1,51172
885,480,61171,UV5_MASKOPCID2,FALSE,UV5_mask,opcID2,51171
885,488,61170,UV5_MASKXROI,FALSE,UV5_mask,xROI,51170
885,489,61169,UV5_MASKYROI,FALSE,UV5_mask,yROI,51169
886,0,61252,UM6_MASKDRAWN,FALSE,UM6_mask,drawing,51252
886,1,61251,UM6_MASKKOR,FALSE,UM6_mask,blockage,51251
886,51,61250,UM6_MASKKGA,FALSE,UM6_mask,keepGenAway,51250
886,301,61249,UM6_MASKNOMECID,FALSE,UM6_mask,noMECID,51249
886,302,61248,UM6_MASKNOOPC,FALSE,UM6_mask,noOPC,51248
886,303,61247,UM6_MASKSRAFMINUS,FALSE,UM6_mask,SRAFminus,51247
886,304,61246,UM6_MASKSRAFPLUS,FALSE,UM6_mask,SRAFplus,51246
886,404,61245,UM6_MASKFRAME,FALSE,UM6_mask,frameDrawing,51245
886,405,61244,UM6_MASKFMCID,FALSE,UM6_mask,fmcid,51244
886,406,61243,UM6_MASKFMCID2,FALSE,UM6_mask,fmcid2,51243
886,409,61242,UM6_MASKSCRATCH1,FALSE,UM6_mask,scratch1,51242
886,410,61241,UM6_MASKSCRATCH2,FALSE,UM6_mask,scratch2,51241
886,411,61240,UM6_MASKSCRATCH3,FALSE,UM6_mask,scratch3,51240
886,412,61239,UM6_MASKSCRATCH4,FALSE,UM6_mask,scratch4,51239
886,413,61238,UM6_MASKSCRATCH5,FALSE,UM6_mask,scratch5,51238
886,414,61237,UM6_MASKMETROCELL,FALSE,UM6_mask,metroCell,51237
886,418,61236,UM6_MASKNIKONSDR,FALSE,UM6_mask,NikonSDR,51236
886,479,61235,UM6_MASKOPCID1,FALSE,UM6_mask,opcID1,51235
886,480,61234,UM6_MASKOPCID2,FALSE,UM6_mask,opcID2,51234
886,488,61233,UM6_MASKXROI,FALSE,UM6_mask,xROI,51233
886,489,61232,UM6_MASKYROI,FALSE,UM6_mask,yROI,51232
892,0,14566,V0H_MASKDRAWN,FALSE,V0H_mask,drawing,4566
892,1,14567,V0H_MASKKOR,FALSE,V0H_mask,blockage,4567
892,51,14568,V0H_MASKKGA,FALSE,V0H_mask,keepGenAway,4568
892,301,14569,V0H_MASKNOMECID,FALSE,V0H_mask,noMECID,4569
892,302,14570,V0H_MASKNOOPC,FALSE,V0H_mask,noOPC,4570
892,303,14571,V0H_MASKSRAFMINUS,FALSE,V0H_mask,SRAFminus,4571
892,304,14572,V0H_MASKSRAFPLUS,FALSE,V0H_mask,SRAFplus,4572
892,404,14574,V0H_MASKFRAME,FALSE,V0H_mask,frameDrawing,4574
892,405,14575,V0H_MASKFMCID,FALSE,V0H_mask,fmcid,4575
892,406,14576,V0H_MASKFMCID2,FALSE,V0H_mask,fmcid2,4576
892,409,14577,V0H_MASKSCRATCH1,FALSE,V0H_mask,scratch1,4577
892,410,14578,V0H_MASKSCRATCH2,FALSE,V0H_mask,scratch2,4578
892,411,14579,V0H_MASKSCRATCH3,FALSE,V0H_mask,scratch3,4579
892,412,14586,V0H_MASKSCRATCH4,FALSE,V0H_mask,scratch4,4586
892,413,14587,V0H_MASKSCRATCH5,FALSE,V0H_mask,scratch5,4587
892,414,14588,V0H_MASKMETROCELL,FALSE,V0H_mask,metroCell,4588
892,418,14589,V0H_MASKNIKONSDR,FALSE,V0H_mask,NikonSDR,4589
892,479,14596,V0H_MASKOPCID1,FALSE,V0H_mask,opcID1,4596
892,480,14597,V0H_MASKOPCID2,FALSE,V0H_mask,opcID2,4597
892,488,14598,V0H_MASKXROI,FALSE,V0H_mask,xROI,4598
892,489,14599,V0H_MASKYROI,FALSE,V0H_mask,yROI,4599
893,0,14600,V1A_MASKDRAWN,FALSE,V1A_mask,drawing,4600
893,1,15155,V1A_MASKKOR,FALSE,V1A_mask,blockage,5155
893,51,15162,V1A_MASKKGA,FALSE,V1A_mask,keepGenAway,5162
893,301,15163,V1A_MASKNOMECID,FALSE,V1A_mask,noMECID,5163
893,302,15169,V1A_MASKNOOPC,FALSE,V1A_mask,noOPC,5169
893,303,15174,V1A_MASKSRAFMINUS,FALSE,V1A_mask,SRAFminus,5174
893,304,15175,V1A_MASKSRAFPLUS,FALSE,V1A_mask,SRAFplus,5175
893,333,60966,V1A_MASKTSDRACTIVECDID,FALSE,V1A_mask,TSDRActiveCDID,50966
893,372,60062,V1B_MASKTSDRACTIVEMISREGID,FALSE,V1A_mask,TSDRActiveMisregID,50062
893,375,60972,V1A_MASKTSDRACTIVEMETALENCLOSEID,FALSE,V1A_mask,TSDRActiveMetalEncloseID,50972
893,404,15177,V1A_MASKFRAME,FALSE,V1A_mask,frameDrawing,5177
893,405,15281,V1A_MASKFMCID,FALSE,V1A_mask,fmcid,5281
893,406,15282,V1A_MASKFMCID2,FALSE,V1A_mask,fmcid2,5282
893,409,15993,V1A_MASKSCRATCH1,FALSE,V1A_mask,scratch1,5993
893,410,15994,V1A_MASKSCRATCH2,FALSE,V1A_mask,scratch2,5994
893,411,15995,V1A_MASKSCRATCH3,FALSE,V1A_mask,scratch3,5995
893,412,15996,V1A_MASKSCRATCH4,FALSE,V1A_mask,scratch4,5996
893,413,15997,V1A_MASKSCRATCH5,FALSE,V1A_mask,scratch5,5997
893,414,15998,V1A_MASKMETROCELL,FALSE,V1A_mask,metroCell,5998
893,418,15999,V1A_MASKNIKONSDR,FALSE,V1A_mask,NikonSDR,5999
893,479,16000,V1A_MASKOPCID1,FALSE,V1A_mask,opcID1,6000
893,480,16001,V1A_MASKOPCID2,FALSE,V1A_mask,opcID2,6001
893,488,16002,V1A_MASKXROI,FALSE,V1A_mask,xROI,6002
893,489,16003,V1A_MASKYROI,FALSE,V1A_mask,yROI,6003
894,0,16004,V1B_MASKDRAWN,FALSE,V1B_mask,drawing,6004
894,1,16005,V1B_MASKKOR,FALSE,V1B_mask,blockage,6005
894,51,16006,V1B_MASKKGA,FALSE,V1B_mask,keepGenAway,6006
894,301,16007,V1B_MASKNOMECID,FALSE,V1B_mask,noMECID,6007
894,302,16008,V1B_MASKNOOPC,FALSE,V1B_mask,noOPC,6008
894,303,16009,V1B_MASKSRAFMINUS,FALSE,V1B_mask,SRAFminus,6009
894,304,16010,V1B_MASKSRAFPLUS,FALSE,V1B_mask,SRAFplus,6010
894,333,60967,V1B_MASKTSDRACTIVECDID,FALSE,V1B_mask,TSDRActiveCDID,50967
894,372,60086,V1A_MASKTSDRACTIVEMISREGID,FALSE,V1B_mask,TSDRActiveMisregID,50086
894,375,60973,V1B_MASKTSDRACTIVEMETALENCLOSEID,FALSE,V1B_mask,TSDRActiveMetalEncloseID,50973
894,404,16012,V1B_MASKFRAME,FALSE,V1B_mask,frameDrawing,6012
894,405,16013,V1B_MASKFMCID,FALSE,V1B_mask,fmcid,6013
894,406,16014,V1B_MASKFMCID2,FALSE,V1B_mask,fmcid2,6014
894,409,16015,V1B_MASKSCRATCH1,FALSE,V1B_mask,scratch1,6015
894,410,16016,V1B_MASKSCRATCH2,FALSE,V1B_mask,scratch2,6016
894,411,16017,V1B_MASKSCRATCH3,FALSE,V1B_mask,scratch3,6017
894,412,16018,V1B_MASKSCRATCH4,FALSE,V1B_mask,scratch4,6018
894,413,16019,V1B_MASKSCRATCH5,FALSE,V1B_mask,scratch5,6019
894,414,16020,V1B_MASKMETROCELL,FALSE,V1B_mask,metroCell,6020
894,418,16021,V1B_MASKNIKONSDR,FALSE,V1B_mask,NikonSDR,6021
894,479,16022,V1B_MASKOPCID1,FALSE,V1B_mask,opcID1,6022
894,480,16023,V1B_MASKOPCID2,FALSE,V1B_mask,opcID2,6023
894,488,16024,V1B_MASKXROI,FALSE,V1B_mask,xROI,6024
894,489,16025,V1B_MASKYROI,FALSE,V1B_mask,yROI,6025
895,0,16026,V1H_MASKDRAWN,FALSE,V1H_mask,drawing,6026
895,1,16027,V1H_MASKKOR,FALSE,V1H_mask,blockage,6027
895,51,16028,V1H_MASKKGA,FALSE,V1H_mask,keepGenAway,6028
895,301,16029,V1H_MASKNOMECID,FALSE,V1H_mask,noMECID,6029
895,302,16030,V1H_MASKNOOPC,FALSE,V1H_mask,noOPC,6030
895,303,16031,V1H_MASKSRAFMINUS,FALSE,V1H_mask,SRAFminus,6031
895,304,16032,V1H_MASKSRAFPLUS,FALSE,V1H_mask,SRAFplus,6032
895,404,16034,V1H_MASKFRAME,FALSE,V1H_mask,frameDrawing,6034
895,405,16035,V1H_MASKFMCID,FALSE,V1H_mask,fmcid,6035
895,406,16036,V1H_MASKFMCID2,FALSE,V1H_mask,fmcid2,6036
895,409,16037,V1H_MASKSCRATCH1,FALSE,V1H_mask,scratch1,6037
895,410,16038,V1H_MASKSCRATCH2,FALSE,V1H_mask,scratch2,6038
895,411,16039,V1H_MASKSCRATCH3,FALSE,V1H_mask,scratch3,6039
895,412,16040,V1H_MASKSCRATCH4,FALSE,V1H_mask,scratch4,6040
895,413,16041,V1H_MASKSCRATCH5,FALSE,V1H_mask,scratch5,6041
895,414,16042,V1H_MASKMETROCELL,FALSE,V1H_mask,metroCell,6042
895,418,16043,V1H_MASKNIKONSDR,FALSE,V1H_mask,NikonSDR,6043
895,479,16044,V1H_MASKOPCID1,FALSE,V1H_mask,opcID1,6044
895,480,16045,V1H_MASKOPCID2,FALSE,V1H_mask,opcID2,6045
895,488,16046,V1H_MASKXROI,FALSE,V1H_mask,xROI,6046
895,489,16047,V1H_MASKYROI,FALSE,V1H_mask,yROI,6047
896,0,61168,UV6_MASKDRAWN,FALSE,UV6_mask,drawing,51168
896,1,61167,UV6_MASKKOR,FALSE,UV6_mask,blockage,51167
896,51,61166,UV6_MASKKGA,FALSE,UV6_mask,keepGenAway,51166
896,301,61165,UV6_MASKNOMECID,FALSE,UV6_mask,noMECID,51165
896,302,61164,UV6_MASKNOOPC,FALSE,UV6_mask,noOPC,51164
896,303,61163,UV6_MASKSRAFMINUS,FALSE,UV6_mask,SRAFminus,51163
896,304,61162,UV6_MASKSRAFPLUS,FALSE,UV6_mask,SRAFplus,51162
896,404,61161,UV6_MASKFRAME,FALSE,UV6_mask,frameDrawing,51161
896,405,61160,UV6_MASKFMCID,FALSE,UV6_mask,fmcid,51160
896,406,61159,UV6_MASKFMCID2,FALSE,UV6_mask,fmcid2,51159
896,409,61158,UV6_MASKSCRATCH1,FALSE,UV6_mask,scratch1,51158
896,410,61157,UV6_MASKSCRATCH2,FALSE,UV6_mask,scratch2,51157
896,411,61156,UV6_MASKSCRATCH3,FALSE,UV6_mask,scratch3,51156
896,412,61155,UV6_MASKSCRATCH4,FALSE,UV6_mask,scratch4,51155
896,413,61154,UV6_MASKSCRATCH5,FALSE,UV6_mask,scratch5,51154
896,414,61153,UV6_MASKMETROCELL,FALSE,UV6_mask,metroCell,51153
896,418,61152,UV6_MASKNIKONSDR,FALSE,UV6_mask,NikonSDR,51152
896,479,61151,UV6_MASKOPCID1,FALSE,UV6_mask,opcID1,51151
896,480,61150,UV6_MASKOPCID2,FALSE,UV6_mask,opcID2,51150
896,488,61149,UV6_MASKXROI,FALSE,UV6_mask,xROI,51149
896,489,61148,UV6_MASKYROI,FALSE,UV6_mask,yROI,51148
897,0,58716,BV4_MASKDRAWN,FALSE,BV4_mask,drawing,48716
897,1,58711,BV4_MASKKOR,FALSE,BV4_mask,blockage,48711
897,51,58714,BV4_MASKKGA,FALSE,BV4_mask,keepGenAway,48714
897,301,58701,BV4_MASKNOMECID,FALSE,BV4_mask,noMECID,48701
897,302,58709,BV4_MASKNOOPC,FALSE,BV4_mask,noOPC,48709
897,303,58707,BV4_MASKSRAFMINUS,FALSE,BV4_mask,SRAFminus,48707
897,304,58706,BV4_MASKSRAFPLUS,FALSE,BV4_mask,SRAFplus,48706
897,316,58699,BV4_MASKFO,FALSE,BV4_mask,frameOnly,48699
897,317,58705,BV4_MASKFOH,FALSE,BV4_mask,frameOnlyHole,48705
897,404,58715,BV4_MASKFRAME,FALSE,BV4_mask,frameDrawing,48715
897,405,58700,BV4_MASKFMCID,FALSE,BV4_mask,fmcid,48700
897,406,58708,BV4_MASKFMCID2,FALSE,BV4_mask,fmcid2,48708
897,409,58704,BV4_MASKSCRATCH1,FALSE,BV4_mask,scratch1,48704
897,410,58703,BV4_MASKSCRATCH2,FALSE,BV4_mask,scratch2,48703
897,411,58702,BV4_MASKSCRATCH3,FALSE,BV4_mask,scratch3,48702
897,412,58713,BV4_MASKSCRATCH4,FALSE,BV4_mask,scratch4,48713
897,413,58712,BV4_MASKSCRATCH5,FALSE,BV4_mask,scratch5,48712
897,414,58710,BV4_MASKMETROCELL,FALSE,BV4_mask,metroCell,48710
897,418,58698,BV4_MASKNIKONSDR,FALSE,BV4_mask,NikonSDR,48698
897,479,58697,BV4_MASKOPCID1,FALSE,BV4_mask,opcID1,48697
897,480,58696,BV4_MASKOPCID2,FALSE,BV4_mask,opcID2,48696
897,488,58695,BV4_MASKXROI,FALSE,BV4_mask,xROI,48695
897,489,58694,BV4_MASKYROI,FALSE,BV4_mask,yROI,48694
898,0,61231,UM7_MASKDRAWN,FALSE,UM7_mask,drawing,51231
898,1,61230,UM7_MASKKOR,FALSE,UM7_mask,blockage,51230
898,51,61229,UM7_MASKKGA,FALSE,UM7_mask,keepGenAway,51229
898,301,61228,UM7_MASKNOMECID,FALSE,UM7_mask,noMECID,51228
898,302,61227,UM7_MASKNOOPC,FALSE,UM7_mask,noOPC,51227
898,303,61226,UM7_MASKSRAFMINUS,FALSE,UM7_mask,SRAFminus,51226
898,304,61225,UM7_MASKSRAFPLUS,FALSE,UM7_mask,SRAFplus,51225
898,404,61224,UM7_MASKFRAME,FALSE,UM7_mask,frameDrawing,51224
898,405,61223,UM7_MASKFMCID,FALSE,UM7_mask,fmcid,51223
898,406,61222,UM7_MASKFMCID2,FALSE,UM7_mask,fmcid2,51222
898,409,61221,UM7_MASKSCRATCH1,FALSE,UM7_mask,scratch1,51221
898,410,61220,UM7_MASKSCRATCH2,FALSE,UM7_mask,scratch2,51220
898,411,61219,UM7_MASKSCRATCH3,FALSE,UM7_mask,scratch3,51219
898,412,61218,UM7_MASKSCRATCH4,FALSE,UM7_mask,scratch4,51218
898,413,61217,UM7_MASKSCRATCH5,FALSE,UM7_mask,scratch5,51217
898,414,61216,UM7_MASKMETROCELL,FALSE,UM7_mask,metroCell,51216
898,418,61215,UM7_MASKNIKONSDR,FALSE,UM7_mask,NikonSDR,51215
898,479,61214,UM7_MASKOPCID1,FALSE,UM7_mask,opcID1,51214
898,480,61213,UM7_MASKOPCID2,FALSE,UM7_mask,opcID2,51213
898,488,61212,UM7_MASKXROI,FALSE,UM7_mask,xROI,51212
898,489,61211,UM7_MASKYROI,FALSE,UM7_mask,yROI,51211
900,0,61147,UV7_MASKDRAWN,FALSE,UV7_mask,drawing,51147
900,1,61146,UV7_MASKKOR,FALSE,UV7_mask,blockage,51146
900,51,61145,UV7_MASKKGA,FALSE,UV7_mask,keepGenAway,51145
900,301,61144,UV7_MASKNOMECID,FALSE,UV7_mask,noMECID,51144
900,302,61143,UV7_MASKNOOPC,FALSE,UV7_mask,noOPC,51143
900,303,61142,UV7_MASKSRAFMINUS,FALSE,UV7_mask,SRAFminus,51142
900,304,61141,UV7_MASKSRAFPLUS,FALSE,UV7_mask,SRAFplus,51141
900,404,61140,UV7_MASKFRAME,FALSE,UV7_mask,frameDrawing,51140
900,405,61139,UV7_MASKFMCID,FALSE,UV7_mask,fmcid,51139
900,406,61138,UV7_MASKFMCID2,FALSE,UV7_mask,fmcid2,51138
900,409,61137,UV7_MASKSCRATCH1,FALSE,UV7_mask,scratch1,51137
900,410,61136,UV7_MASKSCRATCH2,FALSE,UV7_mask,scratch2,51136
900,411,61135,UV7_MASKSCRATCH3,FALSE,UV7_mask,scratch3,51135
900,412,61134,UV7_MASKSCRATCH4,FALSE,UV7_mask,scratch4,51134
900,413,61133,UV7_MASKSCRATCH5,FALSE,UV7_mask,scratch5,51133
900,414,61132,UV7_MASKMETROCELL,FALSE,UV7_mask,metroCell,51132
900,418,61131,UV7_MASKNIKONSDR,FALSE,UV7_mask,NikonSDR,51131
900,479,61130,UV7_MASKOPCID1,FALSE,UV7_mask,opcID1,51130
900,480,61129,UV7_MASKOPCID2,FALSE,UV7_mask,opcID2,51129
900,488,61128,UV7_MASKXROI,FALSE,UV7_mask,xROI,51128
900,489,61127,UV7_MASKYROI,FALSE,UV7_mask,yROI,51127
901,0,54446,VCX_MASKDRAWN,FALSE,VCX_mask,drawing,44446
901,1,54439,VCX_MASKKOR,FALSE,VCX_mask,blockage,44439
901,51,54447,VCX_MASKKGA,FALSE,VCX_mask,keepGenAway,44447
901,301,54443,VCX_MASKNOMECID,FALSE,VCX_mask,noMECID,44443
901,302,54455,VCX_MASKNOOPC,FALSE,VCX_mask,noOPC,44455
901,303,54454,VCX_MASKSRAFMINUS,FALSE,VCX_mask,SRAFminus,44454
901,304,54452,VCX_MASKSRAFPLUS,FALSE,VCX_mask,SRAFplus,44452
901,404,54438,VCX_MASKFRAME,FALSE,VCX_mask,frameDrawing,44438
901,405,54448,VCX_MASKFMCID,FALSE,VCX_mask,fmcid,44448
901,406,54440,VCX_MASKFMCID2,FALSE,VCX_mask,fmcid2,44440
901,409,54453,VCX_MASKSCRATCH1,FALSE,VCX_mask,scratch1,44453
901,410,54450,VCX_MASKSCRATCH2,FALSE,VCX_mask,scratch2,44450
901,411,54449,VCX_MASKSCRATCH3,FALSE,VCX_mask,scratch3,44449
901,412,54444,VCX_MASKSCRATCH4,FALSE,VCX_mask,scratch4,44444
901,413,54442,VCX_MASKSCRATCH5,FALSE,VCX_mask,scratch5,44442
901,414,54441,VCX_MASKMETROCELL,FALSE,VCX_mask,metroCell,44441
901,418,54445,VCX_MASKNIKONSDR,FALSE,VCX_mask,NikonSDR,44445
901,479,54456,VCX_MASKOPCID1,FALSE,VCX_mask,opcID1,44456
901,480,54451,VCX_MASKOPCID2,FALSE,VCX_mask,opcID2,44451
901,488,54457,VCX_MASKXROI,FALSE,VCX_mask,xROI,44457
901,489,54462,VCX_MASKYROI,FALSE,VCX_mask,yROI,44462
901,601,11640,VCX_MASKSDRID,FALSE,VCX_mask,sdrid,1640
902,0,58740,BM5_MASKDRAWN,FALSE,BM5_mask,drawing,48740
902,1,58728,BM5_MASKKOR,FALSE,BM5_mask,blockage,48728
902,51,58738,BM5_MASKKGA,FALSE,BM5_mask,keepGenAway,48738
902,301,58725,BM5_MASKNOMECID,FALSE,BM5_mask,noMECID,48725
902,302,58734,BM5_MASKNOOPC,FALSE,BM5_mask,noOPC,48734
902,303,58729,BM5_MASKSRAFMINUS,FALSE,BM5_mask,SRAFminus,48729
902,304,58721,BM5_MASKSRAFPLUS,FALSE,BM5_mask,SRAFplus,48721
902,316,58726,BM5_MASKFO,FALSE,BM5_mask,frameOnly,48726
902,317,58727,BM5_MASKFOH,FALSE,BM5_mask,frameOnlyHole,48727
902,404,58731,BM5_MASKFRAME,FALSE,BM5_mask,frameDrawing,48731
902,405,58741,BM5_MASKFMCID,FALSE,BM5_mask,fmcid,48741
902,406,58733,BM5_MASKFMCID2,FALSE,BM5_mask,fmcid2,48733
902,409,58720,BM5_MASKSCRATCH1,FALSE,BM5_mask,scratch1,48720
902,410,58735,BM5_MASKSCRATCH2,FALSE,BM5_mask,scratch2,48735
902,411,58730,BM5_MASKSCRATCH3,FALSE,BM5_mask,scratch3,48730
902,412,58723,BM5_MASKSCRATCH4,FALSE,BM5_mask,scratch4,48723
902,413,58739,BM5_MASKSCRATCH5,FALSE,BM5_mask,scratch5,48739
902,414,58732,BM5_MASKMETROCELL,FALSE,BM5_mask,metroCell,48732
902,418,58724,BM5_MASKNIKONSDR,FALSE,BM5_mask,NikonSDR,48724
902,479,58722,BM5_MASKOPCID1,FALSE,BM5_mask,opcID1,48722
902,480,58736,BM5_MASKOPCID2,FALSE,BM5_mask,opcID2,48736
902,488,58719,BM5_MASKXROI,FALSE,BM5_mask,xROI,48719
902,489,58718,BM5_MASKYROI,FALSE,BM5_mask,yROI,48718
903,0,61210,UM8_MASKDRAWN,FALSE,UM8_mask,drawing,51210
903,1,61209,UM8_MASKKOR,FALSE,UM8_mask,blockage,51209
903,51,61208,UM8_MASKKGA,FALSE,UM8_mask,keepGenAway,51208
903,301,61207,UM8_MASKNOMECID,FALSE,UM8_mask,noMECID,51207
903,302,61206,UM8_MASKNOOPC,FALSE,UM8_mask,noOPC,51206
903,303,61205,UM8_MASKSRAFMINUS,FALSE,UM8_mask,SRAFminus,51205
903,304,61204,UM8_MASKSRAFPLUS,FALSE,UM8_mask,SRAFplus,51204
903,404,61203,UM8_MASKFRAME,FALSE,UM8_mask,frameDrawing,51203
903,405,61202,UM8_MASKFMCID,FALSE,UM8_mask,fmcid,51202
903,406,61201,UM8_MASKFMCID2,FALSE,UM8_mask,fmcid2,51201
903,409,61200,UM8_MASKSCRATCH1,FALSE,UM8_mask,scratch1,51200
903,410,61199,UM8_MASKSCRATCH2,FALSE,UM8_mask,scratch2,51199
903,411,61198,UM8_MASKSCRATCH3,FALSE,UM8_mask,scratch3,51198
903,412,61197,UM8_MASKSCRATCH4,FALSE,UM8_mask,scratch4,51197
903,413,61196,UM8_MASKSCRATCH5,FALSE,UM8_mask,scratch5,51196
903,414,61195,UM8_MASKMETROCELL,FALSE,UM8_mask,metroCell,51195
903,418,61194,UM8_MASKNIKONSDR,FALSE,UM8_mask,NikonSDR,51194
903,479,61193,UM8_MASKOPCID1,FALSE,UM8_mask,opcID1,51193
903,480,61192,UM8_MASKOPCID2,FALSE,UM8_mask,opcID2,51192
903,488,61191,UM8_MASKXROI,FALSE,UM8_mask,xROI,51191
903,489,61190,UM8_MASKYROI,FALSE,UM8_mask,yROI,51190
906,0,16048,M2Q_MASKDRAWN,FALSE,M2Q_mask,drawing,6048
906,1,16049,M2Q_MASKKOR,FALSE,M2Q_mask,blockage,6049
906,51,16050,M2Q_MASKKGA,FALSE,M2Q_mask,keepGenAway,6050
906,301,16051,M2Q_MASKNOMECID,FALSE,M2Q_mask,noMECID,6051
906,302,16052,M2Q_MASKNOOPC,FALSE,M2Q_mask,noOPC,6052
906,303,16053,M2Q_MASKSRAFMINUS,FALSE,M2Q_mask,SRAFminus,6053
906,304,16054,M2Q_MASKSRAFPLUS,FALSE,M2Q_mask,SRAFplus,6054
906,404,16056,M2Q_MASKFRAME,FALSE,M2Q_mask,frameDrawing,6056
906,405,16057,M2Q_MASKFMCID,FALSE,M2Q_mask,fmcid,6057
906,406,16058,M2Q_MASKFMCID2,FALSE,M2Q_mask,fmcid2,6058
906,409,16059,M2Q_MASKSCRATCH1,FALSE,M2Q_mask,scratch1,6059
906,410,16060,M2Q_MASKSCRATCH2,FALSE,M2Q_mask,scratch2,6060
906,411,16061,M2Q_MASKSCRATCH3,FALSE,M2Q_mask,scratch3,6061
906,412,16062,M2Q_MASKSCRATCH4,FALSE,M2Q_mask,scratch4,6062
906,413,16063,M2Q_MASKSCRATCH5,FALSE,M2Q_mask,scratch5,6063
906,414,16064,M2Q_MASKMETROCELL,FALSE,M2Q_mask,metroCell,6064
906,418,16065,M2Q_MASKNIKONSDR,FALSE,M2Q_mask,NikonSDR,6065
906,479,16066,M2Q_MASKOPCID1,FALSE,M2Q_mask,opcID1,6066
906,480,16067,M2Q_MASKOPCID2,FALSE,M2Q_mask,opcID2,6067
906,488,16068,M2Q_MASKXROI,FALSE,M2Q_mask,xROI,6068
906,489,16069,M2Q_MASKYROI,FALSE,M2Q_mask,yROI,6069
909,0,61126,LV1_MASKDRAWN,FALSE,LV1_mask,drawing,51126
909,1,61125,LV1_MASKKOR,FALSE,LV1_mask,blockage,51125
909,51,61124,LV1_MASKKGA,FALSE,LV1_mask,keepGenAway,51124
909,301,61123,LV1_MASKNOMECID,FALSE,LV1_mask,noMECID,51123
909,302,61122,LV1_MASKNOOPC,FALSE,LV1_mask,noOPC,51122
909,303,61121,LV1_MASKSRAFMINUS,FALSE,LV1_mask,SRAFminus,51121
909,304,61120,LV1_MASKSRAFPLUS,FALSE,LV1_mask,SRAFplus,51120
909,404,61119,LV1_MASKFRAME,FALSE,LV1_mask,frameDrawing,51119
909,405,61118,LV1_MASKFMCID,FALSE,LV1_mask,fmcid,51118
909,406,61117,LV1_MASKFMCID2,FALSE,LV1_mask,fmcid2,51117
909,409,61116,LV1_MASKSCRATCH1,FALSE,LV1_mask,scratch1,51116
909,410,61115,LV1_MASKSCRATCH2,FALSE,LV1_mask,scratch2,51115
909,411,61114,LV1_MASKSCRATCH3,FALSE,LV1_mask,scratch3,51114
909,412,61113,LV1_MASKSCRATCH4,FALSE,LV1_mask,scratch4,51113
909,413,61112,LV1_MASKSCRATCH5,FALSE,LV1_mask,scratch5,51112
909,414,61111,LV1_MASKMETROCELL,FALSE,LV1_mask,metroCell,51111
909,418,61110,LV1_MASKNIKONSDR,FALSE,LV1_mask,NikonSDR,51110
909,479,61109,LV1_MASKOPCID1,FALSE,LV1_mask,opcID1,51109
909,480,61108,LV1_MASKOPCID2,FALSE,LV1_mask,opcID2,51108
909,488,61107,LV1_MASKXROI,FALSE,LV1_mask,xROI,51107
909,489,61106,LV1_MASKYROI,FALSE,LV1_mask,yROI,51106
910,0,61084,LM1_MASKDRAWN,FALSE,LM1_mask,drawing,51084
910,1,61083,LM1_MASKKOR,FALSE,LM1_mask,blockage,51083
910,51,61082,LM1_MASKKGA,FALSE,LM1_mask,keepGenAway,51082
910,301,61081,LM1_MASKNOMECID,FALSE,LM1_mask,noMECID,51081
910,302,61080,LM1_MASKNOOPC,FALSE,LM1_mask,noOPC,51080
910,303,61079,LM1_MASKSRAFMINUS,FALSE,LM1_mask,SRAFminus,51079
910,304,61078,LM1_MASKSRAFPLUS,FALSE,LM1_mask,SRAFplus,51078
910,404,61077,LM1_MASKFRAME,FALSE,LM1_mask,frameDrawing,51077
910,405,61076,LM1_MASKFMCID,FALSE,LM1_mask,fmcid,51076
910,406,61075,LM1_MASKFMCID2,FALSE,LM1_mask,fmcid2,51075
910,409,61074,LM1_MASKSCRATCH1,FALSE,LM1_mask,scratch1,51074
910,410,61073,LM1_MASKSCRATCH2,FALSE,LM1_mask,scratch2,51073
910,411,61072,LM1_MASKSCRATCH3,FALSE,LM1_mask,scratch3,51072
910,412,61071,LM1_MASKSCRATCH4,FALSE,LM1_mask,scratch4,51071
910,413,61070,LM1_MASKSCRATCH5,FALSE,LM1_mask,scratch5,51070
910,414,61069,LM1_MASKMETROCELL,FALSE,LM1_mask,metroCell,51069
910,418,61068,LM1_MASKNIKONSDR,FALSE,LM1_mask,NikonSDR,51068
910,479,61067,LM1_MASKOPCID1,FALSE,LM1_mask,opcID1,51067
910,480,61066,LM1_MASKOPCID2,FALSE,LM1_mask,opcID2,51066
910,488,61065,LM1_MASKXROI,FALSE,LM1_mask,xROI,51065
910,489,61064,LM1_MASKYROI,FALSE,LM1_mask,yROI,51064
911,0,61105,LV2_MASKDRAWN,FALSE,LV2_mask,drawing,51105
911,1,61104,LV2_MASKKOR,FALSE,LV2_mask,blockage,51104
911,51,61103,LV2_MASKKGA,FALSE,LV2_mask,keepGenAway,51103
911,301,61102,LV2_MASKNOMECID,FALSE,LV2_mask,noMECID,51102
911,302,61101,LV2_MASKNOOPC,FALSE,LV2_mask,noOPC,51101
911,303,61100,LV2_MASKSRAFMINUS,FALSE,LV2_mask,SRAFminus,51100
911,304,61099,LV2_MASKSRAFPLUS,FALSE,LV2_mask,SRAFplus,51099
911,404,61098,LV2_MASKFRAME,FALSE,LV2_mask,frameDrawing,51098
911,405,61097,LV2_MASKFMCID,FALSE,LV2_mask,fmcid,51097
911,406,61096,LV2_MASKFMCID2,FALSE,LV2_mask,fmcid2,51096
911,409,61095,LV2_MASKSCRATCH1,FALSE,LV2_mask,scratch1,51095
911,410,61094,LV2_MASKSCRATCH2,FALSE,LV2_mask,scratch2,51094
911,411,61093,LV2_MASKSCRATCH3,FALSE,LV2_mask,scratch3,51093
911,412,61092,LV2_MASKSCRATCH4,FALSE,LV2_mask,scratch4,51092
911,413,61091,LV2_MASKSCRATCH5,FALSE,LV2_mask,scratch5,51091
911,414,61090,LV2_MASKMETROCELL,FALSE,LV2_mask,metroCell,51090
911,418,61089,LV2_MASKNIKONSDR,FALSE,LV2_mask,NikonSDR,51089
911,479,61088,LV2_MASKOPCID1,FALSE,LV2_mask,opcID1,51088
911,480,61087,LV2_MASKOPCID2,FALSE,LV2_mask,opcID2,51087
911,488,61086,LV2_MASKXROI,FALSE,LV2_mask,xROI,51086
911,489,61085,LV2_MASKYROI,FALSE,LV2_mask,yROI,51085
912,0,61063,LM2_MASKDRAWN,FALSE,LM2_mask,drawing,51063
912,1,61062,LM2_MASKKOR,FALSE,LM2_mask,blockage,51062
912,51,61061,LM2_MASKKGA,FALSE,LM2_mask,keepGenAway,51061
912,301,61060,LM2_MASKNOMECID,FALSE,LM2_mask,noMECID,51060
912,302,61059,LM2_MASKNOOPC,FALSE,LM2_mask,noOPC,51059
912,303,61058,LM2_MASKSRAFMINUS,FALSE,LM2_mask,SRAFminus,51058
912,304,61057,LM2_MASKSRAFPLUS,FALSE,LM2_mask,SRAFplus,51057
912,404,61056,LM2_MASKFRAME,FALSE,LM2_mask,frameDrawing,51056
912,405,61055,LM2_MASKFMCID,FALSE,LM2_mask,fmcid,51055
912,406,61054,LM2_MASKFMCID2,FALSE,LM2_mask,fmcid2,51054
912,409,61053,LM2_MASKSCRATCH1,FALSE,LM2_mask,scratch1,51053
912,410,61052,LM2_MASKSCRATCH2,FALSE,LM2_mask,scratch2,51052
912,411,61051,LM2_MASKSCRATCH3,FALSE,LM2_mask,scratch3,51051
912,412,61050,LM2_MASKSCRATCH4,FALSE,LM2_mask,scratch4,51050
912,413,61049,LM2_MASKSCRATCH5,FALSE,LM2_mask,scratch5,51049
912,414,61048,LM2_MASKMETROCELL,FALSE,LM2_mask,metroCell,51048
912,418,61047,LM2_MASKNIKONSDR,FALSE,LM2_mask,NikonSDR,51047
912,479,61046,LM2_MASKOPCID1,FALSE,LM2_mask,opcID1,51046
912,480,61045,LM2_MASKOPCID2,FALSE,LM2_mask,opcID2,51045
912,488,61044,LM2_MASKXROI,FALSE,LM2_mask,xROI,51044
912,489,61043,LM2_MASKYROI,FALSE,LM2_mask,yROI,51043
913,0,61042,JM2_MASKDRAWN,FALSE,JM2_mask,drawing,51042
913,1,61041,JM2_MASKKOR,FALSE,JM2_mask,blockage,51041
913,51,61040,JM2_MASKKGA,FALSE,JM2_mask,keepGenAway,51040
913,301,61039,JM2_MASKNOMECID,FALSE,JM2_mask,noMECID,51039
913,302,61038,JM2_MASKNOOPC,FALSE,JM2_mask,noOPC,51038
913,303,61037,JM2_MASKSRAFMINUS,FALSE,JM2_mask,SRAFminus,51037
913,304,61036,JM2_MASKSRAFPLUS,FALSE,JM2_mask,SRAFplus,51036
913,404,61035,JM2_MASKFRAME,FALSE,JM2_mask,frameDrawing,51035
913,405,61034,JM2_MASKFMCID,FALSE,JM2_mask,fmcid,51034
913,406,61033,JM2_MASKFMCID2,FALSE,JM2_mask,fmcid2,51033
913,409,61032,JM2_MASKSCRATCH1,FALSE,JM2_mask,scratch1,51032
913,410,61031,JM2_MASKSCRATCH2,FALSE,JM2_mask,scratch2,51031
913,411,61030,JM2_MASKSCRATCH3,FALSE,JM2_mask,scratch3,51030
913,412,61029,JM2_MASKSCRATCH4,FALSE,JM2_mask,scratch4,51029
913,413,61028,JM2_MASKSCRATCH5,FALSE,JM2_mask,scratch5,51028
913,414,61027,JM2_MASKMETROCELL,FALSE,JM2_mask,metroCell,51027
913,418,61026,JM2_MASKNIKONSDR,FALSE,JM2_mask,NikonSDR,51026
913,479,61025,JM2_MASKOPCID1,FALSE,JM2_mask,opcID1,51025
913,480,61024,JM2_MASKOPCID2,FALSE,JM2_mask,opcID2,51024
913,488,61023,JM2_MASKXROI,FALSE,JM2_mask,xROI,51023
913,489,61022,JM2_MASKYROI,FALSE,JM2_mask,yROI,51022
914,0,60999,JV3_MASKDRAWN,FALSE,JV3_mask,drawing,50999
914,1,60998,JV3_MASKKOR,FALSE,JV3_mask,blockage,50998
914,51,60997,JV3_MASKKGA,FALSE,JV3_mask,keepGenAway,50997
914,301,60996,JV3_MASKNOMECID,FALSE,JV3_mask,noMECID,50996
914,302,60995,JV3_MASKNOOPC,FALSE,JV3_mask,noOPC,50995
914,303,60994,JV3_MASKSRAFMINUS,FALSE,JV3_mask,SRAFminus,50994
914,304,60993,JV3_MASKSRAFPLUS,FALSE,JV3_mask,SRAFplus,50993
914,404,60992,JV3_MASKFRAME,FALSE,JV3_mask,frameDrawing,50992
914,405,60991,JV3_MASKFMCID,FALSE,JV3_mask,fmcid,50991
914,406,60990,JV3_MASKFMCID2,FALSE,JV3_mask,fmcid2,50990
914,409,60989,JV3_MASKSCRATCH1,FALSE,JV3_mask,scratch1,50989
914,410,60988,JV3_MASKSCRATCH2,FALSE,JV3_mask,scratch2,50988
914,411,60987,JV3_MASKSCRATCH3,FALSE,JV3_mask,scratch3,50987
914,412,60986,JV3_MASKSCRATCH4,FALSE,JV3_mask,scratch4,50986
914,413,60985,JV3_MASKSCRATCH5,FALSE,JV3_mask,scratch5,50985
914,414,60984,JV3_MASKMETROCELL,FALSE,JV3_mask,metroCell,50984
914,418,60983,JV3_MASKNIKONSDR,FALSE,JV3_mask,NikonSDR,50983
914,479,60982,JV3_MASKOPCID1,FALSE,JV3_mask,opcID1,50982
914,480,60981,JV3_MASKOPCID2,FALSE,JV3_mask,opcID2,50981
914,488,60980,JV3_MASKXROI,FALSE,JV3_mask,xROI,50980
914,489,60979,JV3_MASKYROI,FALSE,JV3_mask,yROI,50979
915,0,61021,JM3_MASKDRAWN,FALSE,JM3_mask,drawing,51021
915,1,61020,JM3_MASKKOR,FALSE,JM3_mask,blockage,51020
915,51,61019,JM3_MASKKGA,FALSE,JM3_mask,keepGenAway,51019
915,301,61018,JM3_MASKNOMECID,FALSE,JM3_mask,noMECID,51018
915,302,61017,JM3_MASKNOOPC,FALSE,JM3_mask,noOPC,51017
915,303,61016,JM3_MASKSRAFMINUS,FALSE,JM3_mask,SRAFminus,51016
915,304,61015,JM3_MASKSRAFPLUS,FALSE,JM3_mask,SRAFplus,51015
915,404,61014,JM3_MASKFRAME,FALSE,JM3_mask,frameDrawing,51014
915,405,61013,JM3_MASKFMCID,FALSE,JM3_mask,fmcid,51013
915,406,61012,JM3_MASKFMCID2,FALSE,JM3_mask,fmcid2,51012
915,409,61011,JM3_MASKSCRATCH1,FALSE,JM3_mask,scratch1,51011
915,410,61010,JM3_MASKSCRATCH2,FALSE,JM3_mask,scratch2,51010
915,411,61009,JM3_MASKSCRATCH3,FALSE,JM3_mask,scratch3,51009
915,412,61008,JM3_MASKSCRATCH4,FALSE,JM3_mask,scratch4,51008
915,413,61007,JM3_MASKSCRATCH5,FALSE,JM3_mask,scratch5,51007
915,414,61006,JM3_MASKMETROCELL,FALSE,JM3_mask,metroCell,51006
915,418,61005,JM3_MASKNIKONSDR,FALSE,JM3_mask,NikonSDR,51005
915,479,61004,JM3_MASKOPCID1,FALSE,JM3_mask,opcID1,51004
915,480,61003,JM3_MASKOPCID2,FALSE,JM3_mask,opcID2,51003
915,488,61002,JM3_MASKXROI,FALSE,JM3_mask,xROI,51002
915,489,61001,JM3_MASKYROI,FALSE,JM3_mask,yROI,51001
916,0,60978,JV4_MASKDRAWN,FALSE,JV4_mask,drawing,50978
916,1,60977,JV4_MASKKOR,FALSE,JV4_mask,blockage,50977
916,51,60976,JV4_MASKKGA,FALSE,JV4_mask,keepGenAway,50976
916,301,60904,JV4_MASKNOMECID,FALSE,JV4_mask,noMECID,50904
916,302,60874,JV4_MASKNOOPC,FALSE,JV4_mask,noOPC,50874
916,303,60844,JV4_MASKSRAFMINUS,FALSE,JV4_mask,SRAFminus,50844
916,304,60814,JV4_MASKSRAFPLUS,FALSE,JV4_mask,SRAFplus,50814
916,404,60784,JV4_MASKFRAME,FALSE,JV4_mask,frameDrawing,50784
916,405,60754,JV4_MASKFMCID,FALSE,JV4_mask,fmcid,50754
916,406,60680,JV4_MASKFMCID2,FALSE,JV4_mask,fmcid2,50680
916,409,60495,JV4_MASKSCRATCH1,FALSE,JV4_mask,scratch1,50495
916,410,60477,JV4_MASKSCRATCH2,FALSE,JV4_mask,scratch2,50477
916,411,60453,JV4_MASKSCRATCH3,FALSE,JV4_mask,scratch3,50453
916,412,60425,JV4_MASKSCRATCH4,FALSE,JV4_mask,scratch4,50425
916,413,60401,JV4_MASKSCRATCH5,FALSE,JV4_mask,scratch5,50401
916,414,60223,JV4_MASKMETROCELL,FALSE,JV4_mask,metroCell,50223
916,418,60198,JV4_MASKNIKONSDR,FALSE,JV4_mask,NikonSDR,50198
916,479,60176,JV4_MASKOPCID1,FALSE,JV4_mask,opcID1,50176
916,480,60154,JV4_MASKOPCID2,FALSE,JV4_mask,opcID2,50154
916,488,60132,JV4_MASKXROI,FALSE,JV4_mask,xROI,50132
916,489,60110,JV4_MASKYROI,FALSE,JV4_mask,yROI,50110
925,0,65098,DFN_MASKDRAWN,FALSE,DFN_mask,drawing,55098
925,1,65099,DFN_MASKKOR,FALSE,DFN_mask,blockage,55099
925,51,65100,DFN_MASKKGA,FALSE,DFN_mask,keepGenAway,55100
925,301,65101,DFN_MASKNOMECID,FALSE,DFN_mask,noMECID,55101
925,302,65102,DFN_MASKNOOPC,FALSE,DFN_mask,noOPC,55102
925,303,65103,DFN_MASKSRAFMINUS,FALSE,DFN_mask,SRAFminus,55103
925,304,65104,DFN_MASKSRAFPLUS,FALSE,DFN_mask,SRAFplus,55104
925,404,65106,DFN_MASKFRAME,FALSE,DFN_mask,frameDrawing,55106
925,405,65107,DFN_MASKFMCID,FALSE,DFN_mask,fmcid,55107
925,406,65108,DFN_MASKFMCID2,FALSE,DFN_mask,fmcid2,55108
925,409,65109,DFN_MASKSCRATCH1,FALSE,DFN_mask,scratch1,55109
925,410,65110,DFN_MASKSCRATCH2,FALSE,DFN_mask,scratch2,55110
925,411,65111,DFN_MASKSCRATCH3,FALSE,DFN_mask,scratch3,55111
925,412,65112,DFN_MASKSCRATCH4,FALSE,DFN_mask,scratch4,55112
925,413,65113,DFN_MASKSCRATCH5,FALSE,DFN_mask,scratch5,55113
925,414,65114,DFN_MASKMETROCELL,FALSE,DFN_mask,metroCell,55114
925,418,65115,DFN_MASKNIKONSDR,FALSE,DFN_mask,NikonSDR,55115
925,479,65116,DFN_MASKOPCID1,FALSE,DFN_mask,opcID1,55116
925,480,65117,DFN_MASKOPCID2,FALSE,DFN_mask,opcID2,55117
925,488,65118,DFN_MASKXROI,FALSE,DFN_mask,xROI,55118
925,489,65119,DFN_MASKYROI,FALSE,DFN_mask,yROI,55119
925,601,65120,DFN_MASKSDRID,FALSE,DFN_mask,sdrid,55120
926,0,65121,DFP_MASKDRAWN,FALSE,DFP_mask,drawing,55121
926,1,65122,DFP_MASKKOR,FALSE,DFP_mask,blockage,55122
926,51,65123,DFP_MASKKGA,FALSE,DFP_mask,keepGenAway,55123
926,301,65124,DFP_MASKNOMECID,FALSE,DFP_mask,noMECID,55124
926,302,65125,DFP_MASKNOOPC,FALSE,DFP_mask,noOPC,55125
926,303,65126,DFP_MASKSRAFMINUS,FALSE,DFP_mask,SRAFminus,55126
926,304,65127,DFP_MASKSRAFPLUS,FALSE,DFP_mask,SRAFplus,55127
926,404,65129,DFP_MASKFRAME,FALSE,DFP_mask,frameDrawing,55129
926,405,65130,DFP_MASKFMCID,FALSE,DFP_mask,fmcid,55130
926,406,65131,DFP_MASKFMCID2,FALSE,DFP_mask,fmcid2,55131
926,409,65132,DFP_MASKSCRATCH1,FALSE,DFP_mask,scratch1,55132
926,410,65133,DFP_MASKSCRATCH2,FALSE,DFP_mask,scratch2,55133
926,411,65134,DFP_MASKSCRATCH3,FALSE,DFP_mask,scratch3,55134
926,412,65135,DFP_MASKSCRATCH4,FALSE,DFP_mask,scratch4,55135
926,413,65136,DFP_MASKSCRATCH5,FALSE,DFP_mask,scratch5,55136
926,414,65137,DFP_MASKMETROCELL,FALSE,DFP_mask,metroCell,55137
926,418,65138,DFP_MASKNIKONSDR,FALSE,DFP_mask,NikonSDR,55138
926,479,65139,DFP_MASKOPCID1,FALSE,DFP_mask,opcID1,55139
926,480,65140,DFP_MASKOPCID2,FALSE,DFP_mask,opcID2,55140
926,488,65141,DFP_MASKXROI,FALSE,DFP_mask,xROI,55141
926,489,65142,DFP_MASKYROI,FALSE,DFP_mask,yROI,55142
926,601,65143,DFP_MASKSDRID,FALSE,DFP_mask,sdrid,55143
931,0,47397,MV1DRAWN,FALSE,MV1_mask,drawing,37397
931,1,47398,MV1KOR,FALSE,MV1_mask,blockage,37398
931,18,56393,MV1TG,FALSE,MV1_mask,toSynDrawing,46393
931,51,47399,MV1KGA,FALSE,MV1_mask,keepGenAway,37399
931,301,47400,MV1NOMECID,FALSE,MV1_mask,noMECID,37400
931,302,47401,MV1NOOPC,FALSE,MV1_mask,noOPC,37401
931,303,47402,MV1SRAFMINUS,FALSE,MV1_mask,SRAFminus,37402
931,304,47403,MV1SRAFPLUS,FALSE,MV1_mask,SRAFplus,37403
931,326,53065,MV1TSDRRCWINGID,FALSE,MV1_mask,TSDRRCWingID,43065
931,327,53066,MV1TSDRWINGID,FALSE,MV1_mask,TSDRWingID,43066
931,404,47405,MV1FRAME,FALSE,MV1_mask,frameDrawing,37405
931,405,47406,MV1FMCID,FALSE,MV1_mask,fmcid,37406
931,406,47407,MV1FMCID2,FALSE,MV1_mask,fmcid2,37407
931,409,47409,MV1SCRATCH1,FALSE,MV1_mask,scratch1,37409
931,410,47410,MV1SCRATCH2,FALSE,MV1_mask,scratch2,37410
931,411,47411,MV1SCRATCH3,FALSE,MV1_mask,scratch3,37411
931,412,47412,MV1SCRATCH4,FALSE,MV1_mask,scratch4,37412
931,413,47413,MV1SCRATCH5,FALSE,MV1_mask,scratch5,37413
931,414,47414,MV1METROCELL,FALSE,MV1_mask,metroCell,37414
931,418,53067,MV1NIKONSDR,FALSE,MV1_mask,NikonSDR,43067
946,0,54411,TCX_MASKDRAWN,FALSE,TCX_mask,drawing,44411
946,1,54412,TCX_MASKKOR,FALSE,TCX_mask,blockage,44412
946,51,54413,TCX_MASKKGA,FALSE,TCX_mask,keepGenAway,44413
946,301,54414,TCX_MASKNOMECID,FALSE,TCX_mask,noMECID,44414
946,302,54415,TCX_MASKNOOPC,FALSE,TCX_mask,noOPC,44415
946,303,54416,TCX_MASKSRAFMINUS,FALSE,TCX_mask,SRAFminus,44416
946,304,54464,TCX_MASKSRAFPLUS,FALSE,TCX_mask,SRAFplus,44464
946,404,54560,TCX_MASKFRAME,FALSE,TCX_mask,frameDrawing,44560
946,405,54713,TCX_MASKFMCID,FALSE,TCX_mask,fmcid,44713
946,406,54714,TCX_MASKFMCID2,FALSE,TCX_mask,fmcid2,44714
946,409,54715,TCX_MASKSCRATCH1,FALSE,TCX_mask,scratch1,44715
946,410,54716,TCX_MASKSCRATCH2,FALSE,TCX_mask,scratch2,44716
946,411,54717,TCX_MASKSCRATCH3,FALSE,TCX_mask,scratch3,44717
946,412,54718,TCX_MASKSCRATCH4,FALSE,TCX_mask,scratch4,44718
946,413,54721,TCX_MASKSCRATCH5,FALSE,TCX_mask,scratch5,44721
946,414,54722,TCX_MASKMETROCELL,FALSE,TCX_mask,metroCell,44722
946,418,54725,TCX_MASKNIKONSDR,FALSE,TCX_mask,NikonSDR,44725
946,479,54726,TCX_MASKOPCID1,FALSE,TCX_mask,opcID1,44726
946,480,54727,TCX_MASKOPCID2,FALSE,TCX_mask,opcID2,44727
946,488,54728,TCX_MASKXROI,FALSE,TCX_mask,xROI,44728
946,489,54729,TCX_MASKYROI,FALSE,TCX_mask,yROI,44729
946,601,11642,TCX_MASKSDRID,FALSE,TCX_mask,sdrid,1642
947,0,54734,DPI_MASKDRAWN,FALSE,DPI_mask,drawing,44734
947,1,54735,DPI_MASKKOR,FALSE,DPI_mask,blockage,44735
947,13,54736,DPI_MASKTSDRBITCELLID,FALSE,DPI_mask,TSDRBitCellID,44736
947,40,54742,DPI_MASKID1,FALSE,DPI_mask,id1,44742
947,41,54744,DPI_MASKID2,FALSE,DPI_mask,id2,44744
947,42,54746,DPI_MASKID3,FALSE,DPI_mask,id3,44746
947,43,54747,DPI_MASKID4,FALSE,DPI_mask,id4,44747
947,44,54748,DPI_MASKID5,FALSE,DPI_mask,id5,44748
947,45,54749,DPI_MASKID6,FALSE,DPI_mask,id6,44749
947,46,54750,DPI_MASKID7,FALSE,DPI_mask,id7,44750
947,47,54751,DPI_MASKID8,FALSE,DPI_mask,id8,44751
947,51,54758,DPI_MASKKGA,FALSE,DPI_mask,keepGenAway,44758
947,301,54759,DPI_MASKNOMECID,FALSE,DPI_mask,noMECID,44759
947,302,54760,DPI_MASKNOOPC,FALSE,DPI_mask,noOPC,44760
947,303,54761,DPI_MASKSRAFMINUS,FALSE,DPI_mask,SRAFminus,44761
947,304,54762,DPI_MASKSRAFPLUS,FALSE,DPI_mask,SRAFplus,44762
947,311,14136,DPI_MASKTSDRMARK,FALSE,DPI_mask,TSDRmark,4136
947,316,54763,DPI_MASKFO,FALSE,DPI_mask,frameOnly,44763
947,324,54765,DPI_MASKTSDRACTIVE,FALSE,DPI_mask,TSDRActive,44765
947,325,54766,DPI_MASKTSDRTRANSITION,FALSE,DPI_mask,TSDRTransition,44766
947,329,54767,DPI_MASKTSDRACTIVESPECIAL,FALSE,DPI_mask,TSDRActiveSpecial,44767
947,333,54768,DPI_MASKTSDRACTIVECDID,FALSE,DPI_mask,TSDRActiveCDID,44768
947,364,54921,DPI_MASKTSDRTRANSITION1,FALSE,DPI_mask,TSDRTransition1,44921
947,365,54922,DPI_MASKTSDRTRANSITION2,FALSE,DPI_mask,TSDRTransition2,44922
947,366,54923,DPI_MASKTSDRTRANSITION3,FALSE,DPI_mask,TSDRTransition3,44923
947,367,54924,DPI_MASKTSDRTRANSITION4,FALSE,DPI_mask,TSDRTransition4,44924
947,368,54925,DPI_MASKTSDRTRANSITION5,FALSE,DPI_mask,TSDRTransition5,44925
947,369,54926,DPI_MASKTSDRTRANSITION6,FALSE,DPI_mask,TSDRTransition6,44926
947,370,54929,DPI_MASKTSDRTRANSITION7,FALSE,DPI_mask,TSDRTransition7,44929
947,371,54930,DPI_MASKTSDRTRANSITION8,FALSE,DPI_mask,TSDRTransition8,44930
947,372,54933,DPI_MASKTSDRACTIVEMISREGID,FALSE,DPI_mask,TSDRActiveMisregID,44933
947,404,54935,DPI_MASKFRAME,FALSE,DPI_mask,frameDrawing,44935
947,405,54936,DPI_MASKFMCID,FALSE,DPI_mask,fmcid,44936
947,406,54937,DPI_MASKFMCID2,FALSE,DPI_mask,fmcid2,44937
947,409,54938,DPI_MASKSCRATCH1,FALSE,DPI_mask,scratch1,44938
947,410,54939,DPI_MASKSCRATCH2,FALSE,DPI_mask,scratch2,44939
947,411,54940,DPI_MASKSCRATCH3,FALSE,DPI_mask,scratch3,44940
947,412,54941,DPI_MASKSCRATCH4,FALSE,DPI_mask,scratch4,44941
947,413,54942,DPI_MASKSCRATCH5,FALSE,DPI_mask,scratch5,44942
947,414,54943,DPI_MASKMETROCELL,FALSE,DPI_mask,metroCell,44943
947,418,54944,DPI_MASKNIKONSDR,FALSE,DPI_mask,NikonSDR,44944
947,472,54950,DPI_MASKTSDRTRANSITIONSPECIAL,FALSE,DPI_mask,TSDRTransitionSpecial,44950
947,479,54952,DPI_MASKOPCID1,FALSE,DPI_mask,opcID1,44952
947,480,54954,DPI_MASKOPCID2,FALSE,DPI_mask,opcID2,44954
947,488,54955,DPI_MASKXROI,FALSE,DPI_mask,xROI,44955
947,489,54956,DPI_MASKYROI,FALSE,DPI_mask,yROI,44956
947,495,54379,DPI_MASKTSDRN05A,FALSE,DPI_mask,TSDRn05A,44379
947,496,54378,DPI_MASKTSDRP05A,FALSE,DPI_mask,TSDRp05A,44378
947,527,54957,DPI_MASKLITHOACTIVEJOG,FALSE,DPI_mask,lithoActiveJog,44957
947,528,54958,DPI_MASKLITHOACTIVECDPITCH,FALSE,DPI_mask,lithoActiveCdPitch,44958
947,532,54377,DPI_MASKTSDRBITCELLN05A,FALSE,DPI_mask,TSDRBitCelln05A,44377
947,533,54376,DPI_MASKTSDRBITCELLP05A,FALSE,DPI_mask,TSDRBitCellp05A,44376
947,561,54959,DPI_MASKTSDRWIDEDIODE,FALSE,DPI_mask,TSDRWidediode,44959
947,573,54966,DPI_MASKTSDRACTIVEJOG,FALSE,DPI_mask,TSDRActiveJog,44966
947,574,54967,DPI_MASKTSDRTRANSITIONJOG,FALSE,DPI_mask,TSDRTransitionJog,44967
947,575,54968,DPI_MASKTSDRACTIVEB130HQTFM,FALSE,DPI_mask,TSDRActiveB130h_qtfm,44968
947,576,54969,DPI_MASKTSDRTRANSITIONB130HQTFM,FALSE,DPI_mask,TSDRTransitionB130h_qtfm,44969
947,578,54970,DPI_MASKTSDRACTIVEB288HEHV,FALSE,DPI_mask,TSDRActiveB288h_EHV,44970
947,579,54971,DPI_MASKTSDRTRANSITIONB288HEHV,FALSE,DPI_mask,TSDRTransitionB288h_EHV,44971
947,601,11643,DPI_MASKSDRID,FALSE,DPI_mask,sdrid,1643
947,624,65152,DPI_MASKTSDRACTIVEPLUSCDID,FALSE,DPI_mask,TSDRActivePlusCDID,55152
947,625,65151,DPI_MASKTSDRACTIVEPLUSMISREGID,FALSE,DPI_mask,TSDRActivePlusMisregID,55151
947,626,65150,DPI_MASKTSDRTRANSITIONPLUS,FALSE,DPI_mask,TSDRTransitionPlus,55150
947,627,65149,DPI_MASKTSDRACTIVEMAXCDID,FALSE,DPI_mask,TSDRActiveMaxCDID,55149
947,628,65148,DPI_MASKTSDRACTIVEMAXMISREGID,FALSE,DPI_mask,TSDRActiveMaxMisregID,55148
947,629,65147,DPI_MASKTSDRTRANSITIONMAX,FALSE,DPI_mask,TSDRTransitionMax,55147
947,630,65146,DPI_MASKTSDRACTIVEBALCDID,FALSE,DPI_mask,TSDRActiveBalCDID,55146
947,631,65145,DPI_MASKTSDRACTIVEBALMISREGID,FALSE,DPI_mask,TSDRActiveBalMisregID,55145
947,632,65097,DPI_MASKTSDRTRANSITIONBAL,FALSE,DPI_mask,TSDRTransitionBal,55097
983,0,55460,KSA_MASKDRAWN,FALSE,KSA_mask,drawing,45460
983,1,55459,KSA_MASKKOR,FALSE,KSA_mask,blockage,45459
983,18,55458,KSA_MASKTG,FALSE,KSA_mask,toSynDrawing,45458
983,51,55457,KSA_MASKKGA,FALSE,KSA_mask,keepGenAway,45457
983,301,55456,KSA_MASKNOMECID,FALSE,KSA_mask,noMECID,45456
983,302,55455,KSA_MASKNOOPC,FALSE,KSA_mask,noOPC,45455
983,303,55454,KSA_MASKSRAFMINUS,FALSE,KSA_mask,SRAFminus,45454
983,304,55453,KSA_MASKSRAFPLUS,FALSE,KSA_mask,SRAFplus,45453
983,316,55452,KSA_MASKMOSI,FALSE,KSA_mask,mosi,45452
983,317,55451,KSA_MASKGLASS,FALSE,KSA_mask,glass,45451
983,335,13243,KSA_MASKTSDRACTIVEIMPLANT,FALSE,KSA_mask,TSDRActiveImplant,3243
983,404,55449,KSA_MASKFRAME,FALSE,KSA_mask,frameDrawing,45449
983,405,55442,KSA_MASKFMCID,FALSE,KSA_mask,fmcid,45442
983,406,55439,KSA_MASKFMCID2,FALSE,KSA_mask,fmcid2,45439
983,409,55438,KSA_MASKSCRATCH1,FALSE,KSA_mask,scratch1,45438
983,410,55437,KSA_MASKSCRATCH2,FALSE,KSA_mask,scratch2,45437
983,411,55436,KSA_MASKSCRATCH3,FALSE,KSA_mask,scratch3,45436
983,412,55435,KSA_MASKSCRATCH4,FALSE,KSA_mask,scratch4,45435
983,413,55434,KSA_MASKSCRATCH5,FALSE,KSA_mask,scratch5,45434
983,414,55433,KSA_MASKMETROCELL,FALSE,KSA_mask,metroCell,45433
983,435,55432,KSA_MASKVMCID,FALSE,KSA_mask,VMCID,45432
983,436,55431,KSA_MASKHMCID,FALSE,KSA_mask,HMCID,45431
983,437,55430,KSA_MASKFAMCID,FALSE,KSA_mask,FAMCID,45430
983,438,55429,KSA_MASKPAMCID,FALSE,KSA_mask,PAMCID,45429
983,440,55428,KSA_MASKISOMCID,FALSE,KSA_mask,ISOMCID,45428
983,441,55427,KSA_MASKCBCMCID,FALSE,KSA_mask,CBCMCID,45427
983,453,55426,KSA_MASKPBBMCID,FALSE,KSA_mask,PBBMCID,45426
983,488,55425,KSA_MASKXROI,FALSE,KSA_mask,xROI,45425
983,489,55424,KSA_MASKYROI,FALSE,KSA_mask,yROI,45424
986,0,16856,BSI_MASKDRAWN,FALSE,BSI_mask,drawing,6856
986,1,16704,BSI_MASKKOR,FALSE,BSI_mask,blockage,6704
986,22,17751,BSI_MASKFRAMECUTOUT,FALSE,BSI_mask,frameCutout,7751
986,51,16854,BSI_MASKKGA,FALSE,BSI_mask,keepGenAway,6854
986,301,17741,BSI_MASKNOMECID,FALSE,BSI_mask,noMECID,7741
986,302,17677,BSI_MASKNOOPC,FALSE,BSI_mask,noOPC,7677
986,303,16833,BSI_MASKSRAFMINUS,FALSE,BSI_mask,SRAFminus,6833
986,304,17703,BSI_MASKSRAFPLUS,FALSE,BSI_mask,SRAFplus,7703
986,316,16847,BSI_MASKFO,FALSE,BSI_mask,frameOnly,6847
986,317,16398,BSI_MASKFOH,FALSE,BSI_mask,frameOnlyHole,6398
986,404,16399,BSI_MASKFRAME,FALSE,BSI_mask,frameDrawing,6399
986,405,17676,BSI_MASKFMCID,FALSE,BSI_mask,fmcid,7676
986,406,16834,BSI_MASKFMCID2,FALSE,BSI_mask,fmcid2,6834
986,409,17724,BSI_MASKSCRATCH1,FALSE,BSI_mask,scratch1,7724
986,410,16835,BSI_MASKSCRATCH2,FALSE,BSI_mask,scratch2,6835
986,411,17739,BSI_MASKSCRATCH3,FALSE,BSI_mask,scratch3,7739
986,412,16855,BSI_MASKSCRATCH4,FALSE,BSI_mask,scratch4,6855
986,413,17750,BSI_MASKSCRATCH5,FALSE,BSI_mask,scratch5,7750
986,414,16857,BSI_MASKMETROCELL,FALSE,BSI_mask,metroCell,6857
986,418,16832,BSI_MASKNIKONSDR,FALSE,BSI_mask,NikonSDR,6832
986,479,13988,BSI_MASKOPCID1,FALSE,BSI_mask,opcID1,3988
986,480,13987,BSI_MASKOPCID2,FALSE,BSI_mask,opcID2,3987
986,488,13986,BSI_MASKXROI,FALSE,BSI_mask,xROI,3986
986,489,13985,BSI_MASKYROI,FALSE,BSI_mask,yROI,3985
989,0,18940,PUB_MASKDRAWN,FALSE,PUB_mask,drawing,8940
989,1,18941,PUB_MASKKOR,FALSE,PUB_mask,blockage,8941
989,18,18942,PUB_MASKTG,FALSE,PUB_mask,toSynDrawing,8942
989,51,63191,PUB_MASKKGA,FALSE,PUB_mask,keepGenAway,53191
989,301,18943,PUB_MASKNOMECID,FALSE,PUB_mask,noMECID,8943
989,302,18944,PUB_MASKNOOPC,FALSE,PUB_mask,noOPC,8944
989,303,18945,PUB_MASKSRAFMINUS,FALSE,PUB_mask,SRAFminus,8945
989,304,18946,PUB_MASKSRAFPLUS,FALSE,PUB_mask,SRAFplus,8946
989,316,18947,PUB_MASKMOSI,FALSE,PUB_mask,mosi,8947
989,317,18950,PUB_MASKGLASS,FALSE,PUB_mask,glass,8950
989,404,18952,PUB_MASKFRAME,FALSE,PUB_mask,frameDrawing,8952
989,405,18953,PUB_MASKFMCID,FALSE,PUB_mask,fmcid,8953
989,406,18954,PUB_MASKFMCID2,FALSE,PUB_mask,fmcid2,8954
989,409,18955,PUB_MASKSCRATCH1,FALSE,PUB_mask,scratch1,8955
989,410,18956,PUB_MASKSCRATCH2,FALSE,PUB_mask,scratch2,8956
989,411,18957,PUB_MASKSCRATCH3,FALSE,PUB_mask,scratch3,8957
989,412,18958,PUB_MASKSCRATCH4,FALSE,PUB_mask,scratch4,8958
989,413,18959,PUB_MASKSCRATCH5,FALSE,PUB_mask,scratch5,8959
989,414,18960,PUB_MASKMETROCELL,FALSE,PUB_mask,metroCell,8960
989,435,18961,PUB_MASKVMCID,FALSE,PUB_mask,VMCID,8961
989,436,18966,PUB_MASKHMCID,FALSE,PUB_mask,HMCID,8966
989,437,18967,PUB_MASKFAMCID,FALSE,PUB_mask,FAMCID,8967
989,438,18968,PUB_MASKPAMCID,FALSE,PUB_mask,PAMCID,8968
989,440,18969,PUB_MASKISOMCID,FALSE,PUB_mask,ISOMCID,8969
989,441,19437,PUB_MASKCBCMCID,FALSE,PUB_mask,CBCMCID,9437
989,453,19438,PUB_MASKPBBMCID,FALSE,PUB_mask,PBBMCID,9438
989,488,19439,PUB_MASKXROI,FALSE,PUB_mask,xROI,9439
989,489,19440,PUB_MASKYROI,FALSE,PUB_mask,yROI,9440
993,0,19528,TLK_MASKDRAWN,FALSE,TLK_mask,drawing,9528
993,1,19529,TLK_MASKKOR,FALSE,TLK_mask,blockage,9529
993,40,62902,TLK_MASKID1,FALSE,TLK_mask,id1,52902
993,41,62903,TLK_MASKID2,FALSE,TLK_mask,id2,52903
993,42,62904,TLK_MASKID3,FALSE,TLK_mask,id3,52904
993,43,62905,TLK_MASKID4,FALSE,TLK_mask,id4,52905
993,44,62906,TLK_MASKID5,FALSE,TLK_mask,id5,52906
993,45,62907,TLK_MASKID6,FALSE,TLK_mask,id6,52907
993,46,62908,TLK_MASKID7,FALSE,TLK_mask,id7,52908
993,47,62909,TLK_MASKID8,FALSE,TLK_mask,id8,52909
993,51,19530,TLK_MASKKGA,FALSE,TLK_mask,keepGenAway,9530
993,301,19531,TLK_MASKNOMECID,FALSE,TLK_mask,noMECID,9531
993,302,19532,TLK_MASKNOOPC,FALSE,TLK_mask,noOPC,9532
993,303,19533,TLK_MASKSRAFMINUS,FALSE,TLK_mask,SRAFminus,9533
993,304,19534,TLK_MASKSRAFPLUS,FALSE,TLK_mask,SRAFplus,9534
993,311,65218,TLK_MASKTSDRMARK,FALSE,TLK_mask,TSDRmark,55218
993,317,54417,TLK_MASKTSDRACTIVEE,FALSE,TLK_mask,TSDRActiveE,44417
993,325,54418,TLK_MASKTSDRTRANSITION,FALSE,TLK_mask,TSDRTransition,44418
993,327,54419,TLK_MASKTSDRWINGID,FALSE,TLK_mask,TSDRWingID,44419
993,330,54420,TLK_MASKTSDRACTIVEETE,FALSE,TLK_mask,TSDRActiveETE,44420
993,333,54421,TLK_MASKTSDRACTIVECDID,FALSE,TLK_mask,TSDRActiveCDID,44421
993,364,62894,TLK_MASKTSDRTRANSITION1,FALSE,TLK_mask,TSDRTransition1,52894
993,365,62895,TLK_MASKTSDRTRANSITION2,FALSE,TLK_mask,TSDRTransition2,52895
993,366,62896,TLK_MASKTSDRTRANSITION3,FALSE,TLK_mask,TSDRTransition3,52896
993,367,62897,TLK_MASKTSDRTRANSITION4,FALSE,TLK_mask,TSDRTransition4,52897
993,368,62898,TLK_MASKTSDRTRANSITION5,FALSE,TLK_mask,TSDRTransition5,52898
993,369,62899,TLK_MASKTSDRTRANSITION6,FALSE,TLK_mask,TSDRTransition6,52899
993,370,62900,TLK_MASKTSDRTRANSITION7,FALSE,TLK_mask,TSDRTransition7,52900
993,371,62901,TLK_MASKTSDRTRANSITION8,FALSE,TLK_mask,TSDRTransition8,52901
993,372,54422,TLK_MASKTSDRACTIVEMISREGID,FALSE,TLK_mask,TSDRActiveMisregID,44422
993,404,19536,TLK_MASKFRAME,FALSE,TLK_mask,frameDrawing,9536
993,405,19537,TLK_MASKFMCID,FALSE,TLK_mask,fmcid,9537
993,406,19538,TLK_MASKFMCID2,FALSE,TLK_mask,fmcid2,9538
993,409,21673,TLK_MASKSCRATCH1,FALSE,TLK_mask,scratch1,11673
993,410,21674,TLK_MASKSCRATCH2,FALSE,TLK_mask,scratch2,11674
993,411,21675,TLK_MASKSCRATCH3,FALSE,TLK_mask,scratch3,11675
993,412,21676,TLK_MASKSCRATCH4,FALSE,TLK_mask,scratch4,11676
993,413,20665,TLK_MASKSCRATCH5,FALSE,TLK_mask,scratch5,10665
993,414,20666,TLK_MASKMETROCELL,FALSE,TLK_mask,metroCell,10666
993,418,20667,TLK_MASKNIKONSDR,FALSE,TLK_mask,NikonSDR,10667
993,479,20668,TLK_MASKOPCID1,FALSE,TLK_mask,opcID1,10668
993,480,20669,TLK_MASKOPCID2,FALSE,TLK_mask,opcID2,10669
993,488,20670,TLK_MASKXROI,FALSE,TLK_mask,xROI,10670
993,489,20671,TLK_MASKYROI,FALSE,TLK_mask,yROI,10671
994,0,20673,GLK_MASKDRAWN,FALSE,GLK_mask,drawing,10673
994,1,20674,GLK_MASKKOR,FALSE,GLK_mask,blockage,10674
994,40,62878,GLK_MASKID1,FALSE,GLK_mask,id1,52878
994,41,62879,GLK_MASKID2,FALSE,GLK_mask,id2,52879
994,42,62880,GLK_MASKID3,FALSE,GLK_mask,id3,52880
994,43,62881,GLK_MASKID4,FALSE,GLK_mask,id4,52881
994,44,62882,GLK_MASKID5,FALSE,GLK_mask,id5,52882
994,45,62883,GLK_MASKID6,FALSE,GLK_mask,id6,52883
994,46,62884,GLK_MASKID7,FALSE,GLK_mask,id7,52884
994,47,62885,GLK_MASKID8,FALSE,GLK_mask,id8,52885
994,51,20675,GLK_MASKKGA,FALSE,GLK_mask,keepGenAway,10675
994,301,20676,GLK_MASKNOMECID,FALSE,GLK_mask,noMECID,10676
994,302,20677,GLK_MASKNOOPC,FALSE,GLK_mask,noOPC,10677
994,303,20678,GLK_MASKSRAFMINUS,FALSE,GLK_mask,SRAFminus,10678
994,304,20679,GLK_MASKSRAFPLUS,FALSE,GLK_mask,SRAFplus,10679
994,311,65217,GLK_MASKTSDRMARK,FALSE,GLK_mask,TSDRmark,55217
994,317,54425,GLK_MASKTSDRACTIVEE,FALSE,GLK_mask,TSDRActiveE,44425
994,325,54426,GLK_MASKTSDRTRANSITION,FALSE,GLK_mask,TSDRTransition,44426
994,327,54423,GLK_MASKTSDRWINGID,FALSE,GLK_mask,TSDRWingID,44423
994,330,54427,GLK_MASKTSDRACTIVEETE,FALSE,GLK_mask,TSDRActiveETE,44427
994,333,54428,GLK_MASKTSDRACTIVECDID,FALSE,GLK_mask,TSDRActiveCDID,44428
994,364,62886,GLK_MASKTSDRTRANSITION1,FALSE,GLK_mask,TSDRTransition1,52886
994,365,62887,GLK_MASKTSDRTRANSITION2,FALSE,GLK_mask,TSDRTransition2,52887
994,366,62888,GLK_MASKTSDRTRANSITION3,FALSE,GLK_mask,TSDRTransition3,52888
994,367,62889,GLK_MASKTSDRTRANSITION4,FALSE,GLK_mask,TSDRTransition4,52889
994,368,62890,GLK_MASKTSDRTRANSITION5,FALSE,GLK_mask,TSDRTransition5,52890
994,369,62891,GLK_MASKTSDRTRANSITION6,FALSE,GLK_mask,TSDRTransition6,52891
994,370,62892,GLK_MASKTSDRTRANSITION7,FALSE,GLK_mask,TSDRTransition7,52892
994,371,62893,GLK_MASKTSDRTRANSITION8,FALSE,GLK_mask,TSDRTransition8,52893
994,372,54424,GLK_MASKTSDRACTIVEMISREGID,FALSE,GLK_mask,TSDRActiveMisregID,44424
994,404,20681,GLK_MASKFRAME,FALSE,GLK_mask,frameDrawing,10681
994,405,20682,GLK_MASKFMCID,FALSE,GLK_mask,fmcid,10682
994,406,20683,GLK_MASKFMCID2,FALSE,GLK_mask,fmcid2,10683
994,409,20685,GLK_MASKSCRATCH1,FALSE,GLK_mask,scratch1,10685
994,410,20686,GLK_MASKSCRATCH2,FALSE,GLK_mask,scratch2,10686
994,411,20687,GLK_MASKSCRATCH3,FALSE,GLK_mask,scratch3,10687
994,412,20688,GLK_MASKSCRATCH4,FALSE,GLK_mask,scratch4,10688
994,413,20689,GLK_MASKSCRATCH5,FALSE,GLK_mask,scratch5,10689
994,414,20690,GLK_MASKMETROCELL,FALSE,GLK_mask,metroCell,10690
994,418,20691,GLK_MASKNIKONSDR,FALSE,GLK_mask,NikonSDR,10691
994,479,20692,GLK_MASKOPCID1,FALSE,GLK_mask,opcID1,10692
994,480,20693,GLK_MASKOPCID2,FALSE,GLK_mask,opcID2,10693
994,488,20694,GLK_MASKXROI,FALSE,GLK_mask,xROI,10694
994,489,20695,GLK_MASKYROI,FALSE,GLK_mask,yROI,10695
994,601,11644,GLK_MASKSDRID,FALSE,GLK_mask,sdrid,1644
994,624,65075,GLK_MASKTSDRACTIVEPLUSCDID,FALSE,GLK_mask,TSDRActivePlusCDID,55075
994,625,65074,GLK_MASKTSDRACTIVEPLUSMISREGID,FALSE,GLK_mask,TSDRActivePlusMisregID,55074
994,626,65073,GLK_MASKTSDRTRANSITIONPLUS,FALSE,GLK_mask,TSDRTransitionPlus,55073
994,627,65072,GLK_MASKTSDRACTIVEMAXCDID,FALSE,GLK_mask,TSDRActiveMaxCDID,55072
994,628,65071,GLK_MASKTSDRACTIVEMAXMISREGID,FALSE,GLK_mask,TSDRActiveMaxMisregID,55071
994,629,65070,GLK_MASKTSDRTRANSITIONMAX,FALSE,GLK_mask,TSDRTransitionMax,55070
994,630,65069,GLK_MASKTSDRACTIVEBALCDID,FALSE,GLK_mask,TSDRActiveBalCDID,55069
994,631,65068,GLK_MASKTSDRACTIVEBALMISREGID,FALSE,GLK_mask,TSDRActiveBalMisregID,55068
994,632,65067,GLK_MASKTSDRTRANSITIONBAL,FALSE,GLK_mask,TSDRTransitionBal,55067
997,0,21390,BFT_MASKDRAWING,FALSE,BFT_mask,drawing,11390
997,1,21391,BFT_MASKKEEPOUT,FALSE,BFT_mask,blockage,11391
997,51,21392,BFT_MASKKGA,FALSE,BFT_mask,keepGenAway,11392
997,301,21393,BFT_MASKNOMECID,FALSE,BFT_mask,noMECID,11393
997,302,21394,BFT_MASKNOOPC,FALSE,BFT_mask,noOPC,11394
997,303,21395,BFT_MASKSRAFMINUS,FALSE,BFT_mask,SRAFminus,11395
997,304,21396,BFT_MASKSRAFPLUS,FALSE,BFT_mask,SRAFplus,11396
997,404,21398,BFT_MASKFRAME,FALSE,BFT_mask,frameDrawing,11398
997,405,21399,BFT_MASKFMCID,FALSE,BFT_mask,fmcid,11399
997,406,21400,BFT_MASKFMCID2,FALSE,BFT_mask,fmcid2,11400
997,409,21401,BFT_MASKSCRATCH1,FALSE,BFT_mask,scratch1,11401
997,410,21402,BFT_MASKSCRATCH2,FALSE,BFT_mask,scratch2,11402
997,411,21403,BFT_MASKSCRATCH3,FALSE,BFT_mask,scratch3,11403
997,412,21404,BFT_MASKSCRATCH4,FALSE,BFT_mask,scratch4,11404
997,413,21405,BFT_MASKSCRATCH5,FALSE,BFT_mask,scratch5,11405
997,414,21406,BFT_MASKMETROCELL,FALSE,BFT_mask,metroCell,11406
997,418,21407,BFT_MASKNIKONSDR,FALSE,BFT_mask,NikonSDR,11407
997,479,21408,BFT_MASKOPCID1,FALSE,BFT_mask,opcID1,11408
997,480,21409,BFT_MASKOPCID2,FALSE,BFT_mask,opcID2,11409
997,488,21410,BFT_MASKXROI,FALSE,BFT_mask,xROI,11410
997,489,21411,BFT_MASKYROI,FALSE,BFT_mask,yROI,11411
998,0,61324,PXL_MASKDRAWN,FALSE,PXL_mask,drawing,51324
998,1,61325,PXL_MASKKOR,FALSE,PXL_mask,blockage,51325
998,40,61326,PXL_MASKID1,FALSE,PXL_mask,id1,51326
998,41,61327,PXL_MASKID2,FALSE,PXL_mask,id2,51327
998,42,61328,PXL_MASKID3,FALSE,PXL_mask,id3,51328
998,43,61329,PXL_MASKID4,FALSE,PXL_mask,id4,51329
998,44,62910,PXL_MASKID5,FALSE,PXL_mask,id5,52910
998,45,62911,PXL_MASKID6,FALSE,PXL_mask,id6,52911
998,46,62912,PXL_MASKID7,FALSE,PXL_mask,id7,52912
998,47,62913,PXL_MASKID8,FALSE,PXL_mask,id8,52913
998,51,61330,PXL_MASKKGA,FALSE,PXL_mask,keepGenAway,51330
998,301,61331,PXL_MASKNOMECID,FALSE,PXL_mask,noMECID,51331
998,302,61332,PXL_MASKNOOPC,FALSE,PXL_mask,noOPC,51332
998,303,61333,PXL_MASKSRAFMINUS,FALSE,PXL_mask,SRAFminus,51333
998,304,61334,PXL_MASKSRAFPLUS,FALSE,PXL_mask,SRAFplus,51334
998,311,65230,PXL_MASKTSDRMARK,FALSE,PXL_mask,TSDRmark,55230
998,316,61335,PXL_MASKFO,FALSE,PXL_mask,frameOnly,51335
998,324,61336,PXL_MASKTSDRACTIVE,FALSE,PXL_mask,TSDRActive,51336
998,325,61337,PXL_MASKTSDRTRANSITION,FALSE,PXL_mask,TSDRTransition,51337
998,329,61338,PXL_MASKTSDRACTIVESPECIAL,FALSE,PXL_mask,TSDRActiveSpecial,51338
998,333,61339,PXL_MASKTSDRACTIVECDID,FALSE,PXL_mask,TSDRActiveCDID,51339
998,364,61340,PXL_MASKTSDRTRANSITION1,FALSE,PXL_mask,TSDRTransition1,51340
998,365,61341,PXL_MASKTSDRTRANSITION2,FALSE,PXL_mask,TSDRTransition2,51341
998,366,61342,PXL_MASKTSDRTRANSITION3,FALSE,PXL_mask,TSDRTransition3,51342
998,367,61343,PXL_MASKTSDRTRANSITION4,FALSE,PXL_mask,TSDRTransition4,51343
998,368,62914,PXL_MASKTSDRTRANSITION5,FALSE,PXL_mask,TSDRTransition5,52914
998,369,62915,PXL_MASKTSDRTRANSITION6,FALSE,PXL_mask,TSDRTransition6,52915
998,370,62916,PXL_MASKTSDRTRANSITION7,FALSE,PXL_mask,TSDRTransition7,52916
998,371,62917,PXL_MASKTSDRTRANSITION8,FALSE,PXL_mask,TSDRTransition8,52917
998,372,61344,PXL_MASKTSDRACTIVEMISREGID,FALSE,PXL_mask,TSDRActiveMisregID,51344
998,404,61346,PXL_MASKFRAME,FALSE,PXL_mask,frameDrawing,51346
998,405,61347,PXL_MASKFMCID,FALSE,PXL_mask,fmcid,51347
998,406,61348,PXL_MASKFMCID2,FALSE,PXL_mask,fmcid2,51348
998,409,61349,PXL_MASKSCRATCH1,FALSE,PXL_mask,scratch1,51349
998,410,61350,PXL_MASKSCRATCH2,FALSE,PXL_mask,scratch2,51350
998,411,61351,PXL_MASKSCRATCH3,FALSE,PXL_mask,scratch3,51351
998,412,61352,PXL_MASKSCRATCH4,FALSE,PXL_mask,scratch4,51352
998,413,61353,PXL_MASKSCRATCH5,FALSE,PXL_mask,scratch5,51353
998,414,61354,PXL_MASKMETROCELL,FALSE,PXL_mask,metroCell,51354
998,418,61355,PXL_MASKNIKONSDR,FALSE,PXL_mask,NikonSDR,51355
998,455,14103,PXL_MASKNOSYNTH,FALSE,PXL_mask,noSynth,4103
998,479,61356,PXL_MASKOPCID1,FALSE,PXL_mask,opcID1,51356
998,480,61357,PXL_MASKOPCID2,FALSE,PXL_mask,opcID2,51357
998,488,61358,PXL_MASKXROI,FALSE,PXL_mask,xROI,51358
998,489,61359,PXL_MASKYROI,FALSE,PXL_mask,yROI,51359
998,561,61360,PXL_MASKTSDRWIDEDIODE,FALSE,PXL_mask,TSDRWidediode,51360
998,601,11645,PXL_MASKSDRID,FALSE,PXL_mask,sdrid,1645
998,624,65088,PXL_MASKTSDRACTIVEPLUSCDID,FALSE,PXL_mask,TSDRActivePlusCDID,55088
998,625,65089,PXL_MASKTSDRACTIVEPLUSMISREGID,FALSE,PXL_mask,TSDRActivePlusMisregID,55089
998,626,65090,PXL_MASKTSDRTRANSITIONPLUS,FALSE,PXL_mask,TSDRTransitionPlus,55090
998,627,65091,PXL_MASKTSDRACTIVEMAXCDID,FALSE,PXL_mask,TSDRActiveMaxCDID,55091
998,628,65092,PXL_MASKTSDRACTIVEMAXMISREGID,FALSE,PXL_mask,TSDRActiveMaxMisregID,55092
998,629,65093,PXL_MASKTSDRTRANSITIONMAX,FALSE,PXL_mask,TSDRTransitionMax,55093
998,630,65094,PXL_MASKTSDRACTIVEBALCDID,FALSE,PXL_mask,TSDRActiveBalCDID,55094
998,631,65095,PXL_MASKTSDRACTIVEBALMISREGID,FALSE,PXL_mask,TSDRActiveBalMisregID,55095
998,632,65096,PXL_MASKTSDRTRANSITIONBAL,FALSE,PXL_mask,TSDRTransitionBal,55096
1,521,10364,SDVOLTAGEVHI,TRUE,,,
2,141,12050,POLYVLOLIB,TRUE,,,
2,142,12051,POLYVHILIB,TRUE,,,
2,143,12052,POLYDELTAVLIB,TRUE,,,
2,520,57042,POLYVLO,TRUE,,,
2,521,57043,POLYVHI,TRUE,,,
2,522,57044,POLYVLOFC,TRUE,,,
2,523,57045,POLYVHIFC,TRUE,,,
2,658,13610,POLYDELTAV,TRUE,,,
2,660,13612,POLYDELTAVFC,TRUE,,,
4,141,12054,M1VLOLIB,TRUE,,,
4,142,12055,M1VHILIB,TRUE,,,
4,143,12056,M1DELTAVLIB,TRUE,,,
4,520,56954,M1VLO,TRUE,,,
4,521,56987,M1VHI,TRUE,,,
4,522,57021,M1VLOFC,TRUE,,,
4,523,56988,M1VHIFC,TRUE,,,
4,658,59984,M1DELTAV,TRUE,,,
4,660,59986,M1DELTAVFC,TRUE,,,
4,671,15033,M1VLIMIT,TRUE,,,
5,141,12058,TCNVLOLIB,TRUE,,,
5,142,12059,TCNVHILIB,TRUE,,,
5,143,12060,TCNDELTAVLIB,TRUE,,,
5,520,57049,TCNVLO,TRUE,,,
5,521,57048,TCNVHI,TRUE,,,
5,522,57047,TCNVLOFC,TRUE,,,
5,523,57046,TCNVHIFC,TRUE,,,
5,658,13773,TCNDELTAV,TRUE,,,
5,660,13775,TCNDELTAVFC,TRUE,,,
14,141,12062,M2VLOLIB,TRUE,,,
14,142,12063,M2VHILIB,TRUE,,,
14,143,12064,M2DELTAVLIB,TRUE,,,
14,520,56955,M2VLO,TRUE,,,
14,521,56986,M2VHI,TRUE,,,
14,522,57020,M2VLOFC,TRUE,,,
14,523,56989,M2VHIFC,TRUE,,,
14,658,59806,M2DELTAV,TRUE,,,
14,660,59808,M2DELTAVFC,TRUE,,,
14,671,15021,M2VLIMIT,TRUE,,,
18,141,12066,M3VLOLIB,TRUE,,,
18,142,12067,M3VHILIB,TRUE,,,
18,143,12068,M3DELTAVLIB,TRUE,,,
18,520,56956,M3VLO,TRUE,,,
18,521,56985,M3VHI,TRUE,,,
18,522,57019,M3VLOFC,TRUE,,,
18,523,56990,M3VHIFC,TRUE,,,
18,658,59822,M3DELTAV,TRUE,,,
18,660,59824,M3DELTAVFC,TRUE,,,
18,671,15022,M3VLIMIT,TRUE,,,
22,141,12070,M4VLOLIB,TRUE,,,
22,142,12071,M4VHILIB,TRUE,,,
22,143,12072,M4DELTAVLIB,TRUE,,,
22,520,56957,M4VLO,TRUE,,,
22,521,56984,M4VHI,TRUE,,,
22,522,57018,M4VLOFC,TRUE,,,
22,523,56991,M4VHIFC,TRUE,,,
22,658,59811,M4DELTAV,TRUE,,,
22,660,59809,M4DELTAVFC,TRUE,,,
22,671,15023,M4VLIMIT,TRUE,,,
26,141,12074,M5VLOLIB,TRUE,,,
26,142,12075,M5VHILIB,TRUE,,,
26,143,12076,M5DELTAVLIB,TRUE,,,
26,520,56958,M5VLO,TRUE,,,
26,521,56983,M5VHI,TRUE,,,
26,522,57017,M5VLOFC,TRUE,,,
26,523,56992,M5VHIFC,TRUE,,,
26,658,59862,M5DELTAV,TRUE,,,
26,660,59864,M5DELTAVFC,TRUE,,,
26,671,15024,M5VLIMIT,TRUE,,,
30,141,12078,M6VLOLIB,TRUE,,,
30,142,12079,M6VHILIB,TRUE,,,
30,143,12080,M6DELTAVLIB,TRUE,,,
30,520,56959,M6VLO,TRUE,,,
30,521,56982,M6VHI,TRUE,,,
30,522,57016,M6VLOFC,TRUE,,,
30,523,56993,M6VHIFC,TRUE,,,
30,658,59830,M6DELTAV,TRUE,,,
30,660,59832,M6DELTAVFC,TRUE,,,
30,671,15025,M6VLIMIT,TRUE,,,
34,141,12082,M7VLOLIB,TRUE,,,
34,142,12083,M7VHILIB,TRUE,,,
34,143,12084,M7DELTAVLIB,TRUE,,,
34,520,56960,M7VLO,TRUE,,,
34,521,56981,M7VHI,TRUE,,,
34,522,57015,M7VLOFC,TRUE,,,
34,523,56994,M7VHIFC,TRUE,,,
34,658,59838,M7DELTAV,TRUE,,,
34,660,59840,M7DELTAVFC,TRUE,,,
34,671,15026,M7VLIMIT,TRUE,,,
38,141,12086,M8VLOLIB,TRUE,,,
38,142,12087,M8VHILIB,TRUE,,,
38,143,12088,M8DELTAVLIB,TRUE,,,
38,520,56961,M8VLO,TRUE,,,
38,521,56980,M8VHI,TRUE,,,
38,522,57014,M8VLOFC,TRUE,,,
38,523,56995,M8VHIFC,TRUE,,,
38,658,59846,M8DELTAV,TRUE,,,
38,660,59848,M8DELTAVFC,TRUE,,,
38,671,15027,M8VLIMIT,TRUE,,,
46,141,12090,M9VLOLIB,TRUE,,,
46,142,12091,M9VHILIB,TRUE,,,
46,143,12092,M9DELTAVLIB,TRUE,,,
46,520,56962,M9VLO,TRUE,,,
46,521,56979,M9VHI,TRUE,,,
46,522,57013,M9VLOFC,TRUE,,,
46,523,56996,M9VHIFC,TRUE,,,
46,658,59854,M9DELTAV,TRUE,,,
46,660,59856,M9DELTAVFC,TRUE,,,
46,671,15028,M9VLIMIT,TRUE,,,
54,141,12094,M10VLOLIB,TRUE,,,
54,142,12095,M10VHILIB,TRUE,,,
54,143,12096,M10DELTAVLIB,TRUE,,,
54,520,56963,M10VLO,TRUE,,,
54,521,56978,M10VHI,TRUE,,,
54,522,57012,M10VLOFC,TRUE,,,
54,523,56997,M10VHIFC,TRUE,,,
54,658,59870,M10DELTAV,TRUE,,,
54,660,59872,M10DELTAVFC,TRUE,,,
54,671,15029,M10VLIMIT,TRUE,,,
55,141,12098,M0VLOLIB,TRUE,,,
55,142,12099,M0VHILIB,TRUE,,,
55,143,12100,M0DELTAVLIB,TRUE,,,
55,520,56964,M0VLO,TRUE,,,
55,521,56977,M0VHI,TRUE,,,
55,522,57011,M0VLOFC,TRUE,,,
55,523,56998,M0VHIFC,TRUE,,,
55,658,59976,M0DELTAV,TRUE,,,
55,660,59977,M0DELTAVFC,TRUE,,,
55,671,15030,M0VLIMIT,TRUE,,,
58,141,12102,M11VLOLIB,TRUE,,,
58,142,12103,M11VHILIB,TRUE,,,
58,143,12104,M11DELTAVLIB,TRUE,,,
58,520,56965,M11VLO,TRUE,,,
58,521,56976,M11VHI,TRUE,,,
58,522,57010,M11VLOFC,TRUE,,,
58,523,56999,M11VHIFC,TRUE,,,
58,658,59878,M11DELTAV,TRUE,,,
58,660,59880,M11DELTAVFC,TRUE,,,
58,671,15031,M11VLIMIT,TRUE,,,
62,141,12106,M12VLOLIB,TRUE,,,
62,142,12107,M12VHILIB,TRUE,,,
62,143,12108,M12DELTAVLIB,TRUE,,,
62,520,56966,M12VLO,TRUE,,,
62,521,56975,M12VHI,TRUE,,,
62,522,57009,M12VLOFC,TRUE,,,
62,523,57000,M12VHIFC,TRUE,,,
62,658,59886,M12DELTAV,TRUE,,,
62,660,59888,M12DELTAVFC,TRUE,,,
62,671,15032,M12VLIMIT,TRUE,,,
92,521,60481,C4BVHI,TRUE,,,
92,523,60366,C4BVHIFC,TRUE,,,
103,143,12901,POLYTCN_DELTAVLIB,TRUE,,,
103,658,12903,POLYTCN_DELTAV,TRUE,,,
103,660,12902,POLYTCN_DELTAVFC,TRUE,,,
282,141,12110,M13VLOLIB,TRUE,,,
282,142,12111,M13VHILIB,TRUE,,,
282,143,12112,M13DELTAVLIB,TRUE,,,
282,520,56967,M13VLO,TRUE,,,
282,521,56974,M13VHI,TRUE,,,
282,522,57008,M13VLOFC,TRUE,,,
282,523,57001,M13VHIFC,TRUE,,,
282,658,59894,M13DELTAV,TRUE,,,
282,660,59896,M13DELTAVFC,TRUE,,,
282,671,15036,M13VLIMIT,TRUE,,,
306,141,12114,M16VLOLIB,TRUE,,,
306,142,12115,M16VHILIB,TRUE,,,
306,143,12116,M16DELTAVLIB,TRUE,,,
306,520,56968,M16VLO,TRUE,,,
306,521,56973,M16VHI,TRUE,,,
306,522,57007,M16VLOFC,TRUE,,,
306,523,57002,M16VHIFC,TRUE,,,
306,658,59918,M16DELTAV,TRUE,,,
306,660,59920,M16DELTAVFC,TRUE,,,
306,671,15037,M16VLIMIT,TRUE,,,
315,141,12118,M14VLOLIB,TRUE,,,
315,142,12119,M14VHILIB,TRUE,,,
315,143,12120,M14DELTAVLIB,TRUE,,,
315,520,56969,M14VLO,TRUE,,,
315,521,56972,M14VHI,TRUE,,,
315,522,57006,M14VLOFC,TRUE,,,
315,523,57003,M14VHIFC,TRUE,,,
315,658,59902,M14DELTAV,TRUE,,,
315,660,59904,M14DELTAVFC,TRUE,,,
315,671,15038,M14VLIMIT,TRUE,,,
338,141,60619,M19VLOLIB,TRUE,,,
338,142,60620,M19VHILIB,TRUE,,,
338,143,60621,M19DELTAVLIB,TRUE,,,
338,520,60646,M19VLO,TRUE,,,
338,521,60647,M19VHI,TRUE,,,
338,522,60648,M19VLOFC,TRUE,,,
338,523,60649,M19VHIFC,TRUE,,,
338,658,60655,M19DELTAV,TRUE,,,
338,660,60657,M19DELTAVFC,TRUE,,,
338,671,60658,M19VLIMIT,TRUE,,,
348,521,60361,MLBVHI,TRUE,,,
348,523,60352,MLBVHIFC,TRUE,,,
358,141,12122,M15VLOLIB,TRUE,,,
358,142,12123,M15VHILIB,TRUE,,,
358,143,12124,M15DELTAVLIB,TRUE,,,
358,520,56970,M15VLO,TRUE,,,
358,521,56971,M15VHI,TRUE,,,
358,522,57005,M15VLOFC,TRUE,,,
358,523,57004,M15VHIFC,TRUE,,,
358,658,59910,M15DELTAV,TRUE,,,
358,660,59912,M15DELTAVFC,TRUE,,,
358,671,15039,M15VLIMIT,TRUE,,,
368,141,55335,M17VLOLIB,TRUE,,,
368,142,55336,M17VHILIB,TRUE,,,
368,143,55338,M17DELTAVLIB,TRUE,,,
368,520,55412,M17VLO,TRUE,,,
368,521,55413,M17VHI,TRUE,,,
368,522,55414,M17VLOFC,TRUE,,,
368,523,55415,M17VHIFC,TRUE,,,
368,658,55421,M17DELTAV,TRUE,,,
368,660,55423,M17DELTAVFC,TRUE,,,
368,671,15041,M17VLIMIT,TRUE,,,
370,141,55301,M18VLOLIB,TRUE,,,
370,142,55300,M18VHILIB,TRUE,,,
370,143,55299,M18DELTAVLIB,TRUE,,,
370,520,55272,M18VLO,TRUE,,,
370,521,55271,M18VHI,TRUE,,,
370,522,55270,M18VLOFC,TRUE,,,
370,523,55269,M18VHIFC,TRUE,,,
370,658,55263,M18DELTAV,TRUE,,,
370,660,55261,M18DELTAVFC,TRUE,,,
370,671,15042,M18VLIMIT,TRUE,,,
